version,season,date,team,opponent,site,team_pts,opp_pts,closing_line,expected_margin,competitive_margin,garbage_pts_for,garbage_pts_against,dawg,dawg_label,dawg_status,scoring_source,competitive_off_plays,competitive_def_plays,net_epa_per_play,expected_net_epa_per_play,play,play_status,ot_plays_excluded,cash_in_pts,cash_in_drives,answers,answer_chances,knife_twist,takeaways,giveaways,setting
v3.0,2019,2019-08-24,Arizona,Hawai'i,away,38,45,-10.5,11.1,-7,0,0,-18.1,SOFT,graded,pbp,71,78,0.0248,0.1524,-7,ok,0,28,6,0,2,,6,2,Road · Night · Full house · Group of 5 opponent
v3.0,2019,2019-08-24,Miami,Florida,neutral,20,24,7.0,-7.3,-4,0,0,3.3,AS EXPECTED,graded,pbp,66,55,0.0333,-0.1016,6,ok,0,10,6,1,4,,5,0,Night · Top-10 opponent
v3.0,2019,2019-08-24,Florida,Miami,neutral,24,20,-7.0,7.3,4,0,0,-3.3,AS EXPECTED,graded,pbp,55,66,-0.0333,0.1016,-6,ok,0,10,6,1,3,,0,5,Night
v3.0,2019,2019-08-29,Minnesota,South Dakota State,home,28,21,-14.5,15.1,7,0,0,-8.1,AS EXPECTED,graded,pbp,60,60,0.1326,0.2105,-3,ok,0,14,5,1,3,-6,2,1,Night · FCS opponent
v3.0,2019,2019-08-29,UCF,Florida A&M,home,62,0,-44.0,31.6,41,21,0,9.4,AS EXPECTED,graded,pbp,55,29,0.9465,0.6388,9,ok,0,27,6,0,0,31,0,0,Night · FCS opponent
v3.0,2019,2019-08-29,Cincinnati,UCLA,home,24,14,-2.5,2.6,10,0,0,7.4,AS EXPECTED,graded,pbp,75,62,0.1922,0.0363,8,ok,0,17,9,1,2,0,4,2,Night
v3.0,2019,2019-08-29,Clemson,Georgia Tech,home,52,14,-36.5,29.0,42,10,14,13.0,DAWG,graded,pbp,49,41,0.6264,0.5299,3,ok,0,21,6,0,0,28,3,4,Night
v3.0,2019,2019-08-29,Texas A&M,Texas State,home,41,7,-33.0,27.5,31,10,7,3.5,AS EXPECTED,graded,pbp,54,35,0.7431,0.4791,8,ok,0,28,5,0,0,17,4,2,Night · Group of 5 opponent
v3.0,2019,2019-08-29,BYU,Utah,home,12,30,5.5,-5.7,-24,6,0,-18.3,SOFT,graded,pbp,46,64,-0.5887,-0.0799,-20,ok,0,3,4,1,2,,0,3,Night · Ranked opponent
v3.0,2019,2019-08-29,Utah,BYU,away,30,12,-5.5,5.7,24,0,6,18.3,DAWG,graded,pbp,64,46,0.5887,0.0799,20,ok,0,10,4,0,2,14,3,0,Road · Night · Full house
v3.0,2019,2019-08-29,UCLA,Cincinnati,away,14,24,2.5,-2.6,-10,0,0,-7.4,AS EXPECTED,graded,pbp,62,75,-0.1922,-0.0363,-8,ok,0,7,7,0,1,,2,4,Road · Night · Full house
v3.0,2019,2019-08-29,Georgia Tech,Clemson,away,14,52,36.5,-29.0,-42,14,10,-13.0,SOFT,graded,pbp,41,49,-0.6264,-0.5299,-3,ok,0,0,3,0,1,,4,3,Road · Night · Full house
v3.0,2019,2019-08-29,Arizona State,Kent State,home,30,7,-24.5,22.7,30,0,7,7.3,AS EXPECTED,graded,pbp,66,48,0.623,0.3557,11,ok,0,20,9,0,0,20,2,1,Night · Group of 5 opponent
v3.0,2019,2019-08-30,Michigan State,Tulsa,home,28,7,-23.5,22.0,21,0,0,-1.0,AS EXPECTED,graded,pbp,78,52,0.1363,0.3412,-9,ok,0,12,11,1,1,11,2,0,Night · Group of 5 opponent
v3.0,2019,2019-08-30,Wake Forest,Utah State,home,38,35,-4.5,4.7,3,0,0,-1.7,AS EXPECTED,graded,pbp,105,79,-0.0569,0.0653,-8,ok,0,31,10,0,4,,3,1,Night · Group of 5 opponent
v3.0,2019,2019-08-30,Rutgers,Massachusetts,home,48,21,-17.0,17.2,27,0,0,9.8,AS EXPECTED,graded,pbp,65,57,0.3591,0.2468,5,ok,0,31,7,0,1,17,2,3,Night · Group of 5 opponent
v3.0,2019,2019-08-30,Oklahoma State,Oregon State,away,52,36,-13.5,14.1,23,0,7,8.9,AS EXPECTED,graded,pbp,72,68,0.1763,0.196,-1,ok,0,21,5,2,2,9,0,0,Road · Night · Group of 5 opponent
v3.0,2019,2019-08-30,Purdue,Nevada,away,31,34,-11.0,11.6,-3,0,0,-14.6,SOFT,graded,pbp,81,77,-0.0512,0.1597,-12,ok,0,10,7,1,3,-13,0,3,Road · Night · Group of 5 opponent
v3.0,2019,2019-08-30,Wisconsin,South Florida,away,49,0,-10.5,11.1,35,14,0,23.9,DAWG,graded,pbp,43,27,0.7554,0.1524,15,ok,0,14,5,0,0,21,4,1,Road · Night · Group of 5 opponent
v3.0,2019,2019-08-30,Colorado,Colorado State,neutral,52,31,-13.0,13.7,21,0,0,7.3,AS EXPECTED,graded,pbp,60,77,0.1761,0.1887,-1,ok,0,10,5,4,5,11,4,0,Night · Group of 5 opponent
v3.0,2019,2019-08-31,Boston College,Virginia Tech,home,35,28,4.5,-4.7,7,0,0,11.7,AS EXPECTED,graded,pbp,75,89,0.0541,-0.0653,7,ok,0,21,9,1,3,-7,4,1,
v3.0,2019,2019-08-31,Maryland,Howard,home,79,0,-29.0,25.5,42,37,0,16.5,DAWG,graded,pbp,29,25,0.934,0.421,10,ok,0,28,5,0,0,28,1,0,FCS opponent
v3.0,2019,2019-08-31,Michigan,Middle Tennessee,home,40,21,-36.0,28.8,26,0,7,-2.8,AS EXPECTED,graded,pbp,75,58,0.3022,0.5227,-10,ok,0,35,10,1,1,16,3,1,Night · Group of 5 opponent
v3.0,2019,2019-08-31,Missouri,Wyoming,away,31,37,-17.0,17.2,-6,0,0,-23.2,SOFT,graded,pbp,90,58,0.0202,0.2468,-12,ok,0,21,6,1,4,-20,0,2,Road · Night · Full house · Group of 5 opponent
v3.0,2019,2019-08-31,Ole Miss,Memphis,away,10,15,3.5,-3.6,-5,0,0,-1.4,AS EXPECTED,graded,pbp,51,81,-0.1307,-0.0508,-4,ok,0,10,9,0,1,,1,1,Road · Group of 5 opponent
v3.0,2019,2019-08-31,Duke,Alabama,neutral,3,42,34.5,-28.2,-32,0,7,-3.8,AS EXPECTED,graded,pbp,40,60,-0.7391,-0.5009,-8,ok,0,3,4,0,1,,1,3,Top-10 opponent
v3.0,2019,2019-08-31,NC State,East Carolina,home,34,6,-17.5,17.6,28,3,3,10.4,AS EXPECTED,graded,pbp,57,63,0.4545,0.2541,9,ok,0,31,9,0,1,14,2,0,Group of 5 opponent
v3.0,2019,2019-08-31,North Carolina,South Carolina,neutral,24,20,12.0,-12.7,4,0,0,16.7,DAWG,graded,pbp,75,61,0.2711,-0.1742,22,ok,0,17,8,1,2,,2,1,
v3.0,2019,2019-08-31,Nebraska,South Alabama,home,35,21,-35.5,28.6,14,0,0,-14.6,SOFT,graded,pbp,64,77,-0.0078,0.5154,-26,ok,0,7,8,0,2,0,6,2,Group of 5 opponent
v3.0,2019,2019-08-31,Syracuse,Liberty,away,24,0,-19.5,19.1,24,0,0,4.9,AS EXPECTED,graded,pbp,71,51,0.5315,0.2831,11,ok,0,24,12,0,0,14,4,2,Road · Full house · Group of 5 opponent
v3.0,2019,2019-08-31,Ohio State,Florida Atlantic,home,45,21,-28.0,24.9,39,0,15,14.1,DAWG,graded,pbp,68,43,0.5125,0.4065,4,ok,0,28,4,0,0,25,1,2,Group of 5 opponent
v3.0,2019,2019-08-31,Auburn,Oregon,neutral,27,21,-3.5,3.6,6,0,0,2.4,AS EXPECTED,graded,pbp,75,69,0.1824,0.0508,7,ok,0,27,10,0,1,,1,2,Night · Ranked opponent
v3.0,2019,2019-08-31,Penn State,Idaho,home,79,7,,,41,38,7,,,no_line,pbp,,,,,,no_line,0,27,6,0,0,28,3,0,FCS opponent
v3.0,2019,2019-08-31,Pittsburgh,Virginia,home,14,30,2.5,-2.6,-16,0,0,-13.4,SOFT,graded,pbp,71,67,-0.1949,-0.0363,-8,ok,0,14,5,0,3,,0,2,Night
v3.0,2019,2019-08-31,Iowa,Miami (OH),home,38,14,-25.0,23.0,24,0,0,1.0,AS EXPECTED,graded,pbp,69,49,0.2155,0.363,-6,ok,0,24,6,1,1,14,1,1,Night · Group of 5 opponent
v3.0,2019,2019-08-31,Kansas,Indiana State,home,24,17,-7.5,7.9,7,0,0,-0.9,AS EXPECTED,graded,pbp,63,71,0.1657,0.1089,3,ok,0,17,8,0,1,-3,2,2,FCS opponent
v3.0,2019,2019-08-31,Kansas State,Nicholls,home,49,14,-20.5,19.8,28,14,7,8.2,AS EXPECTED,graded,pbp,65,26,0.3029,0.2976,0,ok,0,35,5,0,0,14,1,0,Night · FCS opponent
v3.0,2019,2019-08-31,Vanderbilt,Georgia,home,6,30,23.5,-22.0,-24,0,0,-2.0,AS EXPECTED,graded,pbp,53,62,-0.3431,-0.3412,0,ok,0,0,4,0,1,,1,1,Night · Top-10 opponent
v3.0,2019,2019-08-31,Baylor,Stephen F. Austin,home,56,17,-43.5,31.5,35,14,10,3.5,AS EXPECTED,graded,pbp,48,33,0.5767,0.6316,-2,ok,0,35,6,0,1,21,1,1,Night · FCS opponent
v3.0,2019,2019-08-31,Stanford,Northwestern,home,17,7,-6.5,6.8,10,0,0,3.2,AS EXPECTED,graded,pbp,72,59,0.1493,0.0944,3,ok,0,7,8,0,1,0,4,2,
v3.0,2019,2019-08-31,Oregon,Auburn,neutral,21,27,3.5,-3.6,-6,0,0,-2.4,AS EXPECTED,graded,pbp,69,75,-0.1824,-0.0508,-7,ok,0,7,8,1,4,-17,2,1,Night · Ranked opponent
v3.0,2019,2019-08-31,California,UC Davis,home,27,13,-15.5,15.9,14,0,0,-1.9,AS EXPECTED,graded,pbp,79,67,0.1572,0.225,-4,ok,0,27,10,0,2,0,1,4,FCS opponent
v3.0,2019,2019-08-31,Texas,Louisiana Tech,home,45,14,-19.0,18.7,31,14,14,12.3,DAWG,graded,pbp,51,44,0.4464,0.2759,6,ok,0,31,8,0,0,17,3,1,Night · Group of 5 opponent
v3.0,2019,2019-08-31,SMU,Arkansas State,away,37,30,1.5,-1.6,7,0,0,8.6,AS EXPECTED,graded,pbp,93,74,0.0054,-0.0218,2,ok,0,20,7,3,5,-7,2,1,Road · Night · Full house · Group of 5 opponent
v3.0,2019,2019-08-31,South Carolina,North Carolina,neutral,20,24,-12.0,12.7,-4,0,0,-16.7,SOFT,graded,pbp,61,75,-0.2711,0.1742,-22,ok,0,3,6,2,5,-14,1,2,
v3.0,2019,2019-08-31,Virginia,Pittsburgh,away,30,14,-2.5,2.6,16,0,0,13.4,DAWG,graded,pbp,67,71,0.1949,0.0363,8,ok,0,24,9,1,1,6,2,0,Road · Night
v3.0,2019,2019-08-31,Virginia Tech,Boston College,away,28,35,-4.5,4.7,-7,0,0,-11.7,AS EXPECTED,graded,pbp,89,75,-0.0541,0.0653,-7,ok,0,21,8,0,3,,1,4,Road
v3.0,2019,2019-08-31,TCU,Arkansas-Pine Bluff,home,39,7,-55.0,35.5,25,7,0,-10.5,AS EXPECTED,graded,pbp,73,57,0.2011,0.7985,-28,ok,0,22,11,0,0,15,2,1,Night · FCS opponent
v3.0,2019,2019-08-31,Tennessee,Georgia State,home,30,38,-24.5,22.7,-8,0,0,-30.7,CERTIFIED SOFT,graded,pbp,71,77,-0.1242,0.3557,-25,ok,0,20,5,2,4,,1,3,Group of 5 opponent
v3.0,2019,2019-08-31,Washington,Eastern Washington,home,47,14,-24.5,22.7,35,5,7,12.3,DAWG,graded,pbp,56,47,0.463,0.3557,4,ok,0,28,5,0,0,21,0,0,FCS opponent
v3.0,2019,2019-08-31,Texas Tech,Montana State,home,45,10,-28.0,24.9,24,14,3,-0.9,AS EXPECTED,graded,pbp,71,46,0.3065,0.4065,-4,ok,0,28,10,1,1,10,0,1,FCS opponent
v3.0,2019,2019-08-31,West Virginia,James Madison,home,20,13,-7.0,7.3,7,0,0,-0.3,AS EXPECTED,graded,pbp,66,68,0.0831,0.1016,-1,ok,0,10,8,1,3,-3,2,0,Group of 5 opponent
v3.0,2019,2019-08-31,USC,Fresno State,home,31,23,-14.0,14.6,8,0,0,-6.6,AS EXPECTED,graded,pbp,78,79,-0.0863,0.2033,-16,ok,0,17,7,1,3,-6,3,4,Night · Group of 5 opponent
v3.0,2019,2019-08-31,Alabama,Duke,neutral,42,3,-34.5,28.2,32,7,0,3.8,AS EXPECTED,graded,pbp,60,40,0.7391,0.5009,8,ok,0,28,7,0,0,18,3,1,
v3.0,2019,2019-08-31,Mississippi State,Louisiana,neutral,38,28,-18.5,18.3,10,0,0,-8.3,AS EXPECTED,graded,pbp,70,78,0.1029,0.2686,-9,ok,0,21,6,2,3,-4,4,1,Group of 5 opponent
v3.0,2019,2019-08-31,Illinois,Akron,home,42,3,-18.0,18.0,32,7,0,14.0,DAWG,graded,pbp,47,37,0.6664,0.2613,12,ok,0,14,4,1,1,21,2,0,Group of 5 opponent
v3.0,2019,2019-08-31,Florida State,Boise State,home,31,36,-6.5,6.8,-5,0,0,-11.8,AS EXPECTED,graded,pbp,62,108,-0.1906,0.0944,-17,ok,0,10,7,2,5,-16,3,2,Group of 5 opponent
v3.0,2019,2019-08-31,Georgia,Vanderbilt,away,30,6,-23.5,22.0,24,0,0,2.0,AS EXPECTED,graded,pbp,62,53,0.3431,0.3412,0,ok,0,23,8,0,0,10,1,1,Road · Night · Full house
v3.0,2019,2019-08-31,Iowa State,Northern Iowa,home,29,26,-23.5,22.0,3,0,0,-19.0,SOFT,graded,pbp,72,58,0.1538,0.3412,-9,ok,29,6,5,1,2,,0,0,FCS opponent
v3.0,2019,2019-08-31,Northwestern,Stanford,away,7,17,6.5,-6.8,-10,0,0,-3.2,AS EXPECTED,graded,pbp,59,72,-0.1493,-0.0944,-3,ok,0,7,9,0,2,,2,4,Road · Ranked opponent
v3.0,2019,2019-08-31,Arkansas,Portland State,home,20,13,-29.5,25.8,7,0,0,-18.8,SOFT,graded,pbp,77,61,0.1834,0.4283,-12,ok,0,17,6,1,3,-4,3,1,FCS opponent
v3.0,2019,2019-08-31,Indiana,Ball State,neutral,34,24,-18.0,18.0,10,0,0,-8.0,AS EXPECTED,graded,pbp,74,81,0.0126,0.2613,-14,ok,0,16,7,2,4,-3,1,2,Group of 5 opponent
v3.0,2019,2019-08-31,Kentucky,Toledo,home,38,24,-10.0,10.6,14,0,0,3.4,AS EXPECTED,graded,pbp,64,64,0.1515,0.1452,0,ok,0,38,10,0,3,4,2,2,Group of 5 opponent
v3.0,2019,2019-08-31,LSU,Georgia Southern,home,55,3,-27.0,24.3,39,13,0,14.7,DAWG,graded,pbp,39,26,1.0523,0.392,15,ok,0,21,3,0,0,25,2,0,Night · Group of 5 opponent
v3.0,2019,2019-09-01,Oklahoma,Houston,home,49,31,-21.5,20.6,25,0,7,4.4,AS EXPECTED,graded,pbp,61,57,0.297,0.3121,-1,ok,0,28,6,0,0,11,0,2,Night
v3.0,2019,2019-09-01,Houston,Oklahoma,away,31,49,21.5,-20.6,-25,7,0,-4.4,AS EXPECTED,graded,pbp,57,61,-0.297,-0.3121,1,ok,0,10,4,0,1,,2,0,Road · Night · Full house · Top-10 opponent
v3.0,2019,2019-09-02,Notre Dame,Louisville,away,35,17,-19.5,19.1,18,0,0,-1.1,AS EXPECTED,graded,pbp,65,75,0.2723,0.2831,-1,ok,0,14,9,1,2,4,3,1,Road · Night · Full house
v3.0,2019,2019-09-02,Louisville,Notre Dame,home,17,35,19.5,-19.1,-18,0,0,1.1,AS EXPECTED,graded,pbp,75,65,-0.2723,-0.2831,1,ok,0,10,7,1,2,,1,3,Night
v3.0,2019,2019-09-06,Wake Forest,Rice,away,41,21,-20.0,19.5,27,0,7,7.5,AS EXPECTED,graded,pbp,56,59,0.5125,0.2904,9,ok,0,27,7,1,2,13,1,0,Road · Night · Group of 5 opponent
v3.0,2019,2019-09-06,Virginia,William & Mary,home,52,17,-32.5,27.3,32,17,14,4.7,AS EXPECTED,graded,pbp,31,29,1.1755,0.4718,15,ok,0,21,3,0,0,18,1,3,Night · FCS opponent
v3.0,2019,2019-09-06,Arizona State,Sacramento State,home,19,7,-35.0,28.4,12,0,0,-16.4,SOFT,graded,pbp,66,73,0.1405,0.5081,-18,ok,0,12,10,1,1,3,2,1,Night · Group of 5 opponent
v3.0,2019,2019-09-07,Boston College,Richmond,home,45,13,-33.5,27.7,32,3,3,4.3,AS EXPECTED,graded,pbp,51,40,0.3688,0.4864,-4,ok,0,14,3,0,0,18,2,0,FCS opponent
v3.0,2019,2019-09-07,Arizona,Northern Arizona,home,65,41,-28.0,24.9,41,14,31,16.1,DAWG,graded,pbp,44,33,0.9152,0.4065,14,ok,0,21,3,0,0,27,2,0,Night · FCS opponent
v3.0,2019,2019-09-07,Maryland,Syracuse,home,63,20,-1.0,1.0,29,21,7,28.0,CERTIFIED DAWG,graded,pbp,50,34,0.4739,0.0145,14,ok,0,28,5,1,1,15,2,1,Ranked opponent
v3.0,2019,2019-09-07,Michigan State,Western Michigan,home,51,17,-14.5,15.1,30,14,10,14.9,DAWG,graded,pbp,51,43,0.3371,0.2105,4,ok,0,27,6,0,0,16,2,2,Night · Group of 5 opponent
v3.0,2019,2019-09-07,Michigan,Army,home,24,21,-22.0,20.9,3,0,0,-17.9,SOFT,graded,pbp,69,58,0.0565,0.3194,-12,ok,15,7,6,2,3,,3,3,Group of 5 opponent
v3.0,2019,2019-09-07,Minnesota,Fresno State,away,38,35,-3.0,3.1,3,0,0,-0.1,AS EXPECTED,graded,pbp,68,55,-0.0174,0.0436,-3,ok,13,0,2,4,6,-8,2,2,Road · Night · Group of 5 opponent
v3.0,2019,2019-09-07,Missouri,West Virginia,home,38,7,-13.5,14.1,31,7,7,16.9,DAWG,graded,pbp,50,33,0.6648,0.196,14,ok,0,31,5,0,0,21,3,0,
v3.0,2019,2019-09-07,Ole Miss,Arkansas,home,31,17,-5.5,5.7,14,0,0,8.3,AS EXPECTED,graded,pbp,77,67,0.1629,0.0799,4,ok,0,24,7,0,1,0,1,1,Night
v3.0,2019,2019-09-07,Duke,North Carolina A&T,home,45,13,-27.5,24.6,25,7,0,0.4,AS EXPECTED,graded,pbp,71,39,0.4943,0.3993,4,ok,0,24,7,1,2,14,2,2,FCS opponent
v3.0,2019,2019-09-07,NC State,Western Carolina,home,41,0,-41.0,30.6,34,7,0,3.4,AS EXPECTED,graded,pbp,62,37,0.6175,0.5953,1,ok,0,24,7,0,0,24,1,0,FCS opponent
v3.0,2019,2019-09-07,North Carolina,Miami,home,28,25,5.0,-5.2,3,0,0,8.2,AS EXPECTED,graded,pbp,61,76,-0.0275,-0.0726,2,ok,0,10,5,2,3,-7,0,0,Night
v3.0,2019,2019-09-07,Nebraska,Colorado,away,31,34,-4.5,4.7,-3,0,0,-7.7,AS EXPECTED,graded,pbp,69,74,-0.2157,0.0653,-14,ok,7,17,6,2,4,-17,1,4,Road · Full house
v3.0,2019,2019-09-07,Rutgers,Iowa,away,0,30,17.5,-17.6,-27,0,3,-9.4,AS EXPECTED,graded,pbp,40,52,-0.496,-0.2541,-8,ok,0,0,5,0,1,,0,3,Road · Ranked opponent
v3.0,2019,2019-09-07,Syracuse,Maryland,away,20,63,1.0,-1.0,-29,7,21,-28.0,CERTIFIED SOFT,graded,pbp,34,50,-0.4739,-0.0145,-14,ok,0,0,1,0,1,,1,2,Road
v3.0,2019,2019-09-07,Ohio State,Cincinnati,home,42,0,-15.0,15.5,35,7,0,19.5,DAWG,graded,pbp,55,37,0.5983,0.2178,12,ok,0,28,5,0,0,21,2,0,
v3.0,2019,2019-09-07,Oklahoma State,McNeese,home,56,14,-42.0,30.9,42,14,14,11.1,AS EXPECTED,graded,pbp,46,38,0.9033,0.6098,9,ok,0,21,6,0,0,28,2,1,Night · FCS opponent
v3.0,2019,2019-09-07,Auburn,Tulane,home,24,6,-16.5,16.8,18,0,0,1.2,AS EXPECTED,graded,pbp,82,64,0.2814,0.2396,2,ok,0,24,10,0,1,7,1,3,Night · Group of 5 opponent
v3.0,2019,2019-09-07,Oklahoma,South Dakota,home,70,14,-46.5,32.5,35,35,14,2.5,AS EXPECTED,graded,pbp,40,28,0.9968,0.6751,8,ok,0,28,5,0,0,21,3,0,Night · FCS opponent
v3.0,2019,2019-09-07,UCF,Florida Atlantic,away,48,14,-14.0,14.6,29,13,8,14.4,DAWG,graded,pbp,48,66,0.4924,0.2033,12,ok,0,21,8,0,0,15,1,0,Road · Night · Full house · Group of 5 opponent
v3.0,2019,2019-09-07,Penn State,Buffalo,home,45,13,-31.0,26.6,25,7,0,-1.6,AS EXPECTED,graded,pbp,38,70,0.1285,0.4501,-12,ok,0,24,7,1,2,14,2,1,Night · Group of 5 opponent
v3.0,2019,2019-09-07,Cincinnati,Ohio State,away,0,42,15.0,-15.5,-35,0,7,-19.5,SOFT,graded,pbp,37,55,-0.5983,-0.2178,-12,ok,0,0,2,0,1,,0,2,Road · Full house · Top-10 opponent
v3.0,2019,2019-09-07,Pittsburgh,Ohio,home,20,10,-4.0,4.2,10,0,0,5.8,AS EXPECTED,graded,pbp,73,56,0.0842,0.0581,1,ok,0,20,8,0,0,0,0,0,Group of 5 opponent
v3.0,2019,2019-09-07,Clemson,Texas A&M,home,24,10,-16.0,16.4,14,0,0,-2.4,AS EXPECTED,graded,pbp,68,69,0.1641,0.2323,-3,ok,0,17,8,1,1,0,2,1,
v3.0,2019,2019-09-07,Iowa,Rutgers,home,30,0,-17.5,17.6,27,3,0,9.4,AS EXPECTED,graded,pbp,52,40,0.496,0.2541,8,ok,0,20,9,0,0,13,3,0,
v3.0,2019,2019-09-07,Kansas,Coastal Carolina,home,7,12,-7.0,7.3,-5,0,0,-12.3,SOFT,graded,pbp,56,63,-0.3077,0.1016,-17,ok,0,0,6,0,2,,0,2,Night · Group of 5 opponent
v3.0,2019,2019-09-07,Kansas State,Bowling Green,home,52,0,-25.0,23.0,38,14,0,15.0,DAWG,graded,pbp,43,21,0.9166,0.363,13,ok,0,21,3,0,0,28,1,0,Group of 5 opponent
v3.0,2019,2019-09-07,Vanderbilt,Purdue,away,24,42,7.0,-7.3,-18,0,0,-10.7,AS EXPECTED,graded,pbp,75,70,-0.3315,-0.1016,-12,ok,0,14,5,1,2,,1,1,Road
v3.0,2019,2019-09-07,Baylor,UTSA,home,63,14,-25.0,23.0,35,28,14,12.0,AS EXPECTED,graded,pbp,33,29,0.9586,0.363,13,ok,0,28,5,0,0,21,0,0,Group of 5 opponent
v3.0,2019,2019-09-07,Miami,North Carolina,away,25,28,-5.0,5.2,-3,0,0,-8.2,AS EXPECTED,graded,pbp,76,61,0.0275,0.0726,-2,ok,0,17,5,1,3,,0,0,Road · Night · Full house
v3.0,2019,2019-09-07,Stanford,USC,away,20,45,3.0,-3.1,-25,0,0,-21.9,SOFT,graded,pbp,60,57,-0.4901,-0.0436,-19,ok,0,7,2,2,3,-36,0,1,Road · Night
v3.0,2019,2019-09-07,Texas A&M,Clemson,away,10,24,16.0,-16.4,-14,0,0,2.4,AS EXPECTED,graded,pbp,69,68,-0.1641,-0.2323,3,ok,0,10,6,0,2,,1,2,Road · Full house
v3.0,2019,2019-09-07,Houston,Prairie View A&M,home,37,17,-35.0,28.4,27,0,7,-1.4,AS EXPECTED,graded,pbp,57,52,0.0633,0.5081,-17,ok,0,24,4,1,1,17,1,2,Night · FCS opponent
v3.0,2019,2019-09-07,Oregon,Nevada,home,77,6,-25.0,23.0,29,42,0,6.0,AS EXPECTED,graded,pbp,35,40,0.9587,0.363,16,ok,0,21,4,2,2,14,3,0,Group of 5 opponent
v3.0,2019,2019-09-07,California,Washington,away,20,19,13.5,-14.1,1,0,0,15.1,DAWG,graded,pbp,56,76,0.1423,-0.196,16,ok,0,0,4,2,4,,2,0,Road · Night · Full house · Ranked opponent
v3.0,2019,2019-09-07,Purdue,Vanderbilt,home,42,24,-7.0,7.3,18,0,0,10.7,AS EXPECTED,graded,pbp,70,75,0.3315,0.1016,12,ok,0,14,8,1,2,7,1,1,
v3.0,2019,2019-09-07,Texas,LSU,home,38,45,6.5,-6.8,-7,0,0,-0.2,AS EXPECTED,graded,pbp,84,67,-0.1274,-0.0944,-2,ok,0,14,3,0,3,,1,0,Night · Top-10 opponent
v3.0,2019,2019-09-07,BYU,Tennessee,away,29,26,3.5,-3.6,3,0,0,6.6,AS EXPECTED,graded,pbp,54,68,0.072,-0.0508,5,ok,15,7,6,4,5,,1,0,Road · Night · Full house
v3.0,2019,2019-09-07,Utah,Northern Illinois,home,35,17,-22.5,21.3,18,0,0,-3.3,AS EXPECTED,graded,pbp,56,56,0.2776,0.3267,-2,ok,0,21,7,1,2,7,1,0,Group of 5 opponent
v3.0,2019,2019-09-07,SMU,North Texas,home,49,27,-3.5,3.6,29,0,7,25.4,CERTIFIED DAWG,graded,pbp,69,58,0.1585,0.0508,5,ok,0,28,6,0,0,16,1,1,Night · Group of 5 opponent
v3.0,2019,2019-09-07,South Carolina,Charleston Southern,home,72,10,-36.5,29.0,41,28,7,12.0,AS EXPECTED,graded,pbp,48,28,1.0931,0.5299,15,ok,0,14,3,0,0,27,3,2,FCS opponent
v3.0,2019,2019-09-07,Virginia Tech,Old Dominion,home,31,17,-28.5,25.2,14,0,0,-11.2,AS EXPECTED,graded,pbp,67,73,0.0632,0.4138,-17,ok,0,14,7,2,2,0,0,2,Group of 5 opponent
v3.0,2019,2019-09-07,UCLA,San Diego State,home,14,23,-7.5,7.9,-9,0,0,-16.9,SOFT,graded,pbp,67,78,-0.1786,0.1089,-15,ok,0,7,6,0,3,,0,2,Group of 5 opponent
v3.0,2019,2019-09-07,Tennessee,BYU,home,26,29,-3.5,3.6,-3,0,0,-6.6,AS EXPECTED,graded,pbp,68,54,-0.072,0.0508,-5,ok,15,16,6,1,4,-13,0,1,Night
v3.0,2019,2019-09-07,Washington,California,home,19,20,-13.5,14.1,-1,0,0,-15.1,SOFT,graded,pbp,76,56,-0.1423,0.196,-16,ok,0,13,6,2,3,-11,0,2,Night
v3.0,2019,2019-09-07,Texas Tech,UTEP,home,38,3,-35.0,28.4,31,7,3,2.6,AS EXPECTED,graded,pbp,66,40,0.4686,0.5081,-1,ok,0,28,8,0,0,17,0,1,Night · Group of 5 opponent
v3.0,2019,2019-09-07,Wisconsin,Central Michigan,home,61,0,-35.0,28.4,44,17,0,15.6,DAWG,graded,pbp,39,25,1.3593,0.5081,19,ok,0,21,4,0,0,35,1,1,Group of 5 opponent
v3.0,2019,2019-09-07,West Virginia,Missouri,away,7,38,13.5,-14.1,-31,7,7,-16.9,SOFT,graded,pbp,33,50,-0.6648,-0.196,-14,ok,0,0,1,0,1,,0,3,Road
v3.0,2019,2019-09-07,USC,Stanford,home,45,20,-3.0,3.1,25,0,0,21.9,DAWG,graded,pbp,57,60,0.4901,0.0436,19,ok,0,28,5,0,1,14,1,0,Night · Ranked opponent
v3.0,2019,2019-09-07,Alabama,New Mexico State,home,62,10,-55.5,35.6,38,24,10,2.4,AS EXPECTED,graded,pbp,40,30,1.0101,0.8058,5,ok,0,21,5,0,0,24,3,0,Group of 5 opponent
v3.0,2019,2019-09-07,Mississippi State,Southern Mississippi,home,38,15,-16.5,16.8,31,0,8,14.2,DAWG,graded,pbp,52,44,0.3296,0.2396,3,ok,0,35,8,0,0,17,3,0,Group of 5 opponent
v3.0,2019,2019-09-07,Illinois,UConn,away,31,23,-21.0,20.2,8,0,0,-12.2,AS EXPECTED,graded,pbp,70,60,0.0163,0.3049,-13,ok,0,24,7,0,3,-3,3,3,Road · Group of 5 opponent
v3.0,2019,2019-09-07,Colorado,Nebraska,home,34,31,4.5,-4.7,3,0,0,7.7,AS EXPECTED,graded,pbp,74,69,0.2157,-0.0653,14,ok,7,27,8,1,2,,4,1,Ranked opponent
v3.0,2019,2019-09-07,Florida State,UL Monroe,home,45,44,-22.5,21.3,1,0,0,-20.3,SOFT,graded,pbp,84,76,-0.1526,0.3267,-27,ok,9,21,7,2,4,-13,1,3,Group of 5 opponent
v3.0,2019,2019-09-07,Florida,UT Martin,home,45,0,-44.5,31.8,31,14,0,-0.8,AS EXPECTED,graded,pbp,48,31,0.5993,0.6461,-1,ok,0,24,5,0,0,21,1,0,Night · FCS opponent
v3.0,2019,2019-09-07,Georgia Tech,South Florida,home,14,10,-5.0,5.2,4,0,0,-1.2,AS EXPECTED,graded,pbp,70,55,-0.0801,0.0726,-7,ok,0,14,7,0,2,-7,1,2,Group of 5 opponent
v3.0,2019,2019-09-07,Georgia,Murray State,home,63,17,-49.5,33.5,42,14,10,8.5,AS EXPECTED,graded,pbp,39,33,0.6383,0.7187,-2,ok,0,28,6,1,2,28,1,2,FCS opponent
v3.0,2019,2019-09-07,Arkansas,Ole Miss,away,17,31,5.5,-5.7,-14,0,0,-8.3,AS EXPECTED,graded,pbp,67,77,-0.1629,-0.0799,-4,ok,0,3,5,0,2,,1,1,Road · Night
v3.0,2019,2019-09-07,Indiana,Eastern Illinois,home,52,0,-35.5,28.6,35,17,0,6.4,AS EXPECTED,graded,pbp,38,28,0.9397,0.5154,10,ok,0,21,5,0,0,21,0,0,FCS opponent
v3.0,2019,2019-09-07,Kentucky,Eastern Michigan,home,38,17,-15.5,15.9,21,0,0,5.1,AS EXPECTED,graded,pbp,75,75,0.1765,0.225,-3,ok,0,31,7,0,0,7,2,1,Night · Group of 5 opponent
v3.0,2019,2019-09-07,Louisville,Eastern Kentucky,home,42,0,-21.0,20.2,28,14,0,7.8,AS EXPECTED,graded,pbp,42,50,0.5101,0.3049,7,ok,0,28,8,0,0,14,0,1,Night · FCS opponent
v3.0,2019,2019-09-07,LSU,Texas,away,45,38,-6.5,6.8,7,0,0,0.2,AS EXPECTED,graded,pbp,67,84,0.1274,0.0944,2,ok,0,13,5,5,6,-6,0,1,Road · Night · Full house · Top-10 opponent
v3.0,2019,2019-09-13,Boston College,Kansas,home,24,48,-20.5,19.8,-24,0,0,-43.8,CERTIFIED SOFT,graded,pbp,79,69,-0.2749,0.2976,-30,ok,0,3,4,2,4,-34,1,0,Night
v3.0,2019,2019-09-13,North Carolina,Wake Forest,away,18,24,3.0,-3.1,-6,0,0,-2.9,AS EXPECTED,graded,pbp,67,74,-0.0257,-0.0436,1,ok,0,14,10,0,1,,1,2,Road · Full house
v3.0,2019,2019-09-13,Wake Forest,North Carolina,home,24,18,-3.0,3.1,6,0,0,2.9,AS EXPECTED,graded,pbp,74,67,0.0257,0.0436,-1,ok,0,21,10,1,1,-8,2,1,
v3.0,2019,2019-09-13,Kansas,Boston College,away,48,24,20.5,-19.8,24,0,0,43.8,CERTIFIED DAWG,graded,pbp,69,79,0.2749,-0.2976,30,ok,0,31,8,1,2,10,0,1,Road · Night
v3.0,2019,2019-09-13,Houston,Washington State,neutral,24,31,9.0,-9.5,-7,0,0,2.5,AS EXPECTED,graded,pbp,63,67,-0.2243,-0.1307,-4,ok,0,10,4,1,3,,1,2,Night · Ranked opponent · Group of 5 opponent
v3.0,2019,2019-09-14,Arizona,Texas Tech,home,28,14,2.0,-2.1,14,0,0,16.1,DAWG,graded,pbp,83,80,0.2755,-0.029,18,ok,0,14,10,2,2,0,2,3,Night
v3.0,2019,2019-09-14,Maryland,Temple,away,17,20,-5.0,5.2,-3,0,0,-8.2,AS EXPECTED,graded,pbp,85,74,-0.2322,0.0726,-17,ok,0,14,11,0,3,,2,1,Road · Group of 5 opponent
v3.0,2019,2019-09-14,Michigan State,Arizona State,home,7,10,-15.5,15.9,-3,0,0,-18.9,SOFT,graded,pbp,74,52,0.1603,0.225,-3,ok,0,7,7,0,2,,0,1,
v3.0,2019,2019-09-14,Minnesota,Georgia Southern,home,35,32,-16.5,16.8,3,0,0,-13.8,SOFT,graded,pbp,91,42,0.2748,0.2396,2,ok,0,14,6,3,6,-8,2,1,Group of 5 opponent
v3.0,2019,2019-09-14,Missouri,Southeast Missouri State,home,50,0,-34.0,27.9,37,13,0,9.1,AS EXPECTED,graded,pbp,33,38,0.9077,0.4936,10,ok,0,14,5,0,0,24,1,1,Night · FCS opponent
v3.0,2019,2019-09-14,Ole Miss,SE Louisiana,home,40,29,-30.5,26.3,11,0,0,-15.3,SOFT,graded,pbp,80,69,-0.0449,0.4428,-26,ok,0,17,8,3,4,1,4,2,FCS opponent
v3.0,2019,2019-09-14,Duke,Middle Tennessee,away,41,18,-6.5,6.8,38,0,15,31.2,CERTIFIED DAWG,graded,pbp,60,29,0.4818,0.0944,12,ok,0,17,4,1,1,27,0,0,Road · Night · Full house · Group of 5 opponent
v3.0,2019,2019-09-14,NC State,West Virginia,away,27,44,-7.0,7.3,-17,0,0,-24.3,CERTIFIED SOFT,graded,pbp,86,68,-0.2365,0.1016,-18,ok,0,17,6,1,3,,1,0,Road · Full house
v3.0,2019,2019-09-14,Nebraska,Northern Illinois,home,44,8,-14.0,14.6,29,7,0,14.4,DAWG,graded,pbp,46,57,0.5415,0.2033,12,ok,0,28,9,0,0,19,2,1,Night · Group of 5 opponent
v3.0,2019,2019-09-14,Syracuse,Clemson,home,6,41,28.0,-24.9,-28,0,7,-3.1,AS EXPECTED,graded,pbp,57,63,-0.5259,-0.4065,-5,ok,0,3,7,0,1,,2,1,Night
v3.0,2019,2019-09-14,Ohio State,Indiana,away,51,10,-17.5,17.6,34,7,0,16.4,DAWG,graded,pbp,58,40,0.4784,0.2541,8,ok,0,21,4,0,1,23,1,1,Road
v3.0,2019,2019-09-14,Oklahoma State,Tulsa,away,40,21,-14.0,14.6,19,0,0,4.4,AS EXPECTED,graded,pbp,68,88,0.1632,0.2033,-2,ok,0,34,10,0,2,5,0,2,Road · Full house · Group of 5 opponent
v3.0,2019,2019-09-14,Auburn,Kent State,home,55,16,-35.5,28.6,28,17,6,-0.6,AS EXPECTED,graded,pbp,60,52,0.2971,0.5154,-9,ok,0,14,4,2,2,17,0,0,Night · Group of 5 opponent
v3.0,2019,2019-09-14,Oklahoma,UCLA,away,48,14,-23.5,22.0,27,7,0,5.0,AS EXPECTED,graded,pbp,44,51,0.4196,0.3412,3,ok,0,31,5,0,0,17,2,0,Road
v3.0,2019,2019-09-14,UCF,Stanford,home,45,27,-10.0,10.6,38,0,20,27.4,CERTIFIED DAWG,graded,pbp,65,50,0.357,0.1452,9,ok,0,31,6,0,0,24,1,0,
v3.0,2019,2019-09-14,Penn State,Pittsburgh,home,17,10,-17.0,17.2,7,0,0,-10.2,AS EXPECTED,graded,pbp,62,76,0.0354,0.2468,-10,ok,0,14,7,1,2,,0,0,
v3.0,2019,2019-09-14,Cincinnati,Miami (OH),home,35,13,-17.0,17.2,22,0,0,4.8,AS EXPECTED,graded,pbp,78,58,0.3404,0.2468,5,ok,0,14,8,0,1,11,1,1,Group of 5 opponent
v3.0,2019,2019-09-14,Pittsburgh,Penn State,away,10,17,17.0,-17.2,-7,0,0,10.2,AS EXPECTED,graded,pbp,76,62,-0.0354,-0.2468,10,ok,0,10,6,0,2,,0,0,Road · Full house · Ranked opponent
v3.0,2019,2019-09-14,Clemson,Syracuse,away,41,6,-28.0,24.9,28,7,0,3.1,AS EXPECTED,graded,pbp,63,57,0.5259,0.4065,5,ok,0,34,11,0,0,14,1,2,Road · Night · Full house
v3.0,2019,2019-09-14,Iowa,Iowa State,away,18,17,-1.5,1.6,1,0,0,-0.6,AS EXPECTED,graded,pbp,72,54,-0.1037,0.0218,-6,ok,0,10,5,1,2,,1,1,Road · Full house
v3.0,2019,2019-09-14,Kansas State,Mississippi State,away,31,24,7.0,-7.3,7,0,0,14.3,DAWG,graded,pbp,53,71,0.1051,-0.1016,9,ok,0,24,7,1,3,-3,5,1,Road · Full house
v3.0,2019,2019-09-14,Miami,Bethune-Cookman,home,63,0,-41.5,30.8,35,28,0,4.2,AS EXPECTED,graded,pbp,41,29,0.8521,0.6025,6,ok,0,28,7,0,0,21,1,0,FCS opponent
v3.0,2019,2019-09-14,Stanford,UCF,away,27,45,10.0,-10.6,-38,20,0,-27.4,CERTIFIED SOFT,graded,pbp,50,65,-0.357,-0.1452,-9,ok,0,0,1,0,1,,0,1,Road · Full house · Ranked opponent
v3.0,2019,2019-09-14,Texas A&M,Lamar,home,62,3,-45.0,32.0,34,28,3,2.0,AS EXPECTED,graded,pbp,45,30,0.7815,0.6533,3,ok,0,24,4,0,0,24,1,2,Night · FCS opponent
v3.0,2019,2019-09-14,Oregon,Montana,home,35,3,-38.5,29.7,25,7,0,-4.7,AS EXPECTED,graded,pbp,58,47,0.4023,0.559,-6,ok,0,21,6,0,0,11,1,0,Night · FCS opponent
v3.0,2019,2019-09-14,California,North Texas,home,23,17,-14.0,14.6,6,0,0,-8.6,AS EXPECTED,graded,pbp,70,71,-0.0186,0.2033,-11,ok,0,13,7,0,1,-4,2,0,Group of 5 opponent
v3.0,2019,2019-09-14,Purdue,TCU,home,13,34,3.0,-3.1,-28,7,0,-24.9,CERTIFIED SOFT,graded,pbp,48,82,-0.5407,-0.0436,-23,ok,0,6,7,0,2,,1,2,Night
v3.0,2019,2019-09-14,Texas,Rice,neutral,48,13,-32.5,27.3,31,17,13,3.7,AS EXPECTED,graded,pbp,45,20,0.8314,0.4718,8,ok,0,21,3,0,0,17,0,0,Night · Group of 5 opponent
v3.0,2019,2019-09-14,BYU,USC,home,30,27,4.5,-4.7,3,0,0,7.7,AS EXPECTED,graded,pbp,70,76,0.0847,-0.0653,8,ok,6,17,5,2,5,,2,1,Ranked opponent
v3.0,2019,2019-09-14,Utah,Idaho State,home,31,0,-37.5,29.3,31,0,0,1.7,AS EXPECTED,graded,pbp,40,34,0.8458,0.5444,8,ok,0,28,6,0,0,21,1,1,FCS opponent
v3.0,2019,2019-09-14,SMU,Texas State,home,47,17,-17.5,17.6,24,13,7,6.4,AS EXPECTED,graded,pbp,56,57,0.308,0.2541,2,ok,0,28,9,0,1,14,1,3,Night · Group of 5 opponent
v3.0,2019,2019-09-14,South Carolina,Alabama,home,23,47,26.5,-24.0,-24,7,7,0.0,AS EXPECTED,graded,pbp,65,51,-0.4803,-0.3847,-4,ok,0,0,2,1,2,,0,2,Top-10 opponent
v3.0,2019,2019-09-14,Virginia,Florida State,home,31,24,-7.0,7.3,7,0,0,-0.3,AS EXPECTED,graded,pbp,72,66,0.2735,0.1016,8,ok,0,10,6,3,4,,0,2,Night
v3.0,2019,2019-09-14,Virginia Tech,Furman,home,24,17,-24.0,22.3,7,0,0,-15.3,SOFT,graded,pbp,64,58,0.2808,0.3484,-3,ok,0,24,8,0,1,-3,2,2,FCS opponent
v3.0,2019,2019-09-14,UCLA,Oklahoma,home,14,48,23.5,-22.0,-27,0,7,-5.0,AS EXPECTED,graded,pbp,51,44,-0.4196,-0.3412,-3,ok,0,0,1,0,1,,0,2,Top-10 opponent
v3.0,2019,2019-09-14,TCU,Purdue,away,34,13,-3.0,3.1,28,0,7,24.9,CERTIFIED DAWG,graded,pbp,82,48,0.5407,0.0436,23,ok,0,34,10,0,2,14,2,1,Road · Night · Full house
v3.0,2019,2019-09-14,Tennessee,Chattanooga,home,45,0,-30.5,26.3,38,7,0,11.7,AS EXPECTED,graded,pbp,37,27,0.8269,0.4428,9,ok,0,14,3,0,0,24,5,0,FCS opponent
v3.0,2019,2019-09-14,Washington,Hawai'i,home,52,20,-21.5,20.6,32,7,7,11.4,AS EXPECTED,graded,pbp,48,52,0.538,0.3121,8,ok,0,21,4,0,0,18,4,0,Group of 5 opponent
v3.0,2019,2019-09-14,Texas Tech,Arizona,away,14,28,-2.0,2.1,-14,0,0,-16.1,SOFT,graded,pbp,80,83,-0.2755,0.029,-18,ok,0,14,8,0,3,,3,2,Road · Night
v3.0,2019,2019-09-14,West Virginia,NC State,home,44,27,7.0,-7.3,17,0,0,24.3,CERTIFIED DAWG,graded,pbp,68,86,0.2365,-0.1016,18,ok,0,21,7,3,5,7,0,1,
v3.0,2019,2019-09-14,USC,BYU,away,27,30,-4.5,4.7,-3,0,0,-7.7,AS EXPECTED,graded,pbp,76,70,-0.0847,0.0653,-8,ok,6,7,5,3,5,,1,2,Road · Full house
v3.0,2019,2019-09-14,Alabama,South Carolina,away,47,23,-26.5,24.0,24,7,7,-0.0,AS EXPECTED,graded,pbp,51,65,0.4803,0.3847,4,ok,0,17,4,1,2,13,2,0,Road · Full house
v3.0,2019,2019-09-14,Mississippi State,Kansas State,home,24,31,-7.0,7.3,-7,0,0,-14.3,SOFT,graded,pbp,71,53,-0.1051,0.1016,-9,ok,0,0,5,0,3,,1,5,
v3.0,2019,2019-09-14,Illinois,Eastern Michigan,home,31,34,-7.5,7.9,-3,0,0,-10.9,AS EXPECTED,graded,pbp,77,76,-0.0661,0.1089,-10,ok,0,10,8,2,4,,1,2,Group of 5 opponent
v3.0,2019,2019-09-14,Colorado,Air Force,home,23,30,-2.5,2.6,-7,0,0,-9.6,AS EXPECTED,graded,pbp,66,63,-0.0378,0.0363,-3,ok,8,10,4,0,3,-17,3,1,Group of 5 opponent
v3.0,2019,2019-09-14,Florida State,Virginia,away,24,31,7.0,-7.3,-7,0,0,0.3,AS EXPECTED,graded,pbp,66,72,-0.2735,-0.1016,-8,ok,0,17,5,1,4,,2,0,Road · Night · Full house · Ranked opponent
v3.0,2019,2019-09-14,Florida,Kentucky,away,29,21,-9.5,10.0,8,0,0,-2.0,AS EXPECTED,graded,pbp,57,76,0.1956,0.1379,3,ok,0,31,6,0,2,,3,2,Road · Night · Full house
v3.0,2019,2019-09-14,Georgia Tech,The Citadel,home,24,27,-25.5,23.4,-3,0,0,-26.4,CERTIFIED SOFT,graded,pbp,43,72,0.0764,0.3702,-12,ok,7,21,5,1,3,,1,0,FCS opponent
v3.0,2019,2019-09-14,Georgia,Arkansas State,home,55,0,-33.0,27.5,34,21,0,6.5,AS EXPECTED,graded,pbp,35,38,0.8884,0.4791,11,ok,0,27,5,0,0,24,1,0,Group of 5 opponent
v3.0,2019,2019-09-14,Iowa State,Iowa,home,17,18,1.5,-1.6,-1,0,0,0.6,AS EXPECTED,graded,pbp,54,72,0.1037,-0.0218,6,ok,0,0,4,2,4,,1,1,Ranked opponent
v3.0,2019,2019-09-14,Northwestern,UNLV,home,30,14,-18.5,18.3,16,0,0,-2.3,AS EXPECTED,graded,pbp,74,62,0.2989,0.2686,1,ok,0,17,9,2,2,7,3,1,Group of 5 opponent
v3.0,2019,2019-09-14,Arkansas,Colorado State,home,55,34,-9.5,10.0,21,0,0,11.0,AS EXPECTED,graded,pbp,71,73,0.0783,0.1379,-3,ok,0,31,7,2,5,7,1,1,Group of 5 opponent
v3.0,2019,2019-09-14,Indiana,Ohio State,home,10,51,17.5,-17.6,-34,0,7,-16.4,SOFT,graded,pbp,40,58,-0.4784,-0.2541,-8,ok,0,0,2,1,1,,1,1,Top-10 opponent
v3.0,2019,2019-09-14,Notre Dame,New Mexico,home,66,14,-35.0,28.4,31,28,7,2.6,AS EXPECTED,graded,pbp,35,40,0.76,0.5081,7,ok,0,21,5,0,0,17,4,0,Group of 5 opponent
v3.0,2019,2019-09-14,Arizona State,Michigan State,away,10,7,15.5,-15.9,3,0,0,18.9,DAWG,graded,pbp,52,74,-0.1603,-0.225,3,ok,0,10,7,0,1,,1,0,Road · Full house · Ranked opponent
v3.0,2019,2019-09-14,Kentucky,Florida,home,21,29,9.5,-10.0,-8,0,0,2.0,AS EXPECTED,graded,pbp,76,57,-0.1956,-0.1379,-3,ok,0,7,5,2,4,-19,2,3,Night · Top-10 opponent
v3.0,2019,2019-09-14,Louisville,Western Kentucky,neutral,38,21,-10.5,11.1,24,0,7,12.9,DAWG,graded,pbp,67,65,0.1821,0.1524,1,ok,0,24,8,1,3,10,1,1,Group of 5 opponent
v3.0,2019,2019-09-14,LSU,Northwestern State,home,65,14,-51.5,34.2,30,21,0,-4.2,AS EXPECTED,graded,pbp,50,41,0.4864,0.7477,-8,ok,0,24,5,2,2,20,0,1,Night · FCS opponent
v3.0,2019,2019-09-19,Houston,Tulane,away,31,38,4.0,-4.2,-7,0,0,-2.8,AS EXPECTED,graded,pbp,79,70,-0.2114,-0.0581,-8,ok,0,14,6,2,4,-21,2,1,Road · Night · Group of 5 opponent
v3.0,2019,2019-09-20,Utah,USC,away,23,30,-3.5,3.6,-7,0,0,-10.6,AS EXPECTED,graded,pbp,78,54,0.0662,0.0508,1,ok,0,13,6,2,3,,2,1,Road · Night
v3.0,2019,2019-09-20,USC,Utah,home,30,23,3.5,-3.6,7,0,0,10.6,AS EXPECTED,graded,pbp,54,78,-0.0662,-0.0508,-1,ok,0,7,4,1,4,-4,1,2,Night · Top-10 opponent
v3.0,2019,2019-09-21,Boston College,Rutgers,away,30,16,-7.5,7.9,14,0,0,6.1,AS EXPECTED,graded,pbp,87,60,0.1694,0.1089,3,ok,0,14,6,2,4,3,2,0,Road
v3.0,2019,2019-09-21,Michigan State,Northwestern,away,31,10,-7.5,7.9,28,0,7,20.1,DAWG,graded,pbp,68,61,0.4968,0.1089,18,ok,0,24,8,0,1,17,5,0,Road
v3.0,2019,2019-09-21,Michigan,Wisconsin,away,14,35,3.0,-3.1,-35,14,0,-31.9,CERTIFIED SOFT,graded,pbp,40,64,-0.7823,-0.0436,-27,ok,0,0,3,0,1,,0,4,Road · Full house · Ranked opponent
v3.0,2019,2019-09-21,Missouri,South Carolina,home,34,14,-9.5,10.0,20,0,0,10.0,AS EXPECTED,graded,pbp,87,64,0.1666,0.1379,2,ok,0,13,10,0,1,10,2,2,
v3.0,2019,2019-09-21,Ole Miss,California,home,20,28,-3.0,3.1,-8,0,0,-11.1,AS EXPECTED,graded,pbp,86,69,-0.0369,0.0436,-4,ok,0,13,7,1,3,,1,0,Ranked opponent
v3.0,2019,2019-09-21,NC State,Ball State,home,34,23,-19.0,18.7,11,0,0,-7.7,AS EXPECTED,graded,pbp,75,87,-0.0035,0.2759,-16,ok,0,24,7,1,4,-2,1,3,Night · Group of 5 opponent
v3.0,2019,2019-09-21,North Carolina,Appalachian State,home,31,34,-2.5,2.6,-3,0,0,-5.6,AS EXPECTED,graded,pbp,82,64,0.0489,0.0363,1,ok,0,14,6,2,5,,1,2,Group of 5 opponent
v3.0,2019,2019-09-21,Wake Forest,Elon,home,49,7,-29.5,25.8,35,7,0,9.2,AS EXPECTED,graded,pbp,65,40,0.4901,0.4283,2,ok,0,28,6,1,1,21,0,1,FCS opponent
v3.0,2019,2019-09-21,Nebraska,Illinois,away,42,38,-13.0,13.7,4,0,0,-9.7,AS EXPECTED,graded,pbp,98,58,0.3288,0.1887,8,ok,0,14,8,1,2,,1,4,Road · Night
v3.0,2019,2019-09-21,Rutgers,Boston College,home,16,30,7.5,-7.9,-14,0,0,-6.1,AS EXPECTED,graded,pbp,60,87,-0.1694,-0.1089,-3,ok,0,16,6,0,3,,0,2,
v3.0,2019,2019-09-21,Syracuse,Western Michigan,home,52,33,-3.5,3.6,19,0,0,15.4,DAWG,graded,pbp,82,80,0.0085,0.0508,-2,ok,0,28,8,1,2,5,3,2,Group of 5 opponent
v3.0,2019,2019-09-21,Ohio State,Miami (OH),home,76,5,-38.5,29.7,44,27,0,14.3,DAWG,graded,pbp,40,42,1.1633,0.559,18,ok,0,28,6,2,2,35,3,1,Group of 5 opponent
v3.0,2019,2019-09-21,Oklahoma State,Texas,away,30,36,7.0,-7.3,-6,0,0,1.3,AS EXPECTED,graded,pbp,89,70,-0.1693,-0.1016,-4,ok,0,10,6,0,3,,1,4,Road · Night · Full house · Ranked opponent
v3.0,2019,2019-09-21,Auburn,Texas A&M,away,28,20,4.0,-4.2,8,0,0,12.2,AS EXPECTED,graded,pbp,63,70,-0.0509,-0.0581,0,ok,0,14,8,0,0,-6,1,1,Road · Full house · Ranked opponent
v3.0,2019,2019-09-21,UCF,Pittsburgh,away,34,35,-10.0,10.6,-1,0,0,-11.6,AS EXPECTED,graded,pbp,76,88,-0.0999,0.1452,-14,ok,0,24,9,0,2,-11,1,2,Road
v3.0,2019,2019-09-21,Pittsburgh,UCF,home,35,34,10.0,-10.6,1,0,0,11.6,AS EXPECTED,graded,pbp,88,76,0.0999,-0.1452,14,ok,0,14,8,2,3,-13,2,1,Ranked opponent
v3.0,2019,2019-09-21,Clemson,Charlotte,home,52,10,-41.5,30.8,35,14,7,4.2,AS EXPECTED,graded,pbp,34,31,0.7715,0.6025,4,ok,0,24,4,0,0,21,2,1,Night · Group of 5 opponent
v3.0,2019,2019-09-21,Kansas,West Virginia,home,24,29,4.5,-4.7,-5,0,0,-0.3,AS EXPECTED,graded,pbp,56,85,0.05,-0.0653,6,ok,0,7,5,1,3,,0,2,
v3.0,2019,2019-09-21,Vanderbilt,LSU,home,38,66,24.0,-22.3,-35,14,7,-12.7,SOFT,graded,pbp,46,52,-0.5542,-0.3484,-7,ok,0,0,1,0,2,,2,2,Top-10 opponent
v3.0,2019,2019-09-21,Baylor,Rice,away,21,13,-27.0,24.3,8,0,0,-16.3,SOFT,graded,pbp,63,66,0.1908,0.392,-9,ok,0,14,6,1,2,-3,1,2,Road · Night · Group of 5 opponent
v3.0,2019,2019-09-21,Miami,Central Michigan,home,17,12,-30.5,26.3,5,0,0,-21.3,SOFT,graded,pbp,57,78,0.1137,0.4428,-16,ok,0,7,8,0,2,-7,3,1,Group of 5 opponent
v3.0,2019,2019-09-21,Stanford,Oregon,home,6,21,12.5,-13.2,-15,0,0,-1.8,AS EXPECTED,graded,pbp,63,54,-0.227,-0.1815,-2,ok,0,0,7,0,1,,0,1,Ranked opponent
v3.0,2019,2019-09-21,Texas A&M,Auburn,home,20,28,-4.0,4.2,-8,0,0,-12.2,AS EXPECTED,graded,pbp,70,63,0.0509,0.0581,0,ok,0,14,8,0,1,,1,1,Top-10 opponent
v3.0,2019,2019-09-21,Oregon,Stanford,away,21,6,-12.5,13.2,15,0,0,1.8,AS EXPECTED,graded,pbp,54,63,0.227,0.1815,2,ok,0,21,7,0,1,4,1,0,Road
v3.0,2019,2019-09-21,California,Ole Miss,away,28,20,3.0,-3.1,8,0,0,11.1,AS EXPECTED,graded,pbp,69,86,0.0369,-0.0436,4,ok,0,14,6,1,4,-7,0,1,Road
v3.0,2019,2019-09-21,Texas,Oklahoma State,home,36,30,-7.0,7.3,6,0,0,-1.3,AS EXPECTED,graded,pbp,70,89,0.1693,0.1016,4,ok,0,21,6,2,4,-5,4,1,Night
v3.0,2019,2019-09-21,BYU,Washington,home,19,45,6.5,-6.8,-33,7,0,-26.2,CERTIFIED SOFT,graded,pbp,44,47,-0.2477,-0.0944,-5,ok,0,3,3,1,1,,2,3,Ranked opponent
v3.0,2019,2019-09-21,SMU,TCU,away,41,38,7.5,-7.9,3,0,0,10.9,AS EXPECTED,graded,pbp,82,78,0.0358,-0.1089,8,ok,0,24,8,2,6,-12,3,1,Road · Ranked opponent
v3.0,2019,2019-09-21,South Carolina,Missouri,away,14,34,9.5,-10.0,-20,0,0,-10.0,AS EXPECTED,graded,pbp,64,87,-0.1666,-0.1379,-2,ok,0,14,8,0,5,,2,2,Road
v3.0,2019,2019-09-21,Virginia,Old Dominion,home,28,17,-27.0,24.3,11,0,0,-13.3,SOFT,graded,pbp,53,70,0.1894,0.392,-9,ok,0,14,7,0,1,0,1,0,Night · Group of 5 opponent
v3.0,2019,2019-09-21,UCLA,Washington State,away,67,63,18.5,-18.3,-3,7,0,15.3,DAWG,graded,pbp,66,82,0.0506,-0.2686,17,ok,0,28,6,1,2,,6,1,Road · Night · Full house · Ranked opponent · Group of 5 opponent
v3.0,2019,2019-09-21,TCU,SMU,home,38,41,-7.5,7.9,-3,0,0,-10.9,AS EXPECTED,graded,pbp,78,82,-0.0358,0.1089,-8,ok,0,21,8,0,1,,1,3,
v3.0,2019,2019-09-21,Tennessee,Florida,away,3,34,13.5,-14.1,-28,0,3,-13.9,SOFT,graded,pbp,47,58,-0.4578,-0.196,-10,ok,0,0,5,0,1,,3,4,Road · Full house · Top-10 opponent
v3.0,2019,2019-09-21,Washington,BYU,away,45,19,-6.5,6.8,33,0,7,26.2,CERTIFIED DAWG,graded,pbp,47,44,0.2477,0.0944,5,ok,0,17,4,1,1,22,3,2,Road · Full house
v3.0,2019,2019-09-21,Wisconsin,Michigan,home,35,14,-3.0,3.1,35,0,14,31.9,CERTIFIED DAWG,graded,pbp,64,40,0.7823,0.0436,27,ok,0,21,6,0,0,21,4,0,Ranked opponent
v3.0,2019,2019-09-21,West Virginia,Kansas,away,29,24,-4.5,4.7,5,0,0,0.3,AS EXPECTED,graded,pbp,85,56,-0.05,0.0653,-6,ok,0,17,7,2,4,-5,2,0,Road
v3.0,2019,2019-09-21,Alabama,Southern Mississippi,home,49,7,-38.0,29.5,35,7,0,5.5,AS EXPECTED,graded,pbp,42,42,0.6006,0.5517,1,ok,0,28,4,0,0,21,2,1,Group of 5 opponent
v3.0,2019,2019-09-21,Mississippi State,Kentucky,home,28,13,-6.0,6.3,15,0,0,8.7,AS EXPECTED,graded,pbp,62,70,0.1366,0.0871,2,ok,0,7,3,0,0,4,1,2,
v3.0,2019,2019-09-21,Illinois,Nebraska,home,38,42,13.0,-13.7,-4,0,0,9.7,AS EXPECTED,graded,pbp,58,98,-0.3288,-0.1887,-8,ok,0,28,8,1,6,-18,4,1,Night
v3.0,2019,2019-09-21,Colorado,Arizona State,away,34,31,8.0,-8.4,3,0,0,11.4,AS EXPECTED,graded,pbp,71,67,-0.0255,-0.1161,4,ok,0,10,4,3,5,-11,1,1,Road · Night · Ranked opponent
v3.0,2019,2019-09-21,Florida State,Louisville,home,35,24,-6.5,6.8,11,0,0,4.2,AS EXPECTED,graded,pbp,75,75,0.0839,0.0944,-1,ok,0,35,8,0,2,-3,2,0,
v3.0,2019,2019-09-21,Florida,Tennessee,home,34,3,-13.5,14.1,28,3,0,13.9,DAWG,graded,pbp,58,47,0.4578,0.196,10,ok,0,13,8,1,1,18,4,3,
v3.0,2019,2019-09-21,Georgia,Notre Dame,home,23,17,-16.0,16.4,6,0,0,-10.4,AS EXPECTED,graded,pbp,59,61,0.1958,0.2323,-2,ok,0,16,6,1,1,-4,3,0,Night · Top-10 opponent
v3.0,2019,2019-09-21,Iowa State,UL Monroe,home,72,20,-17.5,17.6,28,24,0,10.4,AS EXPECTED,graded,pbp,50,62,0.2564,0.2541,0,ok,0,28,6,0,0,14,3,2,Group of 5 opponent
v3.0,2019,2019-09-21,Northwestern,Michigan State,home,10,31,7.5,-7.9,-28,7,0,-20.1,SOFT,graded,pbp,61,68,-0.4968,-0.1089,-18,ok,0,3,6,0,1,,0,5,
v3.0,2019,2019-09-21,Arkansas,San José St,home,24,31,-20.0,19.5,-7,0,0,-26.5,CERTIFIED SOFT,graded,pbp,82,73,-0.1068,0.2904,-22,ok,0,24,8,0,3,,1,5,Night · Group of 5 opponent
v3.0,2019,2019-09-21,Indiana,UConn,home,38,3,-27.0,24.3,28,7,0,3.7,AS EXPECTED,graded,pbp,50,42,0.561,0.392,6,ok,0,17,4,1,1,14,1,2,Group of 5 opponent
v3.0,2019,2019-09-21,Notre Dame,Georgia,away,17,23,16.0,-16.4,-6,0,0,10.4,AS EXPECTED,graded,pbp,61,59,-0.1958,-0.2323,2,ok,0,0,4,0,2,,0,3,Road · Night · Full house · Top-10 opponent
v3.0,2019,2019-09-21,Arizona State,Colorado,home,31,34,-8.0,8.4,-3,0,0,-11.4,AS EXPECTED,graded,pbp,67,71,0.0255,0.1161,-4,ok,0,10,4,2,4,,1,1,Night
v3.0,2019,2019-09-21,Kentucky,Mississippi State,away,13,28,6.0,-6.3,-15,0,0,-8.7,AS EXPECTED,graded,pbp,70,62,-0.1366,-0.0871,-2,ok,0,6,3,0,1,,2,1,Road · Full house
v3.0,2019,2019-09-21,Louisville,Florida State,away,24,35,6.5,-6.8,-11,0,0,-4.2,AS EXPECTED,graded,pbp,75,75,-0.0839,-0.0944,1,ok,0,24,8,0,2,,0,2,Road
v3.0,2019,2019-09-21,LSU,Vanderbilt,away,66,38,-24.0,22.3,35,7,14,12.7,DAWG,graded,pbp,52,46,0.5542,0.3484,7,ok,0,31,5,1,1,21,2,2,Road
v3.0,2019,2019-09-27,Maryland,Penn State,home,0,59,6.5,-6.8,-38,0,21,-31.2,CERTIFIED SOFT,graded,pbp,35,41,-0.9382,-0.0944,-23,ok,0,0,0,0,1,,1,3,Night · Ranked opponent
v3.0,2019,2019-09-27,Duke,Virginia Tech,away,45,10,2.5,-2.6,28,7,0,30.6,CERTIFIED DAWG,graded,pbp,58,51,0.3796,-0.0363,16,ok,0,31,7,0,1,17,2,0,Road · Night · Full house
v3.0,2019,2019-09-27,Penn State,Maryland,away,59,0,-6.5,6.8,38,21,0,31.2,CERTIFIED DAWG,graded,pbp,41,35,0.9382,0.0944,23,ok,0,28,4,0,0,24,3,1,Road · Night · Full house
v3.0,2019,2019-09-27,California,Arizona State,home,17,24,-4.0,4.2,-7,0,0,-11.2,AS EXPECTED,graded,pbp,63,72,-0.1652,0.0581,-11,ok,0,3,6,1,4,,1,1,Night
v3.0,2019,2019-09-27,Virginia Tech,Duke,home,10,45,-2.5,2.6,-28,0,7,-30.6,CERTIFIED SOFT,graded,pbp,51,58,-0.3796,0.0363,-16,ok,0,3,4,0,1,,0,2,Night
v3.0,2019,2019-09-27,Arizona State,California,away,24,17,4.0,-4.2,7,0,0,11.2,AS EXPECTED,graded,pbp,72,63,0.1652,-0.0581,11,ok,0,10,6,2,3,,1,1,Road · Night · Ranked opponent
v3.0,2019,2019-09-28,Boston College,Wake Forest,home,24,27,4.5,-4.7,-3,0,0,1.7,AS EXPECTED,graded,pbp,75,87,0.1111,-0.0653,10,ok,0,7,6,1,3,,1,3,
v3.0,2019,2019-09-28,Arizona,UCLA,home,20,17,-3.5,3.6,3,0,0,-0.6,AS EXPECTED,graded,pbp,72,85,0.1545,0.0508,6,ok,0,6,6,2,3,,1,0,Night
v3.0,2019,2019-09-28,Michigan State,Indiana,home,40,31,-14.0,14.6,9,0,0,-5.6,AS EXPECTED,graded,pbp,70,70,-0.0371,0.2033,-12,ok,0,24,6,2,5,0,0,0,
v3.0,2019,2019-09-28,Michigan,Rutgers,home,52,0,-27.5,24.6,31,21,0,6.4,AS EXPECTED,graded,pbp,39,24,0.6148,0.3993,5,ok,0,24,5,0,0,17,1,1,
v3.0,2019,2019-09-28,Minnesota,Purdue,away,38,31,1.0,-1.0,7,0,0,8.0,AS EXPECTED,graded,pbp,56,82,0.1133,-0.0145,6,ok,0,21,7,1,2,-4,2,0,Road
v3.0,2019,2019-09-28,Ole Miss,Alabama,away,31,59,38.0,-29.5,-42,21,7,-12.5,SOFT,graded,pbp,52,46,-0.726,-0.5517,-6,ok,0,3,1,0,3,,0,2,Road · Full house · Top-10 opponent
v3.0,2019,2019-09-28,NC State,Florida State,away,13,31,7.0,-7.3,-18,0,0,-10.7,AS EXPECTED,graded,pbp,80,72,-0.1519,-0.1016,-3,ok,0,6,8,0,2,,0,2,Road · Night
v3.0,2019,2019-09-28,North Carolina,Clemson,home,20,21,27.5,-24.6,-1,0,0,23.6,DAWG,graded,pbp,63,61,-0.0838,-0.3993,14,ok,0,7,8,1,2,,1,0,
v3.0,2019,2019-09-28,Wake Forest,Boston College,away,27,24,-4.5,4.7,3,0,0,-1.7,AS EXPECTED,graded,pbp,87,75,-0.1111,0.0653,-10,ok,0,27,7,0,3,-7,3,1,Road
v3.0,2019,2019-09-28,Nebraska,Ohio State,home,7,48,17.0,-17.2,-38,7,10,-20.8,SOFT,graded,pbp,28,45,-0.9425,-0.2468,-18,ok,0,0,0,0,1,,0,3,Night · Top-10 opponent
v3.0,2019,2019-09-28,Rutgers,Michigan,away,0,52,27.5,-24.6,-31,0,21,-6.4,AS EXPECTED,graded,pbp,24,39,-0.6148,-0.3993,-5,ok,0,0,1,0,1,,1,1,Road · Full house · Ranked opponent
v3.0,2019,2019-09-28,Syracuse,Holy Cross,home,41,3,-40.0,30.2,31,7,0,0.8,AS EXPECTED,graded,pbp,54,45,0.4061,0.5807,-6,ok,0,20,8,0,0,17,0,2,FCS opponent
v3.0,2019,2019-09-28,Ohio State,Nebraska,away,48,7,-17.0,17.2,38,10,7,20.8,DAWG,graded,pbp,45,28,0.9425,0.2468,18,ok,0,31,5,0,0,24,3,0,Road · Night · Full house
v3.0,2019,2019-09-28,Oklahoma State,Kansas State,home,26,13,-4.0,4.2,13,0,0,8.8,AS EXPECTED,graded,pbp,69,55,0.1897,0.0581,6,ok,0,20,9,0,0,3,1,2,Night · Ranked opponent
v3.0,2019,2019-09-28,Auburn,Mississippi State,home,56,23,-7.5,7.9,33,14,14,25.1,CERTIFIED DAWG,graded,pbp,37,34,0.543,0.1089,11,ok,0,14,2,0,0,19,1,3,Night
v3.0,2019,2019-09-28,Oklahoma,Texas Tech,home,55,16,-27.0,24.3,35,7,3,10.7,AS EXPECTED,graded,pbp,48,35,0.5718,0.392,5,ok,0,17,3,0,0,21,1,1,
v3.0,2019,2019-09-28,UCF,UConn,home,56,21,-42.0,30.9,42,14,21,11.1,AS EXPECTED,graded,pbp,22,24,1.741,0.6098,18,ok,0,21,5,0,0,28,5,1,Night · Group of 5 opponent
v3.0,2019,2019-09-28,Cincinnati,Marshall,away,52,14,-4.0,4.2,35,17,14,30.8,CERTIFIED DAWG,graded,pbp,53,32,0.7113,0.0581,20,ok,0,21,4,0,0,21,0,1,Road · Full house · Group of 5 opponent
v3.0,2019,2019-09-28,Pittsburgh,Delaware,home,17,14,-28.5,25.2,3,0,0,-22.2,SOFT,graded,pbp,76,62,0.1753,0.4138,-12,ok,0,14,9,1,2,,0,2,Group of 5 opponent
v3.0,2019,2019-09-28,Clemson,North Carolina,away,21,20,-27.5,24.6,1,0,0,-23.6,SOFT,graded,pbp,61,63,0.0838,0.3993,-14,ok,0,21,8,0,2,,0,1,Road · Full house
v3.0,2019,2019-09-28,Iowa,Middle Tennessee,home,48,3,-23.5,22.0,31,14,0,9.0,AS EXPECTED,graded,pbp,57,39,0.3838,0.3412,1,ok,0,20,6,0,0,21,0,0,Group of 5 opponent
v3.0,2019,2019-09-28,Kansas,TCU,away,14,51,15.0,-15.5,-38,14,13,-22.5,SOFT,graded,pbp,24,45,-0.9197,-0.2178,-17,ok,0,0,0,0,1,,0,0,Road
v3.0,2019,2019-09-28,Kansas State,Oklahoma State,away,13,26,4.0,-4.2,-13,0,0,-8.8,AS EXPECTED,graded,pbp,55,69,-0.1897,-0.0581,-6,ok,0,10,6,0,1,,2,1,Road · Night · Full house
v3.0,2019,2019-09-28,Vanderbilt,Northern Illinois,home,24,18,-7.0,7.3,6,0,0,-1.3,AS EXPECTED,graded,pbp,54,63,-0.0377,0.1016,-6,ok,0,10,6,1,2,-8,0,0,Group of 5 opponent
v3.0,2019,2019-09-28,Baylor,Iowa State,home,23,21,2.5,-2.6,2,0,0,4.6,AS EXPECTED,graded,pbp,79,73,-0.0764,-0.0363,-2,ok,0,21,9,1,2,-11,2,0,
v3.0,2019,2019-09-28,Stanford,Oregon State,away,31,28,-3.5,3.6,3,0,0,-0.6,AS EXPECTED,graded,pbp,58,72,-0.2283,0.0508,-13,ok,0,21,4,2,3,-11,0,0,Road · Night · Group of 5 opponent
v3.0,2019,2019-09-28,Texas A&M,Arkansas,neutral,31,27,-23.0,21.6,4,0,0,-17.6,SOFT,graded,pbp,68,70,0.0819,0.3339,-12,ok,0,21,5,1,1,-7,2,1,
v3.0,2019,2019-09-28,Houston,North Texas,away,46,25,8.0,-8.4,21,0,0,29.4,CERTIFIED DAWG,graded,pbp,53,88,0.0076,-0.1161,6,ok,0,17,6,1,1,7,0,0,Road · Night · Full house · Group of 5 opponent
v3.0,2019,2019-09-28,Purdue,Minnesota,home,31,38,-1.0,1.0,-7,0,0,-8.0,AS EXPECTED,graded,pbp,82,56,-0.1133,0.0145,-6,ok,0,17,5,0,1,,0,2,
v3.0,2019,2019-09-28,BYU,Toledo,away,21,28,-2.5,2.6,-7,0,0,-9.6,AS EXPECTED,graded,pbp,70,84,-0.0992,0.0363,-7,ok,0,7,7,0,4,-18,2,1,Road · Full house · Group of 5 opponent
v3.0,2019,2019-09-28,Utah,Washington State,home,38,13,-5.5,5.7,25,0,0,19.3,DAWG,graded,pbp,71,57,0.4082,0.0799,15,ok,0,21,5,2,3,14,2,0,Night · Group of 5 opponent
v3.0,2019,2019-09-28,SMU,South Florida,away,48,21,-7.5,7.9,34,14,21,26.1,CERTIFIED DAWG,graded,pbp,43,39,0.7953,0.1089,20,ok,0,28,4,0,0,20,2,2,Road · Group of 5 opponent
v3.0,2019,2019-09-28,South Carolina,Kentucky,home,24,7,-3.5,3.6,24,0,7,20.4,DAWG,graded,pbp,69,54,0.5279,0.0508,21,ok,0,17,12,0,0,14,2,0,Night
v3.0,2019,2019-09-28,Virginia,Notre Dame,away,20,35,10.5,-11.1,-15,0,0,-3.9,AS EXPECTED,graded,pbp,73,62,-0.3111,-0.1524,-8,ok,0,14,7,2,4,,0,5,Road · Full house · Top-10 opponent
v3.0,2019,2019-09-28,UCLA,Arizona,away,17,20,3.5,-3.6,-3,0,0,0.6,AS EXPECTED,graded,pbp,85,72,-0.1545,-0.0508,-6,ok,0,14,6,0,4,,0,1,Road · Night
v3.0,2019,2019-09-28,TCU,Kansas,home,51,14,-15.0,15.5,38,13,14,22.5,DAWG,graded,pbp,45,24,0.9197,0.2178,17,ok,0,21,3,0,0,24,0,0,
v3.0,2019,2019-09-28,Washington,USC,home,28,14,-11.0,11.6,14,0,0,2.4,AS EXPECTED,graded,pbp,61,64,0.0407,0.1597,-5,ok,0,21,9,0,0,0,3,1,Ranked opponent
v3.0,2019,2019-09-28,Texas Tech,Oklahoma,away,16,55,27.0,-24.3,-35,3,7,-10.7,AS EXPECTED,graded,pbp,35,48,-0.5718,-0.392,-5,ok,0,0,0,0,1,,1,1,Road · Full house · Top-10 opponent
v3.0,2019,2019-09-28,Wisconsin,Northwestern,home,24,15,-23.5,22.0,9,0,0,-13.0,SOFT,graded,pbp,60,82,0.0168,0.3412,-16,ok,0,3,9,1,4,-2,3,1,
v3.0,2019,2019-09-28,USC,Washington,away,14,28,11.0,-11.6,-14,0,0,-2.4,AS EXPECTED,graded,pbp,64,61,-0.0407,-0.1597,5,ok,0,7,7,0,1,,1,3,Road · Full house · Ranked opponent
v3.0,2019,2019-09-28,Alabama,Ole Miss,home,59,31,-38.0,29.5,42,7,21,12.5,DAWG,graded,pbp,46,52,0.726,0.5517,6,ok,0,24,4,1,2,28,2,0,
v3.0,2019,2019-09-28,Mississippi State,Auburn,away,23,56,7.5,-7.9,-33,14,14,-25.1,CERTIFIED SOFT,graded,pbp,34,37,-0.543,-0.1089,-11,ok,0,0,0,0,1,,3,1,Road · Night · Full house · Top-10 opponent
v3.0,2019,2019-09-28,Florida State,NC State,home,31,13,-7.0,7.3,18,0,0,10.7,AS EXPECTED,graded,pbp,72,80,0.1519,0.1016,3,ok,0,17,10,1,2,7,2,0,Night
v3.0,2019,2019-09-28,Florida,Towson,home,38,0,-37.0,29.1,31,7,0,1.9,AS EXPECTED,graded,pbp,41,40,0.4964,0.5372,-1,ok,0,24,5,0,0,21,3,0,FCS opponent
v3.0,2019,2019-09-28,Georgia Tech,Temple,away,2,24,9.5,-10.0,-22,0,0,-12.0,AS EXPECTED,graded,pbp,70,70,-0.2728,-0.1379,-7,ok,0,0,6,0,2,,1,2,Road · Group of 5 opponent
v3.0,2019,2019-09-28,Iowa State,Baylor,away,21,23,-2.5,2.6,-2,0,0,-4.6,AS EXPECTED,graded,pbp,73,79,0.0764,0.0363,2,ok,0,14,8,0,2,,0,2,Road
v3.0,2019,2019-09-28,Northwestern,Wisconsin,away,15,24,23.5,-22.0,-9,0,0,13.0,DAWG,graded,pbp,82,60,-0.0168,-0.3412,16,ok,0,17,10,0,3,,1,3,Road · Full house · Top-10 opponent
v3.0,2019,2019-09-28,Arkansas,Texas A&M,neutral,27,31,23.0,-21.6,-4,0,0,17.6,DAWG,graded,pbp,70,68,-0.0819,-0.3339,12,ok,0,14,5,1,1,,1,2,Ranked opponent
v3.0,2019,2019-09-28,Indiana,Michigan State,away,31,40,14.0,-14.6,-9,0,0,5.6,AS EXPECTED,graded,pbp,70,70,0.0371,-0.2033,12,ok,0,21,6,1,5,,0,0,Road · Full house · Ranked opponent
v3.0,2019,2019-09-28,Notre Dame,Virginia,home,35,20,-10.5,11.1,15,0,0,3.9,AS EXPECTED,graded,pbp,62,73,0.3111,0.1524,8,ok,0,21,7,1,5,4,5,0,Ranked opponent
v3.0,2019,2019-09-28,Kentucky,South Carolina,away,7,24,3.5,-3.6,-24,7,0,-20.4,SOFT,graded,pbp,54,69,-0.5279,-0.0508,-21,ok,0,7,8,0,1,,0,2,Road · Night · Full house
v3.0,2019,2019-10-04,UCF,Cincinnati,away,24,27,-3.5,3.6,-3,0,0,-6.6,AS EXPECTED,graded,pbp,88,72,-0.1018,0.0508,-9,ok,0,14,9,2,4,,1,4,Road · Night · Full house
v3.0,2019,2019-10-04,Cincinnati,UCF,home,27,24,3.5,-3.6,3,0,0,6.6,AS EXPECTED,graded,pbp,72,88,0.1018,-0.0508,9,ok,0,17,9,0,3,-8,4,1,Night · Ranked opponent
v3.0,2019,2019-10-05,Boston College,Louisville,away,39,41,4.0,-4.2,-2,0,0,2.2,AS EXPECTED,graded,pbp,78,78,-0.1124,-0.0581,-3,ok,0,24,5,1,5,,0,2,Road
v3.0,2019,2019-10-05,Arizona,Colorado,away,35,30,2.5,-2.6,5,0,0,7.6,AS EXPECTED,graded,pbp,67,81,0.1471,-0.0363,10,ok,0,7,5,3,5,,0,1,Road · Full house
v3.0,2019,2019-10-05,Maryland,Rutgers,away,48,7,-14.0,14.6,34,7,0,19.4,DAWG,graded,pbp,28,52,0.602,0.2033,11,ok,0,21,9,1,1,21,2,0,Road
v3.0,2019,2019-10-05,Michigan State,Ohio State,away,10,34,20.0,-19.5,-24,0,0,-4.5,AS EXPECTED,graded,pbp,51,61,-0.3301,-0.2904,-2,ok,0,0,7,0,1,,2,3,Road · Night · Full house · Top-10 opponent
v3.0,2019,2019-10-05,Michigan,Iowa,home,10,3,-4.0,4.2,7,0,0,2.8,AS EXPECTED,graded,pbp,58,72,0.0631,0.0581,0,ok,0,10,11,0,1,-3,5,1,Ranked opponent
v3.0,2019,2019-10-05,Minnesota,Illinois,home,40,17,-14.0,14.6,23,0,0,8.4,AS EXPECTED,graded,pbp,69,60,0.4841,0.2033,13,ok,0,31,8,0,1,14,1,1,
v3.0,2019,2019-10-05,Missouri,Troy,home,42,10,-24.5,22.7,35,0,3,12.3,DAWG,graded,pbp,40,37,0.8965,0.3557,15,ok,0,21,5,1,1,21,3,0,Group of 5 opponent
v3.0,2019,2019-10-05,Ole Miss,Vanderbilt,home,31,6,-7.0,7.3,25,0,0,17.7,DAWG,graded,pbp,58,62,0.3833,0.1016,12,ok,0,28,10,1,2,15,0,0,Night
v3.0,2019,2019-10-05,Duke,Pittsburgh,home,30,33,-3.5,3.6,-3,0,0,-6.6,AS EXPECTED,graded,pbp,89,83,0.045,0.0508,0,ok,0,24,12,0,3,,3,6,Night
v3.0,2019,2019-10-05,North Carolina,Georgia Tech,away,38,22,-10.0,10.6,23,0,7,12.4,DAWG,graded,pbp,97,48,0.3004,0.1452,8,ok,0,31,8,0,0,13,2,1,Road
v3.0,2019,2019-10-05,Nebraska,Northwestern,home,13,10,-7.5,7.9,3,0,0,-4.9,AS EXPECTED,graded,pbp,64,73,0.0305,0.1089,-4,ok,0,13,11,0,2,-7,1,0,
v3.0,2019,2019-10-05,Rutgers,Maryland,home,7,48,14.0,-14.6,-34,0,7,-19.4,SOFT,graded,pbp,52,28,-0.602,-0.2033,-11,ok,0,7,5,0,2,,0,2,
v3.0,2019,2019-10-05,Ohio State,Michigan State,home,34,10,-20.0,19.5,24,0,0,4.5,AS EXPECTED,graded,pbp,61,51,0.3301,0.2904,2,ok,0,20,10,2,2,14,3,2,Night · Ranked opponent
v3.0,2019,2019-10-05,Oklahoma State,Texas Tech,away,35,45,-9.5,10.0,-18,8,0,-28.0,CERTIFIED SOFT,graded,pbp,83,79,-0.1256,0.1379,-15,ok,0,7,8,0,1,,0,5,Road · Full house
v3.0,2019,2019-10-05,Auburn,Florida,away,13,24,-2.5,2.6,-11,0,0,-13.6,SOFT,graded,pbp,60,72,-0.064,0.0363,-5,ok,0,13,10,0,3,,5,3,Road · Full house · Top-10 opponent
v3.0,2019,2019-10-05,Oklahoma,Kansas,away,45,20,-32.5,27.3,28,10,13,0.7,AS EXPECTED,graded,pbp,50,45,0.5967,0.4718,4,ok,0,21,5,1,1,14,0,1,Road
v3.0,2019,2019-10-05,Penn State,Purdue,home,35,7,-28.5,25.2,28,0,0,2.8,AS EXPECTED,graded,pbp,68,52,0.4422,0.4138,1,ok,0,35,10,0,0,14,3,2,
v3.0,2019,2019-10-05,Pittsburgh,Duke,away,33,30,3.5,-3.6,3,0,0,6.6,AS EXPECTED,graded,pbp,83,89,-0.045,-0.0508,0,ok,0,20,11,1,3,-7,6,3,Road · Night
v3.0,2019,2019-10-05,Iowa,Michigan,away,3,10,4.0,-4.2,-7,0,0,-2.8,AS EXPECTED,graded,pbp,72,58,-0.0631,-0.0581,0,ok,0,3,10,0,1,,1,5,Road · Full house · Ranked opponent
v3.0,2019,2019-10-05,Kansas,Oklahoma,home,20,45,32.5,-27.3,-28,13,10,-0.7,AS EXPECTED,graded,pbp,45,50,-0.5967,-0.4718,-4,ok,0,7,2,0,2,,1,0,Top-10 opponent
v3.0,2019,2019-10-05,Kansas State,Baylor,home,12,31,0.0,0.0,-19,0,0,-19.0,SOFT,graded,pbp,74,55,-0.3371,-0.0,-15,ok,0,6,6,0,2,,0,2,
v3.0,2019,2019-10-05,Vanderbilt,Ole Miss,away,6,31,7.0,-7.3,-25,0,0,-17.7,SOFT,graded,pbp,62,58,-0.3833,-0.1016,-12,ok,0,6,7,0,1,,0,0,Road · Night
v3.0,2019,2019-10-05,Baylor,Kansas State,away,31,12,0.0,0.0,19,0,0,19.0,DAWG,graded,pbp,55,74,0.3371,-0.0,15,ok,0,21,7,1,1,5,2,0,Road · Full house
v3.0,2019,2019-10-05,Miami,Virginia Tech,home,35,42,-14.0,14.6,-7,0,0,-21.6,SOFT,graded,pbp,78,63,0.0535,0.2033,-7,ok,0,14,5,0,1,,0,5,
v3.0,2019,2019-10-05,Stanford,Washington,home,23,13,12.5,-13.2,10,0,0,23.2,DAWG,graded,pbp,74,58,0.2517,-0.1815,20,ok,0,17,5,1,3,0,1,0,Night · Ranked opponent
v3.0,2019,2019-10-05,Oregon,California,home,17,7,-21.5,20.6,10,0,0,-10.6,AS EXPECTED,graded,pbp,73,64,0.1346,0.3121,-9,ok,0,17,11,0,1,0,2,3,
v3.0,2019,2019-10-05,California,Oregon,away,7,17,21.5,-20.6,-10,0,0,10.6,AS EXPECTED,graded,pbp,64,73,-0.1346,-0.3121,9,ok,0,7,9,0,2,,3,2,Road · Full house · Ranked opponent
v3.0,2019,2019-10-05,Purdue,Penn State,away,7,35,28.5,-25.2,-28,0,0,-2.8,AS EXPECTED,graded,pbp,52,68,-0.4422,-0.4138,-1,ok,0,0,6,0,1,,2,3,Road · Full house · Ranked opponent
v3.0,2019,2019-10-05,Texas,West Virginia,away,42,31,-10.5,11.1,11,0,0,-0.1,AS EXPECTED,graded,pbp,82,69,0.1347,0.1524,-1,ok,0,28,11,1,3,0,4,1,Road · Full house
v3.0,2019,2019-10-05,SMU,Tulsa,home,43,37,-12.0,12.7,6,0,0,-6.7,AS EXPECTED,graded,pbp,83,65,0.1341,0.1742,-2,ok,19,31,7,1,5,,4,1,Night · Group of 5 opponent
v3.0,2019,2019-10-05,Virginia Tech,Miami,away,42,35,14.0,-14.6,7,0,0,21.6,DAWG,graded,pbp,63,78,-0.0535,-0.2033,7,ok,0,35,7,1,1,-7,5,0,Road
v3.0,2019,2019-10-05,UCLA,Oregon State,home,31,48,-4.5,4.7,-17,0,0,-21.7,SOFT,graded,pbp,89,58,-0.1908,0.0653,-13,ok,0,7,2,0,1,,0,0,Night · Group of 5 opponent
v3.0,2019,2019-10-05,TCU,Iowa State,away,24,49,3.0,-3.1,-32,7,0,-28.9,CERTIFIED SOFT,graded,pbp,53,56,-0.0462,-0.0436,0,ok,0,17,5,0,3,,0,1,Road · Full house
v3.0,2019,2019-10-05,Tennessee,Georgia,home,14,43,24.5,-22.7,-29,0,0,-6.3,AS EXPECTED,graded,pbp,51,68,-0.2881,-0.3557,3,ok,0,0,3,2,4,,0,1,Night · Top-10 opponent
v3.0,2019,2019-10-05,Washington,Stanford,away,13,23,-12.5,13.2,-10,0,0,-23.2,SOFT,graded,pbp,58,74,-0.2517,0.1815,-20,ok,0,0,3,2,3,,0,1,Road · Night
v3.0,2019,2019-10-05,Texas Tech,Oklahoma State,home,45,35,9.5,-10.0,18,0,8,28.0,CERTIFIED DAWG,graded,pbp,79,83,0.1256,-0.1379,15,ok,0,37,12,0,0,8,5,0,Ranked opponent
v3.0,2019,2019-10-05,Wisconsin,Kent State,home,48,0,-35.0,28.4,35,13,0,6.6,AS EXPECTED,graded,pbp,43,21,0.8852,0.5081,9,ok,0,28,4,0,0,21,2,1,Group of 5 opponent
v3.0,2019,2019-10-05,West Virginia,Texas,home,31,42,10.5,-11.1,-11,0,0,0.1,AS EXPECTED,graded,pbp,69,82,-0.1347,-0.1524,1,ok,0,17,9,0,3,,1,4,Ranked opponent
v3.0,2019,2019-10-05,Illinois,Minnesota,away,17,40,14.0,-14.6,-23,0,0,-8.4,AS EXPECTED,graded,pbp,60,69,-0.4841,-0.2033,-13,ok,0,0,3,0,2,,1,1,Road
v3.0,2019,2019-10-05,Colorado,Arizona,home,30,35,-2.5,2.6,-5,0,0,-7.6,AS EXPECTED,graded,pbp,81,67,-0.1471,0.0363,-10,ok,0,17,6,2,5,,1,0,
v3.0,2019,2019-10-05,Florida,Auburn,home,24,13,2.5,-2.6,11,0,0,13.6,DAWG,graded,pbp,72,60,0.064,-0.0363,5,ok,0,21,12,1,3,0,3,5,Top-10 opponent
v3.0,2019,2019-10-05,Georgia Tech,North Carolina,home,22,38,10.0,-10.6,-23,7,0,-12.4,SOFT,graded,pbp,48,97,-0.3004,-0.1452,-8,ok,0,7,6,0,1,,1,2,
v3.0,2019,2019-10-05,Georgia,Tennessee,away,43,14,-24.5,22.7,29,0,0,6.3,AS EXPECTED,graded,pbp,68,51,0.2881,0.3557,-3,ok,0,31,7,2,2,17,1,0,Road · Night · Full house
v3.0,2019,2019-10-05,Iowa State,TCU,home,49,24,-3.0,3.1,32,0,7,28.9,CERTIFIED DAWG,graded,pbp,56,53,0.0462,0.0436,0,ok,0,28,6,2,5,21,1,0,
v3.0,2019,2019-10-05,Northwestern,Nebraska,away,10,13,7.5,-7.9,-3,0,0,4.9,AS EXPECTED,graded,pbp,73,64,-0.0305,-0.1089,4,ok,0,7,10,0,1,,0,1,Road · Full house
v3.0,2019,2019-10-05,Notre Dame,Bowling Green,home,52,0,-45.5,32.2,35,17,0,2.8,AS EXPECTED,graded,pbp,32,43,0.857,0.6606,5,ok,0,28,5,0,0,21,1,0,Group of 5 opponent
v3.0,2019,2019-10-05,Louisville,Boston College,home,41,39,-4.0,4.2,2,0,0,-2.2,AS EXPECTED,graded,pbp,78,78,0.1124,0.0581,3,ok,0,21,6,4,6,-12,2,0,
v3.0,2019,2019-10-05,LSU,Utah State,home,42,6,-27.5,24.6,29,7,0,4.4,AS EXPECTED,graded,pbp,70,39,0.5571,0.3993,6,ok,0,21,6,1,2,14,3,2,Group of 5 opponent
v3.0,2019,2019-10-10,NC State,Syracuse,home,16,10,-4.0,4.2,6,0,0,1.8,AS EXPECTED,graded,pbp,64,75,-0.0142,0.0581,-4,ok,0,16,9,0,1,-7,0,1,Night
v3.0,2019,2019-10-10,Syracuse,NC State,away,10,16,4.0,-4.2,-6,0,0,-1.8,AS EXPECTED,graded,pbp,75,64,0.0142,-0.0581,4,ok,0,7,6,0,2,,1,0,Road · Night · Full house
v3.0,2019,2019-10-11,Miami,Virginia,home,17,9,-2.5,2.6,8,0,0,5.4,AS EXPECTED,graded,pbp,52,73,0.1467,0.0363,5,ok,0,0,6,2,2,,1,0,Night · Ranked opponent
v3.0,2019,2019-10-11,Oregon,Colorado,home,45,3,-23.0,21.6,35,7,0,13.4,DAWG,graded,pbp,52,40,0.5948,0.3339,9,ok,0,21,5,1,1,21,4,0,Night
v3.0,2019,2019-10-11,Virginia,Miami,away,9,17,2.5,-2.6,-8,0,0,-5.4,AS EXPECTED,graded,pbp,73,52,-0.1467,-0.0363,-5,ok,0,3,5,1,2,,0,1,Road · Night
v3.0,2019,2019-10-11,Colorado,Oregon,away,3,45,23.0,-21.6,-35,0,7,-13.4,SOFT,graded,pbp,40,52,-0.5948,-0.3339,-9,ok,0,3,2,0,2,,0,4,Road · Night · Ranked opponent
v3.0,2019,2019-10-12,Arizona,Washington,home,27,51,6.0,-6.3,-31,7,0,-24.7,CERTIFIED SOFT,graded,pbp,59,64,-0.374,-0.0871,-13,ok,0,7,4,0,3,,0,3,Night
v3.0,2019,2019-10-12,Maryland,Purdue,away,14,40,-4.0,4.2,-26,0,0,-30.2,CERTIFIED SOFT,graded,pbp,46,66,-0.4104,0.0581,-19,ok,0,7,4,0,1,,1,2,Road
v3.0,2019,2019-10-12,Michigan State,Wisconsin,away,0,38,8.0,-8.4,-24,0,14,-15.6,SOFT,graded,pbp,30,55,-0.4723,-0.1161,-11,ok,0,0,2,0,1,,0,2,Road · Full house · Top-10 opponent
v3.0,2019,2019-10-12,Michigan,Illinois,away,42,25,-24.0,22.3,17,0,0,-5.3,AS EXPECTED,graded,pbp,70,70,0.1393,0.3484,-10,ok,0,35,8,1,1,3,2,2,Road
v3.0,2019,2019-10-12,Minnesota,Nebraska,home,34,7,-7.5,7.9,34,0,7,26.1,CERTIFIED DAWG,graded,pbp,49,46,0.5898,0.1089,16,ok,0,21,6,0,0,20,0,0,Night
v3.0,2019,2019-10-12,Missouri,Ole Miss,home,38,27,-12.5,13.2,11,0,0,-2.2,AS EXPECTED,graded,pbp,78,78,0.0488,0.1815,-7,ok,0,23,6,1,1,0,2,1,Night
v3.0,2019,2019-10-12,Ole Miss,Missouri,away,27,38,12.5,-13.2,-11,0,0,2.2,AS EXPECTED,graded,pbp,78,78,-0.0488,-0.1815,7,ok,0,0,2,0,3,,1,2,Road · Night · Full house
v3.0,2019,2019-10-12,Duke,Georgia Tech,home,41,23,-18.0,18.0,24,0,6,6.0,AS EXPECTED,graded,pbp,72,67,0.2541,0.2613,0,ok,0,31,7,1,1,14,0,0,
v3.0,2019,2019-10-12,Wake Forest,Louisville,home,59,62,-7.0,7.3,-3,0,0,-10.3,AS EXPECTED,graded,pbp,102,69,0.145,0.1016,3,ok,0,14,6,0,1,,2,3,Night
v3.0,2019,2019-10-12,Nebraska,Minnesota,away,7,34,7.5,-7.9,-34,7,0,-26.1,CERTIFIED SOFT,graded,pbp,46,49,-0.5898,-0.1089,-16,ok,0,0,3,0,1,,0,0,Road · Night
v3.0,2019,2019-10-12,Rutgers,Indiana,away,0,35,27.5,-24.6,-35,0,0,-10.4,AS EXPECTED,graded,pbp,36,50,-0.6039,-0.3993,-6,ok,0,0,6,0,2,,2,0,Road
v3.0,2019,2019-10-12,Oklahoma,Texas,neutral,34,27,-11.0,11.6,7,0,0,-4.6,AS EXPECTED,graded,pbp,66,74,0.009,0.1597,-7,ok,0,6,7,2,2,-3,0,2,Ranked opponent
v3.0,2019,2019-10-12,Penn State,Iowa,away,17,12,-3.5,3.6,5,0,0,1.4,AS EXPECTED,graded,pbp,77,73,0.1195,0.0508,4,ok,0,17,8,0,1,-6,2,0,Road · Night · Full house · Ranked opponent
v3.0,2019,2019-10-12,Cincinnati,Houston,away,38,23,-9.5,10.0,15,0,0,5.0,AS EXPECTED,graded,pbp,58,67,0.2453,0.1379,5,ok,0,14,7,2,4,4,5,1,Road
v3.0,2019,2019-10-12,Clemson,Florida State,home,45,14,-26.5,24.0,35,10,14,11.0,AS EXPECTED,graded,pbp,57,30,0.8232,0.3847,14,ok,0,21,4,0,0,21,4,2,
v3.0,2019,2019-10-12,Iowa,Penn State,home,12,17,3.5,-3.6,-5,0,0,-1.4,AS EXPECTED,graded,pbp,73,77,-0.1195,-0.0508,-4,ok,0,6,7,0,2,,0,2,Night · Top-10 opponent
v3.0,2019,2019-10-12,Vanderbilt,UNLV,home,10,34,-15.5,15.9,-24,0,0,-39.9,CERTIFIED SOFT,graded,pbp,48,57,-0.424,0.225,-24,ok,0,0,4,0,2,,1,2,Group of 5 opponent
v3.0,2019,2019-10-12,Baylor,Texas Tech,home,33,30,-10.5,11.1,3,0,0,-8.1,AS EXPECTED,graded,pbp,70,75,0.0,0.1524,-8,ok,15,3,8,4,6,,3,3,
v3.0,2019,2019-10-12,Texas A&M,Alabama,home,28,47,17.0,-17.2,-27,8,0,-9.8,AS EXPECTED,graded,pbp,63,65,-0.1518,-0.2468,4,ok,0,0,2,1,3,,1,1,Top-10 opponent
v3.0,2019,2019-10-12,Houston,Cincinnati,home,23,38,9.5,-10.0,-15,0,0,-5.0,AS EXPECTED,graded,pbp,67,58,-0.2453,-0.1379,-5,ok,0,10,7,0,2,,1,5,Ranked opponent
v3.0,2019,2019-10-12,Purdue,Maryland,home,40,14,4.0,-4.2,26,0,0,30.2,CERTIFIED DAWG,graded,pbp,66,46,0.4104,-0.0581,19,ok,0,24,7,2,2,13,2,1,
v3.0,2019,2019-10-12,Texas,Oklahoma,neutral,27,34,11.0,-11.6,-7,0,0,4.6,AS EXPECTED,graded,pbp,74,66,-0.009,-0.1597,7,ok,0,14,5,0,1,,2,0,Top-10 opponent
v3.0,2019,2019-10-12,BYU,South Florida,away,23,27,-4.5,4.7,-4,0,0,-8.7,AS EXPECTED,graded,pbp,89,58,-0.0554,0.0653,-6,ok,0,10,7,2,4,-14,2,1,Road · Group of 5 opponent
v3.0,2019,2019-10-12,Utah,Oregon State,away,52,7,-14.5,15.1,35,17,7,19.9,DAWG,graded,pbp,22,44,1.2261,0.2105,24,ok,0,21,4,0,0,21,1,1,Road · Night · Group of 5 opponent
v3.0,2019,2019-10-12,South Carolina,Georgia,away,20,17,21.0,-20.2,3,0,0,23.2,DAWG,graded,pbp,58,90,0.0813,-0.3049,20,ok,15,10,8,0,3,,4,0,Road · Full house · Top-10 opponent
v3.0,2019,2019-10-12,Virginia Tech,Rhode Island,home,34,17,-28.0,24.9,17,0,0,-7.9,AS EXPECTED,graded,pbp,69,63,0.1831,0.4065,-10,ok,0,10,3,3,3,7,0,0,FCS opponent
v3.0,2019,2019-10-12,Tennessee,Mississippi State,home,20,10,5.0,-5.2,10,0,0,15.2,DAWG,graded,pbp,58,58,0.0901,-0.0726,7,ok,0,13,7,1,2,0,3,2,
v3.0,2019,2019-10-12,Washington,Arizona,away,51,27,-6.0,6.3,31,0,7,24.7,CERTIFIED DAWG,graded,pbp,64,59,0.374,0.0871,13,ok,0,20,7,1,3,21,3,0,Road · Night · Full house
v3.0,2019,2019-10-12,Texas Tech,Baylor,away,30,33,10.5,-11.1,-3,0,0,8.1,AS EXPECTED,graded,pbp,75,70,-0.0,-0.1524,8,ok,15,13,8,3,5,,3,3,Road · Full house · Ranked opponent
v3.0,2019,2019-10-12,Wisconsin,Michigan State,home,38,0,-8.0,8.4,24,14,0,15.6,DAWG,graded,pbp,55,30,0.4723,0.1161,11,ok,0,24,5,0,0,10,2,0,
v3.0,2019,2019-10-12,West Virginia,Iowa State,home,14,38,9.5,-10.0,-24,0,0,-14.0,SOFT,graded,pbp,51,71,-0.4005,-0.1379,-11,ok,0,0,3,1,3,,1,3,
v3.0,2019,2019-10-12,USC,Notre Dame,away,27,30,10.5,-11.1,-3,0,0,8.1,AS EXPECTED,graded,pbp,70,80,0.0959,-0.1524,13,ok,0,10,4,0,1,,0,0,Road · Night · Full house · Top-10 opponent
v3.0,2019,2019-10-12,Alabama,Texas A&M,away,47,28,-17.0,17.2,27,0,8,9.8,AS EXPECTED,graded,pbp,65,63,0.1518,0.2468,-4,ok,0,28,5,2,2,13,1,1,Road · Full house · Ranked opponent
v3.0,2019,2019-10-12,Mississippi State,Tennessee,away,10,20,-5.0,5.2,-10,0,0,-15.2,SOFT,graded,pbp,58,58,-0.0901,0.0726,-7,ok,0,10,6,0,2,,2,3,Road
v3.0,2019,2019-10-12,Illinois,Michigan,home,25,42,24.0,-22.3,-17,0,0,5.3,AS EXPECTED,graded,pbp,70,70,-0.1393,-0.3484,10,ok,0,17,6,0,1,,2,2,Ranked opponent
v3.0,2019,2019-10-12,Florida State,Clemson,away,14,45,26.5,-24.0,-35,14,10,-11.0,AS EXPECTED,graded,pbp,30,57,-0.8232,-0.3847,-14,ok,0,0,1,0,1,,2,4,Road · Full house
v3.0,2019,2019-10-12,Florida,LSU,away,28,42,14.0,-14.6,-14,0,0,0.6,AS EXPECTED,graded,pbp,84,48,-0.5228,-0.2033,-15,ok,0,0,3,3,5,,0,1,Road · Night · Full house · Top-10 opponent
v3.0,2019,2019-10-12,Georgia Tech,Duke,away,23,41,18.0,-18.0,-24,6,0,-6.0,AS EXPECTED,graded,pbp,67,72,-0.2541,-0.2613,0,ok,0,10,4,0,2,,0,0,Road
v3.0,2019,2019-10-12,Georgia,South Carolina,home,17,20,-21.0,20.2,-3,0,0,-23.2,SOFT,graded,pbp,90,58,-0.0813,0.3049,-20,ok,15,7,7,1,4,,0,4,
v3.0,2019,2019-10-12,Iowa State,West Virginia,away,38,14,-9.5,10.0,24,0,0,14.0,DAWG,graded,pbp,71,51,0.4005,0.1379,11,ok,0,31,8,1,1,14,3,1,Road
v3.0,2019,2019-10-12,Arkansas,Kentucky,away,20,24,4.0,-4.2,-4,0,0,0.2,AS EXPECTED,graded,pbp,57,66,-0.1318,-0.0581,-3,ok,0,13,5,0,3,-14,1,0,Road · Night · Full house
v3.0,2019,2019-10-12,Indiana,Rutgers,home,35,0,-27.5,24.6,35,0,0,10.4,AS EXPECTED,graded,pbp,50,36,0.6039,0.3993,6,ok,0,21,11,1,1,21,0,2,
v3.0,2019,2019-10-12,Notre Dame,USC,home,30,27,-10.5,11.1,3,0,0,-8.1,AS EXPECTED,graded,pbp,80,70,-0.0959,0.1524,-13,ok,0,17,5,2,4,-8,0,0,Night
v3.0,2019,2019-10-12,Arizona State,Washington State,home,38,34,2.5,-2.6,4,0,0,6.6,AS EXPECTED,graded,pbp,68,76,0.1313,-0.0363,9,ok,0,17,4,2,4,,0,0,Group of 5 opponent
v3.0,2019,2019-10-12,Kentucky,Arkansas,home,24,20,-4.0,4.2,4,0,0,-0.2,AS EXPECTED,graded,pbp,66,57,0.1318,0.0581,3,ok,0,7,4,1,2,,0,1,Night
v3.0,2019,2019-10-12,Louisville,Wake Forest,away,62,59,7.0,-7.3,3,0,0,10.3,AS EXPECTED,graded,pbp,69,102,-0.145,-0.1016,-3,ok,0,31,8,2,3,-11,3,2,Road · Night · Ranked opponent
v3.0,2019,2019-10-12,LSU,Florida,home,42,28,-14.0,14.6,14,0,0,-0.6,AS EXPECTED,graded,pbp,48,84,0.5228,0.2033,15,ok,0,28,5,2,3,0,1,0,Night · Top-10 opponent
v3.0,2019,2019-10-17,Stanford,UCLA,home,16,34,-4.5,4.7,-24,6,0,-28.7,CERTIFIED SOFT,graded,pbp,55,77,-0.4597,0.0653,-25,ok,0,0,6,0,1,,1,1,Night
v3.0,2019,2019-10-17,UCLA,Stanford,away,34,16,4.5,-4.7,24,0,6,28.7,CERTIFIED DAWG,graded,pbp,77,55,0.4597,-0.0653,25,ok,0,24,11,1,2,13,1,1,Road · Night
v3.0,2019,2019-10-18,Syracuse,Pittsburgh,home,20,27,3.5,-3.6,-7,0,0,-3.4,AS EXPECTED,graded,pbp,78,76,-0.0905,-0.0508,-2,ok,0,7,6,1,2,,0,1,Night
v3.0,2019,2019-10-18,Ohio State,Northwestern,away,52,3,-27.0,24.3,35,14,0,10.7,AS EXPECTED,graded,pbp,44,39,0.6895,0.392,9,ok,0,14,4,1,1,24,3,0,Road · Night · Full house
v3.0,2019,2019-10-18,Pittsburgh,Syracuse,away,27,20,-3.5,3.6,7,0,0,3.4,AS EXPECTED,graded,pbp,76,78,0.0905,0.0508,2,ok,0,20,7,1,2,-4,1,0,Road · Night
v3.0,2019,2019-10-18,Northwestern,Ohio State,home,3,52,27.0,-24.3,-35,0,14,-10.7,AS EXPECTED,graded,pbp,39,44,-0.6895,-0.392,-9,ok,0,3,2,0,1,,0,3,Night · Top-10 opponent
v3.0,2019,2019-10-19,Boston College,NC State,home,45,24,4.0,-4.2,35,0,14,39.2,CERTIFIED DAWG,graded,pbp,72,51,0.4927,-0.0581,24,ok,0,21,6,1,1,21,1,0,
v3.0,2019,2019-10-19,Arizona,USC,away,14,41,10.0,-10.6,-27,14,14,-16.4,SOFT,graded,pbp,51,50,-0.2851,-0.1452,-5,ok,0,0,5,0,1,,1,2,Road · Night
v3.0,2019,2019-10-19,Maryland,Indiana,home,28,34,6.5,-6.8,-6,0,0,0.8,AS EXPECTED,graded,pbp,64,73,-0.0963,-0.0944,0,ok,0,7,6,2,4,,1,2,
v3.0,2019,2019-10-19,Michigan,Penn State,away,21,28,7.5,-7.9,-7,0,0,0.9,AS EXPECTED,graded,pbp,81,54,0.1263,-0.1089,11,ok,0,7,7,0,1,,0,1,Road · Night · Full house · Top-10 opponent
v3.0,2019,2019-10-19,Minnesota,Rutgers,away,42,7,-29.0,25.5,28,14,7,2.5,AS EXPECTED,graded,pbp,66,39,0.4645,0.421,2,ok,0,21,6,0,0,14,3,0,Road
v3.0,2019,2019-10-19,Missouri,Vanderbilt,away,14,21,-21.0,20.2,-7,0,0,-27.2,CERTIFIED SOFT,graded,pbp,66,61,0.0118,0.3049,-13,ok,0,7,9,1,2,,1,1,Road
v3.0,2019,2019-10-19,Ole Miss,Texas A&M,home,17,24,6.0,-6.3,-7,0,0,-0.7,AS EXPECTED,graded,pbp,74,66,-0.0099,-0.0871,4,ok,0,0,9,1,2,,2,2,Night
v3.0,2019,2019-10-19,Duke,Virginia,away,14,48,3.5,-3.6,-34,7,7,-30.4,CERTIFIED SOFT,graded,pbp,45,57,-0.3636,-0.0508,-11,ok,0,0,3,0,1,,2,5,Road
v3.0,2019,2019-10-19,NC State,Boston College,away,24,45,-4.0,4.2,-35,14,0,-39.2,CERTIFIED SOFT,graded,pbp,51,72,-0.4927,0.0581,-24,ok,0,3,4,0,2,,0,1,Road
v3.0,2019,2019-10-19,North Carolina,Virginia Tech,away,41,43,-4.5,4.7,-2,0,0,-6.7,AS EXPECTED,graded,pbp,67,68,0.033,0.0653,-2,ok,34,24,9,1,6,-12,2,0,Road · Full house
v3.0,2019,2019-10-19,Wake Forest,Florida State,home,22,20,3.0,-3.1,2,0,0,5.1,AS EXPECTED,graded,pbp,78,89,-0.0704,-0.0436,-2,ok,0,19,10,0,3,-7,2,0,Night
v3.0,2019,2019-10-19,Rutgers,Minnesota,home,7,42,29.0,-25.5,-28,7,14,-2.5,AS EXPECTED,graded,pbp,39,66,-0.4645,-0.421,-2,ok,0,0,2,0,1,,0,3,Ranked opponent
v3.0,2019,2019-10-19,Oklahoma State,Baylor,home,27,45,-6.0,6.3,-18,0,0,-24.3,CERTIFIED SOFT,graded,pbp,85,54,-0.2918,0.0871,-19,ok,0,21,5,1,5,-28,2,3,Ranked opponent
v3.0,2019,2019-10-19,Auburn,Arkansas,away,51,10,-19.5,19.1,27,14,0,7.9,AS EXPECTED,graded,pbp,54,60,0.3079,0.2831,1,ok,0,24,8,0,0,13,4,1,Road
v3.0,2019,2019-10-19,Oklahoma,West Virginia,home,52,14,-32.0,27.0,35,3,0,8.0,AS EXPECTED,graded,pbp,38,43,0.6709,0.4646,6,ok,0,28,6,1,1,21,0,1,
v3.0,2019,2019-10-19,UCF,East Carolina,home,41,28,-34.5,28.2,20,0,7,-8.2,AS EXPECTED,graded,pbp,84,85,0.1012,0.5009,-24,ok,0,21,7,0,0,6,2,1,Night · Group of 5 opponent
v3.0,2019,2019-10-19,Penn State,Michigan,home,28,21,-7.5,7.9,7,0,0,-0.9,AS EXPECTED,graded,pbp,54,81,-0.1263,0.1089,-11,ok,0,21,8,1,2,-7,1,0,Night · Ranked opponent
v3.0,2019,2019-10-19,Cincinnati,Tulsa,home,24,13,-16.0,16.4,11,0,0,-5.4,AS EXPECTED,graded,pbp,63,83,0.0061,0.2323,-12,ok,0,24,8,0,2,1,5,1,Group of 5 opponent
v3.0,2019,2019-10-19,Clemson,Louisville,away,45,10,-24.5,22.7,28,14,7,5.3,AS EXPECTED,graded,pbp,55,51,0.5356,0.3557,7,ok,0,31,9,0,1,18,4,2,Road
v3.0,2019,2019-10-19,Iowa,Purdue,home,26,20,-18.0,18.0,6,0,0,-12.0,AS EXPECTED,graded,pbp,66,68,0.0062,0.2613,-12,ok,0,16,8,1,1,-3,2,1,
v3.0,2019,2019-10-19,Kansas,Texas,away,48,50,21.0,-20.2,-2,0,0,18.2,DAWG,graded,pbp,84,84,0.1136,-0.3049,25,ok,0,28,5,2,6,,2,0,Road · Night · Full house · Ranked opponent
v3.0,2019,2019-10-19,Kansas State,TCU,home,24,17,4.0,-4.2,7,0,0,11.2,AS EXPECTED,graded,pbp,56,71,-0.0646,-0.0581,0,ok,0,21,8,0,2,,0,0,
v3.0,2019,2019-10-19,Vanderbilt,Missouri,home,21,14,21.0,-20.2,7,0,0,27.2,CERTIFIED DAWG,graded,pbp,61,66,-0.0118,-0.3049,13,ok,0,21,10,0,2,,1,1,Ranked opponent
v3.0,2019,2019-10-19,Baylor,Oklahoma State,away,45,27,6.0,-6.3,18,0,0,24.3,CERTIFIED DAWG,graded,pbp,54,85,0.2918,-0.0871,19,ok,0,21,7,2,3,7,3,2,Road · Full house
v3.0,2019,2019-10-19,Miami,Georgia Tech,home,21,28,-18.5,18.3,-7,0,0,-25.3,CERTIFIED SOFT,graded,pbp,55,61,0.0369,0.2686,-10,ok,10,21,7,0,0,,1,0,
v3.0,2019,2019-10-19,Texas A&M,Ole Miss,away,24,17,-6.0,6.3,7,0,0,0.7,AS EXPECTED,graded,pbp,66,74,0.0099,0.0871,-4,ok,0,17,9,0,2,-3,2,2,Road · Night
v3.0,2019,2019-10-19,Houston,UConn,away,24,17,-22.0,20.9,7,0,0,-13.9,SOFT,graded,pbp,53,75,-0.0508,0.3194,-17,ok,0,17,7,1,2,-7,1,0,Road · Group of 5 opponent
v3.0,2019,2019-10-19,Oregon,Washington,away,35,31,-3.0,3.1,4,0,0,0.9,AS EXPECTED,graded,pbp,77,64,0.1525,0.0436,5,ok,0,14,5,0,2,,0,0,Road · Full house · Ranked opponent
v3.0,2019,2019-10-19,California,Oregon State,home,17,21,-10.5,11.1,-4,0,0,-15.1,SOFT,graded,pbp,76,78,-0.025,0.1524,-10,ok,0,14,9,0,2,,0,1,Group of 5 opponent
v3.0,2019,2019-10-19,Purdue,Iowa,away,20,26,18.0,-18.0,-6,0,0,12.0,AS EXPECTED,graded,pbp,68,66,-0.0062,-0.2613,12,ok,0,6,5,0,2,,1,2,Road · Full house · Ranked opponent
v3.0,2019,2019-10-19,Texas,Kansas,home,50,48,-21.0,20.2,2,0,0,-18.2,SOFT,graded,pbp,84,84,-0.1136,0.3049,-25,ok,0,21,4,4,7,-12,0,2,Night
v3.0,2019,2019-10-19,BYU,Boise State,home,28,25,7.0,-7.3,3,0,0,10.3,AS EXPECTED,graded,pbp,59,71,0.1412,-0.1016,11,ok,0,14,7,1,1,-8,2,0,Night · Ranked opponent · Group of 5 opponent
v3.0,2019,2019-10-19,Utah,Arizona State,home,21,3,-15.0,15.5,18,0,0,2.5,AS EXPECTED,graded,pbp,67,51,0.1912,0.2178,-1,ok,0,14,9,0,0,4,1,4,Ranked opponent
v3.0,2019,2019-10-19,SMU,Temple,home,45,21,-9.5,10.0,24,0,0,14.0,DAWG,graded,pbp,97,66,0.2356,0.1379,6,ok,0,24,10,0,0,14,1,2,Group of 5 opponent
v3.0,2019,2019-10-19,South Carolina,Florida,home,27,38,3.5,-3.6,-11,0,0,-7.4,AS EXPECTED,graded,pbp,78,63,-0.1329,-0.0508,-4,ok,0,13,8,0,4,,1,1,Top-10 opponent
v3.0,2019,2019-10-19,Virginia,Duke,home,48,14,-3.5,3.6,34,7,7,30.4,CERTIFIED DAWG,graded,pbp,57,45,0.3636,0.0508,11,ok,0,27,8,0,0,24,5,2,
v3.0,2019,2019-10-19,Virginia Tech,North Carolina,home,43,41,4.5,-4.7,2,0,0,6.7,AS EXPECTED,graded,pbp,68,67,-0.033,-0.0653,2,ok,34,17,8,3,5,,0,2,
v3.0,2019,2019-10-19,TCU,Kansas State,away,17,24,-4.0,4.2,-7,0,0,-11.2,AS EXPECTED,graded,pbp,71,56,0.0646,0.0581,0,ok,0,7,6,2,4,,0,0,Road · Full house
v3.0,2019,2019-10-19,Tennessee,Alabama,away,13,35,35.0,-28.4,-22,0,0,6.4,AS EXPECTED,graded,pbp,61,58,-0.1619,-0.5081,15,ok,0,17,4,1,2,,1,1,Road · Night · Full house · Top-10 opponent
v3.0,2019,2019-10-19,Washington,Oregon,home,31,35,3.0,-3.1,-4,0,0,-0.9,AS EXPECTED,graded,pbp,64,77,-0.1525,-0.0436,-5,ok,0,14,5,2,5,-18,0,0,Ranked opponent
v3.0,2019,2019-10-19,Texas Tech,Iowa State,home,24,34,8.5,-9.0,-10,0,0,-1.0,AS EXPECTED,graded,pbp,86,56,-0.2316,-0.1234,-5,ok,0,14,5,0,1,,1,0,
v3.0,2019,2019-10-19,Wisconsin,Illinois,away,23,24,-30.0,26.0,-1,0,0,-27.0,CERTIFIED SOFT,graded,pbp,75,56,0.0123,0.4356,-20,ok,0,10,7,2,3,-11,1,3,Road
v3.0,2019,2019-10-19,West Virginia,Oklahoma,away,14,52,32.0,-27.0,-35,0,3,-8.0,AS EXPECTED,graded,pbp,43,38,-0.6709,-0.4646,-6,ok,0,7,2,0,1,,1,0,Road · Full house · Top-10 opponent
v3.0,2019,2019-10-19,USC,Arizona,home,41,14,-10.0,10.6,27,14,14,16.4,DAWG,graded,pbp,50,51,0.2851,0.1452,5,ok,0,24,9,0,0,17,2,1,Night
v3.0,2019,2019-10-19,Alabama,Tennessee,home,35,13,-35.0,28.4,22,0,0,-6.4,AS EXPECTED,graded,pbp,58,61,0.1619,0.5081,-15,ok,0,7,6,3,4,11,1,1,Night
v3.0,2019,2019-10-19,Mississippi State,LSU,home,13,36,19.0,-18.7,-29,6,0,-10.3,AS EXPECTED,graded,pbp,40,45,-0.5629,-0.2759,-9,ok,0,0,1,0,2,,0,3,Top-10 opponent
v3.0,2019,2019-10-19,Illinois,Wisconsin,home,24,23,30.0,-26.0,1,0,0,27.0,CERTIFIED DAWG,graded,pbp,56,75,-0.0123,-0.4356,20,ok,0,21,5,0,2,,3,1,Top-10 opponent
v3.0,2019,2019-10-19,Colorado,Washington State,away,10,41,13.5,-14.1,-28,0,3,-13.9,SOFT,graded,pbp,56,60,-0.1813,-0.196,1,ok,0,7,4,0,1,,1,3,Road · Night · Group of 5 opponent
v3.0,2019,2019-10-19,Florida State,Wake Forest,away,20,22,-3.0,3.1,-2,0,0,-5.1,AS EXPECTED,graded,pbp,89,78,0.0704,0.0436,2,ok,0,7,6,1,5,,0,2,Road · Night
v3.0,2019,2019-10-19,Florida,South Carolina,away,38,27,-3.5,3.6,11,0,0,7.4,AS EXPECTED,graded,pbp,63,78,0.1329,0.0508,4,ok,0,24,8,2,4,0,1,1,Road · Full house
v3.0,2019,2019-10-19,Georgia Tech,Miami,away,28,21,18.5,-18.3,7,0,0,25.3,CERTIFIED DAWG,graded,pbp,61,55,-0.0369,-0.2686,10,ok,10,7,5,0,1,,0,1,Road
v3.0,2019,2019-10-19,Georgia,Kentucky,home,21,0,-24.0,22.3,21,0,0,-1.3,AS EXPECTED,graded,pbp,55,51,0.3665,0.3484,1,ok,0,21,9,0,0,7,1,1,
v3.0,2019,2019-10-19,Iowa State,Texas Tech,away,34,24,-8.5,9.0,10,0,0,1.0,AS EXPECTED,graded,pbp,56,86,0.2316,0.1234,5,ok,0,28,7,0,0,-4,0,1,Road
v3.0,2019,2019-10-19,Arkansas,Auburn,home,10,51,19.5,-19.1,-27,0,14,-7.9,AS EXPECTED,graded,pbp,60,54,-0.3079,-0.2831,-1,ok,0,3,4,0,1,,1,4,Ranked opponent
v3.0,2019,2019-10-19,Indiana,Maryland,away,34,28,-6.5,6.8,6,0,0,-0.8,AS EXPECTED,graded,pbp,73,64,0.0963,0.0944,0,ok,0,10,7,3,4,-4,2,1,Road
v3.0,2019,2019-10-19,Arizona State,Utah,away,3,21,15.0,-15.5,-18,0,0,-2.5,AS EXPECTED,graded,pbp,51,67,-0.1912,-0.2178,1,ok,0,3,8,0,1,,4,1,Road · Ranked opponent
v3.0,2019,2019-10-19,Kentucky,Georgia,away,0,21,24.0,-22.3,-21,0,0,1.3,AS EXPECTED,graded,pbp,51,55,-0.3665,-0.3484,-1,ok,0,0,6,0,1,,1,1,Road · Full house · Top-10 opponent
v3.0,2019,2019-10-19,Louisville,Clemson,home,10,45,24.5,-22.7,-28,7,14,-5.3,AS EXPECTED,graded,pbp,51,55,-0.5356,-0.3557,-7,ok,0,0,6,0,1,,2,4,
v3.0,2019,2019-10-19,LSU,Mississippi State,away,36,13,-19.0,18.7,29,0,6,10.3,AS EXPECTED,graded,pbp,45,40,0.5629,0.2759,9,ok,0,30,6,1,1,20,3,0,Road · Full house
v3.0,2019,2019-10-24,Houston,SMU,home,31,34,12.5,-13.2,-3,0,0,10.2,AS EXPECTED,graded,pbp,74,72,0.0332,-0.1815,11,ok,0,10,7,1,2,,2,3,Night · Ranked opponent
v3.0,2019,2019-10-24,SMU,Houston,away,34,31,-12.5,13.2,3,0,0,-10.2,AS EXPECTED,graded,pbp,72,74,-0.0332,0.1815,-11,ok,0,31,9,0,2,-11,3,2,Road · Night
v3.0,2019,2019-10-25,USC,Colorado,away,35,31,-10.5,11.1,4,0,0,-7.1,AS EXPECTED,graded,pbp,70,77,0.0867,0.1524,-3,ok,0,14,5,0,2,,0,1,Road · Night
v3.0,2019,2019-10-25,Colorado,USC,home,31,35,10.5,-11.1,-4,0,0,7.1,AS EXPECTED,graded,pbp,77,70,-0.0867,-0.1524,3,ok,0,14,6,2,5,-14,1,0,Night
v3.0,2019,2019-10-26,Boston College,Clemson,away,7,59,35.0,-28.4,-31,0,21,-2.6,AS EXPECTED,graded,pbp,36,41,-0.6725,-0.5081,-4,ok,0,0,0,0,1,,0,0,Road · Night · Full house
v3.0,2019,2019-10-26,Arizona,Stanford,away,31,41,3.0,-3.1,-10,0,0,-6.9,AS EXPECTED,graded,pbp,77,74,-0.03,-0.0436,1,ok,0,14,5,0,3,,0,2,Road
v3.0,2019,2019-10-26,Maryland,Minnesota,away,10,52,14.5,-15.1,-35,7,14,-19.9,SOFT,graded,pbp,35,56,-0.7908,-0.2105,-19,ok,0,0,1,0,1,,1,3,Road · Ranked opponent
v3.0,2019,2019-10-26,Michigan State,Penn State,home,7,28,5.5,-5.7,-21,0,0,-15.3,SOFT,graded,pbp,74,69,-0.0284,-0.0799,3,ok,0,0,8,0,1,,2,3,Top-10 opponent
v3.0,2019,2019-10-26,Michigan,Notre Dame,home,45,14,-1.0,1.0,24,14,7,23.0,DAWG,graded,pbp,60,47,0.3923,0.0145,14,ok,0,28,10,0,0,14,1,1,Night · Top-10 opponent
v3.0,2019,2019-10-26,Minnesota,Maryland,home,52,10,-14.5,15.1,35,14,7,19.9,DAWG,graded,pbp,56,35,0.7908,0.2105,19,ok,0,21,4,0,0,21,3,1,
v3.0,2019,2019-10-26,Missouri,Kentucky,away,7,29,-9.5,10.0,-22,0,0,-32.0,CERTIFIED SOFT,graded,pbp,61,56,-0.1698,0.1379,-13,ok,0,7,6,0,1,,2,2,Road · Night
v3.0,2019,2019-10-26,Duke,North Carolina,away,17,20,3.0,-3.1,-3,0,0,0.1,AS EXPECTED,graded,pbp,80,71,-0.0882,-0.0436,-2,ok,0,10,9,0,3,,3,3,Road · Full house
v3.0,2019,2019-10-26,North Carolina,Duke,home,20,17,-3.0,3.1,3,0,0,-0.1,AS EXPECTED,graded,pbp,71,80,0.0882,0.0436,2,ok,0,3,9,2,3,-8,3,3,
v3.0,2019,2019-10-26,Nebraska,Indiana,home,31,38,-2.5,2.6,-7,0,0,-9.6,AS EXPECTED,graded,pbp,73,71,-0.0241,0.0363,-3,ok,0,7,4,2,5,-18,1,2,
v3.0,2019,2019-10-26,Rutgers,Liberty,home,44,34,7.5,-7.9,10,0,0,17.9,DAWG,graded,pbp,79,61,-0.0403,-0.1089,3,ok,0,6,3,4,4,-1,1,0,Group of 5 opponent
v3.0,2019,2019-10-26,Syracuse,Florida State,away,17,35,11.0,-11.6,-32,14,0,-20.4,SOFT,graded,pbp,58,75,-0.4977,-0.1597,-16,ok,0,3,4,0,1,,0,0,Road
v3.0,2019,2019-10-26,Ohio State,Wisconsin,home,38,7,-14.5,15.1,24,7,0,8.9,AS EXPECTED,graded,pbp,55,44,0.4292,0.2105,8,ok,0,31,8,1,1,14,2,0,Ranked opponent
v3.0,2019,2019-10-26,Oklahoma State,Iowa State,away,34,27,11.0,-11.6,7,0,0,18.6,DAWG,graded,pbp,55,88,-0.0232,-0.1597,7,ok,0,10,8,3,4,-4,3,1,Road · Full house · Ranked opponent
v3.0,2019,2019-10-26,Auburn,LSU,away,20,23,11.5,-12.1,-3,0,0,9.1,AS EXPECTED,graded,pbp,69,87,-0.2084,-0.167,-2,ok,0,13,9,0,3,,1,2,Road · Full house · Top-10 opponent
v3.0,2019,2019-10-26,Oklahoma,Kansas State,away,41,48,-23.5,22.0,-14,7,0,-36.0,CERTIFIED SOFT,graded,pbp,52,73,0.0169,0.3412,-14,ok,0,7,1,2,3,-24,0,1,Road · Full house
v3.0,2019,2019-10-26,UCF,Temple,away,63,21,-11.5,12.1,35,7,0,22.9,DAWG,graded,pbp,50,60,0.7154,0.167,21,ok,0,35,8,2,2,21,2,0,Road · Night · Group of 5 opponent
v3.0,2019,2019-10-26,Penn State,Michigan State,away,28,7,-5.5,5.7,21,0,0,15.3,DAWG,graded,pbp,69,74,0.0284,0.0799,-3,ok,0,14,10,0,0,8,3,2,Road · Full house
v3.0,2019,2019-10-26,Pittsburgh,Miami,home,12,16,-4.5,4.7,-4,0,0,-8.7,AS EXPECTED,graded,pbp,73,59,0.0908,0.0653,1,ok,0,9,8,0,3,,1,3,
v3.0,2019,2019-10-26,Clemson,Boston College,home,59,7,-35.0,28.4,31,21,0,2.6,AS EXPECTED,graded,pbp,41,36,0.6725,0.5081,4,ok,0,38,6,0,0,21,0,0,Night
v3.0,2019,2019-10-26,Iowa,Northwestern,away,20,0,-8.0,8.4,20,0,0,11.6,AS EXPECTED,graded,pbp,65,66,0.3464,0.1161,11,ok,0,20,11,0,0,10,1,0,Road
v3.0,2019,2019-10-26,Kansas,Texas Tech,home,37,34,6.5,-6.8,3,0,0,9.8,AS EXPECTED,graded,pbp,69,79,0.1866,-0.0944,15,ok,0,21,5,0,2,,0,1,Night
v3.0,2019,2019-10-26,Kansas State,Oklahoma,home,48,41,23.5,-22.0,14,0,7,36.0,CERTIFIED DAWG,graded,pbp,73,52,-0.0169,-0.3412,14,ok,0,0,0,1,2,3,1,0,Top-10 opponent
v3.0,2019,2019-10-26,Miami,Pittsburgh,away,16,12,4.5,-4.7,4,0,0,8.7,AS EXPECTED,graded,pbp,59,73,-0.0908,-0.0653,-1,ok,0,17,7,0,4,,3,1,Road
v3.0,2019,2019-10-26,Stanford,Arizona,home,41,31,-3.0,3.1,10,0,0,6.9,AS EXPECTED,graded,pbp,74,77,0.03,0.0436,-1,ok,0,10,6,5,5,-1,2,0,
v3.0,2019,2019-10-26,Texas A&M,Mississippi State,home,49,30,-11.0,11.6,32,0,13,20.4,DAWG,graded,pbp,62,50,0.3737,0.1597,9,ok,0,28,6,1,1,18,3,0,
v3.0,2019,2019-10-26,Oregon,Washington State,home,37,35,-14.5,15.1,2,0,0,-13.1,SOFT,graded,pbp,77,65,0.0605,0.2105,-8,ok,0,14,4,3,4,-9,2,0,Night · Group of 5 opponent
v3.0,2019,2019-10-26,California,Utah,away,0,35,21.0,-20.2,-35,0,0,-14.8,SOFT,graded,pbp,26,48,-0.9492,-0.3049,-17,ok,0,0,1,0,1,,0,0,Road · Night · Ranked opponent
v3.0,2019,2019-10-26,Purdue,Illinois,home,6,24,-9.5,10.0,-24,6,0,-34.0,CERTIFIED SOFT,graded,pbp,63,54,-0.3439,0.1379,-20,ok,0,7,8,0,1,,0,2,
v3.0,2019,2019-10-26,Texas,TCU,away,27,37,1.0,-1.0,-10,0,0,-9.0,AS EXPECTED,graded,pbp,79,68,-0.1082,-0.0145,-5,ok,0,13,6,2,6,,2,4,Road
v3.0,2019,2019-10-26,Utah,California,home,35,0,-21.0,20.2,35,0,0,14.8,DAWG,graded,pbp,48,26,0.9492,0.3049,17,ok,0,28,4,0,0,21,0,0,Night
v3.0,2019,2019-10-26,South Carolina,Tennessee,away,21,41,-4.0,4.2,-20,0,0,-24.2,CERTIFIED SOFT,graded,pbp,81,68,-0.2178,0.0581,-15,ok,0,7,6,1,5,,0,0,Road
v3.0,2019,2019-10-26,Virginia,Louisville,away,21,28,-3.5,3.6,-7,0,0,-10.6,AS EXPECTED,graded,pbp,68,59,-0.2127,0.0508,-12,ok,0,14,7,0,3,,0,2,Road
v3.0,2019,2019-10-26,UCLA,Arizona State,home,42,32,3.0,-3.1,25,0,15,28.1,CERTIFIED DAWG,graded,pbp,75,49,-0.0387,-0.0436,0,ok,0,21,4,1,1,11,1,3,Ranked opponent
v3.0,2019,2019-10-26,TCU,Texas,home,37,27,-1.0,1.0,10,0,0,9.0,AS EXPECTED,graded,pbp,68,79,0.1082,0.0145,5,ok,0,20,8,1,3,0,4,2,Ranked opponent
v3.0,2019,2019-10-26,Tennessee,South Carolina,home,41,21,4.0,-4.2,20,0,0,24.2,CERTIFIED DAWG,graded,pbp,68,81,0.2178,-0.0581,15,ok,0,20,8,0,1,10,0,0,
v3.0,2019,2019-10-26,Texas Tech,Kansas,away,34,37,-6.5,6.8,-3,0,0,-9.8,AS EXPECTED,graded,pbp,79,69,-0.1866,0.0944,-15,ok,0,20,6,1,3,-13,1,0,Road · Night
v3.0,2019,2019-10-26,Wisconsin,Ohio State,away,7,38,14.5,-15.1,-24,0,7,-8.9,AS EXPECTED,graded,pbp,44,55,-0.4292,-0.2105,-8,ok,0,7,4,0,1,,0,2,Road · Full house · Top-10 opponent
v3.0,2019,2019-10-26,Alabama,Arkansas,home,48,7,-32.0,27.0,41,7,7,14.0,DAWG,graded,pbp,37,36,1.1522,0.4646,18,ok,0,31,5,0,0,31,4,0,Night
v3.0,2019,2019-10-26,Mississippi State,Texas A&M,away,30,49,11.0,-11.6,-32,13,0,-20.4,SOFT,graded,pbp,50,62,-0.3737,-0.1597,-9,ok,0,0,3,0,1,,0,3,Road · Full house
v3.0,2019,2019-10-26,Illinois,Purdue,away,24,6,9.5,-10.0,24,0,6,34.0,CERTIFIED DAWG,graded,pbp,54,63,0.3439,-0.1379,20,ok,0,17,10,0,0,14,2,0,Road · Full house
v3.0,2019,2019-10-26,Florida State,Syracuse,home,35,17,-11.0,11.6,32,0,14,20.4,DAWG,graded,pbp,75,58,0.4977,0.1597,16,ok,0,21,6,0,0,19,0,0,
v3.0,2019,2019-10-26,Iowa State,Oklahoma State,home,27,34,-11.0,11.6,-7,0,0,-18.6,SOFT,graded,pbp,88,55,0.0232,0.1597,-7,ok,0,17,8,2,5,,1,3,
v3.0,2019,2019-10-26,Northwestern,Iowa,home,0,20,8.0,-8.4,-20,0,0,-11.6,AS EXPECTED,graded,pbp,66,65,-0.3464,-0.1161,-11,ok,0,0,6,0,1,,0,1,Ranked opponent
v3.0,2019,2019-10-26,Arkansas,Alabama,away,7,48,32.0,-27.0,-41,7,7,-14.0,SOFT,graded,pbp,36,37,-1.1522,-0.4646,-18,ok,0,0,0,0,1,,0,4,Road · Night · Full house · Top-10 opponent
v3.0,2019,2019-10-26,Indiana,Nebraska,away,38,31,2.5,-2.6,7,0,0,9.6,AS EXPECTED,graded,pbp,71,73,0.0241,-0.0363,3,ok,0,21,5,2,3,-7,2,1,Road · Full house
v3.0,2019,2019-10-26,Notre Dame,Michigan,away,14,45,1.0,-1.0,-24,7,14,-23.0,SOFT,graded,pbp,47,60,-0.3923,-0.0145,-14,ok,0,7,6,0,1,,1,1,Road · Night · Full house · Ranked opponent
v3.0,2019,2019-10-26,Arizona State,UCLA,away,32,42,-3.0,3.1,-25,15,0,-28.1,CERTIFIED SOFT,graded,pbp,49,75,0.0387,0.0436,0,ok,0,14,2,0,2,,3,1,Road
v3.0,2019,2019-10-26,Kentucky,Missouri,home,29,7,9.5,-10.0,22,0,0,32.0,CERTIFIED DAWG,graded,pbp,56,61,0.1698,-0.1379,13,ok,0,31,10,0,0,10,2,2,Night
v3.0,2019,2019-10-26,Louisville,Virginia,home,28,21,3.5,-3.6,7,0,0,10.6,AS EXPECTED,graded,pbp,59,68,0.2127,-0.0508,12,ok,0,21,8,1,2,-7,2,0,
v3.0,2019,2019-10-26,LSU,Auburn,home,23,20,-11.5,12.1,3,0,0,-9.1,AS EXPECTED,graded,pbp,87,69,0.2084,0.167,2,ok,0,21,9,1,3,-7,2,1,Top-10 opponent
v3.0,2019,2019-10-31,Baylor,West Virginia,home,17,14,-18.0,18.0,3,0,0,-15.0,SOFT,graded,pbp,82,65,0.2109,0.2613,-3,ok,0,10,10,1,2,,3,2,Night
v3.0,2019,2019-10-31,West Virginia,Baylor,away,14,17,18.0,-18.0,-3,0,0,15.0,DAWG,graded,pbp,65,82,-0.2109,-0.2613,3,ok,0,7,9,1,3,,2,3,Road · Night · Full house · Ranked opponent
v3.0,2019,2019-11-02,Boston College,Syracuse,away,58,27,3.0,-3.1,31,7,7,34.1,CERTIFIED DAWG,graded,pbp,60,46,0.5881,-0.0436,24,ok,0,21,4,3,4,20,1,2,Road
v3.0,2019,2019-11-02,Arizona,Oregon State,home,38,56,-4.5,4.7,-18,0,0,-22.7,SOFT,graded,pbp,88,68,-0.1593,0.0653,-12,ok,0,10,3,3,4,,0,0,Group of 5 opponent
v3.0,2019,2019-11-02,Maryland,Michigan,home,7,38,21.5,-20.6,-35,7,3,-14.4,SOFT,graded,pbp,45,51,-0.3581,-0.3121,-2,ok,0,0,3,0,1,,0,1,Ranked opponent
v3.0,2019,2019-11-02,Michigan,Maryland,away,38,7,-21.5,20.6,35,3,7,14.4,DAWG,graded,pbp,51,45,0.3581,0.3121,2,ok,0,21,7,0,0,21,1,0,Road
v3.0,2019,2019-11-02,Ole Miss,Auburn,away,14,20,17.5,-17.6,-6,0,0,11.6,AS EXPECTED,graded,pbp,69,89,-0.1945,-0.2541,3,ok,0,14,7,0,1,,1,1,Road · Night · Full house · Ranked opponent
v3.0,2019,2019-11-02,NC State,Wake Forest,away,10,44,8.0,-8.4,-31,0,3,-22.6,SOFT,graded,pbp,38,57,-0.3121,-0.1161,-7,ok,0,0,1,0,1,,0,2,Road · Full house · Ranked opponent
v3.0,2019,2019-11-02,North Carolina,Virginia,home,31,38,-1.0,1.0,-7,0,0,-8.0,AS EXPECTED,graded,pbp,68,72,0.0116,0.0145,0,ok,0,10,4,1,3,,0,0,Night
v3.0,2019,2019-11-02,Wake Forest,NC State,home,44,10,-8.0,8.4,31,3,0,22.6,DAWG,graded,pbp,57,38,0.3121,0.1161,7,ok,0,17,4,0,0,17,2,0,
v3.0,2019,2019-11-02,Nebraska,Purdue,away,27,31,-4.0,4.2,-4,0,0,-8.2,AS EXPECTED,graded,pbp,74,77,-0.1792,0.0581,-13,ok,0,13,7,2,4,-14,2,1,Road
v3.0,2019,2019-11-02,Rutgers,Illinois,away,10,38,18.5,-18.3,-28,0,0,-9.7,AS EXPECTED,graded,pbp,50,41,-0.3785,-0.2686,-4,ok,0,3,4,0,2,,0,3,Road
v3.0,2019,2019-11-02,Syracuse,Boston College,home,27,58,-3.0,3.1,-31,7,7,-34.1,CERTIFIED SOFT,graded,pbp,46,60,-0.5881,0.0436,-24,ok,0,10,2,2,4,,2,1,
v3.0,2019,2019-11-02,Oklahoma State,TCU,home,34,27,-1.5,1.6,7,0,0,5.4,AS EXPECTED,graded,pbp,56,82,0.1204,0.0218,5,ok,0,24,10,1,3,-3,4,1,
v3.0,2019,2019-11-02,Auburn,Ole Miss,home,20,14,-17.5,17.6,6,0,0,-11.6,AS EXPECTED,graded,pbp,89,69,0.1945,0.2541,-3,ok,0,13,9,0,1,-4,1,1,Night
v3.0,2019,2019-11-02,UCF,Houston,home,44,29,-21.5,20.6,15,0,0,-5.6,AS EXPECTED,graded,pbp,59,78,0.3533,0.3121,2,ok,0,28,7,0,2,3,2,0,
v3.0,2019,2019-11-02,Cincinnati,East Carolina,away,46,43,-24.5,22.7,3,0,0,-19.7,SOFT,graded,pbp,63,87,0.1767,0.3557,-10,ok,0,7,4,3,6,,1,2,Road · Night · Group of 5 opponent
v3.0,2019,2019-11-02,Pittsburgh,Georgia Tech,away,20,10,-9.5,10.0,10,0,0,-0.0,AS EXPECTED,graded,pbp,70,50,0.2191,0.1379,3,ok,0,10,9,1,2,0,2,3,Road
v3.0,2019,2019-11-02,Clemson,Wofford,home,59,14,-48.5,33.2,42,17,14,8.8,AS EXPECTED,graded,pbp,29,24,1.4324,0.7041,14,ok,0,21,4,0,0,28,2,0,FCS opponent
v3.0,2019,2019-11-02,Kansas,Kansas State,home,10,38,5.0,-5.2,-28,7,7,-22.8,SOFT,graded,pbp,34,67,-0.6016,-0.0726,-19,ok,0,0,4,1,1,,0,2,Ranked opponent
v3.0,2019,2019-11-02,Kansas State,Kansas,away,38,10,-5.0,5.2,28,7,7,22.8,DAWG,graded,pbp,67,34,0.6016,0.0726,19,ok,0,17,7,1,1,17,2,0,Road · Full house
v3.0,2019,2019-11-02,Vanderbilt,South Carolina,away,7,24,15.0,-15.5,-17,0,0,-1.5,AS EXPECTED,graded,pbp,50,80,-0.3848,-0.2178,-8,ok,0,7,5,0,2,,1,2,Road · Night
v3.0,2019,2019-11-02,Miami,Florida State,away,27,10,3.0,-3.1,17,0,0,20.1,DAWG,graded,pbp,60,69,0.1595,-0.0436,9,ok,0,24,9,0,2,6,2,1,Road
v3.0,2019,2019-11-02,Texas A&M,UTSA,home,45,14,-37.5,29.3,28,10,7,-1.3,AS EXPECTED,graded,pbp,45,48,0.5172,0.5444,-1,ok,0,21,6,1,1,14,1,1,Group of 5 opponent
v3.0,2019,2019-11-02,Houston,UCF,away,29,44,21.5,-20.6,-15,0,0,5.6,AS EXPECTED,graded,pbp,78,59,-0.3533,-0.3121,-2,ok,0,3,6,2,4,-25,0,2,Road · Full house
v3.0,2019,2019-11-02,Oregon,USC,away,56,24,-3.5,3.6,25,14,7,21.4,DAWG,graded,pbp,46,69,0.3901,0.0508,14,ok,0,21,4,1,2,14,4,1,Road
v3.0,2019,2019-11-02,Purdue,Nebraska,home,31,27,4.0,-4.2,4,0,0,8.2,AS EXPECTED,graded,pbp,77,74,0.1792,-0.0581,13,ok,0,17,6,2,4,,1,2,
v3.0,2019,2019-11-02,BYU,Utah State,away,42,14,3.0,-3.1,28,0,0,31.1,CERTIFIED DAWG,graded,pbp,68,63,0.314,-0.0436,17,ok,0,35,8,0,1,14,5,2,Road · Night · Full house · Group of 5 opponent
v3.0,2019,2019-11-02,Utah,Washington,away,33,28,-3.0,3.1,5,0,0,1.9,AS EXPECTED,graded,pbp,68,73,0.1633,0.0436,6,ok,0,24,6,0,2,-7,3,2,Road · Full house
v3.0,2019,2019-11-02,SMU,Memphis,away,48,54,6.5,-6.8,-6,0,0,0.8,AS EXPECTED,graded,pbp,78,71,0.0931,-0.0944,10,ok,0,21,3,2,4,,0,0,Road · Night · Full house · Ranked opponent · Group of 5 opponent
v3.0,2019,2019-11-02,South Carolina,Vanderbilt,home,24,7,-15.0,15.5,17,0,0,1.5,AS EXPECTED,graded,pbp,80,50,0.3848,0.2178,8,ok,0,24,8,0,1,7,2,1,Night
v3.0,2019,2019-11-02,Virginia,North Carolina,away,38,31,1.0,-1.0,7,0,0,8.0,AS EXPECTED,graded,pbp,72,68,-0.0116,-0.0145,0,ok,0,10,4,3,5,-7,0,0,Road · Night · Full house
v3.0,2019,2019-11-02,Virginia Tech,Notre Dame,away,20,21,17.5,-17.6,-1,0,0,16.6,DAWG,graded,pbp,64,90,-0.2719,-0.2541,-1,ok,0,10,9,0,3,,3,2,Road · Full house · Ranked opponent
v3.0,2019,2019-11-02,UCLA,Colorado,home,31,14,-6.5,6.8,17,0,0,10.2,AS EXPECTED,graded,pbp,74,65,0.0846,0.0944,0,ok,0,24,8,0,0,7,1,1,Night
v3.0,2019,2019-11-02,TCU,Oklahoma State,away,27,34,1.5,-1.6,-7,0,0,-5.4,AS EXPECTED,graded,pbp,82,56,-0.1204,-0.0218,-5,ok,0,10,8,0,2,,1,4,Road · Full house
v3.0,2019,2019-11-02,Tennessee,UAB,home,30,7,-13.5,14.1,30,0,7,15.9,DAWG,graded,pbp,57,35,0.5636,0.196,12,ok,0,30,9,0,0,21,4,1,Night · Group of 5 opponent
v3.0,2019,2019-11-02,Washington,Utah,home,28,33,3.0,-3.1,-5,0,0,-1.9,AS EXPECTED,graded,pbp,73,68,-0.1633,-0.0436,-6,ok,0,14,6,1,4,-16,2,3,Top-10 opponent
v3.0,2019,2019-11-02,USC,Oregon,home,24,56,3.5,-3.6,-25,7,14,-21.4,SOFT,graded,pbp,69,46,-0.3901,-0.0508,-14,ok,0,3,3,0,2,-35,1,4,Top-10 opponent
v3.0,2019,2019-11-02,Mississippi State,Arkansas,away,54,24,-7.0,7.3,35,9,14,27.7,CERTIFIED DAWG,graded,pbp,56,30,0.8613,0.1016,23,ok,0,10,3,0,0,21,2,0,Road
v3.0,2019,2019-11-02,Illinois,Rutgers,home,38,10,-18.5,18.3,28,0,0,9.7,AS EXPECTED,graded,pbp,41,50,0.3785,0.2686,4,ok,0,24,6,0,1,18,3,0,
v3.0,2019,2019-11-02,Colorado,UCLA,away,14,31,6.5,-6.8,-17,0,0,-10.2,AS EXPECTED,graded,pbp,65,74,-0.0846,-0.0944,0,ok,0,14,6,0,1,,1,1,Road · Night
v3.0,2019,2019-11-02,Florida State,Miami,home,10,27,-3.0,3.1,-17,0,0,-20.1,SOFT,graded,pbp,69,60,-0.1595,0.0436,-9,ok,0,10,8,0,1,,1,2,
v3.0,2019,2019-11-02,Florida,Georgia,neutral,17,24,6.5,-6.8,-7,0,0,-0.2,AS EXPECTED,graded,pbp,52,67,-0.0351,-0.0944,3,ok,0,7,2,0,1,,0,0,Top-10 opponent
v3.0,2019,2019-11-02,Georgia Tech,Pittsburgh,home,10,20,9.5,-10.0,-10,0,0,0.0,AS EXPECTED,graded,pbp,50,70,-0.2191,-0.1379,-3,ok,0,10,8,0,1,,3,2,
v3.0,2019,2019-11-02,Georgia,Florida,neutral,24,17,-6.5,6.8,7,0,0,0.2,AS EXPECTED,graded,pbp,67,52,0.0351,0.0944,-3,ok,0,10,4,2,2,-3,0,0,Top-10 opponent
v3.0,2019,2019-11-02,Northwestern,Indiana,away,3,34,8.0,-8.4,-28,0,3,-19.6,SOFT,graded,pbp,50,56,-0.4223,-0.1161,-12,ok,0,0,4,0,1,,0,3,Road · Night
v3.0,2019,2019-11-02,Arkansas,Mississippi State,home,24,54,7.0,-7.3,-35,14,9,-27.7,CERTIFIED SOFT,graded,pbp,30,56,-0.8613,-0.1016,-23,ok,0,7,1,0,1,,0,2,
v3.0,2019,2019-11-02,Indiana,Northwestern,home,34,3,-8.0,8.4,28,3,0,19.6,DAWG,graded,pbp,56,50,0.4223,0.1161,12,ok,0,28,7,0,1,18,3,0,Night
v3.0,2019,2019-11-02,Notre Dame,Virginia Tech,home,21,20,-17.5,17.6,1,0,0,-16.6,SOFT,graded,pbp,90,64,0.2719,0.2541,1,ok,0,14,9,1,3,,2,3,
v3.0,2019,2019-11-08,UCF,Tulsa,away,31,34,-16.5,16.8,-3,0,0,-19.8,SOFT,graded,pbp,84,78,-0.0268,0.2396,-15,ok,0,14,7,2,6,-14,0,2,Road · Night · Group of 5 opponent
v3.0,2019,2019-11-08,Washington,Oregon State,away,19,7,-10.5,11.1,12,0,0,0.9,AS EXPECTED,graded,pbp,81,50,0.4401,0.1524,13,ok,0,17,11,0,1,2,1,2,Road · Night · Group of 5 opponent
v3.0,2019,2019-11-09,Boston College,Florida State,home,31,38,-1.0,1.0,-7,0,0,-8.0,AS EXPECTED,graded,pbp,93,57,-0.3346,0.0145,-19,ok,0,14,4,0,4,-18,0,1,
v3.0,2019,2019-11-09,Maryland,Ohio State,away,14,73,42.5,-31.1,-42,14,31,-10.9,AS EXPECTED,graded,pbp,22,48,-0.9121,-0.617,-7,ok,0,0,0,0,1,,1,2,Road · Full house · Top-10 opponent
v3.0,2019,2019-11-09,Michigan State,Illinois,home,34,37,-16.0,16.4,-3,0,0,-19.4,SOFT,graded,pbp,87,69,-0.1931,0.2323,-24,ok,0,21,8,2,3,-14,2,4,
v3.0,2019,2019-11-09,Minnesota,Penn State,home,31,26,6.5,-6.8,5,0,0,11.8,AS EXPECTED,graded,pbp,60,73,0.0498,-0.0944,7,ok,0,17,5,2,4,-6,3,2,Top-10 opponent
v3.0,2019,2019-11-09,Missouri,Georgia,away,0,27,18.5,-18.3,-27,0,0,-8.7,AS EXPECTED,graded,pbp,36,59,-0.5107,-0.2686,-8,ok,0,0,5,0,1,,0,1,Road · Night · Full house · Top-10 opponent
v3.0,2019,2019-11-09,Ole Miss,New Mexico State,home,41,3,-28.5,25.2,28,10,0,2.8,AS EXPECTED,graded,pbp,56,53,0.4025,0.4138,0,ok,0,21,5,0,0,18,0,1,Group of 5 opponent
v3.0,2019,2019-11-09,Duke,Notre Dame,home,7,38,7.0,-7.3,-24,0,7,-16.7,SOFT,graded,pbp,50,59,-0.5064,-0.1016,-16,ok,0,7,8,0,1,,2,2,Night · Ranked opponent
v3.0,2019,2019-11-09,NC State,Clemson,home,10,55,35.0,-28.4,-42,10,13,-13.6,SOFT,graded,pbp,23,45,-1.2688,-0.5081,-18,ok,0,0,0,0,1,,1,3,Night
v3.0,2019,2019-11-09,Wake Forest,Virginia Tech,away,17,36,-2.5,2.6,-19,0,0,-21.6,SOFT,graded,pbp,65,71,-0.3221,0.0363,-17,ok,0,3,5,2,5,,2,2,Road · Full house
v3.0,2019,2019-11-09,Ohio State,Maryland,home,73,14,-42.5,31.1,42,31,14,10.9,AS EXPECTED,graded,pbp,48,22,0.9121,0.617,7,ok,0,21,3,0,0,28,2,1,
v3.0,2019,2019-11-09,Oklahoma,Iowa State,home,42,41,-14.5,15.1,1,0,0,-14.1,SOFT,graded,pbp,67,69,-0.2228,0.2105,-21,ok,0,28,6,1,2,-13,0,2,Night
v3.0,2019,2019-11-09,Penn State,Minnesota,away,26,31,-6.5,6.8,-5,0,0,-11.8,AS EXPECTED,graded,pbp,73,60,-0.0498,0.0944,-7,ok,0,14,5,2,2,,2,3,Road · Full house · Ranked opponent
v3.0,2019,2019-11-09,Cincinnati,UConn,home,48,3,-34.0,27.9,38,10,3,10.1,AS EXPECTED,graded,pbp,43,30,0.8949,0.4936,10,ok,0,31,6,0,0,24,1,1,Group of 5 opponent
v3.0,2019,2019-11-09,Clemson,NC State,away,55,10,-35.0,28.4,42,13,10,13.6,DAWG,graded,pbp,45,23,1.2688,0.5081,18,ok,0,21,3,0,0,28,3,1,Road · Night · Full house
v3.0,2019,2019-11-09,Iowa,Wisconsin,away,22,24,7.5,-7.9,-2,0,0,5.9,AS EXPECTED,graded,pbp,51,71,-0.107,-0.1089,0,ok,0,6,6,2,2,,2,1,Road · Full house · Ranked opponent
v3.0,2019,2019-11-09,Kansas State,Texas,away,24,27,7.0,-7.3,-3,0,0,4.3,AS EXPECTED,graded,pbp,53,65,-0.3547,-0.1016,-11,ok,0,10,5,0,3,-17,1,1,Road · Full house
v3.0,2019,2019-11-09,Vanderbilt,Florida,away,0,56,27.0,-24.3,-35,0,21,-10.7,AS EXPECTED,graded,pbp,40,49,-0.6035,-0.392,-7,ok,0,0,4,0,1,,2,3,Road · Full house · Top-10 opponent
v3.0,2019,2019-11-09,Baylor,TCU,away,29,23,-2.0,2.1,6,0,0,3.9,AS EXPECTED,graded,pbp,60,63,0.1186,0.029,4,ok,32,6,8,2,4,,3,2,Road
v3.0,2019,2019-11-09,Miami,Louisville,home,52,27,-6.5,6.8,31,0,6,24.2,CERTIFIED DAWG,graded,pbp,47,42,0.0441,0.0944,-2,ok,0,21,4,2,2,17,2,0,
v3.0,2019,2019-11-09,Stanford,Colorado,away,13,16,-4.0,4.2,-3,0,0,-7.2,AS EXPECTED,graded,pbp,54,71,0.0221,0.0581,-2,ok,0,10,5,1,2,,1,1,Road · Full house
v3.0,2019,2019-11-09,California,Washington State,home,33,20,8.5,-9.0,13,0,0,22.0,DAWG,graded,pbp,64,81,0.197,-0.1234,16,ok,0,28,8,2,2,4,2,1,Group of 5 opponent
v3.0,2019,2019-11-09,Purdue,Northwestern,away,24,22,1.0,-1.0,2,0,0,3.0,AS EXPECTED,graded,pbp,71,76,-0.005,-0.0145,0,ok,0,24,8,0,2,,2,2,Road
v3.0,2019,2019-11-09,Texas,Kansas State,home,27,24,-7.0,7.3,3,0,0,-4.3,AS EXPECTED,graded,pbp,65,53,0.3547,0.1016,11,ok,0,17,5,0,2,-7,1,1,Ranked opponent
v3.0,2019,2019-11-09,BYU,Liberty,home,31,24,-17.0,17.2,7,0,0,-10.2,AS EXPECTED,graded,pbp,70,76,0.049,0.2468,-10,ok,0,17,6,2,4,-3,0,2,Group of 5 opponent
v3.0,2019,2019-11-09,SMU,East Carolina,home,59,51,-22.0,20.9,8,0,0,-12.9,SOFT,graded,pbp,83,77,-0.0502,0.3194,-21,ok,0,14,5,7,7,-3,1,1,Group of 5 opponent
v3.0,2019,2019-11-09,South Carolina,Appalachian State,home,15,20,-6.5,6.8,-5,0,0,-11.8,AS EXPECTED,graded,pbp,85,57,0.0707,0.0944,-1,ok,0,10,6,1,3,,1,1,Night · Group of 5 opponent
v3.0,2019,2019-11-09,Virginia,Georgia Tech,home,33,28,-16.0,16.4,5,0,0,-11.4,AS EXPECTED,graded,pbp,73,54,-0.1734,0.2323,-18,ok,0,20,6,2,3,-7,1,0,
v3.0,2019,2019-11-09,Virginia Tech,Wake Forest,home,36,17,2.5,-2.6,19,0,0,21.6,DAWG,graded,pbp,71,65,0.3221,-0.0363,17,ok,0,27,9,1,3,7,2,2,Ranked opponent
v3.0,2019,2019-11-09,TCU,Baylor,home,23,29,2.0,-2.1,-6,0,0,-3.9,AS EXPECTED,graded,pbp,63,60,-0.1186,-0.029,-4,ok,32,6,8,1,5,-15,2,3,Ranked opponent
v3.0,2019,2019-11-09,Tennessee,Kentucky,away,17,13,1.5,-1.6,4,0,0,5.6,AS EXPECTED,graded,pbp,45,71,0.2077,-0.0218,9,ok,0,10,5,0,1,,1,1,Road · Night
v3.0,2019,2019-11-09,Texas Tech,West Virginia,away,38,17,-2.5,2.6,25,3,7,22.4,DAWG,graded,pbp,61,58,0.3653,0.0363,14,ok,0,14,2,1,1,14,4,0,Road · Full house
v3.0,2019,2019-11-09,Wisconsin,Iowa,home,24,22,-7.5,7.9,2,0,0,-5.9,AS EXPECTED,graded,pbp,71,51,0.107,0.1089,0,ok,0,14,5,2,4,-13,1,2,Ranked opponent
v3.0,2019,2019-11-09,West Virginia,Texas Tech,home,17,38,2.5,-2.6,-25,7,3,-22.4,SOFT,graded,pbp,58,61,-0.3653,-0.0363,-14,ok,0,0,0,1,1,,0,4,
v3.0,2019,2019-11-09,USC,Arizona State,away,31,26,-4.0,4.2,5,0,0,0.8,AS EXPECTED,graded,pbp,73,65,0.0964,0.0581,2,ok,0,17,8,1,3,-9,3,2,Road · Full house
v3.0,2019,2019-11-09,Alabama,LSU,home,41,46,-6.0,6.3,-5,0,0,-11.3,AS EXPECTED,graded,pbp,68,79,0.0421,0.0871,-2,ok,0,21,4,0,2,,1,3,Top-10 opponent
v3.0,2019,2019-11-09,Illinois,Michigan State,away,37,34,16.0,-16.4,3,0,0,19.4,DAWG,graded,pbp,69,87,0.1931,-0.2323,24,ok,0,14,6,2,2,,4,2,Road
v3.0,2019,2019-11-09,Colorado,Stanford,home,16,13,4.0,-4.2,3,0,0,7.2,AS EXPECTED,graded,pbp,71,54,-0.0221,-0.0581,2,ok,0,6,5,1,3,,1,1,
v3.0,2019,2019-11-09,Florida State,Boston College,away,38,31,1.0,-1.0,7,0,0,8.0,AS EXPECTED,graded,pbp,57,93,0.3346,-0.0145,19,ok,0,21,6,2,3,-3,1,0,Road
v3.0,2019,2019-11-09,Florida,Vanderbilt,home,56,0,-27.0,24.3,35,21,0,10.7,AS EXPECTED,graded,pbp,49,40,0.6035,0.392,7,ok,0,28,8,0,0,21,3,2,
v3.0,2019,2019-11-09,Georgia Tech,Virginia,away,28,33,16.0,-16.4,-5,0,0,11.4,AS EXPECTED,graded,pbp,54,73,0.1734,-0.2323,18,ok,0,7,4,1,4,,0,1,Road
v3.0,2019,2019-11-09,Georgia,Missouri,home,27,0,-18.5,18.3,27,0,0,8.7,AS EXPECTED,graded,pbp,59,36,0.5107,0.2686,8,ok,0,23,10,0,0,17,1,0,Night
v3.0,2019,2019-11-09,Iowa State,Oklahoma,away,41,42,14.5,-15.1,-1,0,0,14.1,DAWG,graded,pbp,69,67,0.2228,-0.2105,21,ok,0,21,6,0,1,,2,0,Road · Night · Full house · Top-10 opponent
v3.0,2019,2019-11-09,Northwestern,Purdue,home,22,24,-1.0,1.0,-2,0,0,-3.0,AS EXPECTED,graded,pbp,76,71,0.005,0.0145,0,ok,0,21,7,0,4,-16,2,2,
v3.0,2019,2019-11-09,Arkansas,Western Kentucky,home,19,45,-1.0,1.0,-31,12,7,-32.0,CERTIFIED SOFT,graded,pbp,22,60,-0.5106,0.0145,-15,ok,0,0,1,1,2,,1,2,Group of 5 opponent
v3.0,2019,2019-11-09,Notre Dame,Duke,away,38,7,-7.0,7.3,24,7,0,16.7,DAWG,graded,pbp,59,50,0.5064,0.1016,16,ok,0,38,12,0,0,10,2,2,Road · Night · Full house
v3.0,2019,2019-11-09,Arizona State,USC,home,26,31,4.0,-4.2,-5,0,0,-0.8,AS EXPECTED,graded,pbp,65,73,-0.0964,-0.0581,-2,ok,0,14,7,0,1,,2,3,
v3.0,2019,2019-11-09,Kentucky,Tennessee,home,13,17,-1.5,1.6,-4,0,0,-5.6,AS EXPECTED,graded,pbp,71,45,-0.2077,0.0218,-9,ok,0,7,5,0,2,-17,1,1,Night
v3.0,2019,2019-11-09,Louisville,Miami,away,27,52,6.5,-6.8,-31,6,0,-24.2,CERTIFIED SOFT,graded,pbp,42,47,-0.0441,-0.0944,2,ok,0,0,2,1,2,,0,2,Road
v3.0,2019,2019-11-09,LSU,Alabama,away,46,41,6.0,-6.3,5,0,0,11.3,AS EXPECTED,graded,pbp,79,68,-0.0421,-0.0871,2,ok,0,24,7,4,4,-5,3,1,Road · Full house · Top-10 opponent
v3.0,2019,2019-11-14,North Carolina,Pittsburgh,away,27,34,4.0,-4.2,-7,0,0,-2.8,AS EXPECTED,graded,pbp,70,72,-0.033,-0.0581,1,ok,14,7,4,2,4,,0,1,Road · Night
v3.0,2019,2019-11-14,Pittsburgh,North Carolina,home,34,27,-4.0,4.2,7,0,0,2.8,AS EXPECTED,graded,pbp,72,70,0.033,0.0581,-1,ok,14,24,4,1,4,-3,1,0,Night
v3.0,2019,2019-11-16,Arizona,Oregon,away,6,34,27.0,-24.3,-28,0,0,-3.7,AS EXPECTED,graded,pbp,52,61,-0.4737,-0.392,-3,ok,0,0,3,0,1,,1,1,Road · Night · Full house · Top-10 opponent
v3.0,2019,2019-11-16,Michigan State,Michigan,away,10,44,13.5,-14.1,-24,0,10,-9.9,AS EXPECTED,graded,pbp,46,53,-0.384,-0.196,-7,ok,0,7,2,0,2,,0,3,Road · Full house · Ranked opponent
v3.0,2019,2019-11-16,Michigan,Michigan State,home,44,10,-13.5,14.1,24,10,0,9.9,AS EXPECTED,graded,pbp,53,46,0.384,0.196,7,ok,0,27,6,1,1,14,3,0,
v3.0,2019,2019-11-16,Minnesota,Iowa,away,19,23,3.0,-3.1,-4,0,0,-0.9,AS EXPECTED,graded,pbp,68,54,0.0516,-0.0436,4,ok,0,0,3,0,1,,0,1,Road · Full house · Ranked opponent
v3.0,2019,2019-11-16,Missouri,Florida,home,6,23,6.5,-6.8,-17,0,0,-10.2,AS EXPECTED,graded,pbp,68,62,-0.2398,-0.0944,-7,ok,0,6,8,0,2,,0,1,Ranked opponent
v3.0,2019,2019-11-16,Ole Miss,LSU,home,37,58,21.0,-20.2,-21,0,0,-0.8,AS EXPECTED,graded,pbp,71,81,0.0188,-0.3049,17,ok,0,7,3,0,1,,2,1,Night · Top-10 opponent
v3.0,2019,2019-11-16,Duke,Syracuse,home,6,49,-9.0,9.5,-29,0,14,-38.5,CERTIFIED SOFT,graded,pbp,59,43,-0.4595,0.1307,-21,ok,0,6,5,0,1,,0,3,
v3.0,2019,2019-11-16,NC State,Louisville,home,20,34,4.5,-4.7,-14,0,0,-9.3,AS EXPECTED,graded,pbp,81,60,-0.2538,-0.0653,-9,ok,0,7,4,1,2,,0,3,Night
v3.0,2019,2019-11-16,Wake Forest,Clemson,away,3,52,34.5,-28.2,-35,0,14,-6.8,AS EXPECTED,graded,pbp,28,48,-0.7718,-0.5009,-7,ok,0,3,3,0,1,,2,2,Road · Full house
v3.0,2019,2019-11-16,Nebraska,Wisconsin,home,21,37,14.0,-14.6,-16,0,0,-1.4,AS EXPECTED,graded,pbp,60,66,-0.0177,-0.2033,8,ok,0,7,3,1,3,,1,1,Ranked opponent
v3.0,2019,2019-11-16,Rutgers,Ohio State,home,21,56,52.0,-34.4,-35,14,14,-0.6,AS EXPECTED,graded,pbp,36,41,-0.8196,-0.755,-2,ok,0,0,2,0,1,,1,4,Top-10 opponent
v3.0,2019,2019-11-16,Syracuse,Duke,away,49,6,9.0,-9.5,29,14,0,38.5,CERTIFIED DAWG,graded,pbp,43,59,0.4595,-0.1307,21,ok,0,28,7,0,0,15,3,0,Road
v3.0,2019,2019-11-16,Ohio State,Rutgers,away,56,21,-52.0,34.4,35,14,14,0.6,AS EXPECTED,graded,pbp,41,36,0.8196,0.755,2,ok,0,28,6,0,0,21,4,1,Road
v3.0,2019,2019-11-16,Oklahoma State,Kansas,home,31,13,-17.5,17.6,31,0,13,13.4,DAWG,graded,pbp,61,37,0.6083,0.2541,12,ok,0,31,10,0,0,17,3,0,
v3.0,2019,2019-11-16,Auburn,Georgia,home,14,21,3.0,-3.1,-7,0,0,-3.9,AS EXPECTED,graded,pbp,86,64,0.0672,-0.0436,6,ok,0,7,11,0,1,,0,1,Top-10 opponent
v3.0,2019,2019-11-16,Oklahoma,Baylor,away,34,31,-10.5,11.1,3,0,0,-8.1,AS EXPECTED,graded,pbp,95,52,0.1768,0.1524,1,ok,0,20,5,0,1,,2,3,Road · Night · Full house · Ranked opponent
v3.0,2019,2019-11-16,Penn State,Indiana,home,34,27,-15.0,15.5,7,0,0,-8.5,AS EXPECTED,graded,pbp,66,71,-0.0998,0.2178,-15,ok,0,10,4,3,3,-6,1,2,
v3.0,2019,2019-11-16,Cincinnati,South Florida,away,20,17,-13.0,13.7,3,0,0,-10.7,AS EXPECTED,graded,pbp,66,74,-0.1013,0.1887,-14,ok,0,17,9,0,1,,1,1,Road · Night · Group of 5 opponent
v3.0,2019,2019-11-16,Clemson,Wake Forest,home,52,3,-34.5,28.2,35,14,0,6.8,AS EXPECTED,graded,pbp,48,28,0.7718,0.5009,7,ok,0,31,7,0,0,21,2,2,
v3.0,2019,2019-11-16,Iowa,Minnesota,home,23,19,-3.0,3.1,4,0,0,0.9,AS EXPECTED,graded,pbp,54,68,-0.0516,0.0436,-4,ok,0,10,4,0,1,-9,1,0,Top-10 opponent
v3.0,2019,2019-11-16,Kansas,Oklahoma State,away,13,31,17.5,-17.6,-31,13,0,-13.4,SOFT,graded,pbp,37,61,-0.6083,-0.2541,-12,ok,0,7,6,0,1,,0,3,Road · Full house · Ranked opponent
v3.0,2019,2019-11-16,Kansas State,West Virginia,home,20,24,-14.0,14.6,-4,0,0,-18.6,SOFT,graded,pbp,77,58,0.0146,0.2033,-9,ok,0,17,7,1,4,,0,2,
v3.0,2019,2019-11-16,Vanderbilt,Kentucky,home,14,38,9.5,-10.0,-24,0,0,-14.0,SOFT,graded,pbp,29,56,-0.637,-0.1379,-15,ok,0,0,0,1,2,-35,0,1,
v3.0,2019,2019-11-16,Baylor,Oklahoma,home,31,34,10.5,-11.1,-3,0,0,8.1,AS EXPECTED,graded,pbp,52,95,-0.1768,-0.1524,-1,ok,0,21,4,1,4,-14,3,2,Night · Top-10 opponent
v3.0,2019,2019-11-16,Stanford,Washington State,away,22,49,10.5,-11.1,-27,0,0,-15.9,SOFT,graded,pbp,55,78,-0.2168,-0.1524,-3,ok,0,7,1,0,1,,1,2,Road · Full house · Group of 5 opponent
v3.0,2019,2019-11-16,Texas A&M,South Carolina,home,30,6,-10.5,11.1,27,0,3,15.9,DAWG,graded,pbp,72,53,0.5261,0.1524,17,ok,0,23,9,1,1,17,0,1,Night
v3.0,2019,2019-11-16,Houston,Memphis,home,27,45,9.5,-10.0,-25,7,0,-15.0,SOFT,graded,pbp,46,68,-0.4093,-0.1379,-11,ok,0,3,2,2,3,-35,1,1,Ranked opponent · Group of 5 opponent
v3.0,2019,2019-11-16,Oregon,Arizona,home,34,6,-27.0,24.3,28,0,0,3.7,AS EXPECTED,graded,pbp,61,52,0.4737,0.392,3,ok,0,21,6,0,0,14,1,1,Night
v3.0,2019,2019-11-16,California,USC,home,17,41,4.0,-4.2,-24,7,7,-19.8,SOFT,graded,pbp,48,48,-0.4769,-0.0581,-14,ok,0,0,3,1,2,,0,2,Night
v3.0,2019,2019-11-16,Texas,Iowa State,away,21,23,7.0,-7.3,-2,0,0,5.3,AS EXPECTED,graded,pbp,66,79,0.0597,-0.1016,8,ok,0,14,8,0,1,,1,0,Road · Full house
v3.0,2019,2019-11-16,BYU,Idaho State,home,42,10,-33.0,27.5,32,7,7,4.5,AS EXPECTED,graded,pbp,49,37,0.6716,0.4791,6,ok,0,14,4,0,0,18,2,1,FCS opponent
v3.0,2019,2019-11-16,Utah,UCLA,home,49,3,-21.0,20.2,32,14,0,11.8,AS EXPECTED,graded,pbp,30,42,0.667,0.3049,9,ok,0,14,3,1,1,21,5,1,Night
v3.0,2019,2019-11-16,South Carolina,Texas A&M,away,6,30,10.5,-11.1,-27,3,0,-15.9,SOFT,graded,pbp,53,72,-0.5261,-0.1524,-17,ok,0,3,5,0,2,,1,0,Road · Night · Full house
v3.0,2019,2019-11-16,Virginia Tech,Georgia Tech,away,45,0,-6.0,6.3,31,14,0,24.7,CERTIFIED DAWG,graded,pbp,33,25,1.0311,0.0871,19,ok,0,21,5,0,0,17,2,0,Road
v3.0,2019,2019-11-16,UCLA,Utah,away,3,49,21.0,-20.2,-32,0,14,-11.8,AS EXPECTED,graded,pbp,42,30,-0.667,-0.3049,-9,ok,0,0,1,0,1,,1,5,Road · Night · Top-10 opponent
v3.0,2019,2019-11-16,TCU,Texas Tech,away,33,31,-3.5,3.6,2,0,0,-1.6,AS EXPECTED,graded,pbp,95,52,-0.0974,0.0508,-8,ok,0,10,5,3,4,-8,2,0,Road
v3.0,2019,2019-11-16,Texas Tech,TCU,home,31,33,3.5,-3.6,-2,0,0,1.6,AS EXPECTED,graded,pbp,52,95,0.0974,-0.0508,8,ok,0,14,5,1,3,,0,2,
v3.0,2019,2019-11-16,Wisconsin,Nebraska,away,37,21,-14.0,14.6,16,0,0,1.4,AS EXPECTED,graded,pbp,66,60,0.0177,0.2033,-8,ok,0,23,6,2,2,6,1,1,Road · Full house
v3.0,2019,2019-11-16,West Virginia,Kansas State,away,24,20,14.0,-14.6,4,0,0,18.6,DAWG,graded,pbp,58,77,-0.0146,-0.2033,9,ok,0,10,6,2,4,,2,0,Road · Ranked opponent
v3.0,2019,2019-11-16,USC,California,away,41,17,-4.0,4.2,24,7,7,19.8,DAWG,graded,pbp,48,48,0.4769,0.0581,14,ok,0,27,6,1,2,10,2,0,Road · Night
v3.0,2019,2019-11-16,Alabama,Mississippi State,away,38,7,-19.0,18.7,31,0,0,12.3,DAWG,graded,pbp,44,31,0.6802,0.2759,11,ok,0,21,3,1,1,17,1,0,Road · Full house
v3.0,2019,2019-11-16,Mississippi State,Alabama,home,7,38,19.0,-18.7,-31,0,0,-12.3,SOFT,graded,pbp,31,44,-0.6802,-0.2759,-11,ok,0,0,0,0,1,,0,1,Top-10 opponent
v3.0,2019,2019-11-16,Florida State,Alabama State,home,49,12,-41.0,30.6,23,14,0,-7.6,AS EXPECTED,graded,pbp,38,65,0.1605,0.5953,-16,ok,0,21,6,2,2,12,2,2,FCS opponent
v3.0,2019,2019-11-16,Florida,Missouri,away,23,6,-6.5,6.8,17,0,0,10.2,AS EXPECTED,graded,pbp,62,68,0.2398,0.0944,7,ok,0,10,10,2,2,7,1,0,Road · Full house
v3.0,2019,2019-11-16,Georgia Tech,Virginia Tech,home,0,45,6.0,-6.3,-31,0,14,-24.7,CERTIFIED SOFT,graded,pbp,25,33,-1.0311,-0.0871,-19,ok,0,0,2,0,1,,0,2,
v3.0,2019,2019-11-16,Georgia,Auburn,away,21,14,-3.0,3.1,7,0,0,3.9,AS EXPECTED,graded,pbp,64,86,-0.0672,0.0436,-6,ok,0,21,11,0,1,-7,1,0,Road · Full house · Ranked opponent
v3.0,2019,2019-11-16,Iowa State,Texas,home,23,21,-7.0,7.3,2,0,0,-5.3,AS EXPECTED,graded,pbp,79,66,-0.0597,0.1016,-8,ok,0,16,10,0,2,-8,0,1,Ranked opponent
v3.0,2019,2019-11-16,Northwestern,Massachusetts,home,45,6,-39.5,30.1,25,14,0,-5.1,AS EXPECTED,graded,pbp,50,67,0.196,0.5735,-16,ok,0,17,8,1,2,10,1,3,Group of 5 opponent
v3.0,2019,2019-11-16,Indiana,Penn State,away,27,34,15.0,-15.5,-7,0,0,8.5,AS EXPECTED,graded,pbp,71,66,0.0998,-0.2178,15,ok,0,7,3,2,4,,2,1,Road · Full house · Top-10 opponent
v3.0,2019,2019-11-16,Notre Dame,Navy,home,52,20,-7.5,7.9,35,14,17,27.1,CERTIFIED DAWG,graded,pbp,32,36,1.0184,0.1089,22,ok,0,21,3,0,0,21,4,0,Ranked opponent · Group of 5 opponent
v3.0,2019,2019-11-16,Arizona State,Oregon State,away,34,35,-1.0,1.0,-1,0,0,-2.0,AS EXPECTED,graded,pbp,61,74,0.1164,0.0145,5,ok,0,14,6,1,3,,1,2,Road · Night · Group of 5 opponent
v3.0,2019,2019-11-16,Kentucky,Vanderbilt,away,38,14,-9.5,10.0,24,0,0,14.0,DAWG,graded,pbp,56,29,0.637,0.1379,15,ok,0,17,3,0,1,14,1,0,Road
v3.0,2019,2019-11-16,Louisville,NC State,away,34,20,-4.5,4.7,14,0,0,9.3,AS EXPECTED,graded,pbp,60,81,0.2538,0.0653,9,ok,0,21,5,0,2,4,3,0,Road · Night · Full house
v3.0,2019,2019-11-16,LSU,Ole Miss,away,58,37,-21.0,20.2,21,0,0,0.8,AS EXPECTED,graded,pbp,81,71,-0.0188,0.3049,-17,ok,0,31,7,0,0,7,1,2,Road · Night
v3.0,2019,2019-11-21,NC State,Georgia Tech,away,26,28,-2.5,2.6,-2,0,0,-4.6,AS EXPECTED,graded,pbp,80,57,0.0731,0.0363,2,ok,0,17,5,0,1,,3,0,Road · Night
v3.0,2019,2019-11-21,Georgia Tech,NC State,home,28,26,2.5,-2.6,2,0,0,4.6,AS EXPECTED,graded,pbp,57,80,-0.0731,-0.0363,-2,ok,0,7,4,0,1,-12,0,3,Night
v3.0,2019,2019-11-23,Boston College,Notre Dame,away,7,40,20.5,-19.8,-26,0,7,-6.2,AS EXPECTED,graded,pbp,48,67,-0.3621,-0.2976,-3,ok,0,0,3,1,3,,0,2,Road · Full house · Ranked opponent
v3.0,2019,2019-11-23,Arizona,Utah,home,7,35,23.5,-22.0,-28,7,7,-6.0,AS EXPECTED,graded,pbp,37,61,-0.7153,-0.3412,-13,ok,0,0,1,0,1,,1,0,Night · Top-10 opponent
v3.0,2019,2019-11-23,Maryland,Nebraska,home,7,54,6.5,-6.8,-34,7,20,-27.2,CERTIFIED SOFT,graded,pbp,32,48,-0.6134,-0.0944,-15,ok,0,0,3,0,1,,1,4,
v3.0,2019,2019-11-23,Michigan State,Rutgers,away,27,0,-21.5,20.6,27,0,0,6.4,AS EXPECTED,graded,pbp,66,33,0.6802,0.3121,13,ok,0,27,9,0,0,17,2,1,Road
v3.0,2019,2019-11-23,Michigan,Indiana,away,39,14,-9.5,10.0,25,0,0,15.0,DAWG,graded,pbp,51,48,0.4557,0.1379,11,ok,0,21,8,2,2,15,2,1,Road
v3.0,2019,2019-11-23,Minnesota,Northwestern,away,38,22,-16.0,16.4,16,0,0,-0.4,AS EXPECTED,graded,pbp,60,61,0.1827,0.2323,-2,ok,0,24,6,0,0,2,1,1,Road
v3.0,2019,2019-11-23,Missouri,Tennessee,home,20,24,-2.5,2.6,-4,0,0,-6.6,AS EXPECTED,graded,pbp,66,73,-0.1544,0.0363,-9,ok,0,13,7,1,4,,1,0,Night
v3.0,2019,2019-11-23,Duke,Wake Forest,away,27,39,6.5,-6.8,-12,0,0,-5.2,AS EXPECTED,graded,pbp,54,91,-0.4003,-0.0944,-16,ok,0,3,5,2,5,,0,3,Road · Night
v3.0,2019,2019-11-23,North Carolina,Mercer,home,56,7,,,42,14,7,,,no_line,pbp,,,,,,no_line,0,28,4,0,0,28,2,0,FCS opponent
v3.0,2019,2019-11-23,Wake Forest,Duke,home,39,27,-6.5,6.8,12,0,0,5.2,AS EXPECTED,graded,pbp,91,54,0.4003,0.0944,16,ok,0,16,8,3,5,2,3,0,Night
v3.0,2019,2019-11-23,Nebraska,Maryland,away,54,7,-6.5,6.8,34,20,7,27.2,CERTIFIED DAWG,graded,pbp,48,32,0.6134,0.0944,15,ok,0,31,7,0,0,20,4,1,Road
v3.0,2019,2019-11-23,Rutgers,Michigan State,home,0,27,21.5,-20.6,-27,0,0,-6.4,AS EXPECTED,graded,pbp,33,66,-0.6802,-0.3121,-13,ok,0,0,5,0,1,,1,2,
v3.0,2019,2019-11-23,Syracuse,Louisville,away,34,56,7.5,-7.9,-22,0,0,-14.1,SOFT,graded,pbp,77,61,-0.0873,-0.1089,1,ok,0,0,3,1,1,,1,0,Road
v3.0,2019,2019-11-23,Ohio State,Penn State,home,28,17,-20.0,19.5,11,0,0,-8.5,AS EXPECTED,graded,pbp,78,59,0.1131,0.2904,-9,ok,0,21,7,0,2,-3,1,4,Top-10 opponent
v3.0,2019,2019-11-23,Oklahoma State,West Virginia,away,20,13,-6.5,6.8,7,0,0,0.2,AS EXPECTED,graded,pbp,66,60,0.0249,0.0944,-3,ok,0,10,4,1,3,,0,0,Road
v3.0,2019,2019-11-23,Auburn,Samford,home,52,0,-45.5,32.2,31,21,0,-1.2,AS EXPECTED,graded,pbp,47,30,0.9482,0.6606,8,ok,0,28,6,0,0,17,4,0,FCS opponent
v3.0,2019,2019-11-23,Oklahoma,TCU,home,28,24,-18.0,18.0,4,0,0,-14.0,SOFT,graded,pbp,85,45,0.0555,0.2613,-9,ok,0,21,6,1,2,-10,1,3,Night
v3.0,2019,2019-11-23,UCF,Tulane,away,34,31,-7.0,7.3,3,0,0,-4.3,AS EXPECTED,graded,pbp,89,82,0.0249,0.1016,-5,ok,0,20,8,1,2,-7,0,0,Road · Group of 5 opponent
v3.0,2019,2019-11-23,Penn State,Ohio State,away,17,28,20.0,-19.5,-11,0,0,8.5,AS EXPECTED,graded,pbp,59,78,-0.1131,-0.2904,9,ok,0,10,7,0,1,,4,1,Road · Full house · Top-10 opponent
v3.0,2019,2019-11-23,Cincinnati,Temple,home,15,13,-9.0,9.5,2,0,0,-7.5,AS EXPECTED,graded,pbp,69,74,-0.11,0.1307,-12,ok,0,6,9,0,2,-11,1,1,Night · Group of 5 opponent
v3.0,2019,2019-11-23,Pittsburgh,Virginia Tech,away,0,28,3.5,-3.6,-28,0,0,-24.4,CERTIFIED SOFT,graded,pbp,44,55,-0.2276,-0.0508,-6,ok,0,0,8,0,2,,1,0,Road
v3.0,2019,2019-11-23,Iowa,Illinois,home,19,10,-15.5,15.9,9,0,0,-6.9,AS EXPECTED,graded,pbp,67,73,0.0866,0.225,-7,ok,0,12,10,0,2,0,3,1,
v3.0,2019,2019-11-23,Kansas,Iowa State,away,31,41,26.5,-24.0,-10,0,0,14.0,DAWG,graded,pbp,76,77,-0.1305,-0.3847,14,ok,0,20,6,2,4,,1,0,Road · Full house · Ranked opponent
v3.0,2019,2019-11-23,Kansas State,Texas Tech,away,30,27,1.0,-1.0,3,0,0,4.0,AS EXPECTED,graded,pbp,65,81,-0.0967,-0.0145,-4,ok,0,10,7,3,4,-7,2,1,Road · Night
v3.0,2019,2019-11-23,Vanderbilt,East Tennessee State,home,38,0,-20.5,19.8,31,7,0,11.2,AS EXPECTED,graded,pbp,41,38,0.5349,0.2976,7,ok,0,24,7,0,0,17,0,0,FCS opponent
v3.0,2019,2019-11-23,Baylor,Texas,home,24,10,-4.0,4.2,14,0,0,9.8,AS EXPECTED,graded,pbp,64,68,0.1018,0.0581,2,ok,0,24,10,1,1,3,1,1,
v3.0,2019,2019-11-23,Miami,Florida International,away,24,30,-21.0,20.2,-6,0,0,-26.2,CERTIFIED SOFT,graded,pbp,67,59,-0.0307,0.3049,-15,ok,0,7,6,0,1,,0,3,Road · Night · Full house · Group of 5 opponent
v3.0,2019,2019-11-23,Stanford,California,home,20,24,-1.0,1.0,-4,0,0,-5.0,AS EXPECTED,graded,pbp,59,67,-0.1775,0.0145,-9,ok,0,7,5,2,4,,0,2,
v3.0,2019,2019-11-23,Texas A&M,Georgia,away,13,19,12.0,-12.7,-6,0,0,6.7,AS EXPECTED,graded,pbp,62,59,0.0579,-0.1742,10,ok,0,6,6,0,2,,0,1,Road · Full house · Top-10 opponent
v3.0,2019,2019-11-23,Houston,Tulsa,away,24,14,6.0,-6.3,10,0,0,16.3,DAWG,graded,pbp,56,68,-0.1414,-0.0871,-2,ok,0,10,9,1,2,0,4,1,Road · Night · Group of 5 opponent
v3.0,2019,2019-11-23,Oregon,Arizona State,away,28,31,-13.5,14.1,-3,0,0,-17.1,SOFT,graded,pbp,64,74,-0.0832,0.196,-14,ok,0,14,5,0,3,,0,2,Road · Full house
v3.0,2019,2019-11-23,California,Stanford,away,24,20,1.0,-1.0,4,0,0,5.0,AS EXPECTED,graded,pbp,67,59,0.1775,-0.0145,9,ok,0,14,5,2,4,,2,0,Road · Full house
v3.0,2019,2019-11-23,Purdue,Wisconsin,away,24,45,24.5,-22.7,-21,0,0,1.7,AS EXPECTED,graded,pbp,64,74,-0.1705,-0.3557,9,ok,0,7,4,1,3,,4,1,Road · Ranked opponent
v3.0,2019,2019-11-23,Texas,Baylor,away,10,24,4.0,-4.2,-14,0,0,-9.8,AS EXPECTED,graded,pbp,68,64,-0.1018,-0.0581,-2,ok,0,10,7,0,1,,1,1,Road · Full house · Ranked opponent
v3.0,2019,2019-11-23,BYU,Massachusetts,away,56,24,-41.5,30.8,42,14,24,11.2,AS EXPECTED,graded,pbp,33,23,1.3571,0.6025,15,ok,0,28,4,0,0,28,2,0,Road · Group of 5 opponent
v3.0,2019,2019-11-23,Utah,Arizona,away,35,7,-23.5,22.0,28,7,7,6.0,AS EXPECTED,graded,pbp,61,37,0.7153,0.3412,13,ok,0,21,5,0,0,14,0,1,Road · Night
v3.0,2019,2019-11-23,SMU,Navy,away,28,35,3.5,-3.6,-7,0,0,-3.4,AS EXPECTED,graded,pbp,56,88,-0.2038,-0.0508,-8,ok,0,7,4,3,6,-18,0,1,Road · Group of 5 opponent
v3.0,2019,2019-11-23,Virginia,Liberty,home,55,27,-16.0,16.4,27,7,6,10.6,AS EXPECTED,graded,pbp,72,48,0.1085,0.2323,-5,ok,0,38,7,0,2,17,2,0,Group of 5 opponent
v3.0,2019,2019-11-23,Virginia Tech,Pittsburgh,home,28,0,-3.5,3.6,28,0,0,24.4,CERTIFIED DAWG,graded,pbp,55,44,0.2276,0.0508,6,ok,0,21,10,0,1,14,0,1,
v3.0,2019,2019-11-23,UCLA,USC,away,35,52,13.5,-14.1,-17,0,0,-2.9,AS EXPECTED,graded,pbp,88,79,-0.2475,-0.196,-3,ok,0,7,4,1,3,,0,2,Road · Ranked opponent
v3.0,2019,2019-11-23,TCU,Oklahoma,away,24,28,18.0,-18.0,-4,0,0,14.0,DAWG,graded,pbp,45,85,-0.0555,-0.2613,9,ok,0,17,5,0,1,,3,1,Road · Night · Full house · Top-10 opponent
v3.0,2019,2019-11-23,Tennessee,Missouri,away,24,20,2.5,-2.6,4,0,0,6.6,AS EXPECTED,graded,pbp,73,66,0.1544,-0.0363,9,ok,0,24,6,0,4,,0,1,Road · Night
v3.0,2019,2019-11-23,Washington,Colorado,away,14,20,-14.0,14.6,-6,0,0,-20.6,SOFT,graded,pbp,67,69,-0.1921,0.2033,-19,ok,0,0,5,0,2,,0,1,Road · Night
v3.0,2019,2019-11-23,Texas Tech,Kansas State,home,27,30,-1.0,1.0,-3,0,0,-4.0,AS EXPECTED,graded,pbp,81,65,0.0967,0.0145,4,ok,0,10,5,1,3,,1,2,Night
v3.0,2019,2019-11-23,Wisconsin,Purdue,home,45,24,-24.5,22.7,21,0,0,-1.7,AS EXPECTED,graded,pbp,74,64,0.1705,0.3557,-9,ok,0,24,6,2,3,10,1,4,
v3.0,2019,2019-11-23,West Virginia,Oklahoma State,home,13,20,6.5,-6.8,-7,0,0,-0.2,AS EXPECTED,graded,pbp,60,66,-0.0249,-0.0944,3,ok,0,13,4,0,4,,0,0,Ranked opponent
v3.0,2019,2019-11-23,USC,UCLA,home,52,35,-13.5,14.1,17,0,0,2.9,AS EXPECTED,graded,pbp,79,88,0.2475,0.196,3,ok,0,24,6,1,2,7,2,0,
v3.0,2019,2019-11-23,Alabama,Western Carolina,home,66,3,-58.5,36.7,38,28,3,1.3,AS EXPECTED,graded,pbp,25,33,1.1274,0.8493,6,ok,0,21,4,0,0,28,5,1,FCS opponent
v3.0,2019,2019-11-23,Mississippi State,Abilene Christian,home,45,7,-37.0,29.1,24,14,0,-5.1,AS EXPECTED,graded,pbp,56,55,0.3326,0.5372,-8,ok,0,38,8,0,0,10,2,0,Night · FCS opponent
v3.0,2019,2019-11-23,Illinois,Iowa,away,10,19,15.5,-15.9,-9,0,0,6.9,AS EXPECTED,graded,pbp,73,67,-0.0866,-0.225,7,ok,0,7,7,0,3,,1,3,Road · Ranked opponent
v3.0,2019,2019-11-23,Colorado,Washington,home,20,14,14.0,-14.6,6,0,0,20.6,DAWG,graded,pbp,69,67,0.1921,-0.2033,19,ok,0,13,6,1,2,-7,1,0,Night
v3.0,2019,2019-11-23,Georgia,Texas A&M,home,19,13,-12.0,12.7,6,0,0,-6.7,AS EXPECTED,graded,pbp,59,62,-0.0579,0.1742,-10,ok,0,13,7,1,2,-4,1,0,
v3.0,2019,2019-11-23,Iowa State,Kansas,home,41,31,-26.5,24.0,10,0,0,-14.0,SOFT,graded,pbp,77,76,0.1305,0.3847,-14,ok,0,21,6,3,5,-2,0,1,
v3.0,2019,2019-11-23,Northwestern,Minnesota,home,22,38,16.0,-16.4,-16,0,0,0.4,AS EXPECTED,graded,pbp,61,60,-0.1827,-0.2323,2,ok,0,0,1,0,1,,1,1,Top-10 opponent
v3.0,2019,2019-11-23,Arkansas,LSU,away,20,56,41.5,-30.8,-29,14,21,1.8,AS EXPECTED,graded,pbp,39,38,-0.6967,-0.6025,-3,ok,0,6,3,0,2,,1,1,Road · Night · Full house · Top-10 opponent
v3.0,2019,2019-11-23,Indiana,Michigan,home,14,39,9.5,-10.0,-25,0,0,-15.0,SOFT,graded,pbp,48,51,-0.4557,-0.1379,-11,ok,0,7,3,0,3,,1,2,Ranked opponent
v3.0,2019,2019-11-23,Notre Dame,Boston College,home,40,7,-20.5,19.8,26,7,0,6.2,AS EXPECTED,graded,pbp,67,48,0.3621,0.2976,3,ok,0,27,9,1,1,17,2,0,
v3.0,2019,2019-11-23,Arizona State,Oregon,home,31,28,13.5,-14.1,3,0,0,17.1,DAWG,graded,pbp,74,64,0.0832,-0.196,14,ok,0,13,8,2,2,-11,2,0,Top-10 opponent
v3.0,2019,2019-11-23,Kentucky,UT Martin,home,50,7,-30.5,26.3,29,21,7,2.7,AS EXPECTED,graded,pbp,28,28,0.7083,0.4428,5,ok,0,35,9,1,1,20,2,1,FCS opponent
v3.0,2019,2019-11-23,Louisville,Syracuse,home,56,34,-7.5,7.9,22,0,0,14.1,DAWG,graded,pbp,61,77,0.0873,0.1089,-1,ok,0,21,4,0,1,11,0,1,
v3.0,2019,2019-11-23,LSU,Arkansas,home,56,20,-41.5,30.8,29,21,14,-1.8,AS EXPECTED,graded,pbp,38,39,0.6967,0.6025,3,ok,0,21,5,1,2,14,1,1,Night
v3.0,2019,2019-11-28,Ole Miss,Mississippi State,away,20,21,-1.5,1.6,-1,0,0,-2.6,AS EXPECTED,graded,pbp,72,58,0.0291,0.0218,0,ok,0,14,7,0,2,,2,3,Road · Night
v3.0,2019,2019-11-28,Mississippi State,Ole Miss,home,21,20,1.5,-1.6,1,0,0,2.6,AS EXPECTED,graded,pbp,58,72,-0.0291,-0.0218,0,ok,0,21,8,0,1,-13,3,2,Night
v3.0,2019,2019-11-29,Missouri,Arkansas,away,24,14,-15.0,15.5,10,0,0,-5.5,AS EXPECTED,graded,pbp,70,62,0.1309,0.2178,-4,ok,0,17,8,1,2,0,0,1,Road
v3.0,2019,2019-11-29,Nebraska,Iowa,home,24,27,4.0,-4.2,-3,0,0,1.2,AS EXPECTED,graded,pbp,79,56,0.2012,-0.0581,12,ok,0,17,9,0,2,,2,2,Ranked opponent
v3.0,2019,2019-11-29,UCF,South Florida,home,34,7,-24.0,22.3,24,3,0,1.7,AS EXPECTED,graded,pbp,70,44,0.2858,0.3484,-3,ok,0,17,8,0,0,10,3,0,Night · Group of 5 opponent
v3.0,2019,2019-11-29,Cincinnati,Memphis,away,24,34,13.5,-14.1,-10,0,0,4.1,AS EXPECTED,graded,pbp,77,64,-0.039,-0.196,8,ok,0,7,5,1,2,,1,3,Road · Ranked opponent · Group of 5 opponent
v3.0,2019,2019-11-29,Iowa,Nebraska,away,27,24,-4.0,4.2,3,0,0,-1.2,AS EXPECTED,graded,pbp,56,79,-0.2012,0.0581,-12,ok,0,13,10,2,4,-8,2,2,Road · Full house
v3.0,2019,2019-11-29,Texas,Texas Tech,home,49,24,-8.0,8.4,25,0,0,16.6,DAWG,graded,pbp,68,76,0.4048,0.1161,15,ok,0,28,7,1,2,11,2,0,
v3.0,2019,2019-11-29,Virginia,Virginia Tech,home,39,30,1.5,-1.6,9,0,0,10.6,AS EXPECTED,graded,pbp,58,75,0.1273,-0.0218,7,ok,0,3,6,4,6,-1,3,1,Ranked opponent
v3.0,2019,2019-11-29,Virginia Tech,Virginia,away,30,39,-1.5,1.6,-9,0,0,-10.6,AS EXPECTED,graded,pbp,75,58,-0.1273,0.0218,-7,ok,0,13,7,2,5,,1,3,Road
v3.0,2019,2019-11-29,TCU,West Virginia,home,17,20,-13.5,14.1,-3,0,0,-17.1,SOFT,graded,pbp,71,62,0.0531,0.196,-7,ok,0,10,7,0,3,,3,2,
v3.0,2019,2019-11-29,Washington,Washington State,home,31,13,-7.0,7.3,18,0,0,10.7,AS EXPECTED,graded,pbp,51,82,0.2374,0.1016,6,ok,0,17,6,1,2,7,3,1,Group of 5 opponent
v3.0,2019,2019-11-29,Texas Tech,Texas,away,24,49,8.0,-8.4,-25,0,0,-16.6,SOFT,graded,pbp,76,68,-0.4048,-0.1161,-15,ok,0,21,5,0,4,-39,0,2,Road
v3.0,2019,2019-11-29,West Virginia,TCU,away,20,17,13.5,-14.1,3,0,0,17.1,DAWG,graded,pbp,62,71,-0.0531,-0.196,7,ok,0,17,9,1,2,,2,3,Road
v3.0,2019,2019-11-29,Arkansas,Missouri,home,14,24,15.0,-15.5,-10,0,0,5.5,AS EXPECTED,graded,pbp,62,70,-0.1309,-0.2178,4,ok,0,14,6,0,3,,1,0,
v3.0,2019,2019-11-30,Boston College,Pittsburgh,away,26,19,8.5,-9.0,7,0,0,16.0,DAWG,graded,pbp,79,65,0.1599,-0.1234,14,ok,0,12,7,2,4,-3,4,0,Road
v3.0,2019,2019-11-30,Arizona,Arizona State,away,14,24,13.5,-14.1,-10,0,0,4.1,AS EXPECTED,graded,pbp,70,74,0.064,-0.196,13,ok,0,7,6,0,3,,0,3,Road · Night · Full house
v3.0,2019,2019-11-30,Maryland,Michigan State,away,16,19,21.5,-20.6,-3,0,0,17.6,DAWG,graded,pbp,57,79,-0.2346,-0.3121,4,ok,0,14,6,0,5,,2,3,Road
v3.0,2019,2019-11-30,Michigan State,Maryland,home,19,16,-21.5,20.6,3,0,0,-17.6,SOFT,graded,pbp,79,57,0.2346,0.3121,-4,ok,0,13,7,1,3,,3,2,
v3.0,2019,2019-11-30,Michigan,Ohio State,home,27,56,9.0,-9.5,-37,8,0,-27.5,CERTIFIED SOFT,graded,pbp,58,70,-0.5412,-0.1307,-19,ok,0,7,3,1,3,,0,3,Top-10 opponent
v3.0,2019,2019-11-30,Minnesota,Wisconsin,home,17,38,3.0,-3.1,-28,7,0,-24.9,CERTIFIED SOFT,graded,pbp,56,57,-0.4422,-0.0436,-16,ok,0,7,4,0,2,,1,2,Ranked opponent
v3.0,2019,2019-11-30,Duke,Miami,home,27,17,9.5,-10.0,10,0,0,20.0,DAWG,graded,pbp,73,76,0.0781,-0.1379,11,ok,0,20,11,1,3,0,1,1,
v3.0,2019,2019-11-30,NC State,North Carolina,home,10,41,11.0,-11.6,-24,0,7,-12.4,SOFT,graded,pbp,43,61,-0.4425,-0.1597,-10,ok,0,10,6,0,3,,1,4,Night
v3.0,2019,2019-11-30,North Carolina,NC State,away,41,10,-11.0,11.6,24,7,0,12.4,DAWG,graded,pbp,61,43,0.4425,0.1597,10,ok,0,41,10,0,2,14,4,1,Road · Night · Full house
v3.0,2019,2019-11-30,Wake Forest,Syracuse,away,30,39,-6.5,6.8,-9,0,0,-15.8,SOFT,graded,pbp,96,80,0.0157,0.0944,-5,ok,7,6,8,3,6,,3,4,Road
v3.0,2019,2019-11-30,Rutgers,Penn State,away,6,27,39.0,-29.9,-21,0,0,8.9,AS EXPECTED,graded,pbp,71,61,-0.114,-0.5662,21,ok,0,6,5,0,1,,1,0,Road · Top-10 opponent
v3.0,2019,2019-11-30,Syracuse,Wake Forest,home,39,30,6.5,-6.8,9,0,0,15.8,DAWG,graded,pbp,80,96,-0.0157,-0.0944,5,ok,7,17,9,4,5,-5,4,3,
v3.0,2019,2019-11-30,Ohio State,Michigan,away,56,27,-9.0,9.5,37,0,8,27.5,CERTIFIED DAWG,graded,pbp,70,58,0.5412,0.1307,19,ok,0,35,6,2,2,22,3,0,Road · Full house · Ranked opponent
v3.0,2019,2019-11-30,Oklahoma State,Oklahoma,home,16,34,14.0,-14.6,-18,0,0,-3.4,AS EXPECTED,graded,pbp,61,61,-0.3279,-0.2033,-5,ok,0,3,2,1,2,,0,2,Night · Top-10 opponent
v3.0,2019,2019-11-30,Auburn,Alabama,home,48,45,3.5,-3.6,3,0,0,6.6,AS EXPECTED,graded,pbp,65,77,-0.1139,-0.0508,-3,ok,0,13,3,1,3,,2,1,Top-10 opponent
v3.0,2019,2019-11-30,Oklahoma,Oklahoma State,away,34,16,-14.0,14.6,18,0,0,3.4,AS EXPECTED,graded,pbp,61,61,0.3279,0.2033,5,ok,0,14,4,3,3,8,2,0,Road · Night · Full house · Ranked opponent
v3.0,2019,2019-11-30,Penn State,Rutgers,home,27,6,-39.0,29.9,21,0,0,-8.9,AS EXPECTED,graded,pbp,61,71,0.114,0.5662,-21,ok,0,14,6,2,2,11,0,1,
v3.0,2019,2019-11-30,Pittsburgh,Boston College,home,19,26,-8.5,9.0,-7,0,0,-16.0,SOFT,graded,pbp,65,79,-0.1599,0.1234,-14,ok,0,10,5,1,4,,0,4,
v3.0,2019,2019-11-30,Clemson,South Carolina,away,38,3,-27.5,24.6,28,7,0,3.4,AS EXPECTED,graded,pbp,63,42,0.4807,0.3993,3,ok,0,21,4,0,0,14,1,0,Road · Full house
v3.0,2019,2019-11-30,Kansas,Baylor,home,6,61,14.0,-14.6,-34,6,27,-19.4,SOFT,graded,pbp,34,45,-0.6018,-0.2033,-11,ok,0,0,0,0,1,,3,4,
v3.0,2019,2019-11-30,Kansas State,Iowa State,home,27,17,5.0,-5.2,10,0,0,15.2,DAWG,graded,pbp,61,54,0.0457,-0.0726,5,ok,0,17,8,1,2,-4,0,2,Night · Ranked opponent
v3.0,2019,2019-11-30,Vanderbilt,Tennessee,away,10,28,23.0,-21.6,-18,0,0,3.6,AS EXPECTED,graded,pbp,66,58,-0.2621,-0.3339,3,ok,0,10,6,0,1,,1,0,Road
v3.0,2019,2019-11-30,Baylor,Kansas,away,61,6,-14.0,14.6,34,27,6,19.4,DAWG,graded,pbp,45,34,0.6018,0.2033,11,ok,0,24,5,0,0,20,4,3,Road
v3.0,2019,2019-11-30,Miami,Duke,away,17,27,-9.5,10.0,-10,0,0,-20.0,SOFT,graded,pbp,76,73,-0.0781,0.1379,-11,ok,0,3,10,2,4,,1,1,Road
v3.0,2019,2019-11-30,Stanford,Notre Dame,home,24,45,17.0,-17.2,-21,0,0,-3.8,AS EXPECTED,graded,pbp,75,67,-0.1025,-0.2468,7,ok,0,14,6,1,3,-31,0,0,Ranked opponent
v3.0,2019,2019-11-30,Texas A&M,LSU,away,7,50,17.5,-17.6,-38,7,12,-20.4,SOFT,graded,pbp,26,50,-0.8152,-0.2541,-15,ok,0,0,0,0,1,,0,3,Road · Night · Full house · Top-10 opponent
v3.0,2019,2019-11-30,Houston,Navy,home,41,56,9.5,-10.0,-15,0,0,-5.0,AS EXPECTED,graded,pbp,65,60,-0.1044,-0.1379,1,ok,0,10,4,3,6,,0,5,Night · Group of 5 opponent
v3.0,2019,2019-11-30,Oregon,Oregon State,home,24,10,-20.5,19.8,14,0,0,-5.8,AS EXPECTED,graded,pbp,67,75,0.0444,0.2976,-13,ok,0,14,9,1,2,0,1,1,Group of 5 opponent
v3.0,2019,2019-11-30,California,UCLA,away,28,18,1.0,-1.0,10,0,0,11.0,AS EXPECTED,graded,pbp,65,83,0.2079,-0.0145,12,ok,0,21,7,1,3,-1,1,1,Road · Night
v3.0,2019,2019-11-30,Purdue,Indiana,home,41,44,7.0,-7.3,-3,0,0,4.3,AS EXPECTED,graded,pbp,73,78,0.0412,-0.1016,8,ok,19,14,6,2,3,,0,2,
v3.0,2019,2019-11-30,BYU,San Diego State,away,3,13,-4.5,4.7,-10,0,0,-14.7,SOFT,graded,pbp,81,60,0.0501,0.0653,-1,ok,0,3,8,0,1,,0,3,Road · Night · Group of 5 opponent
v3.0,2019,2019-11-30,Utah,Colorado,home,45,15,-27.5,24.6,31,7,8,6.4,AS EXPECTED,graded,pbp,49,40,0.3246,0.3993,-2,ok,0,24,6,1,1,21,1,1,
v3.0,2019,2019-11-30,SMU,Tulane,home,37,20,-3.0,3.1,17,0,0,13.9,DAWG,graded,pbp,65,90,0.067,0.0436,1,ok,0,28,7,0,2,3,1,1,Group of 5 opponent
v3.0,2019,2019-11-30,South Carolina,Clemson,home,3,38,27.5,-24.6,-28,0,7,-3.4,AS EXPECTED,graded,pbp,42,63,-0.4807,-0.3993,-3,ok,0,3,2,0,1,,0,1,
v3.0,2019,2019-11-30,UCLA,California,home,18,28,-1.0,1.0,-10,0,0,-11.0,AS EXPECTED,graded,pbp,83,65,-0.2079,0.0145,-12,ok,0,10,6,0,2,,1,1,Night
v3.0,2019,2019-11-30,Tennessee,Vanderbilt,home,28,10,-23.0,21.6,18,0,0,-3.6,AS EXPECTED,graded,pbp,58,66,0.2621,0.3339,-3,ok,0,21,8,0,1,7,0,1,
v3.0,2019,2019-11-30,Wisconsin,Minnesota,away,38,17,-3.0,3.1,28,0,7,24.9,CERTIFIED DAWG,graded,pbp,57,56,0.4422,0.0436,16,ok,0,31,6,1,2,18,2,1,Road · Full house · Top-10 opponent
v3.0,2019,2019-11-30,Alabama,Auburn,away,45,48,-3.5,3.6,-3,0,0,-6.6,AS EXPECTED,graded,pbp,77,65,0.1139,0.0508,3,ok,0,10,4,4,6,,1,2,Road · Full house · Ranked opponent
v3.0,2019,2019-11-30,Illinois,Northwestern,home,10,29,-6.0,6.3,-19,0,0,-25.3,CERTIFIED SOFT,graded,pbp,49,75,-0.4425,0.0871,-23,ok,0,7,3,0,2,,1,2,
v3.0,2019,2019-11-30,Colorado,Utah,away,15,45,27.5,-24.6,-31,8,7,-6.4,AS EXPECTED,graded,pbp,40,49,-0.3246,-0.3993,2,ok,0,7,3,0,2,,1,1,Road · Top-10 opponent
v3.0,2019,2019-11-30,Florida State,Florida,away,17,40,17.0,-17.2,-23,0,0,-5.8,AS EXPECTED,graded,pbp,40,63,-0.0607,-0.2468,7,ok,0,0,3,1,2,,0,0,Road · Night · Full house · Ranked opponent
v3.0,2019,2019-11-30,Florida,Florida State,home,40,17,-17.0,17.2,23,0,0,5.8,AS EXPECTED,graded,pbp,63,40,0.0607,0.2468,-7,ok,0,17,6,1,1,10,0,0,Night
v3.0,2019,2019-11-30,Georgia Tech,Georgia,home,7,52,28.5,-25.2,-31,0,14,-5.8,AS EXPECTED,graded,pbp,43,54,-0.6045,-0.4138,-7,ok,0,0,4,0,1,,2,1,Top-10 opponent
v3.0,2019,2019-11-30,Georgia,Georgia Tech,away,52,7,-28.5,25.2,31,14,0,5.8,AS EXPECTED,graded,pbp,54,43,0.6045,0.4138,7,ok,0,31,10,0,0,21,1,2,Road · Full house
v3.0,2019,2019-11-30,Iowa State,Kansas State,away,17,27,-5.0,5.2,-10,0,0,-15.2,SOFT,graded,pbp,54,61,-0.0457,0.0726,-5,ok,0,17,6,0,3,,2,0,Road · Night · Full house
v3.0,2019,2019-11-30,Northwestern,Illinois,away,29,10,6.0,-6.3,19,0,0,25.3,CERTIFIED DAWG,graded,pbp,75,49,0.4425,-0.0871,23,ok,0,17,6,2,2,9,2,1,Road
v3.0,2019,2019-11-30,Indiana,Purdue,away,44,41,-7.0,7.3,3,0,0,-4.3,AS EXPECTED,graded,pbp,78,73,-0.0412,0.1016,-8,ok,19,21,6,4,5,-11,2,0,Road · Full house
v3.0,2019,2019-11-30,Notre Dame,Stanford,away,45,24,-17.0,17.2,21,0,0,3.8,AS EXPECTED,graded,pbp,67,75,0.1025,0.2468,-7,ok,0,28,8,1,2,10,0,0,Road
v3.0,2019,2019-11-30,Arizona State,Arizona,home,24,14,-13.5,14.1,10,0,0,-4.1,AS EXPECTED,graded,pbp,74,70,-0.064,0.196,-13,ok,0,16,9,0,1,-4,3,0,Night
v3.0,2019,2019-11-30,Kentucky,Louisville,home,45,13,-3.5,3.6,25,7,0,21.4,DAWG,graded,pbp,36,49,0.5903,0.0508,16,ok,0,31,8,1,1,14,2,0,
v3.0,2019,2019-11-30,Louisville,Kentucky,away,13,45,3.5,-3.6,-25,0,7,-21.4,SOFT,graded,pbp,49,36,-0.5903,-0.0508,-16,ok,0,7,3,0,2,,0,2,Road
v3.0,2019,2019-11-30,LSU,Texas A&M,home,50,7,-17.5,17.6,38,12,7,20.4,DAWG,graded,pbp,50,26,0.8152,0.2541,15,ok,0,21,3,0,0,24,3,0,Night
v3.0,2019,2019-12-06,Oregon,Utah,neutral,37,15,-6.5,6.8,22,0,0,15.2,DAWG,graded,pbp,67,64,0.2391,0.0944,7,ok,0,37,10,0,0,12,2,0,Night · Top-10 opponent
v3.0,2019,2019-12-06,Utah,Oregon,neutral,15,37,6.5,-6.8,-22,0,0,-15.2,SOFT,graded,pbp,64,67,-0.2391,-0.0944,-7,ok,0,7,6,0,1,,0,2,Night · Ranked opponent
v3.0,2019,2019-12-07,Ohio State,Wisconsin,neutral,34,21,-16.5,16.8,13,0,0,-3.8,AS EXPECTED,graded,pbp,78,71,0.1836,0.2396,-3,ok,0,27,7,0,1,3,1,1,Night · Top-10 opponent
v3.0,2019,2019-12-07,Oklahoma,Baylor,neutral,30,23,-9.5,10.0,7,0,0,-3.0,AS EXPECTED,graded,pbp,71,52,0.0934,0.1379,-2,ok,7,23,8,0,4,-3,1,3,Top-10 opponent
v3.0,2019,2019-12-07,Cincinnati,Memphis,away,24,29,9.0,-9.5,-5,0,0,4.5,AS EXPECTED,graded,pbp,74,83,-0.0668,-0.1307,4,ok,0,10,6,1,6,,1,3,Road · Ranked opponent · Group of 5 opponent
v3.0,2019,2019-12-07,Clemson,Virginia,neutral,62,17,-29.0,25.5,31,17,3,5.5,AS EXPECTED,graded,pbp,48,56,0.5023,0.421,3,ok,0,31,5,1,1,21,4,0,Night
v3.0,2019,2019-12-07,Baylor,Oklahoma,neutral,23,30,9.5,-10.0,-7,0,0,3.0,AS EXPECTED,graded,pbp,52,71,-0.0934,-0.1379,2,ok,7,16,7,0,3,,3,1,Top-10 opponent
v3.0,2019,2019-12-07,Virginia,Clemson,neutral,17,62,29.0,-25.5,-31,3,17,-5.5,AS EXPECTED,graded,pbp,56,48,-0.5023,-0.421,-3,ok,0,7,1,1,2,,0,4,Night
v3.0,2019,2019-12-07,Wisconsin,Ohio State,neutral,21,34,16.5,-16.8,-13,0,0,3.8,AS EXPECTED,graded,pbp,71,78,-0.1836,-0.2396,3,ok,0,7,3,1,4,-27,1,1,Night · Top-10 opponent
v3.0,2019,2019-12-07,Georgia,LSU,neutral,10,37,7.0,-7.3,-31,7,3,-23.7,SOFT,graded,pbp,49,60,-0.506,-0.1016,-16,ok,0,0,2,0,1,,0,2,Top-10 opponent
v3.0,2019,2019-12-07,LSU,Georgia,neutral,37,10,-7.0,7.3,31,3,7,23.7,DAWG,graded,pbp,60,49,0.506,0.1016,16,ok,0,31,7,0,0,17,2,0,Top-10 opponent
v3.0,2019,2019-12-21,SMU,Florida Atlantic,away,28,52,-7.0,7.3,-28,14,10,-35.3,CERTIFIED SOFT,graded,pbp,70,66,-0.1623,0.1016,-13,ok,0,7,7,1,3,,1,1,Road · Postseason · Group of 5 opponent
v3.0,2019,2019-12-21,Washington,Boise State,neutral,38,7,-3.5,3.6,24,7,0,20.4,DAWG,graded,pbp,56,47,0.2833,0.0508,9,ok,0,35,7,0,0,10,3,0,Ranked opponent · Postseason · Group of 5 opponent
v3.0,2019,2019-12-23,UCF,Marshall,neutral,48,25,-15.5,15.9,23,0,0,7.1,AS EXPECTED,graded,pbp,71,57,0.1392,0.225,-4,ok,0,10,6,2,5,9,5,1,Postseason · Group of 5 opponent
v3.0,2019,2019-12-24,BYU,Hawai'i,away,34,38,2.5,,,,,,,no_scoring,,,,,,,unreconciled,0,10,7,0,2,,0,3,Road · Night · Full house · Postseason · Group of 5 opponent
v3.0,2019,2019-12-26,Pittsburgh,Eastern Michigan,neutral,34,30,-12.0,12.7,4,0,0,-8.7,AS EXPECTED,graded,pbp,68,86,0.1051,0.1742,-4,ok,0,17,5,2,5,,0,1,Night · Postseason · Group of 5 opponent
v3.0,2019,2019-12-26,Miami,Louisiana Tech,neutral,0,14,-6.5,6.8,-14,0,0,-20.8,SOFT,graded,pbp,62,68,-0.2167,0.0944,-14,ok,0,0,10,0,1,,1,5,Postseason · Group of 5 opponent
v3.0,2019,2019-12-27,Michigan State,Wake Forest,neutral,27,21,-3.5,3.6,6,0,0,2.4,AS EXPECTED,graded,pbp,79,70,0.1677,0.0508,6,ok,0,3,7,2,3,,1,2,Postseason
v3.0,2019,2019-12-27,North Carolina,Temple,neutral,55,13,-6.0,6.3,35,14,7,28.7,CERTIFIED DAWG,graded,pbp,60,45,0.5533,0.0871,17,ok,0,17,4,1,1,25,2,1,Postseason · Group of 5 opponent
v3.0,2019,2019-12-27,Wake Forest,Michigan State,neutral,21,27,3.5,-3.6,-6,0,0,-2.4,AS EXPECTED,graded,pbp,70,79,-0.1677,-0.0508,-6,ok,0,7,7,1,4,,2,1,Postseason
v3.0,2019,2019-12-27,Oklahoma State,Texas A&M,neutral,21,24,4.5,-4.7,-3,0,0,1.7,AS EXPECTED,graded,pbp,59,61,-0.0177,-0.0653,2,ok,0,14,6,0,3,-17,2,0,Night · Postseason
v3.0,2019,2019-12-27,Iowa,USC,neutral,49,24,1.5,-1.6,25,0,0,26.6,CERTIFIED DAWG,graded,pbp,63,63,0.2962,-0.0218,14,ok,0,21,7,3,3,11,4,0,Night · Ranked opponent · Postseason
v3.0,2019,2019-12-27,Texas A&M,Oklahoma State,neutral,24,21,-4.5,4.7,3,0,0,-1.7,AS EXPECTED,graded,pbp,61,59,0.0177,0.0653,-2,ok,0,24,7,0,1,-7,0,2,Night · Ranked opponent · Postseason
v3.0,2019,2019-12-27,USC,Iowa,neutral,24,49,-1.5,1.6,-25,0,0,-26.6,CERTIFIED SOFT,graded,pbp,63,63,-0.2962,0.0218,-14,ok,0,0,4,2,3,,0,4,Night · Ranked opponent · Postseason
v3.0,2019,2019-12-28,Ohio State,Clemson,neutral,23,29,2.5,-2.6,-6,0,0,-3.4,AS EXPECTED,graded,pbp,85,62,-0.091,-0.0363,-3,ok,0,20,8,0,3,-16,0,2,Night · Postseason
v3.0,2019,2019-12-28,Oklahoma,LSU,neutral,28,63,12.5,-13.2,-35,14,14,-21.8,SOFT,graded,pbp,36,40,-0.8983,-0.1815,-19,ok,0,7,1,0,2,,0,1,Top-10 opponent · Postseason
v3.0,2019,2019-12-28,Penn State,Memphis,neutral,53,39,-6.5,6.8,14,0,0,7.2,AS EXPECTED,graded,pbp,73,86,0.1171,0.0944,1,ok,0,21,4,3,7,-1,2,1,Ranked opponent · Postseason · Group of 5 opponent
v3.0,2019,2019-12-28,Clemson,Ohio State,neutral,29,23,-2.5,2.6,6,0,0,3.4,AS EXPECTED,graded,pbp,62,85,0.091,0.0363,3,ok,0,21,6,0,2,,2,0,Night · Postseason
v3.0,2019,2019-12-28,Iowa State,Notre Dame,neutral,9,33,3.5,-3.6,-24,0,0,-20.4,SOFT,graded,pbp,56,60,-0.3339,-0.0508,-12,ok,0,6,3,0,1,,1,1,Ranked opponent · Postseason
v3.0,2019,2019-12-28,Notre Dame,Iowa State,neutral,33,9,-3.5,3.6,24,0,0,20.4,DAWG,graded,pbp,60,56,0.3339,0.0508,12,ok,0,24,7,1,1,14,1,1,Postseason
v3.0,2019,2019-12-28,LSU,Oklahoma,neutral,63,28,-12.5,13.2,35,14,14,21.8,DAWG,graded,pbp,40,36,0.8983,0.1815,19,ok,0,28,5,1,1,21,1,0,Top-10 opponent · Postseason
v3.0,2019,2019-12-30,California,Illinois,neutral,35,20,-6.0,6.3,15,0,0,8.7,AS EXPECTED,graded,pbp,68,77,0.1785,0.0871,5,ok,0,21,7,2,2,4,1,0,Postseason
v3.0,2019,2019-12-30,Virginia,Florida,neutral,28,36,-15.5,15.9,-8,0,0,-23.9,SOFT,graded,pbp,62,72,-0.0416,0.225,-13,ok,0,7,3,1,3,,1,1,Night · Top-10 opponent · Postseason
v3.0,2019,2019-12-30,Mississippi State,Louisville,neutral,28,38,-4.5,4.7,-10,0,0,-14.7,SOFT,graded,pbp,63,69,-0.0421,0.0653,-5,ok,0,14,6,2,4,-24,2,0,Postseason
v3.0,2019,2019-12-30,Illinois,California,neutral,20,35,6.0,-6.3,-15,0,0,-8.7,AS EXPECTED,graded,pbp,77,68,-0.1785,-0.0871,-5,ok,0,3,5,1,2,,0,1,Postseason
v3.0,2019,2019-12-30,Florida,Virginia,neutral,36,28,15.5,-15.9,8,0,0,23.9,DAWG,graded,pbp,72,62,0.0416,-0.225,13,ok,0,13,6,3,3,-2,1,1,Night · Ranked opponent · Postseason
v3.0,2019,2019-12-30,Louisville,Mississippi State,neutral,38,28,4.5,-4.7,10,0,0,14.7,DAWG,graded,pbp,69,63,0.0421,-0.0653,5,ok,0,21,5,1,4,0,0,2,Postseason
v3.0,2019,2019-12-31,Kansas State,Navy,neutral,17,20,2.0,-2.1,-3,0,0,-0.9,AS EXPECTED,graded,pbp,41,63,-0.3257,-0.029,-11,ok,0,7,2,0,1,,0,1,Ranked opponent · Postseason · Group of 5 opponent
v3.0,2019,2019-12-31,Texas,Utah,neutral,38,10,7.0,-7.3,28,0,0,35.3,CERTIFIED DAWG,graded,pbp,48,57,0.2882,-0.1016,15,ok,0,21,6,0,0,18,1,1,Night · Ranked opponent · Postseason
v3.0,2019,2019-12-31,Utah,Texas,neutral,10,38,-7.0,7.3,-28,0,0,-35.3,CERTIFIED SOFT,graded,pbp,57,48,-0.2882,0.1016,-15,ok,0,0,3,0,1,,1,1,Night · Postseason
v3.0,2019,2019-12-31,Virginia Tech,Kentucky,neutral,30,37,-2.5,2.6,-7,0,0,-9.6,AS EXPECTED,graded,pbp,55,68,-0.037,0.0363,-3,ok,0,10,4,3,4,-17,2,0,Postseason
v3.0,2019,2019-12-31,Florida State,Arizona State,neutral,14,20,3.0,-3.1,-6,0,0,-2.9,AS EXPECTED,graded,pbp,79,65,0.1085,-0.0436,8,ok,0,14,10,0,4,,2,6,Postseason
v3.0,2019,2019-12-31,Arizona State,Florida State,neutral,20,14,-3.0,3.1,6,0,0,2.9,AS EXPECTED,graded,pbp,65,79,-0.1085,0.0436,-8,ok,0,9,11,1,2,-3,6,2,Postseason
v3.0,2019,2019-12-31,Kentucky,Virginia Tech,neutral,37,30,2.5,-2.6,7,0,0,9.6,AS EXPECTED,graded,pbp,68,55,0.037,-0.0363,3,ok,0,14,2,2,5,,0,2,Postseason
v3.0,2019,2020-01-01,Michigan,Alabama,neutral,16,35,7.5,-7.9,-19,0,0,-11.1,AS EXPECTED,graded,pbp,80,55,-0.3617,-0.1089,-12,ok,0,13,6,0,2,,0,2,Ranked opponent · Postseason
v3.0,2019,2020-01-01,Minnesota,Auburn,neutral,31,24,7.0,-7.3,7,0,0,14.3,DAWG,graded,pbp,75,52,0.2022,-0.1016,14,ok,0,14,5,2,4,,0,3,Ranked opponent · Postseason
v3.0,2019,2020-01-01,Auburn,Minnesota,neutral,24,31,-7.0,7.3,-7,0,0,-14.3,SOFT,graded,pbp,52,75,-0.2022,0.1016,-14,ok,0,10,5,2,4,,3,0,Ranked opponent · Postseason
v3.0,2019,2020-01-01,Baylor,Georgia,neutral,14,26,-3.5,3.6,-12,0,0,-15.6,SOFT,graded,pbp,78,70,-0.059,0.0508,-6,ok,0,0,7,0,1,,0,3,Night · Top-10 opponent · Postseason
v3.0,2019,2020-01-01,Oregon,Wisconsin,neutral,28,27,-3.0,3.1,1,0,0,-2.1,AS EXPECTED,graded,pbp,51,72,-0.1893,0.0436,-10,ok,0,14,6,0,2,,3,1,Top-10 opponent · Postseason
v3.0,2019,2020-01-01,Wisconsin,Oregon,neutral,27,28,3.0,-3.1,-1,0,0,2.1,AS EXPECTED,graded,pbp,72,51,0.1893,-0.0436,10,ok,0,6,8,2,2,,1,3,Top-10 opponent · Postseason
v3.0,2019,2020-01-01,Alabama,Michigan,neutral,35,16,-7.5,7.9,19,0,0,11.1,AS EXPECTED,graded,pbp,55,80,0.3617,0.1089,12,ok,0,21,7,1,3,7,2,0,Ranked opponent · Postseason
v3.0,2019,2020-01-01,Georgia,Baylor,neutral,26,14,3.5,-3.6,12,0,0,15.6,DAWG,graded,pbp,70,78,0.059,-0.0508,6,ok,0,27,9,0,0,2,3,0,Night · Top-10 opponent · Postseason
v3.0,2019,2020-01-02,Boston College,Cincinnati,neutral,6,38,-7.5,7.9,-25,0,7,-32.9,CERTIFIED SOFT,graded,pbp,32,72,-0.5895,0.1089,-26,ok,0,0,3,0,1,,0,1,Ranked opponent · Postseason
v3.0,2019,2020-01-02,Cincinnati,Boston College,neutral,38,6,7.5,-7.9,25,7,0,32.9,CERTIFIED DAWG,graded,pbp,72,32,0.5895,-0.1089,26,ok,0,24,7,0,0,15,1,0,Postseason
v3.0,2019,2020-01-02,Tennessee,Indiana,neutral,23,22,-3.5,3.6,1,0,0,-2.6,AS EXPECTED,graded,pbp,70,65,-0.0982,0.0508,-7,ok,0,13,6,1,3,,1,2,Night · Postseason
v3.0,2019,2020-01-02,Indiana,Tennessee,neutral,22,23,3.5,-3.6,-1,0,0,2.6,AS EXPECTED,graded,pbp,65,70,0.0982,-0.0508,7,ok,0,3,5,1,5,-11,2,1,Night · Postseason
v3.0,2019,2020-01-13,Clemson,LSU,neutral,25,42,4.5,-4.7,-17,0,0,-12.3,SOFT,graded,pbp,65,81,-0.2645,-0.0653,-10,ok,0,21,8,1,3,-27,0,1,Night · Postseason
v3.0,2019,2020-01-13,LSU,Clemson,neutral,42,25,-4.5,4.7,17,0,0,12.3,DAWG,graded,pbp,81,65,0.2645,0.0653,10,ok,0,35,9,0,3,6,1,0,Night · Postseason
v3.0,2020,2020-09-05,SMU,Texas State,away,31,24,-24.5,22.3,7,0,0,-15.3,SOFT,graded,pbp,80,77,0.0402,0.3647,-18,ok,0,10,9,2,2,-3,2,3,Road · Group of 5 opponent
v3.0,2020,2020-09-07,BYU,Navy,away,55,3,-1.0,1.0,31,24,3,30.0,CERTIFIED DAWG,graded,pbp,39,24,0.932,0.0149,21,ok,0,31,6,0,0,17,1,1,Road · Night · Group of 5 opponent
v3.0,2020,2020-09-10,Miami,UAB,home,31,14,-15.5,15.9,17,0,0,1.1,AS EXPECTED,graded,pbp,79,61,0.1825,0.2307,-2,ok,0,14,8,2,2,7,1,0,Night · Group of 5 opponent
v3.0,2020,2020-09-12,Duke,Notre Dame,away,13,27,21.5,-19.9,-14,0,0,5.9,AS EXPECTED,graded,pbp,67,73,-0.1955,-0.32,6,ok,0,13,7,0,3,,1,2,Road · Top-10 opponent
v3.0,2020,2020-09-12,North Carolina,Syracuse,home,31,6,-24.0,21.9,25,0,0,3.1,AS EXPECTED,graded,pbp,62,61,0.5478,0.3572,8,ok,0,21,8,1,2,14,2,2,
v3.0,2020,2020-09-12,Wake Forest,Clemson,home,13,37,34.5,-28.7,-31,10,3,-2.3,AS EXPECTED,graded,pbp,35,56,-0.3683,-0.5135,5,ok,0,0,2,0,1,,1,0,Night
v3.0,2020,2020-09-12,Syracuse,North Carolina,away,6,31,24.0,-21.9,-25,0,0,-3.1,AS EXPECTED,graded,pbp,61,62,-0.5478,-0.3572,-8,ok,0,3,6,0,2,,2,2,Road · Ranked opponent
v3.0,2020,2020-09-12,Oklahoma,Missouri State,home,48,0,-50.5,34.1,41,7,0,6.9,AS EXPECTED,graded,pbp,27,21,1.3931,0.7517,11,ok,0,28,4,0,0,27,1,1,Night · Group of 5 opponent
v3.0,2020,2020-09-12,Pittsburgh,Austin Peay,home,55,0,-30.5,26.7,42,13,0,15.3,DAWG,graded,pbp,41,24,0.9891,0.454,12,ok,0,28,4,0,0,28,3,0,FCS opponent
v3.0,2020,2020-09-12,Clemson,Wake Forest,away,37,13,-34.5,28.7,31,3,10,2.3,AS EXPECTED,graded,pbp,56,35,0.3683,0.5135,-5,ok,0,24,5,0,0,17,0,1,Road · Night
v3.0,2020,2020-09-12,Kansas,Coastal Carolina,home,23,38,-6.0,6.3,-15,0,0,-21.3,SOFT,graded,pbp,73,60,-0.2252,0.0893,-15,ok,0,7,3,0,1,,0,3,Night · Group of 5 opponent
v3.0,2020,2020-09-12,Kansas State,Arkansas State,home,31,35,-14.5,15.1,-4,0,0,-19.1,SOFT,graded,pbp,69,71,-0.1354,0.2158,-18,ok,0,24,6,1,4,-18,2,0,Group of 5 opponent
v3.0,2020,2020-09-12,Texas,UTEP,home,59,3,-45.0,32.4,42,14,0,9.6,AS EXPECTED,graded,pbp,47,35,0.8156,0.6698,4,ok,0,21,4,0,0,28,1,0,Night · Group of 5 opponent
v3.0,2020,2020-09-12,Texas Tech,Houston Baptist,home,35,33,-40.0,30.7,2,0,0,-28.7,CERTIFIED SOFT,graded,pbp,95,76,-0.0862,0.5954,-41,ok,0,21,5,1,4,-9,1,1,Night · FCS opponent
v3.0,2020,2020-09-12,West Virginia,Eastern Kentucky,home,56,10,-41.0,31.1,35,14,3,3.9,AS EXPECTED,graded,pbp,42,29,0.6572,0.6103,1,ok,0,21,5,0,0,21,1,0,FCS opponent
v3.0,2020,2020-09-12,Florida State,Georgia Tech,home,13,16,-12.5,13.3,-3,0,0,-16.3,SOFT,graded,pbp,80,74,-0.2872,0.1861,-26,ok,0,10,7,1,3,-13,2,3,
v3.0,2020,2020-09-12,Georgia Tech,Florida State,away,16,13,12.5,-13.3,3,0,0,16.3,DAWG,graded,pbp,74,80,0.2872,-0.1861,26,ok,0,10,6,1,2,,3,2,Road
v3.0,2020,2020-09-12,Iowa State,Louisiana,home,14,31,-13.5,14.3,-17,0,0,-31.3,CERTIFIED SOFT,graded,pbp,71,56,-0.1924,0.2009,-18,ok,0,7,7,1,2,,1,2,Group of 5 opponent
v3.0,2020,2020-09-12,Notre Dame,Duke,home,27,13,-21.5,19.9,14,0,0,-5.9,AS EXPECTED,graded,pbp,73,67,0.1955,0.32,-6,ok,0,17,7,1,3,3,2,1,
v3.0,2020,2020-09-12,Louisville,Western Kentucky,home,35,21,-13.0,13.8,14,0,0,0.2,AS EXPECTED,graded,pbp,72,58,0.2782,0.1935,4,ok,0,21,8,1,1,0,1,2,Night · Group of 5 opponent
v3.0,2020,2020-09-19,Boston College,Duke,away,26,6,3.5,-3.7,20,0,0,23.7,DAWG,graded,espn,,,,,,no_pbp,0,0,0,0,0,10,0,0,Road
v3.0,2020,2020-09-19,Duke,Boston College,home,6,26,-3.5,3.7,-20,0,0,-23.7,SOFT,graded,espn,,,,,,no_pbp,0,0,0,0,0,,0,0,
v3.0,2020,2020-09-19,NC State,Wake Forest,home,45,42,2.0,-2.1,3,0,0,5.1,AS EXPECTED,graded,pbp,73,85,-0.0451,-0.0298,-1,ok,0,24,6,2,5,-11,1,1,Night
v3.0,2020,2020-09-19,Wake Forest,NC State,away,42,45,-2.0,2.1,-3,0,0,-5.1,AS EXPECTED,graded,pbp,85,73,0.0451,0.0298,1,ok,0,14,4,1,4,,1,1,Road · Night
v3.0,2020,2020-09-19,Syracuse,Pittsburgh,away,10,21,21.0,-19.5,-11,0,0,8.5,AS EXPECTED,graded,pbp,58,80,-0.3436,-0.3126,-2,ok,0,10,8,0,2,,2,2,Road · Ranked opponent
v3.0,2020,2020-09-19,Oklahoma State,Tulsa,home,16,7,-24.0,21.9,9,0,0,-12.9,SOFT,graded,pbp,70,59,-0.0612,0.3572,-19,ok,0,16,11,0,0,0,1,3,Group of 5 opponent
v3.0,2020,2020-09-19,UCF,Georgia Tech,away,49,21,-9.5,10.2,28,0,0,17.8,DAWG,graded,pbp,88,77,0.3192,0.1414,10,ok,0,35,11,2,2,14,5,2,Road
v3.0,2020,2020-09-19,Cincinnati,Austin Peay,home,55,20,-39.5,30.6,29,20,14,-1.6,AS EXPECTED,graded,pbp,43,48,0.479,0.5879,-4,ok,0,21,3,1,1,18,1,1,FCS opponent
v3.0,2020,2020-09-19,Pittsburgh,Syracuse,home,21,10,-21.0,19.5,11,0,0,-8.5,AS EXPECTED,graded,pbp,80,58,0.3436,0.3126,2,ok,0,7,9,2,2,0,2,2,
v3.0,2020,2020-09-19,Clemson,The Citadel,home,49,0,-50.5,34.1,42,7,0,7.9,AS EXPECTED,graded,pbp,22,15,,,,few_plays,0,28,4,0,0,28,0,2,FCS opponent
v3.0,2020,2020-09-19,Miami,Louisville,away,47,34,-2.5,2.6,13,0,0,10.4,AS EXPECTED,graded,pbp,60,85,0.0135,0.0372,-1,ok,0,16,6,4,4,2,3,0,Road · Night · Ranked opponent
v3.0,2020,2020-09-19,SMU,North Texas,away,65,35,-14.5,15.1,34,10,14,18.9,DAWG,graded,pbp,71,62,0.1535,0.2158,-3,ok,0,34,7,0,0,20,1,0,Road · Group of 5 opponent
v3.0,2020,2020-09-19,Georgia Tech,UCF,home,21,49,9.5,-10.2,-28,0,0,-17.8,SOFT,graded,pbp,77,88,-0.3192,-0.1414,-10,ok,0,7,7,0,2,,2,5,Ranked opponent
v3.0,2020,2020-09-19,Notre Dame,South Florida,home,52,0,-22.5,20.7,35,17,0,14.3,DAWG,graded,pbp,41,21,0.9098,0.3349,13,ok,0,21,3,0,0,21,0,0,Group of 5 opponent
v3.0,2020,2020-09-19,Louisville,Miami,home,34,47,2.5,-2.6,-13,0,0,-10.4,AS EXPECTED,graded,pbp,85,60,-0.0135,-0.0372,1,ok,0,3,3,0,1,,0,3,Night · Ranked opponent
v3.0,2020,2020-09-26,Boston College,Texas State,home,24,21,-21.5,19.9,3,0,0,-16.9,SOFT,graded,pbp,65,69,0.051,0.32,-13,ok,0,17,7,0,2,,1,1,Group of 5 opponent
v3.0,2020,2020-09-26,Missouri,Alabama,home,19,38,28.5,-25.4,-35,16,0,-9.6,AS EXPECTED,graded,pbp,40,56,-0.5691,-0.4242,-5,ok,0,3,2,0,1,,2,1,Night · Top-10 opponent
v3.0,2020,2020-09-26,Ole Miss,Florida,home,35,51,14.0,-14.7,-24,8,0,-9.3,AS EXPECTED,graded,pbp,73,74,-0.0766,-0.2084,7,ok,0,0,2,2,3,,1,1,Top-10 opponent
v3.0,2020,2020-09-26,Duke,Virginia,away,20,38,4.0,-4.2,-18,0,0,-13.8,SOFT,graded,pbp,78,84,-0.2924,-0.0595,-13,ok,0,17,9,0,4,-28,3,6,Road
v3.0,2020,2020-09-26,NC State,Virginia Tech,away,24,45,6.0,-6.3,-28,7,0,-21.7,SOFT,graded,pbp,65,58,-0.2254,-0.0893,-6,ok,0,7,4,0,1,,0,2,Road · Night · Ranked opponent
v3.0,2020,2020-09-26,Syracuse,Georgia Tech,home,37,20,7.5,-8.0,17,0,0,25.0,CERTIFIED DAWG,graded,pbp,65,84,-0.0583,-0.1116,3,ok,0,17,11,1,1,7,5,1,
v3.0,2020,2020-09-26,Oklahoma State,West Virginia,home,27,13,-6.5,6.9,14,0,0,7.1,AS EXPECTED,graded,pbp,63,78,0.0299,0.0967,-3,ok,0,13,7,1,1,0,2,1,
v3.0,2020,2020-09-26,Auburn,Kentucky,home,29,13,-6.5,6.9,16,0,0,9.1,AS EXPECTED,graded,pbp,57,78,0.3034,0.0967,10,ok,0,21,7,1,2,7,3,0,Ranked opponent
v3.0,2020,2020-09-26,Oklahoma,Kansas State,home,35,38,-27.5,24.7,-3,0,0,-27.7,CERTIFIED SOFT,graded,pbp,76,51,-0.3232,0.4093,-33,ok,0,21,6,1,4,-17,0,4,
v3.0,2020,2020-09-26,UCF,East Carolina,away,51,28,-28.0,25.0,34,10,21,9.0,AS EXPECTED,graded,pbp,76,49,0.7019,0.4168,13,ok,0,27,7,1,1,21,4,0,Road · Group of 5 opponent
v3.0,2020,2020-09-26,Cincinnati,Army,home,24,10,-12.5,13.3,14,0,0,0.7,AS EXPECTED,graded,pbp,68,63,0.2369,0.1861,2,ok,0,21,8,0,0,4,2,1,Ranked opponent · Group of 5 opponent
v3.0,2020,2020-09-26,Pittsburgh,Louisville,home,23,20,-2.5,2.6,3,0,0,0.4,AS EXPECTED,graded,pbp,78,51,0.1139,0.0372,4,ok,0,13,7,1,4,-10,3,2,Ranked opponent
v3.0,2020,2020-09-26,Kansas,Baylor,away,14,47,17.0,-16.9,-24,7,16,-7.1,AS EXPECTED,graded,pbp,48,59,-0.3236,-0.253,-3,ok,0,0,4,0,2,,0,0,Road · Night
v3.0,2020,2020-09-26,Kansas State,Oklahoma,away,38,35,27.5,-24.7,3,0,0,27.7,CERTIFIED DAWG,graded,pbp,51,76,0.3232,-0.4093,33,ok,0,24,7,0,1,,4,0,Road · Top-10 opponent
v3.0,2020,2020-09-26,Vanderbilt,Texas A&M,away,12,17,31.5,-27.2,-5,0,0,22.2,DAWG,graded,pbp,67,55,-0.0679,-0.4689,17,ok,0,7,6,0,2,,4,2,Road · Night
v3.0,2020,2020-09-26,Baylor,Kansas,home,47,14,-17.0,16.9,24,16,7,7.1,AS EXPECTED,graded,pbp,59,48,0.3236,0.253,3,ok,0,24,7,0,1,14,0,0,Night
v3.0,2020,2020-09-26,Miami,Florida State,home,52,10,-12.0,12.9,35,14,7,22.1,DAWG,graded,pbp,71,40,0.6876,0.1786,20,ok,0,14,2,1,1,24,4,1,Night
v3.0,2020,2020-09-26,Texas A&M,Vanderbilt,home,17,12,-31.5,27.2,5,0,0,-22.2,SOFT,graded,pbp,55,67,0.0679,0.4689,-17,ok,0,7,6,1,2,-4,2,4,Night
v3.0,2020,2020-09-26,Texas,Texas Tech,away,63,56,-17.5,17.2,7,0,0,-10.2,AS EXPECTED,graded,pbp,86,71,-0.0503,0.2605,-17,ok,7,28,7,3,5,-3,3,2,Road
v3.0,2020,2020-09-26,BYU,Troy,home,48,7,-14.5,15.1,31,10,0,15.9,DAWG,graded,pbp,59,45,0.4888,0.2158,10,ok,0,28,7,0,0,17,1,0,Night · Group of 5 opponent
v3.0,2020,2020-09-26,SMU,Stephen F. Austin,home,50,7,-38.5,30.2,29,21,7,-1.2,AS EXPECTED,graded,pbp,39,29,0.7237,0.5731,4,ok,0,14,3,0,0,16,1,0,Night · FCS opponent
v3.0,2020,2020-09-26,South Carolina,Tennessee,home,27,31,4.0,-4.2,-4,0,0,0.2,AS EXPECTED,graded,pbp,74,65,0.0098,-0.0595,3,ok,0,13,6,0,4,,0,1,Night · Ranked opponent
v3.0,2020,2020-09-26,Virginia,Duke,home,38,20,-4.0,4.2,18,0,0,13.8,DAWG,graded,pbp,84,78,0.2924,0.0595,13,ok,0,31,12,0,3,7,6,3,
v3.0,2020,2020-09-26,Virginia Tech,NC State,home,45,24,-6.0,6.3,28,0,7,21.7,DAWG,graded,pbp,58,65,0.2254,0.0893,6,ok,0,34,9,0,0,18,2,0,Night
v3.0,2020,2020-09-26,TCU,Iowa State,home,34,37,3.5,-3.7,-3,0,0,0.7,AS EXPECTED,graded,pbp,84,50,-0.2218,-0.0521,-8,ok,0,14,7,1,2,,1,2,
v3.0,2020,2020-09-26,Tennessee,South Carolina,away,31,27,-4.0,4.2,4,0,0,-0.2,AS EXPECTED,graded,pbp,65,74,-0.0098,0.0595,-3,ok,0,7,6,2,5,-10,1,0,Road · Night
v3.0,2020,2020-09-26,Texas Tech,Texas,home,56,63,17.5,-17.2,-7,0,0,10.2,AS EXPECTED,graded,pbp,71,86,0.0503,-0.2605,17,ok,7,35,7,1,3,-22,2,3,Top-10 opponent
v3.0,2020,2020-09-26,West Virginia,Oklahoma State,away,13,27,6.5,-6.9,-14,0,0,-7.1,AS EXPECTED,graded,pbp,78,63,-0.0299,-0.0967,3,ok,0,6,7,0,1,,1,2,Road · Ranked opponent
v3.0,2020,2020-09-26,Alabama,Missouri,away,38,19,-28.5,25.4,35,0,16,9.6,AS EXPECTED,graded,pbp,56,40,0.5691,0.4242,5,ok,0,21,4,0,0,21,1,2,Road · Night
v3.0,2020,2020-09-26,Mississippi State,LSU,away,44,34,14.5,-15.1,10,0,0,25.1,CERTIFIED DAWG,graded,pbp,76,84,0.2142,-0.2158,24,ok,0,17,8,5,6,0,2,4,Road · Top-10 opponent
v3.0,2020,2020-09-26,Florida State,Miami,away,10,52,12.0,-12.9,-35,7,14,-22.1,SOFT,graded,pbp,40,71,-0.6876,-0.1786,-20,ok,0,0,0,1,1,,1,4,Road · Night
v3.0,2020,2020-09-26,Florida,Ole Miss,away,51,35,-14.0,14.7,24,0,8,9.3,AS EXPECTED,graded,pbp,74,73,0.0766,0.2084,-7,ok,0,34,6,0,2,10,1,1,Road
v3.0,2020,2020-09-26,Georgia Tech,Syracuse,away,20,37,-7.5,8.0,-17,0,0,-25.0,CERTIFIED SOFT,graded,pbp,84,65,0.0583,0.1116,-3,ok,0,14,9,0,1,,1,5,Road
v3.0,2020,2020-09-26,Georgia,Arkansas,away,37,10,-28.0,25.0,24,3,0,-1.0,AS EXPECTED,graded,pbp,78,51,0.2895,0.4168,-6,ok,0,20,11,1,2,14,3,2,Road
v3.0,2020,2020-09-26,Iowa State,TCU,away,37,34,-3.5,3.7,3,0,0,-0.7,AS EXPECTED,graded,pbp,50,84,0.2218,0.0521,8,ok,0,21,9,3,4,-6,2,1,Road
v3.0,2020,2020-09-26,Arkansas,Georgia,home,10,37,28.0,-25.0,-24,0,3,1.0,AS EXPECTED,graded,pbp,51,78,-0.2895,-0.4168,6,ok,0,10,10,1,3,,2,3,Top-10 opponent
v3.0,2020,2020-09-26,Kentucky,Auburn,away,13,29,6.5,-6.9,-16,0,0,-9.1,AS EXPECTED,graded,pbp,78,57,-0.3034,-0.0967,-10,ok,0,7,6,1,3,,0,3,Road · Top-10 opponent
v3.0,2020,2020-09-26,Louisville,Pittsburgh,away,20,23,2.5,-2.6,-3,0,0,-0.4,AS EXPECTED,graded,pbp,51,78,-0.1139,-0.0372,-4,ok,0,13,6,0,4,,2,3,Road · Ranked opponent
v3.0,2020,2020-09-26,LSU,Mississippi State,home,34,44,-14.5,15.1,-10,0,0,-25.1,CERTIFIED SOFT,graded,pbp,84,76,-0.2142,0.2158,-24,ok,0,10,5,2,6,,4,2,
v3.0,2020,2020-10-02,Wake Forest,Campbell,home,66,14,-34.5,28.7,31,28,7,2.3,AS EXPECTED,graded,pbp,39,42,0.7607,0.5135,7,ok,0,17,4,1,1,17,4,0,Night · FCS opponent
v3.0,2020,2020-10-02,BYU,Louisiana Tech,home,45,14,-24.0,21.9,31,7,7,9.1,AS EXPECTED,graded,pbp,48,36,0.4603,0.3572,3,ok,0,35,6,0,1,17,2,0,Night · Group of 5 opponent
v3.0,2020,2020-10-03,Boston College,North Carolina,home,22,26,14.5,-15.1,-4,0,0,11.1,AS EXPECTED,graded,pbp,75,65,-0.0271,-0.2158,9,ok,0,14,5,2,3,,1,0,Ranked opponent
v3.0,2020,2020-10-03,Missouri,Tennessee,away,12,35,10.0,-10.8,-23,0,0,-12.2,AS EXPECTED,graded,pbp,50,70,-0.2912,-0.1488,-6,ok,0,3,3,0,1,,0,1,Road · Ranked opponent
v3.0,2020,2020-10-03,Ole Miss,Kentucky,away,42,41,7.0,-7.4,1,0,0,8.4,AS EXPECTED,graded,pbp,63,69,0.0354,-0.1042,7,ok,7,14,6,2,4,,1,0,Road
v3.0,2020,2020-10-03,Duke,Virginia Tech,home,31,38,11.0,-11.8,-7,0,0,4.8,AS EXPECTED,graded,pbp,76,74,-0.1429,-0.1637,1,ok,0,14,7,0,1,,2,1,
v3.0,2020,2020-10-03,NC State,Pittsburgh,away,30,29,14.0,-14.7,1,0,0,15.7,DAWG,graded,pbp,75,77,-0.0544,-0.2084,8,ok,0,10,5,3,5,-9,0,0,Road · Ranked opponent
v3.0,2020,2020-10-03,North Carolina,Boston College,away,26,22,-14.5,15.1,4,0,0,-11.1,AS EXPECTED,graded,pbp,65,75,0.0271,0.2158,-9,ok,0,17,5,1,4,-7,0,1,Road
v3.0,2020,2020-10-03,Oklahoma State,Kansas,away,47,7,-21.5,19.9,31,16,7,11.1,AS EXPECTED,graded,pbp,46,32,0.8748,0.32,15,ok,0,31,7,0,0,21,1,0,Road
v3.0,2020,2020-10-03,Auburn,Georgia,away,6,27,7.5,-8.0,-21,0,0,-13.0,SOFT,graded,pbp,62,73,-0.2171,-0.1116,-5,ok,0,0,2,0,1,,0,1,Road · Night · Top-10 opponent
v3.0,2020,2020-10-03,Oklahoma,Iowa State,away,30,37,-7.5,8.0,-7,0,0,-15.0,SOFT,graded,pbp,69,56,-0.1837,0.1116,-13,ok,0,7,2,4,7,-18,1,1,Road · Night
v3.0,2020,2020-10-03,UCF,Tulsa,home,26,34,-20.5,19.2,-8,0,0,-27.2,CERTIFIED SOFT,graded,pbp,84,71,0.0011,0.3051,-17,ok,0,14,9,1,3,-17,4,2,Night · Group of 5 opponent
v3.0,2020,2020-10-03,Cincinnati,South Florida,home,28,7,-22.5,20.7,21,0,0,0.3,AS EXPECTED,graded,pbp,71,74,0.1417,0.3349,-10,ok,0,21,11,0,0,7,5,4,Group of 5 opponent
v3.0,2020,2020-10-03,Pittsburgh,NC State,home,29,30,-14.0,14.7,-1,0,0,-15.7,SOFT,graded,pbp,77,75,0.0544,0.2084,-8,ok,0,16,6,1,3,,0,0,
v3.0,2020,2020-10-03,Clemson,Virginia,home,41,23,-28.0,25.0,24,0,6,-1.0,AS EXPECTED,graded,pbp,70,71,0.174,0.4168,-12,ok,0,24,7,1,1,14,2,0,Night
v3.0,2020,2020-10-03,Kansas,Oklahoma State,home,7,47,21.5,-19.9,-31,7,16,-11.1,AS EXPECTED,graded,pbp,32,46,-0.8748,-0.32,-15,ok,0,0,2,0,1,,0,1,Ranked opponent
v3.0,2020,2020-10-03,Kansas State,Texas Tech,home,31,21,-1.0,1.0,10,0,0,9.0,AS EXPECTED,graded,pbp,64,83,0.0132,0.0149,0,ok,0,21,6,2,3,-4,1,0,
v3.0,2020,2020-10-03,Vanderbilt,LSU,home,7,41,21.0,-19.5,-27,0,7,-7.5,AS EXPECTED,graded,pbp,58,49,-0.3628,-0.3126,-2,ok,0,7,4,0,1,,1,2,Night · Ranked opponent
v3.0,2020,2020-10-03,Baylor,West Virginia,away,21,27,-1.5,1.6,-6,0,0,-7.6,AS EXPECTED,graded,pbp,68,72,-0.039,0.0223,-3,ok,11,14,11,1,3,,3,3,Road
v3.0,2020,2020-10-03,Texas A&M,Alabama,away,24,52,18.0,-17.5,-32,7,3,-14.5,SOFT,graded,pbp,62,44,-0.4941,-0.2679,-9,ok,0,10,3,0,2,,1,2,Road · Top-10 opponent
v3.0,2020,2020-10-03,Texas,TCU,home,31,33,-10.5,11.3,-2,0,0,-13.3,SOFT,graded,pbp,60,79,-0.0107,0.1563,-8,ok,0,0,5,3,5,,1,2,
v3.0,2020,2020-10-03,SMU,Memphis,home,30,27,-2.0,2.1,3,0,0,0.9,AS EXPECTED,graded,pbp,72,80,0.0074,0.0298,-1,ok,0,20,7,2,4,-11,4,2,Ranked opponent · Group of 5 opponent
v3.0,2020,2020-10-03,South Carolina,Florida,away,24,38,14.5,-15.1,-14,0,0,1.1,AS EXPECTED,graded,pbp,83,52,-0.1329,-0.2158,4,ok,0,14,4,0,3,,2,1,Road · Top-10 opponent
v3.0,2020,2020-10-03,Virginia,Clemson,away,23,41,28.0,-25.0,-24,6,0,1.0,AS EXPECTED,graded,pbp,71,70,-0.174,-0.4168,12,ok,0,7,3,0,1,,0,2,Road · Night
v3.0,2020,2020-10-03,Virginia Tech,Duke,away,38,31,-11.0,11.8,7,0,0,-4.8,AS EXPECTED,graded,pbp,74,76,0.1429,0.1637,-1,ok,0,24,10,1,1,-3,1,2,Road
v3.0,2020,2020-10-03,TCU,Texas,away,33,31,10.5,-11.3,2,0,0,13.3,DAWG,graded,pbp,79,60,0.0107,-0.1563,8,ok,0,23,8,1,4,-7,2,1,Road · Top-10 opponent
v3.0,2020,2020-10-03,Tennessee,Missouri,home,35,12,-10.0,10.8,23,0,0,12.2,AS EXPECTED,graded,pbp,70,50,0.2912,0.1488,6,ok,0,21,4,1,1,9,1,0,
v3.0,2020,2020-10-03,Texas Tech,Kansas State,away,21,31,1.0,-1.0,-10,0,0,-9.0,AS EXPECTED,graded,pbp,83,64,-0.0132,-0.0149,0,ok,0,7,4,0,2,,0,1,Road
v3.0,2020,2020-10-03,West Virginia,Baylor,home,27,21,1.5,-1.6,6,0,0,7.6,AS EXPECTED,graded,pbp,72,68,0.039,-0.0223,3,ok,11,14,12,1,2,,3,3,
v3.0,2020,2020-10-03,Alabama,Texas A&M,home,52,24,-18.0,17.5,32,3,7,14.5,DAWG,graded,pbp,44,62,0.4941,0.2679,9,ok,0,28,4,0,2,18,2,1,Ranked opponent
v3.0,2020,2020-10-03,Mississippi State,Arkansas,home,14,21,-16.5,16.6,-7,0,0,-23.6,SOFT,graded,pbp,84,65,-0.0139,0.2456,-14,ok,0,0,8,1,2,,2,3,Night
v3.0,2020,2020-10-03,Florida State,Jacksonville State,home,41,24,-27.0,24.3,17,0,0,-7.3,AS EXPECTED,graded,pbp,82,52,0.393,0.4019,0,ok,0,21,6,1,2,7,1,1,Group of 5 opponent
v3.0,2020,2020-10-03,Florida,South Carolina,home,38,24,-14.5,15.1,14,0,0,-1.1,AS EXPECTED,graded,pbp,52,83,0.1329,0.2158,-4,ok,0,28,5,2,2,4,1,2,
v3.0,2020,2020-10-03,Georgia,Auburn,home,27,6,-7.5,8.0,21,0,0,13.0,DAWG,graded,pbp,73,62,0.2171,0.1116,5,ok,0,24,5,0,0,11,1,0,Night · Top-10 opponent
v3.0,2020,2020-10-03,Iowa State,Oklahoma,home,37,30,7.5,-8.0,7,0,0,15.0,DAWG,graded,pbp,56,69,0.1837,-0.1116,13,ok,0,17,3,4,5,,1,1,Night · Ranked opponent
v3.0,2020,2020-10-03,Arkansas,Mississippi State,away,21,14,16.5,-16.6,7,0,0,23.6,DAWG,graded,pbp,65,84,0.0139,-0.2456,14,ok,0,7,8,0,2,-7,3,2,Road · Night · Ranked opponent
v3.0,2020,2020-10-03,Kentucky,Ole Miss,home,41,42,-7.0,7.4,-1,0,0,-8.4,AS EXPECTED,graded,pbp,69,63,-0.0354,0.1042,-7,ok,7,21,5,1,5,-15,0,1,
v3.0,2020,2020-10-03,LSU,Vanderbilt,away,41,7,-21.0,19.5,27,7,0,7.5,AS EXPECTED,graded,pbp,49,58,0.3628,0.3126,2,ok,0,27,8,1,1,13,2,1,Road · Night
v3.0,2020,2020-10-08,Houston,Tulane,home,49,31,-6.5,6.9,18,0,0,11.1,AS EXPECTED,graded,pbp,75,70,0.4547,0.0967,18,ok,0,28,5,2,3,7,1,2,Night · Group of 5 opponent
v3.0,2020,2020-10-09,Georgia Tech,Louisville,home,46,27,4.5,-4.7,19,0,0,23.7,DAWG,graded,pbp,55,81,0.3862,-0.067,22,ok,0,42,8,0,3,7,3,0,Night
v3.0,2020,2020-10-09,Louisville,Georgia Tech,away,27,46,-4.5,4.7,-19,0,0,-23.7,SOFT,graded,pbp,81,55,-0.3862,0.067,-22,ok,0,21,5,1,5,-33,0,3,Road · Night
v3.0,2020,2020-10-10,Boston College,Pittsburgh,home,31,30,6.5,-6.9,1,0,0,7.9,AS EXPECTED,graded,pbp,73,78,0.0329,-0.0967,7,ok,13,17,9,1,4,-9,1,1,
v3.0,2020,2020-10-10,Missouri,LSU,home,45,41,14.0,-14.7,4,0,0,18.7,DAWG,graded,pbp,68,68,0.1921,-0.2084,19,ok,0,17,4,2,6,,2,2,
v3.0,2020,2020-10-10,Ole Miss,Alabama,home,48,63,24.0,-21.9,-15,0,0,6.9,AS EXPECTED,graded,pbp,86,71,-0.2198,-0.3572,8,ok,0,7,2,5,6,,1,0,Night · Top-10 opponent
v3.0,2020,2020-10-10,Duke,Syracuse,away,38,24,-2.5,2.6,14,0,0,11.4,AS EXPECTED,graded,pbp,102,52,0.2038,0.0372,9,ok,0,30,8,0,1,4,0,3,Road
v3.0,2020,2020-10-10,NC State,Virginia,away,38,21,7.0,-7.4,17,0,0,24.4,CERTIFIED DAWG,graded,pbp,67,93,0.2148,-0.1042,18,ok,0,31,11,0,0,3,4,1,Road
v3.0,2020,2020-10-10,North Carolina,Virginia Tech,home,56,45,-3.5,3.7,11,0,0,7.3,AS EXPECTED,graded,pbp,66,77,0.1833,0.0521,7,ok,0,28,5,2,2,-3,0,0,Ranked opponent
v3.0,2020,2020-10-10,Syracuse,Duke,home,24,38,2.5,-2.6,-14,0,0,-11.4,AS EXPECTED,graded,pbp,52,102,-0.2038,-0.0372,-9,ok,0,0,5,1,2,,3,0,
v3.0,2020,2020-10-10,Auburn,Arkansas,home,30,28,-13.5,14.3,2,0,0,-12.3,SOFT,graded,pbp,70,72,-0.1462,0.2009,-18,ok,0,13,5,2,4,-8,0,0,
v3.0,2020,2020-10-10,Oklahoma,Texas,neutral,53,45,-3.0,3.1,8,0,0,4.9,AS EXPECTED,graded,pbp,81,71,-0.1069,0.0447,-8,ok,31,31,10,1,6,-2,3,3,Ranked opponent
v3.0,2020,2020-10-10,Pittsburgh,Boston College,away,30,31,-6.5,6.9,-1,0,0,-7.9,AS EXPECTED,graded,pbp,78,73,-0.0329,0.0967,-7,ok,13,10,8,3,4,,1,1,Road
v3.0,2020,2020-10-10,Clemson,Miami,home,42,17,-14.5,15.1,32,0,7,16.9,DAWG,graded,pbp,76,42,0.7197,0.2158,21,ok,0,14,7,0,0,18,3,1,Night
v3.0,2020,2020-10-10,Kansas State,TCU,away,21,14,11.0,-11.8,7,0,0,18.8,DAWG,graded,pbp,57,74,-0.0461,-0.1637,5,ok,0,10,8,1,2,-7,1,1,Road
v3.0,2020,2020-10-10,Vanderbilt,South Carolina,home,7,41,14.0,-14.7,-27,0,7,-12.3,SOFT,graded,pbp,45,55,-0.3792,-0.2084,-6,ok,0,0,2,0,1,,1,2,
v3.0,2020,2020-10-10,Miami,Clemson,away,17,42,14.5,-15.1,-32,7,0,-16.9,SOFT,graded,pbp,42,76,-0.7197,-0.2158,-21,ok,0,3,4,0,1,,1,3,Road · Night
v3.0,2020,2020-10-10,Texas A&M,Florida,home,41,38,6.0,-6.3,3,0,0,9.3,AS EXPECTED,graded,pbp,118,96,0.0288,-0.0893,9,ok,0,7,1,1,1,,1,1,Top-10 opponent
v3.0,2020,2020-10-10,Texas,Oklahoma,neutral,45,53,3.0,-3.1,-8,0,0,-4.9,AS EXPECTED,graded,pbp,71,81,0.1069,-0.0447,8,ok,31,24,9,3,6,,3,3,
v3.0,2020,2020-10-10,BYU,UTSA,home,27,20,-34.0,28.5,7,0,0,-21.5,SOFT,graded,pbp,67,61,0.0927,0.5061,-19,ok,0,21,6,1,3,-4,1,1,Group of 5 opponent
v3.0,2020,2020-10-10,South Carolina,Vanderbilt,away,41,7,-14.0,14.7,27,7,0,12.3,DAWG,graded,pbp,55,45,0.3792,0.2084,6,ok,0,27,6,0,0,17,2,1,Road
v3.0,2020,2020-10-10,Virginia,NC State,home,21,38,-7.0,7.4,-17,0,0,-24.4,CERTIFIED SOFT,graded,pbp,93,67,-0.2148,0.1042,-18,ok,0,7,9,0,1,,1,4,
v3.0,2020,2020-10-10,Virginia Tech,North Carolina,away,45,56,3.5,-3.7,-11,0,0,-7.3,AS EXPECTED,graded,pbp,77,66,-0.1833,-0.0521,-7,ok,0,14,3,0,1,,0,0,Road · Top-10 opponent
v3.0,2020,2020-10-10,TCU,Kansas State,home,14,21,-11.0,11.8,-7,0,0,-18.8,SOFT,graded,pbp,74,57,0.0461,0.1637,-5,ok,0,7,7,1,3,,1,1,
v3.0,2020,2020-10-10,Tennessee,Georgia,away,21,44,12.0,-12.9,-23,0,0,-10.1,AS EXPECTED,graded,pbp,45,69,-0.2574,-0.1786,-3,ok,0,7,4,0,1,,1,2,Road · Top-10 opponent
v3.0,2020,2020-10-10,Texas Tech,Iowa State,away,15,31,10.0,-10.8,-24,8,0,-13.2,SOFT,graded,pbp,38,82,-0.5875,-0.1488,-19,ok,0,0,0,0,1,,1,0,Road · Ranked opponent
v3.0,2020,2020-10-10,Alabama,Ole Miss,away,63,48,-24.0,21.9,15,0,0,-6.9,AS EXPECTED,graded,pbp,71,86,0.2198,0.3572,-8,ok,0,7,2,7,8,4,0,1,Road · Night
v3.0,2020,2020-10-10,Mississippi State,Kentucky,away,2,24,3.5,-3.7,-22,0,0,-18.3,SOFT,graded,pbp,83,52,-0.163,-0.0521,-5,ok,0,0,9,0,1,,1,6,Road · Night
v3.0,2020,2020-10-10,Florida State,Notre Dame,away,26,42,20.5,-19.2,-16,0,0,3.2,AS EXPECTED,graded,pbp,71,67,-0.3131,-0.3051,0,ok,0,10,5,0,2,,1,2,Road · Night · Top-10 opponent
v3.0,2020,2020-10-10,Florida,Texas A&M,away,38,41,-6.0,6.3,-3,0,0,-9.3,AS EXPECTED,graded,pbp,96,118,-0.0288,0.0893,-9,ok,0,14,2,2,2,-14,1,1,Road · Ranked opponent
v3.0,2020,2020-10-10,Georgia,Tennessee,home,44,21,-12.0,12.9,23,0,0,10.1,AS EXPECTED,graded,pbp,69,45,0.2574,0.1786,3,ok,0,34,9,0,0,14,2,1,Ranked opponent
v3.0,2020,2020-10-10,Iowa State,Texas Tech,home,31,15,-10.0,10.8,24,0,8,13.2,DAWG,graded,pbp,82,38,0.5875,0.1488,19,ok,0,21,3,0,0,10,0,1,
v3.0,2020,2020-10-10,Arkansas,Auburn,away,28,30,13.5,-14.3,-2,0,0,12.3,DAWG,graded,pbp,72,70,0.1462,-0.2009,18,ok,0,21,6,1,2,,0,0,Road · Ranked opponent
v3.0,2020,2020-10-10,Notre Dame,Florida State,home,42,26,-20.5,19.2,16,0,0,-3.2,AS EXPECTED,graded,pbp,67,71,0.3131,0.3051,0,ok,0,14,6,4,5,5,2,1,Night
v3.0,2020,2020-10-10,Kentucky,Mississippi State,home,24,2,-3.5,3.7,22,0,0,18.3,DAWG,graded,pbp,52,83,0.163,0.0521,5,ok,0,17,12,0,0,8,6,1,Night
v3.0,2020,2020-10-10,LSU,Missouri,away,41,45,-14.0,14.7,-4,0,0,-18.7,SOFT,graded,pbp,68,68,-0.1921,0.2084,-19,ok,0,17,5,3,7,-14,2,2,Road
v3.0,2020,2020-10-16,Houston,BYU,home,26,43,3.0,-3.1,-17,0,0,-13.9,SOFT,graded,pbp,77,57,-0.1905,-0.0447,-7,ok,0,21,5,0,3,-29,0,1,Night · Ranked opponent
v3.0,2020,2020-10-16,BYU,Houston,away,43,26,-3.0,3.1,17,0,0,13.9,DAWG,graded,pbp,57,77,0.1905,0.0447,7,ok,0,28,6,1,3,6,1,0,Road · Night
v3.0,2020,2020-10-16,SMU,Tulane,away,37,34,-6.5,6.9,3,0,0,-3.9,AS EXPECTED,graded,pbp,78,74,0.1646,0.0967,4,ok,6,9,6,4,5,,3,0,Road · Group of 5 opponent
v3.0,2020,2020-10-17,Boston College,Virginia Tech,away,14,40,13.0,-13.8,-26,0,0,-12.2,AS EXPECTED,graded,pbp,65,56,-0.4147,-0.1935,-10,ok,0,7,3,1,2,,0,5,Road · Night · Ranked opponent
v3.0,2020,2020-10-17,Ole Miss,Arkansas,away,21,33,1.0,-1.0,-12,0,0,-11.0,AS EXPECTED,graded,pbp,91,82,-0.0446,-0.0149,-2,ok,0,14,8,0,1,,2,7,Road
v3.0,2020,2020-10-17,Duke,NC State,away,20,31,3.5,-3.7,-11,0,0,-7.3,AS EXPECTED,graded,pbp,81,70,-0.2276,-0.0521,-9,ok,0,3,8,2,3,-21,3,3,Road
v3.0,2020,2020-10-17,NC State,Duke,home,31,20,-3.5,3.7,11,0,0,7.3,AS EXPECTED,graded,pbp,70,81,0.2276,0.0521,9,ok,0,17,9,1,3,0,3,3,
v3.0,2020,2020-10-17,North Carolina,Florida State,away,28,31,-13.5,14.3,-3,0,0,-17.3,SOFT,graded,pbp,81,55,0.1074,0.2009,-5,ok,0,21,8,0,1,,1,1,Road · Night
v3.0,2020,2020-10-17,Wake Forest,Virginia,home,40,23,-2.5,2.6,17,0,0,14.4,DAWG,graded,pbp,69,83,0.1104,0.0372,4,ok,0,20,8,3,4,3,3,0,
v3.0,2020,2020-10-17,Syracuse,Liberty,home,21,38,3.0,-3.1,-17,0,0,-13.9,SOFT,graded,pbp,67,68,-0.3229,-0.0447,-13,ok,0,21,4,0,3,,0,1,Group of 5 opponent
v3.0,2020,2020-10-17,Auburn,South Carolina,away,22,30,-2.5,2.6,-8,0,0,-10.6,AS EXPECTED,graded,pbp,83,67,-0.0113,0.0372,-3,ok,0,10,6,1,3,-17,1,3,Road
v3.0,2020,2020-10-17,UCF,Memphis,away,49,50,-3.0,3.1,-1,0,0,-4.1,AS EXPECTED,graded,pbp,96,94,-0.0468,0.0447,-6,ok,0,28,5,2,6,-14,1,1,Road · Group of 5 opponent
v3.0,2020,2020-10-17,Pittsburgh,Miami,away,19,31,11.5,-12.4,-12,0,0,0.4,AS EXPECTED,graded,pbp,73,73,-0.0351,-0.1712,7,ok,0,10,8,0,1,,2,1,Road · Ranked opponent
v3.0,2020,2020-10-17,Clemson,Georgia Tech,away,73,7,-26.5,23.9,45,21,0,21.1,DAWG,graded,pbp,46,33,1.2178,0.3944,23,ok,0,31,7,1,1,35,4,2,Road
v3.0,2020,2020-10-17,Kansas,West Virginia,away,17,38,21.0,-19.5,-28,7,0,-8.5,AS EXPECTED,graded,pbp,53,82,-0.5165,-0.3126,-10,ok,0,10,9,0,2,-38,2,2,Road
v3.0,2020,2020-10-17,Miami,Pittsburgh,home,31,19,-11.5,12.4,12,0,0,-0.4,AS EXPECTED,graded,pbp,73,73,0.0351,0.1712,-7,ok,0,24,8,0,1,-2,1,2,
v3.0,2020,2020-10-17,Texas A&M,Mississippi State,away,28,14,-4.5,4.7,14,0,0,9.3,AS EXPECTED,graded,pbp,57,60,0.103,0.067,2,ok,0,21,7,1,1,0,2,1,Road
v3.0,2020,2020-10-17,South Carolina,Auburn,home,30,22,2.5,-2.6,8,0,0,10.6,AS EXPECTED,graded,pbp,67,83,0.0113,-0.0372,3,ok,0,24,5,1,3,-3,3,1,Ranked opponent
v3.0,2020,2020-10-17,Virginia,Wake Forest,away,23,40,2.5,-2.6,-17,0,0,-14.4,SOFT,graded,pbp,83,69,-0.1104,-0.0372,-4,ok,0,7,5,3,5,,0,3,Road
v3.0,2020,2020-10-17,Virginia Tech,Boston College,home,40,14,-13.0,13.8,26,0,0,12.2,AS EXPECTED,graded,pbp,56,65,0.4147,0.1935,10,ok,0,27,8,2,2,16,5,0,Night
v3.0,2020,2020-10-17,Tennessee,Kentucky,home,7,34,-6.5,6.9,-27,0,0,-33.9,CERTIFIED SOFT,graded,pbp,57,50,-0.345,0.0967,-17,ok,0,0,4,0,1,,1,4,
v3.0,2020,2020-10-17,West Virginia,Kansas,home,38,17,-21.0,19.5,28,0,7,8.5,AS EXPECTED,graded,pbp,82,53,0.5165,0.3126,10,ok,0,38,12,0,1,14,2,2,
v3.0,2020,2020-10-17,Alabama,Georgia,home,41,24,-6.0,6.3,17,0,0,10.7,AS EXPECTED,graded,pbp,76,70,0.2292,0.0893,7,ok,0,28,7,2,3,7,3,1,Night · Top-10 opponent
v3.0,2020,2020-10-17,Mississippi State,Texas A&M,home,14,28,4.5,-4.7,-14,0,0,-9.3,AS EXPECTED,graded,pbp,60,57,-0.103,-0.067,-2,ok,0,7,5,0,1,,1,2,Ranked opponent
v3.0,2020,2020-10-17,Florida State,North Carolina,home,31,28,13.5,-14.3,3,0,0,17.3,DAWG,graded,pbp,55,81,-0.1074,-0.2009,5,ok,0,17,7,0,1,-7,1,1,Night · Top-10 opponent
v3.0,2020,2020-10-17,Georgia Tech,Clemson,home,7,73,26.5,-23.9,-45,0,21,-21.1,SOFT,graded,pbp,33,46,-1.2178,-0.3944,-23,ok,0,0,2,1,2,,2,4,
v3.0,2020,2020-10-17,Georgia,Alabama,away,24,41,6.0,-6.3,-17,0,0,-10.7,AS EXPECTED,graded,pbp,70,76,-0.2292,-0.0893,-7,ok,0,14,5,2,5,,1,3,Road · Night · Top-10 opponent
v3.0,2020,2020-10-17,Arkansas,Ole Miss,home,33,21,-1.0,1.0,12,0,0,11.0,AS EXPECTED,graded,pbp,82,91,0.0446,0.0149,2,ok,0,13,9,1,2,2,7,2,
v3.0,2020,2020-10-17,Notre Dame,Louisville,home,12,7,-15.5,15.9,5,0,0,-10.9,AS EXPECTED,graded,pbp,68,45,0.1246,0.2307,-4,ok,0,3,4,1,1,,0,0,
v3.0,2020,2020-10-17,Kentucky,Tennessee,away,34,7,6.5,-6.9,27,0,0,33.9,CERTIFIED DAWG,graded,pbp,50,57,0.345,-0.0967,17,ok,0,20,6,0,0,13,4,1,Road · Ranked opponent
v3.0,2020,2020-10-17,Louisville,Notre Dame,away,7,12,15.5,-15.9,-5,0,0,10.9,AS EXPECTED,graded,pbp,45,68,-0.1246,-0.2307,4,ok,0,0,3,0,3,,0,0,Road · Top-10 opponent
v3.0,2020,2020-10-23,Wisconsin,Illinois,home,45,7,-20.5,19.2,28,10,0,8.8,AS EXPECTED,graded,pbp,57,40,0.6093,0.3051,11,ok,0,28,8,1,1,14,2,1,Night
v3.0,2020,2020-10-23,Illinois,Wisconsin,away,7,45,20.5,-19.2,-28,0,10,-8.8,AS EXPECTED,graded,pbp,40,57,-0.6093,-0.3051,-11,ok,0,0,4,0,1,,1,2,Road · Night · Ranked opponent
v3.0,2020,2020-10-24,Boston College,Georgia Tech,home,48,27,-3.5,3.7,27,0,6,23.3,DAWG,graded,pbp,63,56,0.1309,0.0521,3,ok,0,31,7,0,0,13,2,0,
v3.0,2020,2020-10-24,Maryland,Northwestern,away,3,43,13.0,-13.8,-34,0,6,-20.2,SOFT,graded,pbp,26,67,-0.614,-0.1935,-14,ok,0,0,1,0,1,,0,4,Road · Night
v3.0,2020,2020-10-24,Michigan State,Rutgers,home,27,38,-9.5,10.2,-11,0,0,-21.2,SOFT,graded,pbp,82,71,-0.0662,0.1414,-11,ok,0,10,7,0,1,,2,6,
v3.0,2020,2020-10-24,Michigan,Minnesota,away,49,24,-3.0,3.1,25,0,0,21.9,DAWG,graded,pbp,45,52,0.3794,0.0447,12,ok,0,14,4,3,3,14,2,0,Road · Night · Ranked opponent
v3.0,2020,2020-10-24,Minnesota,Michigan,home,24,49,3.0,-3.1,-25,0,0,-21.9,SOFT,graded,pbp,52,45,-0.3794,-0.0447,-12,ok,0,14,3,1,2,,0,2,Night · Ranked opponent
v3.0,2020,2020-10-24,Missouri,Kentucky,home,20,10,3.0,-3.1,10,0,0,13.1,DAWG,graded,pbp,92,36,0.2671,-0.0447,14,ok,0,20,6,0,2,-4,1,0,
v3.0,2020,2020-10-24,Ole Miss,Auburn,home,28,35,3.5,-3.7,-7,0,0,-3.3,AS EXPECTED,graded,pbp,79,77,-0.1269,-0.0521,-4,ok,0,7,4,3,5,,0,2,
v3.0,2020,2020-10-24,NC State,North Carolina,away,21,48,15.0,-15.5,-31,14,10,-15.5,SOFT,graded,pbp,39,71,-0.5053,-0.2233,-11,ok,0,7,4,0,1,,0,4,Road · Ranked opponent
v3.0,2020,2020-10-24,North Carolina,NC State,home,48,21,-15.0,15.5,31,10,14,15.5,DAWG,graded,pbp,71,39,0.5053,0.2233,11,ok,0,35,7,0,0,17,4,0,Ranked opponent
v3.0,2020,2020-10-24,Wake Forest,Virginia Tech,home,23,16,10.5,-11.3,7,0,0,18.3,DAWG,graded,pbp,66,78,-0.0649,-0.1563,5,ok,0,10,5,2,4,-3,3,0,Ranked opponent
v3.0,2020,2020-10-24,Nebraska,Ohio State,away,17,52,27.5,-24.7,-28,0,7,-3.3,AS EXPECTED,graded,pbp,45,58,-0.2007,-0.4093,8,ok,0,7,3,0,3,,1,1,Road · Top-10 opponent
v3.0,2020,2020-10-24,Rutgers,Michigan State,away,38,27,9.5,-10.2,11,0,0,21.2,DAWG,graded,pbp,71,82,0.0662,-0.1414,11,ok,0,17,8,0,2,-3,6,2,Road
v3.0,2020,2020-10-24,Syracuse,Clemson,away,21,47,47.5,-33.2,-26,0,0,7.2,AS EXPECTED,graded,pbp,47,76,-0.2535,-0.707,20,ok,0,14,6,0,1,,1,4,Road
v3.0,2020,2020-10-24,Ohio State,Nebraska,home,52,17,-27.5,24.7,28,7,0,3.3,AS EXPECTED,graded,pbp,58,45,0.2007,0.4093,-8,ok,0,28,6,1,3,18,1,1,
v3.0,2020,2020-10-24,Oklahoma State,Iowa State,home,24,21,-2.5,2.6,3,0,0,0.4,AS EXPECTED,graded,pbp,80,67,0.0147,0.0372,-1,ok,0,17,10,1,3,-7,1,2,Ranked opponent
v3.0,2020,2020-10-24,Auburn,Ole Miss,away,35,28,-3.5,3.7,7,0,0,3.3,AS EXPECTED,graded,pbp,77,79,0.1269,0.0521,4,ok,0,21,5,2,4,,2,0,Road
v3.0,2020,2020-10-24,Oklahoma,TCU,away,33,14,-6.5,6.9,26,0,7,19.1,DAWG,graded,pbp,63,48,0.2534,0.0967,6,ok,0,23,8,0,0,16,0,0,Road
v3.0,2020,2020-10-24,UCF,Tulane,home,51,34,-21.0,19.5,23,0,6,3.5,AS EXPECTED,graded,pbp,86,55,0.3123,0.3126,0,ok,0,28,4,1,2,13,2,0,Group of 5 opponent
v3.0,2020,2020-10-24,Penn State,Indiana,away,35,36,-6.5,6.9,-1,0,0,-7.9,AS EXPECTED,graded,pbp,83,57,0.282,0.0967,9,ok,9,21,8,0,4,,2,3,Road
v3.0,2020,2020-10-24,Cincinnati,SMU,away,42,13,1.0,-1.0,29,0,0,30.0,CERTIFIED DAWG,graded,pbp,56,85,0.3688,-0.0149,19,ok,0,35,9,0,1,15,1,2,Road · Night · Ranked opponent
v3.0,2020,2020-10-24,Pittsburgh,Notre Dame,home,3,45,10.0,-10.8,-35,0,7,-24.2,CERTIFIED SOFT,graded,pbp,38,59,-0.5906,-0.1488,-15,ok,0,0,3,1,1,,1,3,Top-10 opponent
v3.0,2020,2020-10-24,Clemson,Syracuse,home,47,21,-47.5,33.2,26,0,0,-7.2,AS EXPECTED,graded,pbp,76,47,0.2535,0.707,-20,ok,0,31,11,0,1,16,4,1,
v3.0,2020,2020-10-24,Iowa,Purdue,away,20,24,-3.5,3.7,-4,0,0,-7.7,AS EXPECTED,graded,pbp,75,77,-0.012,0.0521,-3,ok,0,20,8,0,4,,2,2,Road
v3.0,2020,2020-10-24,Kansas,Kansas State,away,14,55,19.0,-18.2,-34,7,14,-15.8,SOFT,graded,pbp,40,32,-0.401,-0.2828,-3,ok,0,0,2,0,2,,1,1,Road · Ranked opponent
v3.0,2020,2020-10-24,Kansas State,Kansas,home,55,14,-19.0,18.2,34,14,7,15.8,DAWG,graded,pbp,32,40,0.401,0.2828,3,ok,0,6,4,0,1,24,1,1,
v3.0,2020,2020-10-24,Baylor,Texas,away,16,27,11.0,-11.8,-17,6,0,-5.2,AS EXPECTED,graded,pbp,57,70,-0.1386,-0.1637,1,ok,0,10,5,0,2,,1,0,Road
v3.0,2020,2020-10-24,Miami,Virginia,home,19,14,-13.5,14.3,5,0,0,-9.3,AS EXPECTED,graded,pbp,78,67,0.082,0.2009,-6,ok,0,13,7,0,2,-7,1,0,Night
v3.0,2020,2020-10-24,Houston,Navy,away,37,21,-15.5,15.9,24,0,8,8.1,AS EXPECTED,graded,pbp,68,54,0.1892,0.2307,-2,ok,0,34,7,1,2,14,1,1,Road · Group of 5 opponent
v3.0,2020,2020-10-24,Purdue,Iowa,home,24,20,3.5,-3.7,4,0,0,7.7,AS EXPECTED,graded,pbp,77,75,0.012,-0.0521,3,ok,0,14,8,2,4,,2,2,
v3.0,2020,2020-10-24,Texas,Baylor,home,27,16,-11.0,11.8,17,0,6,5.2,AS EXPECTED,graded,pbp,70,57,0.1386,0.1637,-1,ok,0,17,6,1,1,7,0,1,
v3.0,2020,2020-10-24,BYU,Texas State,home,52,14,-30.0,26.4,35,10,7,8.6,AS EXPECTED,graded,pbp,54,30,0.6142,0.4465,5,ok,0,28,5,1,1,21,2,2,Night · Group of 5 opponent
v3.0,2020,2020-10-24,SMU,Cincinnati,home,13,42,-1.0,1.0,-29,0,0,-30.0,CERTIFIED SOFT,graded,pbp,85,56,-0.3688,0.0149,-19,ok,0,10,6,0,1,,2,1,Night · Top-10 opponent
v3.0,2020,2020-10-24,South Carolina,LSU,away,24,52,4.5,-4.7,-28,7,7,-23.3,SOFT,graded,pbp,43,54,-0.3173,-0.067,-9,ok,0,3,1,1,2,,1,1,Road · Night
v3.0,2020,2020-10-24,Virginia,Miami,away,14,19,13.5,-14.3,-5,0,0,9.3,AS EXPECTED,graded,pbp,67,78,-0.082,-0.2009,6,ok,0,7,6,1,2,,0,1,Road · Night · Ranked opponent
v3.0,2020,2020-10-24,Virginia Tech,Wake Forest,away,16,23,-10.5,11.3,-7,0,0,-18.3,SOFT,graded,pbp,78,66,0.0649,0.1563,-5,ok,0,13,5,0,2,,0,3,Road
v3.0,2020,2020-10-24,TCU,Oklahoma,home,14,33,6.5,-6.9,-26,7,0,-19.1,SOFT,graded,pbp,48,63,-0.2534,-0.0967,-6,ok,0,7,4,0,1,,0,0,
v3.0,2020,2020-10-24,Tennessee,Alabama,home,17,48,21.5,-19.9,-32,7,6,-12.1,AS EXPECTED,graded,pbp,40,64,-0.3235,-0.32,0,ok,0,0,3,0,1,,1,0,Top-10 opponent
v3.0,2020,2020-10-24,Texas Tech,West Virginia,home,34,27,2.5,-2.6,7,0,0,9.6,AS EXPECTED,graded,pbp,67,80,-0.0199,-0.0372,1,ok,0,14,6,2,6,-3,0,1,
v3.0,2020,2020-10-24,West Virginia,Texas Tech,away,27,34,-2.5,2.6,-7,0,0,-9.6,AS EXPECTED,graded,pbp,80,67,0.0199,0.0372,-1,ok,0,17,6,2,3,,1,0,Road
v3.0,2020,2020-10-24,Alabama,Tennessee,away,48,17,-21.5,19.9,32,6,7,12.1,AS EXPECTED,graded,pbp,64,40,0.3235,0.32,0,ok,0,24,6,0,0,18,0,1,Road
v3.0,2020,2020-10-24,Florida State,Louisville,away,16,48,5.5,-5.8,-25,0,7,-19.2,SOFT,graded,pbp,60,50,-0.5486,-0.0819,-18,ok,0,0,1,0,2,,0,1,Road
v3.0,2020,2020-10-24,Georgia Tech,Boston College,away,27,48,3.5,-3.7,-27,6,0,-23.3,SOFT,graded,pbp,56,63,-0.1309,-0.0521,-3,ok,0,7,3,0,1,,0,2,Road
v3.0,2020,2020-10-24,Iowa State,Oklahoma State,away,21,24,2.5,-2.6,-3,0,0,-0.4,AS EXPECTED,graded,pbp,67,80,-0.0147,-0.0372,1,ok,0,21,9,0,3,,2,1,Road · Top-10 opponent
v3.0,2020,2020-10-24,Northwestern,Maryland,home,43,3,-13.0,13.8,34,6,0,20.2,DAWG,graded,pbp,67,26,0.614,0.1935,14,ok,0,23,6,1,1,23,4,0,Night
v3.0,2020,2020-10-24,Indiana,Penn State,home,36,35,6.5,-6.9,1,0,0,7.9,AS EXPECTED,graded,pbp,57,83,-0.282,-0.0967,-9,ok,9,17,9,3,5,-9,3,2,Top-10 opponent
v3.0,2020,2020-10-24,Notre Dame,Pittsburgh,away,45,3,-10.0,10.8,35,7,0,24.2,CERTIFIED DAWG,graded,pbp,59,38,0.5906,0.1488,15,ok,0,14,4,0,1,24,3,1,Road
v3.0,2020,2020-10-24,Kentucky,Missouri,away,10,20,-3.0,3.1,-10,0,0,-13.1,SOFT,graded,pbp,36,92,-0.2671,0.0447,-14,ok,0,0,5,1,2,,0,1,Road
v3.0,2020,2020-10-24,Louisville,Florida State,home,48,16,-5.5,5.8,25,7,0,19.2,DAWG,graded,pbp,50,60,0.5486,0.0819,18,ok,0,31,7,1,1,11,1,0,
v3.0,2020,2020-10-24,LSU,South Carolina,home,52,24,-4.5,4.7,28,7,7,23.3,DAWG,graded,pbp,54,43,0.3173,0.067,9,ok,0,14,3,2,2,18,1,1,Night
v3.0,2020,2020-10-30,Maryland,Minnesota,home,45,44,18.5,-17.9,1,0,0,18.9,DAWG,graded,pbp,62,61,0.0916,-0.2754,16,ok,8,17,3,1,4,-13,0,2,Night
v3.0,2020,2020-10-30,Minnesota,Maryland,away,44,45,-18.5,17.9,-1,0,0,-18.9,SOFT,graded,pbp,61,62,-0.0916,0.2754,-16,ok,8,17,3,1,4,-15,2,0,Road · Night
v3.0,2020,2020-10-31,Boston College,Clemson,away,28,34,26.5,-23.9,-6,0,0,17.9,DAWG,graded,pbp,58,73,-0.3034,-0.3944,4,ok,0,0,3,1,4,-20,1,2,Road
v3.0,2020,2020-10-31,Michigan State,Michigan,away,27,24,21.5,-19.9,3,0,0,22.9,DAWG,graded,pbp,70,86,-0.0352,-0.32,16,ok,0,24,7,1,3,-7,0,0,Road · Ranked opponent
v3.0,2020,2020-10-31,Michigan,Michigan State,home,24,27,-21.5,19.9,-3,0,0,-22.9,SOFT,graded,pbp,86,70,0.0352,0.32,-16,ok,0,3,6,2,4,,0,0,
v3.0,2020,2020-10-31,Missouri,Florida,away,17,41,13.5,-14.3,-27,10,7,-12.7,SOFT,graded,pbp,30,59,-0.759,-0.2009,-18,ok,0,0,4,0,3,,2,2,Road · Night · Top-10 opponent
v3.0,2020,2020-10-31,Ole Miss,Vanderbilt,away,54,21,-17.0,16.9,34,6,7,17.1,DAWG,graded,espn,,,,,,no_pbp,0,0,0,0,0,20,0,0,Road
v3.0,2020,2020-10-31,Duke,Charlotte,home,53,19,-10.5,11.3,33,7,6,21.7,DAWG,graded,espn,,,,,,pbp_conflict,0,38,8,0,0,19,2,1,Night · Group of 5 opponent
v3.0,2020,2020-10-31,North Carolina,Virginia,away,41,44,-7.5,8.0,-3,0,0,-11.0,AS EXPECTED,graded,pbp,61,73,0.1012,0.1116,0,ok,0,14,2,2,3,,1,1,Road · Night
v3.0,2020,2020-10-31,Wake Forest,Syracuse,away,38,14,-14.0,14.7,31,0,7,16.3,DAWG,graded,pbp,61,40,0.4206,0.2084,8,ok,0,28,6,0,1,21,3,0,Road
v3.0,2020,2020-10-31,Rutgers,Indiana,home,21,37,11.5,-12.4,-16,0,0,-3.6,AS EXPECTED,graded,pbp,68,66,-0.4004,-0.1712,-11,ok,0,14,5,0,3,,0,3,Ranked opponent
v3.0,2020,2020-10-31,Syracuse,Wake Forest,home,14,38,14.0,-14.7,-31,7,0,-16.3,SOFT,graded,pbp,40,61,-0.4206,-0.2084,-8,ok,0,7,3,0,1,,0,3,
v3.0,2020,2020-10-31,Ohio State,Penn State,away,38,25,-10.0,10.8,13,0,0,2.2,AS EXPECTED,graded,pbp,79,57,0.1259,0.1488,-1,ok,0,17,6,0,0,-1,1,0,Road · Night · Ranked opponent
v3.0,2020,2020-10-31,Oklahoma State,Texas,home,34,41,-3.5,3.7,-7,0,0,-10.7,AS EXPECTED,graded,pbp,83,73,0.0592,0.0521,0,ok,10,27,9,1,6,-18,0,4,
v3.0,2020,2020-10-31,Auburn,LSU,home,48,11,-1.0,1.0,32,13,8,31.0,CERTIFIED DAWG,graded,pbp,46,42,0.6159,0.0149,19,ok,0,28,8,1,1,18,2,1,
v3.0,2020,2020-10-31,Oklahoma,Texas Tech,away,62,28,-16.0,16.2,34,14,14,17.8,DAWG,graded,pbp,40,32,0.1077,0.2382,-3,ok,0,14,2,0,1,20,6,0,Road · Night
v3.0,2020,2020-10-31,UCF,Houston,away,44,21,-3.0,3.1,31,0,8,27.9,CERTIFIED DAWG,graded,pbp,84,67,0.394,0.0447,19,ok,0,27,6,0,0,21,2,0,Road
v3.0,2020,2020-10-31,Penn State,Ohio State,home,25,38,10.0,-10.8,-13,0,0,-2.2,AS EXPECTED,graded,pbp,57,79,-0.1259,-0.1488,1,ok,0,0,3,0,1,,0,1,Night · Top-10 opponent
v3.0,2020,2020-10-31,Cincinnati,Memphis,home,49,10,-6.5,6.9,25,14,0,18.1,DAWG,graded,pbp,53,45,0.3952,0.0967,10,ok,0,28,6,1,1,11,1,2,Group of 5 opponent
v3.0,2020,2020-10-31,Clemson,Boston College,home,34,28,-26.5,23.9,6,0,0,-17.9,SOFT,graded,pbp,73,58,0.3034,0.3944,-4,ok,0,14,5,1,2,,2,1,
v3.0,2020,2020-10-31,Iowa,Northwestern,home,20,21,1.0,-1.0,-1,0,0,0.0,AS EXPECTED,graded,pbp,74,78,-0.2296,-0.0149,-12,ok,0,10,8,0,2,-15,2,4,
v3.0,2020,2020-10-31,Kansas,Iowa State,home,22,52,27.5,-24.7,-31,8,7,-6.3,AS EXPECTED,graded,pbp,50,69,-0.5493,-0.4093,-6,ok,0,7,5,0,1,,1,2,Ranked opponent
v3.0,2020,2020-10-31,Kansas State,West Virginia,away,10,37,5.0,,,,,,,unverified_scoring,,,,,,,pbp_conflict,0,3,3,0,2,,1,3,Road
v3.0,2020,2020-10-31,Vanderbilt,Ole Miss,home,21,54,17.0,-16.9,-34,7,6,-17.1,SOFT,graded,espn,,,,,,no_pbp,0,0,0,0,0,,0,0,
v3.0,2020,2020-10-31,Baylor,TCU,home,23,33,2.5,-2.6,-10,0,0,-7.4,AS EXPECTED,graded,pbp,70,67,-0.0001,-0.0372,2,ok,0,24,8,0,1,,1,1,
v3.0,2020,2020-10-31,Texas A&M,Arkansas,home,42,31,-14.5,15.1,18,0,7,2.9,AS EXPECTED,graded,pbp,62,69,0.1454,0.2158,-3,ok,0,21,5,2,2,4,0,0,Night
v3.0,2020,2020-10-31,Houston,UCF,home,21,44,3.0,-3.1,-31,8,0,-27.9,CERTIFIED SOFT,graded,pbp,67,84,-0.394,-0.0447,-19,ok,0,0,2,0,1,,0,2,
v3.0,2020,2020-10-31,Purdue,Illinois,away,31,24,-9.5,10.2,7,0,0,-3.2,AS EXPECTED,graded,pbp,65,76,0.0515,0.1414,-5,ok,0,21,6,1,4,-7,3,2,Road
v3.0,2020,2020-10-31,Texas,Oklahoma State,away,41,34,3.5,-3.7,7,0,0,10.7,AS EXPECTED,graded,pbp,73,83,-0.0592,-0.0521,0,ok,10,20,9,2,5,,4,0,Road · Top-10 opponent
v3.0,2020,2020-10-31,BYU,Western Kentucky,home,41,10,-31.0,27.0,35,3,7,8.0,AS EXPECTED,graded,pbp,52,26,0.4679,0.4614,0,ok,0,14,2,1,1,24,1,1,Night · Group of 5 opponent
v3.0,2020,2020-10-31,SMU,Navy,home,51,37,-13.0,13.8,21,6,13,7.2,AS EXPECTED,graded,pbp,60,64,0.3046,0.1935,5,ok,0,24,4,3,3,10,1,1,Night · Group of 5 opponent
v3.0,2020,2020-10-31,Virginia,North Carolina,home,44,41,7.5,-8.0,3,0,0,11.0,AS EXPECTED,graded,pbp,73,61,-0.1012,-0.1116,0,ok,0,7,2,4,5,-11,1,1,Night · Ranked opponent
v3.0,2020,2020-10-31,Virginia Tech,Louisville,away,42,35,-5.0,5.3,7,0,0,1.7,AS EXPECTED,graded,pbp,61,65,-0.0739,0.0744,-7,ok,0,24,6,2,2,-7,3,0,Road
v3.0,2020,2020-10-31,TCU,Baylor,away,33,23,-2.5,2.6,10,0,0,7.4,AS EXPECTED,graded,pbp,67,70,0.0001,0.0372,-2,ok,0,27,9,0,1,-4,1,1,Road
v3.0,2020,2020-10-31,Texas Tech,Oklahoma,home,28,62,16.0,-16.2,-34,14,14,-17.8,SOFT,graded,pbp,32,40,-0.1077,-0.2382,3,ok,0,0,1,0,3,,0,6,Night · Ranked opponent
v3.0,2020,2020-10-31,West Virginia,Kansas State,home,37,10,-5.0,,,,,,,unverified_scoring,,,,,,,pbp_conflict,0,24,7,1,1,,3,1,Ranked opponent
v3.0,2020,2020-10-31,Alabama,Mississippi State,home,41,0,-29.5,26.0,27,14,0,1.0,AS EXPECTED,graded,pbp,59,41,0.5161,0.4391,3,ok,0,24,6,0,0,17,3,1,Night
v3.0,2020,2020-10-31,Mississippi State,Alabama,away,0,41,29.5,-26.0,-27,0,14,-1.0,AS EXPECTED,graded,pbp,41,59,-0.5161,-0.4391,-3,ok,0,0,2,0,1,,1,3,Road · Night · Top-10 opponent
v3.0,2020,2020-10-31,Illinois,Purdue,home,24,31,9.5,-10.2,-7,0,0,3.2,AS EXPECTED,graded,pbp,76,65,-0.0515,-0.1414,5,ok,0,21,6,0,1,,2,3,
v3.0,2020,2020-10-31,Florida,Missouri,home,41,17,-13.5,14.3,27,7,10,12.7,DAWG,graded,pbp,59,30,0.759,0.2009,18,ok,0,27,8,0,1,14,2,2,Night
v3.0,2020,2020-10-31,Georgia Tech,Notre Dame,home,13,31,20.5,-19.2,-24,6,0,-4.8,AS EXPECTED,graded,pbp,47,66,-0.5371,-0.3051,-9,ok,0,7,3,0,2,,2,1,Top-10 opponent
v3.0,2020,2020-10-31,Georgia,Kentucky,away,14,3,-17.0,16.9,11,0,0,-5.9,AS EXPECTED,graded,pbp,57,64,0.1779,0.253,-3,ok,0,7,6,0,1,0,1,2,Road
v3.0,2020,2020-10-31,Iowa State,Kansas,away,52,22,-27.5,24.7,31,7,8,6.3,AS EXPECTED,graded,pbp,69,50,0.5493,0.4093,6,ok,0,38,9,1,1,18,2,1,Road
v3.0,2020,2020-10-31,Northwestern,Iowa,away,21,20,-1.0,1.0,1,0,0,-0.0,AS EXPECTED,graded,pbp,78,74,0.2296,0.0149,12,ok,0,7,6,0,1,,4,2,Road
v3.0,2020,2020-10-31,Arkansas,Texas A&M,away,31,42,14.5,-15.1,-18,7,0,-2.9,AS EXPECTED,graded,pbp,69,62,-0.1454,-0.2158,3,ok,0,14,4,0,2,,0,0,Road · Night · Top-10 opponent
v3.0,2020,2020-10-31,Indiana,Rutgers,away,37,21,-11.5,12.4,16,0,0,3.6,AS EXPECTED,graded,pbp,66,68,0.4004,0.1712,11,ok,0,27,9,1,1,3,3,0,Road
v3.0,2020,2020-10-31,Notre Dame,Georgia Tech,away,31,13,-20.5,19.2,24,0,6,4.8,AS EXPECTED,graded,pbp,66,47,0.5371,0.3051,9,ok,0,17,7,1,1,14,1,2,Road
v3.0,2020,2020-10-31,Kentucky,Georgia,home,3,14,17.0,-16.9,-11,0,0,5.9,AS EXPECTED,graded,pbp,64,57,-0.1779,-0.253,3,ok,0,3,4,0,1,,2,1,Top-10 opponent
v3.0,2020,2020-10-31,Louisville,Virginia Tech,home,35,42,5.0,-5.3,-7,0,0,-1.7,AS EXPECTED,graded,pbp,65,61,0.0739,-0.0744,7,ok,0,7,3,0,1,,0,3,
v3.0,2020,2020-10-31,LSU,Auburn,away,11,48,1.0,-1.0,-32,8,13,-31.0,CERTIFIED SOFT,graded,pbp,42,46,-0.6159,-0.0149,-19,ok,0,7,4,0,1,,1,2,Road
v3.0,2020,2020-11-06,NC State,Miami,home,41,44,10.5,-11.3,-3,0,0,8.3,AS EXPECTED,graded,pbp,62,83,-0.1174,-0.1563,2,ok,0,10,3,4,8,-13,0,1,Night · Ranked opponent
v3.0,2020,2020-11-06,Miami,NC State,away,44,41,-10.5,11.3,3,0,0,-8.3,AS EXPECTED,graded,pbp,83,62,0.1174,0.1563,-2,ok,0,17,3,3,6,,1,0,Road · Night
v3.0,2020,2020-11-06,BYU,Boise State,away,51,17,-4.5,4.7,35,13,14,30.3,CERTIFIED DAWG,graded,pbp,49,46,0.5308,0.067,16,ok,0,21,5,1,1,22,2,0,Road · Night · Ranked opponent · Group of 5 opponent
v3.0,2020,2020-11-07,Boston College,Syracuse,away,16,13,-14.5,15.1,3,0,0,-12.1,AS EXPECTED,graded,pbp,76,51,0.1811,0.2158,-2,ok,0,13,7,1,2,-7,2,0,Road
v3.0,2020,2020-11-07,Maryland,Penn State,away,35,19,27.5,-24.7,22,0,6,46.7,CERTIFIED DAWG,graded,pbp,61,79,0.0842,-0.4093,25,ok,0,21,8,0,1,8,2,0,Road
v3.0,2020,2020-11-07,Michigan State,Iowa,away,7,49,5.5,-5.8,-42,7,7,-36.2,CERTIFIED SOFT,graded,pbp,33,43,-0.7783,-0.0819,-19,ok,0,0,4,0,1,,0,3,Road
v3.0,2020,2020-11-07,Michigan,Indiana,away,21,38,-4.0,4.2,-17,0,0,-21.2,SOFT,graded,pbp,52,88,0.0027,0.0595,-3,ok,0,21,5,0,2,,0,2,Road · Ranked opponent
v3.0,2020,2020-11-07,Minnesota,Illinois,away,41,14,-7.5,8.0,34,0,7,26.0,CERTIFIED DAWG,graded,pbp,63,41,0.2914,0.1116,7,ok,0,28,6,0,0,20,0,2,Road
v3.0,2020,2020-11-07,Duke,North Carolina,home,24,56,11.5,-12.4,-32,14,14,-19.6,SOFT,graded,pbp,38,42,-0.6922,-0.1712,-15,ok,0,0,0,0,1,,1,2,
v3.0,2020,2020-11-07,North Carolina,Duke,away,56,24,-11.5,12.4,32,14,14,19.6,DAWG,graded,pbp,42,38,0.6922,0.1712,15,ok,0,21,3,0,0,18,2,1,Road
v3.0,2020,2020-11-07,Nebraska,Northwestern,away,13,21,4.0,-4.2,-8,0,0,-3.8,AS EXPECTED,graded,pbp,88,65,-0.0274,-0.0595,2,ok,0,13,8,0,3,,2,2,Road
v3.0,2020,2020-11-07,Rutgers,Ohio State,away,27,49,37.5,-29.9,-46,24,0,-16.1,SOFT,graded,pbp,50,55,-0.7582,-0.5582,-7,ok,0,0,1,1,1,,1,2,Road · Night · Top-10 opponent
v3.0,2020,2020-11-07,Syracuse,Boston College,home,13,16,14.5,-15.1,-3,0,0,12.1,AS EXPECTED,graded,pbp,51,76,-0.1811,-0.2158,2,ok,0,3,6,1,2,,0,2,
v3.0,2020,2020-11-07,Ohio State,Rutgers,home,49,27,-37.5,29.9,46,0,24,16.1,DAWG,graded,pbp,55,50,0.7582,0.5582,7,ok,0,28,4,0,1,35,2,1,Night
v3.0,2020,2020-11-07,Oklahoma State,Kansas State,away,20,18,-14.0,14.7,2,0,0,-12.7,SOFT,graded,pbp,63,66,-0.0145,0.2084,-10,ok,0,13,7,0,3,,1,0,Road
v3.0,2020,2020-11-07,Oklahoma,Kansas,home,62,9,-38.5,30.2,31,28,6,0.8,AS EXPECTED,graded,pbp,45,41,0.7328,0.5731,5,ok,0,31,7,0,0,17,2,1,
v3.0,2020,2020-11-07,Penn State,Maryland,home,19,35,-27.5,24.7,-22,6,0,-46.7,CERTIFIED SOFT,graded,pbp,79,61,-0.0842,0.4093,-25,ok,0,14,7,0,1,,0,2,
v3.0,2020,2020-11-07,Cincinnati,Houston,home,38,10,-12.5,13.3,28,0,0,14.7,DAWG,graded,pbp,60,40,0.4052,0.1861,8,ok,0,21,5,1,1,14,1,1,
v3.0,2020,2020-11-07,Pittsburgh,Florida State,away,41,17,-1.5,1.6,24,0,0,22.4,DAWG,graded,pbp,57,70,0.2996,0.0223,13,ok,0,31,9,0,1,14,3,0,Road
v3.0,2020,2020-11-07,Clemson,Notre Dame,away,40,47,-5.0,5.3,-7,0,0,-12.3,SOFT,graded,pbp,71,69,0.1293,0.0744,3,ok,17,24,6,2,3,,1,1,Road · Night
v3.0,2020,2020-11-07,Iowa,Michigan State,home,49,7,-5.5,5.8,42,7,7,36.2,CERTIFIED DAWG,graded,pbp,43,33,0.7783,0.0819,19,ok,0,14,6,0,0,28,3,0,
v3.0,2020,2020-11-07,Kansas,Oklahoma,away,9,62,38.5,-30.2,-31,6,28,-0.8,AS EXPECTED,graded,pbp,41,45,-0.7328,-0.5731,-5,ok,0,0,2,0,1,,1,2,Road
v3.0,2020,2020-11-07,Kansas State,Oklahoma State,home,18,20,14.0,-14.7,-2,0,0,12.7,DAWG,graded,pbp,66,63,0.0145,-0.2084,10,ok,0,20,8,0,2,-14,0,1,Ranked opponent
v3.0,2020,2020-11-07,Vanderbilt,Mississippi State,away,17,24,18.0,-17.5,-7,0,0,10.5,AS EXPECTED,graded,pbp,82,57,0.0806,-0.2679,17,ok,0,14,6,0,1,,0,5,Road
v3.0,2020,2020-11-07,Baylor,Iowa State,away,31,38,14.0,-14.7,-7,0,0,7.7,AS EXPECTED,graded,pbp,60,65,-0.1138,-0.2084,4,ok,0,14,4,0,4,-21,3,2,Road · Night · Ranked opponent
v3.0,2020,2020-11-07,Stanford,Oregon,away,14,35,11.5,-12.4,-21,0,0,-8.6,AS EXPECTED,graded,pbp,57,66,0.0087,-0.1712,8,ok,0,14,4,0,1,,2,0,Road · Ranked opponent
v3.0,2020,2020-11-07,Texas A&M,South Carolina,away,48,3,-9.5,10.2,34,14,3,23.8,DAWG,graded,pbp,49,35,0.718,0.1414,17,ok,0,21,6,0,0,20,2,0,Road · Night
v3.0,2020,2020-11-07,Houston,Cincinnati,away,10,38,12.5,-13.3,-28,0,0,-14.7,SOFT,graded,pbp,40,60,-0.4052,-0.1861,-8,ok,0,0,2,0,1,,1,1,Road · Top-10 opponent
v3.0,2020,2020-11-07,Oregon,Stanford,home,35,14,-11.5,12.4,21,0,0,8.6,AS EXPECTED,graded,pbp,66,57,-0.0087,0.1712,-8,ok,0,14,6,1,1,7,0,2,
v3.0,2020,2020-11-07,Texas,West Virginia,home,17,13,-6.5,6.9,4,0,0,-2.9,AS EXPECTED,graded,pbp,67,76,-0.0113,0.0967,-5,ok,0,3,7,1,3,,0,1,
v3.0,2020,2020-11-07,SMU,Temple,away,47,23,-17.5,17.2,24,7,7,6.8,AS EXPECTED,graded,pbp,65,55,0.2684,0.2605,0,ok,0,27,7,2,3,14,0,0,Road · Group of 5 opponent
v3.0,2020,2020-11-07,South Carolina,Texas A&M,home,3,48,9.5,-10.2,-34,3,14,-23.8,SOFT,graded,pbp,35,49,-0.718,-0.1414,-17,ok,0,0,3,0,1,,0,2,Night · Top-10 opponent
v3.0,2020,2020-11-07,Virginia Tech,Liberty,home,35,38,-17.0,16.9,-3,0,0,-19.9,SOFT,graded,pbp,58,80,0.1967,0.253,-3,ok,0,13,3,2,4,,2,0,Ranked opponent · Group of 5 opponent
v3.0,2020,2020-11-07,UCLA,Colorado,away,42,48,-6.5,6.9,-6,0,0,-12.9,SOFT,graded,pbp,65,92,0.139,0.0967,2,ok,0,21,5,0,1,,0,3,Road
v3.0,2020,2020-11-07,TCU,Texas Tech,home,34,18,-9.5,10.2,16,0,0,5.8,AS EXPECTED,graded,pbp,70,67,0.0319,0.1414,-5,ok,0,27,11,0,0,6,1,1,
v3.0,2020,2020-11-07,Tennessee,Arkansas,away,13,24,-2.0,2.1,-11,0,0,-13.1,SOFT,graded,pbp,71,70,-0.3122,0.0298,-17,ok,0,10,6,0,3,-21,0,2,Road · Night
v3.0,2020,2020-11-07,Texas Tech,TCU,away,18,34,9.5,-10.2,-16,0,0,-5.8,AS EXPECTED,graded,pbp,67,70,-0.0319,-0.1414,5,ok,0,7,7,0,1,,1,1,Road
v3.0,2020,2020-11-07,West Virginia,Texas,away,13,17,6.5,-6.9,-4,0,0,2.9,AS EXPECTED,graded,pbp,76,67,0.0113,-0.0967,5,ok,0,3,7,1,3,,1,0,Road · Ranked opponent
v3.0,2020,2020-11-07,USC,Arizona State,home,28,27,-11.5,12.4,1,0,0,-11.4,AS EXPECTED,graded,pbp,95,65,0.0151,0.1712,-9,ok,0,14,6,1,3,,1,4,
v3.0,2020,2020-11-07,Mississippi State,Vanderbilt,home,24,17,-18.0,17.5,7,0,0,-10.5,AS EXPECTED,graded,pbp,57,82,-0.0806,0.2679,-17,ok,0,24,8,0,1,-7,5,0,
v3.0,2020,2020-11-07,Illinois,Minnesota,home,14,41,7.5,-8.0,-34,7,0,-26.0,CERTIFIED SOFT,graded,pbp,41,63,-0.2914,-0.1116,-7,ok,0,0,3,0,1,,2,0,
v3.0,2020,2020-11-07,Colorado,UCLA,home,48,42,6.5,-6.9,6,0,0,12.9,DAWG,graded,pbp,92,65,-0.139,-0.0967,-2,ok,0,24,8,3,3,-8,3,0,
v3.0,2020,2020-11-07,Florida State,Pittsburgh,home,17,41,1.5,-1.6,-24,0,0,-22.4,SOFT,graded,pbp,70,57,-0.2996,-0.0223,-13,ok,0,7,5,1,3,-35,0,3,
v3.0,2020,2020-11-07,Florida,Georgia,neutral,44,28,3.0,-3.1,16,0,0,19.1,DAWG,graded,pbp,80,58,0.2335,-0.0447,14,ok,0,27,9,1,2,6,3,1,Top-10 opponent
v3.0,2020,2020-11-07,Georgia,Florida,neutral,28,44,-3.0,3.1,-16,0,0,-19.1,SOFT,graded,pbp,58,80,-0.2335,0.0447,-14,ok,0,14,5,0,4,-30,1,3,Top-10 opponent
v3.0,2020,2020-11-07,Iowa State,Baylor,home,38,31,-14.0,14.7,7,0,0,-7.7,AS EXPECTED,graded,pbp,65,60,0.1138,0.2084,-4,ok,0,28,5,0,2,-7,2,3,Night
v3.0,2020,2020-11-07,Northwestern,Nebraska,home,21,13,-4.0,4.2,8,0,0,3.8,AS EXPECTED,graded,pbp,65,88,0.0274,0.0595,-2,ok,0,14,8,0,3,,2,2,
v3.0,2020,2020-11-07,Arkansas,Tennessee,home,24,13,2.0,-2.1,11,0,0,13.1,DAWG,graded,pbp,70,71,0.3122,-0.0298,17,ok,0,17,7,0,1,0,2,0,Night
v3.0,2020,2020-11-07,Indiana,Michigan,home,38,21,4.0,-4.2,17,0,0,21.2,DAWG,graded,pbp,88,52,-0.0027,-0.0595,3,ok,0,24,7,1,1,7,2,0,Ranked opponent
v3.0,2020,2020-11-07,Notre Dame,Clemson,home,47,40,5.0,-5.3,7,0,0,12.3,DAWG,graded,pbp,69,71,-0.1293,-0.0744,-3,ok,17,16,4,2,5,-3,1,1,Night
v3.0,2020,2020-11-07,Arizona State,USC,away,27,28,11.5,-12.4,-1,0,0,11.4,AS EXPECTED,graded,pbp,65,95,-0.0151,-0.1712,9,ok,0,17,8,1,4,-11,4,1,Road · Ranked opponent
v3.0,2020,2020-11-13,Minnesota,Iowa,home,7,35,3.0,-3.1,-28,7,7,-24.9,CERTIFIED SOFT,graded,pbp,55,49,-0.3688,-0.0447,-12,ok,0,0,5,0,1,,1,2,Night
v3.0,2020,2020-11-13,Cincinnati,East Carolina,home,55,17,-27.5,24.7,32,13,7,7.3,AS EXPECTED,graded,pbp,56,46,0.6197,0.4093,8,ok,0,14,4,1,1,18,4,1,Night · Group of 5 opponent
v3.0,2020,2020-11-13,Iowa,Minnesota,away,35,7,-3.0,3.1,28,7,7,24.9,CERTIFIED DAWG,graded,pbp,49,55,0.3688,0.0447,12,ok,0,28,8,0,0,14,2,1,Road · Night
v3.0,2020,2020-11-14,Boston College,Notre Dame,home,31,45,13.0,-13.8,-14,0,0,-0.2,AS EXPECTED,graded,pbp,65,77,-0.1873,-0.1935,0,ok,0,10,4,2,3,,3,2,Top-10 opponent
v3.0,2020,2020-11-14,Arizona,USC,home,30,34,15.0,-15.5,-4,0,0,11.5,AS EXPECTED,graded,pbp,76,75,-0.0791,-0.2233,8,ok,0,6,5,4,5,,0,1,Ranked opponent
v3.0,2020,2020-11-14,Michigan State,Indiana,home,0,24,7.5,-8.0,-24,0,0,-16.0,SOFT,graded,pbp,44,58,-0.5976,-0.1116,-18,ok,0,0,7,0,1,,2,4,Top-10 opponent
v3.0,2020,2020-11-14,Michigan,Wisconsin,home,11,49,7.0,-7.4,-32,8,14,-24.6,CERTIFIED SOFT,graded,pbp,34,53,-0.5982,-0.1042,-15,ok,0,0,1,0,1,,0,2,Night · Ranked opponent
v3.0,2020,2020-11-14,Ole Miss,South Carolina,home,59,42,-12.5,13.3,17,0,0,3.7,AS EXPECTED,graded,pbp,80,68,0.1386,0.1861,-2,ok,0,24,4,4,6,7,1,1,Night
v3.0,2020,2020-11-14,NC State,Florida State,home,38,22,-11.5,12.4,23,0,7,10.6,AS EXPECTED,graded,pbp,69,54,0.0022,0.1712,-7,ok,0,21,4,0,0,9,1,1,Night
v3.0,2020,2020-11-14,North Carolina,Wake Forest,home,59,53,-12.5,13.3,6,0,0,-7.3,AS EXPECTED,graded,pbp,83,91,0.2531,0.1861,4,ok,0,31,7,3,4,-8,0,1,
v3.0,2020,2020-11-14,Wake Forest,North Carolina,away,53,59,12.5,-13.3,-6,0,0,7.3,AS EXPECTED,graded,pbp,91,83,-0.2531,-0.1861,-4,ok,0,21,5,3,7,-17,1,0,Road
v3.0,2020,2020-11-14,Nebraska,Penn State,home,30,23,2.5,-2.6,7,0,0,9.6,AS EXPECTED,graded,pbp,60,91,-0.1178,-0.0372,-4,ok,0,6,4,2,6,-3,1,1,
v3.0,2020,2020-11-14,Rutgers,Illinois,home,20,23,-5.5,5.8,-3,0,0,-8.8,AS EXPECTED,graded,pbp,67,75,-0.157,0.0819,-12,ok,0,6,6,1,4,-13,1,3,
v3.0,2020,2020-11-14,UCF,Temple,home,38,13,-28.5,25.4,35,0,10,9.6,AS EXPECTED,graded,pbp,49,52,0.4354,0.4242,0,ok,0,21,6,0,0,21,3,1,Night · Group of 5 opponent
v3.0,2020,2020-11-14,Penn State,Nebraska,away,23,30,-2.5,2.6,-7,0,0,-9.6,AS EXPECTED,graded,pbp,91,60,0.1178,0.0372,4,ok,0,10,5,1,3,,1,1,Road
v3.0,2020,2020-11-14,Vanderbilt,Kentucky,away,35,38,17.5,-17.2,-3,0,0,14.2,DAWG,graded,pbp,80,54,-0.0683,-0.2605,9,ok,0,14,3,0,1,,0,0,Road
v3.0,2020,2020-11-14,Baylor,Texas Tech,away,23,24,1.0,-1.0,-1,0,0,0.0,AS EXPECTED,graded,pbp,74,77,-0.0238,-0.0149,0,ok,0,13,6,1,5,-15,2,1,Road
v3.0,2020,2020-11-14,Miami,Virginia Tech,away,25,24,2.0,-2.1,1,0,0,3.1,AS EXPECTED,graded,pbp,86,71,0.0442,-0.0298,4,ok,0,7,8,1,1,,2,0,Road
v3.0,2020,2020-11-14,Stanford,Colorado,home,32,35,-9.5,10.2,-3,0,0,-13.2,SOFT,graded,pbp,75,68,-0.059,0.1414,-10,ok,0,14,7,2,2,,1,1,
v3.0,2020,2020-11-14,Houston,South Florida,home,56,21,-14.5,15.1,42,14,21,26.9,CERTIFIED DAWG,graded,pbp,49,37,0.8013,0.2158,18,ok,0,28,6,1,2,28,1,1,Group of 5 opponent
v3.0,2020,2020-11-14,Oregon,Washington State,away,43,29,-10.5,11.3,14,0,0,2.7,AS EXPECTED,graded,pbp,66,66,0.2008,0.1563,2,ok,0,21,4,2,4,5,0,3,Road · Night · Group of 5 opponent
v3.0,2020,2020-11-14,Purdue,Northwestern,home,20,27,3.5,-3.7,-7,0,0,-3.3,AS EXPECTED,graded,pbp,68,76,-0.0708,-0.0521,-1,ok,0,10,7,0,3,,1,1,Ranked opponent
v3.0,2020,2020-11-14,SMU,Tulsa,away,24,28,-2.0,2.1,-4,0,0,-6.1,AS EXPECTED,graded,pbp,76,80,-0.293,0.0298,-18,ok,0,14,6,0,2,-18,2,1,Road · Night · Group of 5 opponent
v3.0,2020,2020-11-14,South Carolina,Ole Miss,away,42,59,12.5,-13.3,-17,0,0,-3.7,AS EXPECTED,graded,pbp,68,80,-0.1386,-0.1861,2,ok,0,7,2,4,6,,1,1,Road · Night
v3.0,2020,2020-11-14,Virginia,Louisville,home,31,17,-6.0,6.3,14,0,0,7.7,AS EXPECTED,graded,pbp,65,60,0.0996,0.0893,0,ok,0,14,7,2,3,3,3,2,
v3.0,2020,2020-11-14,Virginia Tech,Miami,home,24,25,-2.0,2.1,-1,0,0,-3.1,AS EXPECTED,graded,pbp,71,86,-0.0442,0.0298,-4,ok,0,24,8,0,4,-12,0,2,Top-10 opponent
v3.0,2020,2020-11-14,TCU,West Virginia,away,6,24,3.0,-3.1,-18,0,0,-14.9,SOFT,graded,pbp,63,63,-0.2986,-0.0447,-11,ok,0,0,3,1,1,,0,1,Road
v3.0,2020,2020-11-14,Washington,Oregon State,home,27,21,-13.5,14.3,6,0,0,-8.3,AS EXPECTED,graded,pbp,75,58,0.2367,0.2009,2,ok,0,20,6,1,2,-4,2,0,Night · Group of 5 opponent
v3.0,2020,2020-11-14,Texas Tech,Baylor,home,24,23,-1.0,1.0,1,0,0,-0.0,AS EXPECTED,graded,pbp,77,74,0.0238,0.0149,0,ok,0,23,8,1,3,,1,2,
v3.0,2020,2020-11-14,Wisconsin,Michigan,away,49,11,-7.0,7.4,32,14,8,24.6,CERTIFIED DAWG,graded,pbp,53,34,0.5982,0.1042,15,ok,0,28,4,0,0,18,2,0,Road · Night
v3.0,2020,2020-11-14,West Virginia,TCU,home,24,6,-3.0,3.1,18,0,0,14.9,DAWG,graded,pbp,63,63,0.2986,0.0447,11,ok,0,7,6,1,1,7,1,0,
v3.0,2020,2020-11-14,USC,Arizona,away,34,30,-15.0,15.5,4,0,0,-11.5,AS EXPECTED,graded,pbp,75,76,0.0791,0.2233,-8,ok,0,10,5,4,5,,1,0,Road
v3.0,2020,2020-11-14,Illinois,Rutgers,away,23,20,5.5,-5.8,3,0,0,8.8,AS EXPECTED,graded,pbp,75,67,0.157,-0.0819,12,ok,0,6,7,0,2,,3,1,Road
v3.0,2020,2020-11-14,Colorado,Stanford,away,35,32,9.5,-10.2,3,0,0,13.2,DAWG,graded,pbp,68,75,0.059,-0.1414,10,ok,0,14,5,1,4,-9,1,1,Road
v3.0,2020,2020-11-14,Florida State,NC State,away,22,38,11.5,-12.4,-23,7,0,-10.6,AS EXPECTED,graded,pbp,54,69,-0.0022,-0.1712,7,ok,0,0,2,0,1,,1,1,Road · Night
v3.0,2020,2020-11-14,Florida,Arkansas,home,63,35,-17.0,16.9,28,14,14,11.1,AS EXPECTED,graded,pbp,68,38,0.0117,0.253,-9,ok,0,35,6,1,2,14,0,1,Night
v3.0,2020,2020-11-14,Northwestern,Purdue,away,27,20,-3.5,3.7,7,0,0,3.3,AS EXPECTED,graded,pbp,76,68,0.0708,0.0521,1,ok,0,7,7,2,3,-7,1,1,Road
v3.0,2020,2020-11-14,Arkansas,Florida,away,35,63,17.0,-16.9,-28,14,14,-11.1,AS EXPECTED,graded,pbp,38,68,-0.0117,-0.253,9,ok,0,7,3,1,2,,1,0,Road · Night · Top-10 opponent
v3.0,2020,2020-11-14,Indiana,Michigan State,away,24,0,-7.5,8.0,24,0,0,16.0,DAWG,graded,pbp,58,44,0.5976,0.1116,18,ok,0,24,11,0,0,10,4,2,Road
v3.0,2020,2020-11-14,Notre Dame,Boston College,away,45,31,-13.0,13.8,14,0,0,0.2,AS EXPECTED,graded,pbp,77,65,0.1873,0.1935,0,ok,0,21,5,2,4,3,2,3,Road
v3.0,2020,2020-11-14,Kentucky,Vanderbilt,home,38,35,-17.5,17.2,3,0,0,-14.2,SOFT,graded,pbp,54,80,0.0683,0.2605,-9,ok,0,21,4,2,2,-11,0,0,
v3.0,2020,2020-11-14,Louisville,Virginia,away,17,31,6.0,-6.3,-14,0,0,-7.7,AS EXPECTED,graded,pbp,60,65,-0.0996,-0.0893,0,ok,0,14,5,1,3,,2,3,Road
v3.0,2020,2020-11-15,California,UCLA,away,10,34,-3.5,3.7,-24,0,0,-27.7,CERTIFIED SOFT,graded,pbp,51,70,-0.4962,0.0521,-24,ok,0,3,5,0,1,,1,1,Road
v3.0,2020,2020-11-15,UCLA,California,home,34,10,3.5,-3.7,24,0,0,27.7,CERTIFIED DAWG,graded,pbp,70,51,0.4962,-0.0521,24,ok,0,28,7,1,2,13,1,1,
v3.0,2020,2020-11-20,Minnesota,Purdue,home,34,31,2.5,-2.6,3,0,0,5.6,AS EXPECTED,graded,pbp,63,67,-0.0764,-0.0372,-2,ok,0,0,2,4,5,-8,1,0,Night
v3.0,2020,2020-11-20,Syracuse,Louisville,away,0,30,19.5,-18.5,-27,0,3,-8.5,AS EXPECTED,graded,pbp,28,66,-0.639,-0.2902,-12,ok,0,0,3,0,1,,4,2,Road · Night
v3.0,2020,2020-11-20,Purdue,Minnesota,away,31,34,-2.5,2.6,-3,0,0,-5.6,AS EXPECTED,graded,pbp,67,63,0.0764,0.0372,2,ok,0,3,3,1,2,,0,1,Road · Night
v3.0,2020,2020-11-20,Louisville,Syracuse,home,30,0,-19.5,18.5,27,3,0,8.5,AS EXPECTED,graded,pbp,66,28,0.639,0.2902,12,ok,0,20,7,0,0,14,2,4,Night
v3.0,2020,2020-11-21,Arizona,Washington,away,27,44,12.0,-12.9,-30,27,14,-17.1,SOFT,graded,pbp,24,48,-0.8136,-0.1786,-16,ok,0,7,1,0,1,,0,1,Road · Night
v3.0,2020,2020-11-21,Michigan,Rutgers,away,48,42,-12.0,12.9,6,0,0,-6.9,AS EXPECTED,graded,pbp,76,76,-0.0431,0.1786,-12,ok,23,14,6,1,3,,0,1,Road · Night
v3.0,2020,2020-11-21,Missouri,South Carolina,away,17,10,-4.5,4.7,7,0,0,2.3,AS EXPECTED,graded,pbp,67,69,-0.0328,0.067,-5,ok,0,17,8,0,1,-7,1,1,Road · Night
v3.0,2020,2020-11-21,NC State,Liberty,home,15,14,-4.0,4.2,1,0,0,-3.2,AS EXPECTED,graded,pbp,71,73,0.1335,0.0595,4,ok,0,14,9,0,1,,3,1,Night · Ranked opponent · Group of 5 opponent
v3.0,2020,2020-11-21,Nebraska,Illinois,home,23,41,-16.5,16.6,-24,6,0,-40.6,CERTIFIED SOFT,graded,pbp,56,73,-0.1252,0.2456,-17,ok,0,10,3,1,2,,0,5,
v3.0,2020,2020-11-21,Rutgers,Michigan,home,42,48,12.0,-12.9,-6,0,0,6.9,AS EXPECTED,graded,pbp,76,76,0.0431,-0.1786,12,ok,23,17,7,3,4,-20,1,0,Night
v3.0,2020,2020-11-21,Ohio State,Indiana,home,42,35,-21.0,19.5,7,0,0,-12.5,SOFT,graded,pbp,80,67,-0.0808,0.3126,-21,ok,0,21,8,1,2,-7,3,3,Top-10 opponent
v3.0,2020,2020-11-21,Oklahoma State,Oklahoma,away,13,41,6.5,-6.9,-28,0,0,-21.1,SOFT,graded,pbp,54,64,-0.5124,-0.0967,-17,ok,0,3,3,0,1,,0,1,Road · Night · Ranked opponent
v3.0,2020,2020-11-21,Auburn,Tennessee,home,30,17,-10.5,11.3,13,0,0,1.7,AS EXPECTED,graded,pbp,64,74,0.0949,0.1563,-3,ok,0,10,4,0,1,3,1,1,Night
v3.0,2020,2020-11-21,Oklahoma,Oklahoma State,home,41,13,-6.5,6.9,28,0,0,21.1,DAWG,graded,pbp,64,54,0.5124,0.0967,17,ok,0,31,7,0,0,14,1,0,Night · Ranked opponent
v3.0,2020,2020-11-21,UCF,Cincinnati,home,33,36,4.5,-4.7,-3,0,0,1.7,AS EXPECTED,graded,pbp,84,78,-0.2405,-0.067,-10,ok,0,0,4,2,6,-14,1,3,Top-10 opponent
v3.0,2020,2020-11-21,Penn State,Iowa,home,21,41,-1.0,1.0,-20,0,0,-21.0,SOFT,graded,pbp,73,74,-0.2855,0.0149,-16,ok,0,14,7,1,2,,1,4,
v3.0,2020,2020-11-21,Cincinnati,UCF,away,36,33,-4.5,4.7,3,0,0,-1.7,AS EXPECTED,graded,pbp,78,84,0.2405,0.067,10,ok,0,31,7,1,3,-8,3,1,Road
v3.0,2020,2020-11-21,Pittsburgh,Virginia Tech,home,47,14,6.5,-6.9,26,7,0,32.9,CERTIFIED DAWG,graded,pbp,71,49,0.2632,-0.0967,15,ok,0,23,9,2,2,17,2,1,
v3.0,2020,2020-11-21,Iowa,Penn State,away,41,21,1.0,-1.0,20,0,0,21.0,DAWG,graded,pbp,74,73,0.2855,-0.0149,16,ok,0,27,9,1,1,10,4,1,Road
v3.0,2020,2020-11-21,Kansas State,Iowa State,away,0,45,13.5,-14.3,-35,0,10,-20.7,SOFT,graded,pbp,24,37,-1.1834,-0.2009,-21,ok,0,0,1,0,1,,0,3,Road · Ranked opponent
v3.0,2020,2020-11-21,Vanderbilt,Florida,home,17,38,31.5,-27.2,-21,0,0,6.2,AS EXPECTED,graded,pbp,68,76,-0.2244,-0.4689,13,ok,0,0,3,1,3,,1,1,Top-10 opponent
v3.0,2020,2020-11-21,Oregon,UCLA,home,38,35,-17.5,17.2,3,0,0,-14.2,SOFT,graded,pbp,64,82,0.0975,0.2605,-8,ok,0,21,6,0,1,-11,2,0,
v3.0,2020,2020-11-21,California,Oregon State,away,27,31,-1.0,1.0,-4,0,0,-5.0,AS EXPECTED,graded,pbp,81,51,0.0516,0.0149,2,ok,0,17,6,2,5,,2,2,Road · Group of 5 opponent
v3.0,2020,2020-11-21,BYU,North Alabama,home,66,14,-50.0,34.0,35,24,7,1.0,AS EXPECTED,graded,pbp,34,40,0.9784,0.7442,6,ok,0,28,4,0,0,21,3,0,FCS opponent
v3.0,2020,2020-11-21,Utah,USC,home,17,33,-1.0,1.0,-16,0,0,-17.0,SOFT,graded,pbp,62,65,-0.2988,0.0149,-14,ok,0,3,5,0,3,,2,5,Night · Ranked opponent
v3.0,2020,2020-11-21,South Carolina,Missouri,home,10,17,4.5,-4.7,-7,0,0,-2.3,AS EXPECTED,graded,pbp,69,67,0.0328,-0.067,5,ok,0,10,8,0,1,,1,1,Night
v3.0,2020,2020-11-21,Virginia,Abilene Christian,home,55,15,-38.5,30.2,35,13,8,4.8,AS EXPECTED,graded,pbp,40,51,0.7383,0.5731,5,ok,0,28,5,0,0,21,1,0,FCS opponent
v3.0,2020,2020-11-21,Virginia Tech,Pittsburgh,away,14,47,-6.5,6.9,-26,0,7,-32.9,CERTIFIED SOFT,graded,pbp,49,71,-0.2632,0.0967,-15,ok,0,7,3,0,2,,1,2,Road
v3.0,2020,2020-11-21,UCLA,Oregon,away,35,38,17.5,-17.2,-3,0,0,14.2,DAWG,graded,pbp,82,64,-0.0975,-0.2605,8,ok,0,7,7,1,1,,0,2,Road · Ranked opponent
v3.0,2020,2020-11-21,Tennessee,Auburn,away,17,30,10.5,-11.3,-13,0,0,-1.7,AS EXPECTED,graded,pbp,74,64,-0.0949,-0.1563,3,ok,0,10,2,0,3,-23,1,1,Road · Night · Ranked opponent
v3.0,2020,2020-11-21,Washington,Arizona,home,44,27,-12.0,12.9,30,14,27,17.1,DAWG,graded,pbp,48,24,0.8136,0.1786,16,ok,0,24,5,0,0,20,1,0,Night
v3.0,2020,2020-11-21,Wisconsin,Northwestern,away,7,17,-7.5,8.0,-10,0,0,-18.0,SOFT,graded,pbp,82,68,0.029,0.1116,-4,ok,0,7,12,0,1,,2,5,Road · Ranked opponent
v3.0,2020,2020-11-21,USC,Utah,away,33,17,1.0,-1.0,16,0,0,17.0,DAWG,graded,pbp,65,62,0.2988,-0.0149,14,ok,0,20,10,2,2,2,5,2,Road · Night
v3.0,2020,2020-11-21,Alabama,Kentucky,home,63,3,-31.5,27.2,32,28,0,4.8,AS EXPECTED,graded,pbp,32,42,0.689,0.4689,6,ok,0,28,4,0,1,21,2,1,
v3.0,2020,2020-11-21,Mississippi State,Georgia,away,24,31,26.5,-23.9,-7,0,0,16.9,DAWG,graded,pbp,66,61,-0.0856,-0.3944,14,ok,0,0,4,3,4,,0,0,Road · Night · Ranked opponent
v3.0,2020,2020-11-21,Illinois,Nebraska,away,41,23,16.5,-16.6,24,0,6,40.6,CERTIFIED DAWG,graded,pbp,73,56,0.1252,-0.2456,17,ok,0,17,6,1,1,10,5,0,Road
v3.0,2020,2020-11-21,Florida,Vanderbilt,away,38,17,-31.5,27.2,21,0,0,-6.2,AS EXPECTED,graded,pbp,76,68,0.2244,0.4689,-13,ok,0,24,5,1,2,7,1,1,Road
v3.0,2020,2020-11-21,Georgia,Mississippi State,home,31,24,-26.5,23.9,7,0,0,-16.9,SOFT,graded,pbp,61,66,0.0856,0.3944,-14,ok,0,14,4,2,4,,0,0,Night
v3.0,2020,2020-11-21,Iowa State,Kansas State,home,45,0,-13.5,14.3,35,10,0,20.7,DAWG,graded,pbp,37,24,1.1834,0.2009,21,ok,0,21,4,0,0,21,3,0,
v3.0,2020,2020-11-21,Northwestern,Wisconsin,home,17,7,7.5,-8.0,10,0,0,18.0,DAWG,graded,pbp,68,82,-0.029,-0.1116,4,ok,0,17,14,0,1,0,5,2,Top-10 opponent
v3.0,2020,2020-11-21,Arkansas,LSU,home,24,27,1.5,-1.6,-3,0,0,-1.4,AS EXPECTED,graded,pbp,53,91,0.0103,-0.0223,2,ok,0,17,8,0,3,,1,2,
v3.0,2020,2020-11-21,Indiana,Ohio State,away,35,42,21.0,-19.5,-7,0,0,12.5,DAWG,graded,pbp,67,80,0.0808,-0.3126,21,ok,0,21,9,0,2,,3,3,Road · Top-10 opponent
v3.0,2020,2020-11-21,Kentucky,Alabama,away,3,63,31.5,-27.2,-32,0,28,-4.8,AS EXPECTED,graded,pbp,42,32,-0.689,-0.4689,-6,ok,0,0,1,1,1,,1,2,Road · Top-10 opponent
v3.0,2020,2020-11-21,LSU,Arkansas,away,27,24,-1.5,1.6,3,0,0,1.4,AS EXPECTED,graded,pbp,91,53,-0.0103,0.0223,-2,ok,0,17,8,1,3,-7,2,1,Road
v3.0,2020,2020-11-27,North Carolina,Notre Dame,home,17,31,4.5,-4.7,-14,0,0,-9.3,AS EXPECTED,graded,pbp,57,68,-0.2253,-0.067,-7,ok,0,10,6,1,3,,0,0,Top-10 opponent
v3.0,2020,2020-11-27,Nebraska,Iowa,away,20,26,12.5,-13.3,-6,0,0,7.3,AS EXPECTED,graded,pbp,63,75,0.0698,-0.1861,13,ok,0,3,3,1,5,,1,1,Road · Ranked opponent
v3.0,2020,2020-11-27,UCF,South Florida,away,58,46,-25.0,22.7,12,0,0,-10.7,AS EXPECTED,graded,pbp,81,93,-0.0276,0.3721,-25,ok,0,35,8,1,2,-2,2,1,Road · Group of 5 opponent
v3.0,2020,2020-11-27,Iowa,Nebraska,home,26,20,-12.5,13.3,6,0,0,-7.3,AS EXPECTED,graded,pbp,75,63,-0.0698,0.1861,-13,ok,0,10,5,2,3,-4,1,1,
v3.0,2020,2020-11-27,Stanford,California,away,24,23,-1.5,1.6,1,0,0,-0.6,AS EXPECTED,graded,pbp,67,65,-0.069,0.0223,-4,ok,0,17,7,0,3,,1,0,Road
v3.0,2020,2020-11-27,Oregon,Oregon State,away,38,41,-13.0,13.8,-3,0,0,-16.8,SOFT,graded,pbp,66,82,-0.0554,0.1935,-13,ok,0,3,4,4,7,-14,0,3,Road · Night · Group of 5 opponent
v3.0,2020,2020-11-27,California,Stanford,home,23,24,1.5,-1.6,-1,0,0,0.6,AS EXPECTED,graded,pbp,65,67,0.069,-0.0223,4,ok,0,7,6,2,4,,0,1,
v3.0,2020,2020-11-27,Texas,Iowa State,home,20,23,1.5,-1.6,-3,0,0,-1.4,AS EXPECTED,graded,pbp,65,69,-0.1959,-0.0223,-8,ok,0,17,4,0,5,-13,0,1,Ranked opponent
v3.0,2020,2020-11-27,Iowa State,Texas,away,23,20,-1.5,1.6,3,0,0,1.4,AS EXPECTED,graded,pbp,69,65,0.1959,0.0223,8,ok,0,10,5,1,2,,1,0,Road · Ranked opponent
v3.0,2020,2020-11-27,Notre Dame,North Carolina,away,31,17,-4.5,4.7,14,0,0,9.3,AS EXPECTED,graded,pbp,68,57,0.2253,0.067,7,ok,0,14,7,2,2,0,0,0,Road · Ranked opponent
v3.0,2020,2020-11-28,Boston College,Louisville,home,34,27,-1.0,1.0,7,0,0,6.0,AS EXPECTED,graded,pbp,63,66,0.0094,0.0149,0,ok,0,17,3,2,5,-3,3,1,
v3.0,2020,2020-11-28,Arizona,UCLA,away,10,27,7.5,-8.0,-17,0,0,-9.0,AS EXPECTED,graded,pbp,75,76,-0.2139,-0.1116,-5,ok,0,10,7,0,2,,0,2,Road · Night
v3.0,2020,2020-11-28,Maryland,Indiana,away,11,27,11.5,-12.4,-24,8,0,-11.6,AS EXPECTED,graded,pbp,50,69,-0.1824,-0.1712,0,ok,0,10,7,0,2,,0,3,Road · Ranked opponent
v3.0,2020,2020-11-28,Michigan State,Northwestern,home,29,20,13.5,-14.3,9,0,0,23.3,DAWG,graded,pbp,74,80,0.1028,-0.2009,17,ok,0,23,8,0,2,-1,4,1,Top-10 opponent
v3.0,2020,2020-11-28,Michigan,Penn State,home,17,27,-1.0,1.0,-10,0,0,-11.0,AS EXPECTED,graded,pbp,55,79,-0.1854,0.0149,-10,ok,0,7,4,0,2,,0,0,
v3.0,2020,2020-11-28,Missouri,Vanderbilt,home,41,0,-14.0,14.7,27,14,0,12.3,DAWG,graded,pbp,66,42,0.534,0.2084,13,ok,0,24,7,0,0,13,1,0,
v3.0,2020,2020-11-28,Ole Miss,Mississippi State,home,31,24,-9.5,10.2,7,0,0,-3.2,AS EXPECTED,graded,pbp,82,78,0.0478,0.1414,-5,ok,0,24,7,1,3,-7,1,0,
v3.0,2020,2020-11-28,Duke,Georgia Tech,away,33,56,-2.5,2.6,-23,0,0,-25.6,CERTIFIED SOFT,graded,pbp,78,68,-0.4176,0.0372,-24,ok,0,24,7,0,2,,2,4,Road · Night
v3.0,2020,2020-11-28,NC State,Syracuse,away,36,29,-17.0,16.9,7,0,0,-9.9,AS EXPECTED,graded,pbp,73,70,0.0583,0.253,-10,ok,0,17,7,0,1,,0,3,Road
v3.0,2020,2020-11-28,Rutgers,Purdue,away,37,30,12.5,-13.3,7,0,0,20.3,DAWG,graded,pbp,82,68,0.0357,-0.1861,12,ok,0,17,5,1,3,,1,0,Road
v3.0,2020,2020-11-28,Syracuse,NC State,home,29,36,17.0,-16.9,-7,0,0,9.9,AS EXPECTED,graded,pbp,70,73,-0.0583,-0.253,10,ok,0,13,5,0,2,-16,3,0,
v3.0,2020,2020-11-28,Oklahoma State,Texas Tech,home,50,44,-11.5,12.4,6,0,0,-6.4,AS EXPECTED,graded,pbp,86,82,-0.1062,0.1712,-17,ok,0,14,8,4,4,-4,3,3,
v3.0,2020,2020-11-28,Auburn,Alabama,away,13,42,24.5,-22.3,-29,7,7,-6.7,AS EXPECTED,graded,pbp,53,37,-0.547,-0.3647,-6,ok,0,3,3,0,1,,1,2,Road · Top-10 opponent
v3.0,2020,2020-11-28,Penn State,Michigan,away,27,17,1.0,-1.0,10,0,0,11.0,AS EXPECTED,graded,pbp,79,55,0.1854,-0.0149,10,ok,0,10,5,1,3,0,0,0,Road
v3.0,2020,2020-11-28,Pittsburgh,Clemson,away,17,52,24.0,-21.9,-28,0,7,-6.1,AS EXPECTED,graded,pbp,54,66,-0.3441,-0.3572,1,ok,0,0,3,0,1,,1,5,Road
v3.0,2020,2020-11-28,Clemson,Pittsburgh,home,52,17,-24.0,21.9,28,7,0,6.1,AS EXPECTED,graded,pbp,66,54,0.3441,0.3572,-1,ok,0,38,8,0,0,18,5,1,
v3.0,2020,2020-11-28,Kansas,TCU,home,23,59,23.0,-21.1,-33,11,14,-11.9,AS EXPECTED,graded,pbp,44,47,-0.8889,-0.3423,-18,ok,0,7,7,0,1,,0,1,Night
v3.0,2020,2020-11-28,Kansas State,Baylor,away,31,32,5.5,-5.8,-1,0,0,4.8,AS EXPECTED,graded,pbp,53,75,-0.1072,-0.0819,-1,ok,0,10,5,2,5,-12,0,2,Road · Night
v3.0,2020,2020-11-28,Vanderbilt,Missouri,away,0,41,14.0,-14.7,-27,0,14,-12.3,SOFT,graded,pbp,42,66,-0.534,-0.2084,-13,ok,0,0,2,0,1,,0,1,Road
v3.0,2020,2020-11-28,Baylor,Kansas State,home,32,31,-5.5,5.8,1,0,0,-4.8,AS EXPECTED,graded,pbp,75,53,0.1072,0.0819,1,ok,0,17,5,2,4,,2,0,Night
v3.0,2020,2020-11-28,Texas A&M,LSU,home,20,7,-15.5,15.9,13,0,0,-2.9,AS EXPECTED,graded,pbp,71,72,-0.0694,0.2307,-15,ok,0,10,13,0,0,3,2,2,Night
v3.0,2020,2020-11-28,Purdue,Rutgers,home,30,37,-12.5,13.3,-7,0,0,-20.3,SOFT,graded,pbp,68,82,-0.0357,0.1861,-12,ok,0,7,2,1,6,-17,0,1,
v3.0,2020,2020-11-28,Utah,Washington,away,21,24,9.0,-9.7,-3,0,0,6.7,AS EXPECTED,graded,pbp,65,64,-0.2225,-0.134,-4,ok,0,21,6,0,2,-17,3,4,Road
v3.0,2020,2020-11-28,SMU,East Carolina,away,38,52,-11.5,12.4,-35,21,0,-47.4,CERTIFIED SOFT,graded,pbp,50,60,-0.5538,0.1712,-28,ok,0,10,4,0,1,,2,3,Road · Group of 5 opponent
v3.0,2020,2020-11-28,South Carolina,Georgia,home,16,45,22.0,-20.3,-28,6,7,-7.7,AS EXPECTED,graded,pbp,54,48,-0.4333,-0.3275,-4,ok,0,3,1,0,1,,1,1,Night
v3.0,2020,2020-11-28,UCLA,Arizona,home,27,10,-7.5,8.0,17,0,0,9.0,AS EXPECTED,graded,pbp,76,75,0.2139,0.1116,5,ok,0,24,9,1,1,7,2,0,Night
v3.0,2020,2020-11-28,TCU,Kansas,away,59,23,-23.0,21.1,33,14,11,11.9,AS EXPECTED,graded,pbp,47,44,0.8889,0.3423,18,ok,0,35,10,0,0,23,1,0,Road · Night
v3.0,2020,2020-11-28,Washington,Utah,home,24,21,-9.0,9.7,3,0,0,-6.7,AS EXPECTED,graded,pbp,64,65,0.2225,0.134,4,ok,0,17,7,0,1,,4,3,
v3.0,2020,2020-11-28,Texas Tech,Oklahoma State,away,44,50,11.5,-12.4,-6,0,0,6.4,AS EXPECTED,graded,pbp,82,86,0.1062,-0.1712,17,ok,0,31,9,1,4,,3,3,Road · Ranked opponent
v3.0,2020,2020-11-28,Alabama,Auburn,home,42,13,-24.5,22.3,29,7,7,6.7,AS EXPECTED,graded,pbp,37,53,0.547,0.3647,6,ok,0,21,5,0,0,15,2,1,Ranked opponent
v3.0,2020,2020-11-28,Mississippi State,Ole Miss,away,24,31,9.5,-10.2,-7,0,0,3.2,AS EXPECTED,graded,pbp,78,82,-0.0478,-0.1414,5,ok,0,7,5,0,1,,0,1,Road
v3.0,2020,2020-11-28,Colorado,San Diego State,home,20,10,-5.0,5.3,10,0,0,4.7,AS EXPECTED,graded,pbp,82,59,0.1537,0.0744,4,ok,0,20,11,0,1,-4,1,1,Group of 5 opponent
v3.0,2020,2020-11-28,Florida,Kentucky,home,34,10,-24.0,21.9,24,0,0,2.1,AS EXPECTED,graded,pbp,47,57,0.2522,0.3572,-4,ok,0,20,7,0,2,13,3,2,
v3.0,2020,2020-11-28,Georgia Tech,Duke,home,56,33,2.5,-2.6,23,0,0,25.6,CERTIFIED DAWG,graded,pbp,68,78,0.4176,-0.0372,24,ok,0,35,11,3,5,14,4,2,Night
v3.0,2020,2020-11-28,Georgia,South Carolina,away,45,16,-22.0,20.3,28,7,6,7.7,AS EXPECTED,graded,pbp,48,54,0.4333,0.3275,4,ok,0,21,4,0,0,14,1,1,Road · Night
v3.0,2020,2020-11-28,Northwestern,Michigan State,away,20,29,-13.5,14.3,-9,0,0,-23.3,SOFT,graded,pbp,80,74,-0.1028,0.2009,-17,ok,0,10,7,0,3,,1,4,Road
v3.0,2020,2020-11-28,Indiana,Maryland,home,27,11,-11.5,12.4,24,0,8,11.6,AS EXPECTED,graded,pbp,69,50,0.1824,0.1712,0,ok,0,17,9,0,1,10,3,0,
v3.0,2020,2020-11-28,Kentucky,Florida,away,10,34,24.0,-21.9,-24,0,0,-2.1,AS EXPECTED,graded,pbp,57,47,-0.2522,-0.3572,4,ok,0,10,5,0,3,,2,3,Road · Top-10 opponent
v3.0,2020,2020-11-28,Louisville,Boston College,away,27,34,1.0,-1.0,-7,0,0,-6.0,AS EXPECTED,graded,pbp,66,63,-0.0094,-0.0149,0,ok,0,0,3,1,2,,1,3,Road
v3.0,2020,2020-11-28,LSU,Texas A&M,away,7,20,15.5,-15.9,-13,0,0,2.9,AS EXPECTED,graded,pbp,72,71,0.0694,-0.2307,15,ok,0,7,12,0,1,,2,2,Road · Night · Top-10 opponent
v3.0,2020,2020-12-05,Boston College,Virginia,away,32,43,6.0,-6.3,-11,0,0,-4.7,AS EXPECTED,graded,pbp,66,69,-0.1398,-0.0893,-2,ok,0,17,5,1,3,,1,3,Road
v3.0,2020,2020-12-05,Arizona,Colorado,home,13,24,9.5,-10.2,-11,0,0,-0.8,AS EXPECTED,graded,pbp,75,66,-0.2371,-0.1414,-5,ok,0,13,8,0,3,-21,3,1,
v3.0,2020,2020-12-05,Michigan State,Ohio State,home,12,52,22.5,-20.7,-38,12,14,-17.3,SOFT,graded,pbp,40,58,-0.6627,-0.3349,-11,ok,0,0,2,0,1,,1,3,Top-10 opponent
v3.0,2020,2020-12-05,Missouri,Arkansas,home,50,48,-2.5,2.6,2,0,0,-0.6,AS EXPECTED,graded,pbp,87,84,0.0231,0.0372,-1,ok,0,27,5,3,4,-8,0,0,
v3.0,2020,2020-12-05,Duke,Miami,home,0,48,14.5,-15.1,-35,0,13,-19.9,SOFT,graded,pbp,48,48,-0.6636,-0.2158,-15,ok,0,0,4,0,1,,1,5,Night · Top-10 opponent
v3.0,2020,2020-12-05,NC State,Georgia Tech,home,23,13,-7.0,7.4,10,0,0,2.6,AS EXPECTED,graded,pbp,68,78,-0.0326,0.1042,-7,ok,0,16,5,1,2,0,0,0,
v3.0,2020,2020-12-05,North Carolina,Western Carolina,home,49,9,-48.5,33.5,39,7,6,5.5,AS EXPECTED,graded,pbp,37,32,0.9738,0.7219,6,ok,0,21,4,1,1,28,1,2,FCS opponent
v3.0,2020,2020-12-05,Nebraska,Purdue,away,37,27,1.0,-1.0,10,0,0,11.0,AS EXPECTED,graded,pbp,71,66,-0.068,-0.0149,-3,ok,0,17,7,1,1,-4,0,0,Road
v3.0,2020,2020-12-05,Rutgers,Penn State,home,7,23,13.0,-13.8,-16,0,0,-2.2,AS EXPECTED,graded,pbp,64,79,-0.2145,-0.1935,-1,ok,0,7,6,0,1,,2,1,
v3.0,2020,2020-12-05,Syracuse,Notre Dame,away,21,45,34.0,-28.5,-24,7,7,4.5,AS EXPECTED,graded,pbp,52,60,-0.3296,-0.5061,7,ok,0,14,7,0,2,,2,4,Road · Top-10 opponent
v3.0,2020,2020-12-05,Ohio State,Michigan State,away,52,12,-22.5,20.7,38,14,12,17.3,DAWG,graded,pbp,58,40,0.6627,0.3349,11,ok,0,21,5,0,0,24,3,1,Road
v3.0,2020,2020-12-05,Oklahoma State,TCU,away,22,29,-2.5,2.6,-7,0,0,-9.6,AS EXPECTED,graded,pbp,75,78,-0.1884,0.0372,-12,ok,0,14,11,0,1,-20,4,1,Road
v3.0,2020,2020-12-05,Auburn,Texas A&M,home,20,31,6.0,-6.3,-11,0,0,-4.7,AS EXPECTED,graded,pbp,54,70,-0.1866,-0.0893,-4,ok,0,13,3,0,3,,0,0,Top-10 opponent
v3.0,2020,2020-12-05,Oklahoma,Baylor,home,27,14,-23.5,21.5,13,0,0,-8.5,AS EXPECTED,graded,pbp,59,82,-0.0596,0.3498,-21,ok,0,24,9,0,0,3,2,1,Night
v3.0,2020,2020-12-05,Penn State,Rutgers,away,23,7,-13.0,13.8,16,0,0,2.2,AS EXPECTED,graded,pbp,79,64,0.2145,0.1935,1,ok,0,23,10,0,0,6,1,2,Road
v3.0,2020,2020-12-05,Clemson,Virginia Tech,away,45,10,-23.0,21.1,28,7,0,6.9,AS EXPECTED,graded,pbp,47,49,0.4975,0.3423,5,ok,0,24,8,3,3,14,2,1,Road · Night
v3.0,2020,2020-12-05,Iowa,Illinois,away,35,21,-13.5,14.3,14,0,0,-0.3,AS EXPECTED,graded,pbp,66,72,0.1838,0.2009,-1,ok,0,34,8,0,1,0,1,0,Road
v3.0,2020,2020-12-05,Kansas,Texas Tech,away,13,16,26.5,-23.9,-3,0,0,20.9,DAWG,graded,pbp,73,69,-0.022,-0.3944,19,ok,0,13,9,0,2,,4,0,Road
v3.0,2020,2020-12-05,Kansas State,Texas,home,31,69,7.5,-8.0,-35,0,3,-27.0,CERTIFIED SOFT,graded,pbp,56,52,-0.342,-0.1116,-9,ok,0,7,1,0,1,,0,3,
v3.0,2020,2020-12-05,Baylor,Oklahoma,away,14,27,23.5,-21.5,-13,0,0,8.5,AS EXPECTED,graded,pbp,82,59,0.0596,-0.3498,21,ok,0,0,6,0,1,,1,2,Road · Night · Ranked opponent
v3.0,2020,2020-12-05,Miami,Duke,away,48,0,-14.5,15.1,35,13,0,19.9,DAWG,graded,pbp,48,48,0.6636,0.2158,15,ok,0,28,7,0,0,21,5,1,Road · Night
v3.0,2020,2020-12-05,Stanford,Washington,away,31,26,12.0,-12.9,5,0,0,17.9,DAWG,graded,pbp,71,57,-0.2854,-0.1786,-5,ok,0,7,1,0,2,-9,0,1,Road · Ranked opponent
v3.0,2020,2020-12-05,Texas A&M,Auburn,away,31,20,-6.0,6.3,11,0,0,4.7,AS EXPECTED,graded,pbp,70,54,0.1866,0.0893,4,ok,0,10,3,2,4,0,0,0,Road
v3.0,2020,2020-12-05,Oregon,California,away,17,21,-9.0,9.7,-4,0,0,-13.7,SOFT,graded,pbp,60,79,0.1124,0.134,-1,ok,0,10,8,0,2,,1,2,Road
v3.0,2020,2020-12-05,California,Oregon,home,21,17,9.0,-9.7,4,0,0,13.7,DAWG,graded,pbp,79,60,-0.1124,-0.134,1,ok,0,14,8,1,2,-7,2,1,Ranked opponent
v3.0,2020,2020-12-05,Purdue,Nebraska,home,27,37,-1.0,1.0,-10,0,0,-11.0,AS EXPECTED,graded,pbp,66,71,0.068,0.0149,3,ok,0,17,5,0,1,,0,0,
v3.0,2020,2020-12-05,Texas,Kansas State,away,69,31,-7.5,8.0,35,3,0,27.0,CERTIFIED DAWG,graded,pbp,52,56,0.342,0.1116,9,ok,0,24,5,0,0,25,3,0,Road
v3.0,2020,2020-12-05,BYU,Coastal Carolina,away,17,22,-10.5,11.3,-5,0,0,-16.3,SOFT,graded,pbp,58,69,-0.1689,0.1563,-15,ok,0,0,5,2,4,,1,2,Road · Ranked opponent · Group of 5 opponent
v3.0,2020,2020-12-05,Utah,Oregon State,home,30,24,-14.0,14.7,6,0,0,-8.7,AS EXPECTED,graded,pbp,70,69,0.0597,0.2084,-7,ok,0,13,6,1,3,-3,1,0,Night · Group of 5 opponent
v3.0,2020,2020-12-05,South Carolina,Kentucky,away,18,41,11.5,-12.4,-38,15,0,-25.6,CERTIFIED SOFT,graded,pbp,37,60,-0.5702,-0.1712,-14,ok,0,7,5,0,1,,0,4,Road · Night
v3.0,2020,2020-12-05,Virginia,Boston College,home,43,32,-6.0,6.3,11,0,0,4.7,AS EXPECTED,graded,pbp,69,66,0.1398,0.0893,2,ok,0,34,9,1,3,-2,3,1,
v3.0,2020,2020-12-05,Virginia Tech,Clemson,home,10,45,23.0,-21.1,-28,0,7,-6.9,AS EXPECTED,graded,pbp,49,47,-0.4975,-0.3423,-5,ok,0,10,5,1,2,,1,2,Night
v3.0,2020,2020-12-05,UCLA,Arizona State,away,25,18,2.5,-2.6,7,0,0,9.6,AS EXPECTED,graded,pbp,62,71,-0.013,-0.0372,1,ok,0,17,6,1,3,-3,2,0,Road · Night
v3.0,2020,2020-12-05,TCU,Oklahoma State,home,29,22,2.5,-2.6,7,0,0,9.6,AS EXPECTED,graded,pbp,78,75,0.1884,-0.0372,12,ok,0,28,13,0,1,,1,4,Ranked opponent
v3.0,2020,2020-12-05,Tennessee,Florida,home,19,31,18.0,-17.5,-18,6,0,-0.5,AS EXPECTED,graded,pbp,65,66,-0.2272,-0.2679,2,ok,0,14,6,0,2,,0,0,Top-10 opponent
v3.0,2020,2020-12-05,Washington,Stanford,home,26,31,-12.0,12.9,-5,0,0,-17.9,SOFT,graded,pbp,57,71,0.2854,0.1786,5,ok,0,10,2,0,1,,1,0,
v3.0,2020,2020-12-05,Texas Tech,Kansas,home,16,13,-26.5,23.9,3,0,0,-20.9,SOFT,graded,pbp,69,73,0.022,0.3944,-19,ok,0,13,10,1,3,-7,0,4,
v3.0,2020,2020-12-05,Wisconsin,Indiana,home,6,14,-13.5,14.3,-8,0,0,-22.3,SOFT,graded,pbp,69,53,0.0427,0.2009,-7,ok,0,3,5,1,1,,1,2,Ranked opponent
v3.0,2020,2020-12-05,West Virginia,Iowa State,away,6,42,6.0,-6.3,-35,6,7,-28.7,CERTIFIED SOFT,graded,pbp,47,52,-0.5805,-0.0893,-17,ok,0,0,2,0,1,,0,0,Road · Top-10 opponent
v3.0,2020,2020-12-05,Alabama,LSU,away,55,17,-28.5,25.4,31,10,3,5.6,AS EXPECTED,graded,pbp,40,38,0.5193,0.4242,3,ok,0,24,4,0,0,17,1,1,Road · Night
v3.0,2020,2020-12-05,Illinois,Iowa,home,21,35,13.5,-14.3,-14,0,0,0.3,AS EXPECTED,graded,pbp,72,66,-0.1838,-0.2009,1,ok,0,14,5,0,3,-28,0,1,Ranked opponent
v3.0,2020,2020-12-05,Colorado,Arizona,away,24,13,-9.5,10.2,11,0,0,0.8,AS EXPECTED,graded,pbp,66,75,0.2371,0.1414,5,ok,0,24,8,0,1,0,1,3,Road
v3.0,2020,2020-12-05,Florida,Tennessee,away,31,19,-18.0,17.5,18,0,6,0.5,AS EXPECTED,graded,pbp,66,65,0.2272,0.2679,-2,ok,0,17,8,1,1,8,0,0,Road
v3.0,2020,2020-12-05,Georgia Tech,NC State,away,13,23,7.0,-7.4,-10,0,0,-2.6,AS EXPECTED,graded,pbp,78,68,0.0326,-0.1042,7,ok,0,3,4,0,1,,0,0,Road
v3.0,2020,2020-12-05,Iowa State,West Virginia,home,42,6,-6.0,6.3,35,7,6,28.7,CERTIFIED DAWG,graded,pbp,52,47,0.5805,0.0893,17,ok,0,28,5,0,0,21,0,0,
v3.0,2020,2020-12-05,Arkansas,Missouri,away,48,50,2.5,-2.6,-2,0,0,0.6,AS EXPECTED,graded,pbp,84,87,-0.0231,-0.0372,1,ok,0,7,2,4,6,-12,0,0,Road
v3.0,2020,2020-12-05,Indiana,Wisconsin,away,14,6,13.5,-14.3,8,0,0,22.3,DAWG,graded,pbp,53,69,-0.0427,-0.2009,7,ok,0,7,5,0,2,-3,2,1,Road · Ranked opponent
v3.0,2020,2020-12-05,Notre Dame,Syracuse,home,45,21,-34.0,28.5,24,7,7,-4.5,AS EXPECTED,graded,pbp,60,52,0.3296,0.5061,-7,ok,0,42,11,0,1,14,4,2,
v3.0,2020,2020-12-05,Arizona State,UCLA,home,18,25,-2.5,2.6,-7,0,0,-9.6,AS EXPECTED,graded,pbp,71,62,0.013,0.0372,-1,ok,0,14,4,0,2,,0,2,Night
v3.0,2020,2020-12-05,Kentucky,South Carolina,home,41,18,-11.5,12.4,38,0,15,25.6,CERTIFIED DAWG,graded,pbp,60,37,0.5702,0.1712,14,ok,0,27,8,0,1,28,4,0,Night
v3.0,2020,2020-12-05,LSU,Alabama,home,17,55,28.5,-25.4,-31,3,10,-5.6,AS EXPECTED,graded,pbp,38,40,-0.5193,-0.4242,-3,ok,0,0,0,0,1,,1,1,Night · Top-10 opponent
v3.0,2020,2020-12-06,USC,Washington State,home,38,13,-11.0,11.8,29,3,7,17.2,DAWG,graded,pbp,25,36,0.8366,0.1637,15,ok,0,28,4,0,0,15,3,0,Group of 5 opponent
v3.0,2020,2020-12-10,Pittsburgh,Georgia Tech,away,34,20,-7.5,8.0,14,0,0,6.0,AS EXPECTED,graded,pbp,86,65,0.0425,0.1116,-4,ok,0,17,7,1,2,5,2,1,Road · Night
v3.0,2020,2020-12-10,Georgia Tech,Pittsburgh,home,20,34,7.5,-8.0,-14,0,0,-6.0,AS EXPECTED,graded,pbp,65,86,-0.0425,-0.1116,4,ok,0,14,4,0,3,,1,2,Night
v3.0,2020,2020-12-11,Arizona,Arizona State,home,7,70,9.0,-9.7,-42,7,28,-32.3,CERTIFIED SOFT,graded,pbp,47,25,-0.9325,-0.134,-20,ok,0,0,1,0,1,,0,7,
v3.0,2020,2020-12-11,Arizona State,Arizona,away,70,7,-9.0,9.7,42,28,7,32.3,CERTIFIED DAWG,graded,pbp,25,47,0.9325,0.134,20,ok,0,21,4,0,0,28,7,0,Road
v3.0,2020,2020-12-12,Maryland,Rutgers,home,24,27,-3.0,3.1,-3,0,0,-6.1,AS EXPECTED,graded,pbp,70,80,0.0701,0.0447,1,ok,11,10,11,2,4,,1,2,
v3.0,2020,2020-12-12,Michigan State,Penn State,away,24,39,14.5,-15.1,-15,0,0,0.1,AS EXPECTED,graded,pbp,70,70,-0.1232,-0.2158,5,ok,0,17,5,1,5,-26,0,1,Road
v3.0,2020,2020-12-12,Minnesota,Nebraska,away,24,17,9.5,-10.2,7,0,0,17.2,DAWG,graded,pbp,73,65,0.0811,-0.1414,11,ok,0,17,7,1,2,-3,2,0,Road
v3.0,2020,2020-12-12,Missouri,Georgia,home,14,49,14.0,-14.7,-28,0,7,-13.3,SOFT,graded,pbp,42,59,-0.4769,-0.2084,-10,ok,0,7,3,0,1,,0,2,
v3.0,2020,2020-12-12,Duke,Florida State,away,35,56,3.0,-3.1,-35,14,0,-31.9,CERTIFIED SOFT,graded,pbp,59,58,-0.3157,-0.0447,-11,ok,0,14,4,0,1,,2,4,Road
v3.0,2020,2020-12-12,North Carolina,Miami,away,62,26,3.0,-3.1,38,14,16,41.1,CERTIFIED DAWG,graded,pbp,59,45,0.6479,-0.0447,26,ok,0,31,5,1,1,27,1,0,Road · Top-10 opponent
v3.0,2020,2020-12-12,Wake Forest,Louisville,away,21,45,2.5,-2.6,-24,0,0,-21.4,SOFT,graded,pbp,68,70,-0.1968,-0.0372,-8,ok,0,14,6,1,2,,0,2,Road
v3.0,2020,2020-12-12,Nebraska,Minnesota,home,17,24,-9.5,10.2,-7,0,0,-17.2,SOFT,graded,pbp,65,73,-0.0811,0.1414,-11,ok,0,10,6,0,2,,0,2,
v3.0,2020,2020-12-12,Rutgers,Maryland,away,27,24,3.0,-3.1,3,0,0,6.1,AS EXPECTED,graded,pbp,80,70,-0.0701,-0.0447,-1,ok,11,14,10,1,3,,2,1,Road
v3.0,2020,2020-12-12,Oklahoma State,Baylor,away,42,3,-6.0,6.3,35,7,3,28.7,CERTIFIED DAWG,graded,pbp,60,44,0.6034,0.0893,19,ok,0,21,4,0,0,21,0,2,Road
v3.0,2020,2020-12-12,Auburn,Mississippi State,away,24,10,-5.5,5.8,14,0,0,8.2,AS EXPECTED,graded,pbp,68,67,0.2772,0.0819,9,ok,0,16,9,1,2,1,2,0,Road · Night
v3.0,2020,2020-12-12,Penn State,Michigan State,home,39,24,-14.5,15.1,15,0,0,-0.1,AS EXPECTED,graded,pbp,70,70,0.1232,0.2158,-5,ok,0,10,6,2,3,0,1,0,
v3.0,2020,2020-12-12,Iowa,Wisconsin,home,28,7,2.0,-2.1,21,0,0,23.1,DAWG,graded,pbp,57,71,0.2318,-0.0298,12,ok,0,27,12,0,1,7,2,0,
v3.0,2020,2020-12-12,Vanderbilt,Tennessee,home,17,42,14.5,-15.1,-32,7,0,-16.9,SOFT,graded,pbp,53,61,-0.3997,-0.2158,-7,ok,0,3,4,1,2,,2,1,
v3.0,2020,2020-12-12,Baylor,Oklahoma State,home,3,42,6.0,-6.3,-35,3,7,-28.7,CERTIFIED SOFT,graded,pbp,44,60,-0.6034,-0.0893,-19,ok,0,0,1,0,1,,2,0,Ranked opponent
v3.0,2020,2020-12-12,Miami,North Carolina,home,26,62,-3.0,3.1,-38,16,14,-41.1,CERTIFIED SOFT,graded,pbp,45,59,-0.6479,0.0447,-26,ok,0,0,1,0,1,,0,1,Ranked opponent
v3.0,2020,2020-12-12,Stanford,Oregon State,away,27,24,-2.5,2.6,3,0,0,0.4,AS EXPECTED,graded,pbp,64,69,0.0348,0.0372,0,ok,0,10,4,2,4,,1,0,Road · Night · Group of 5 opponent
v3.0,2020,2020-12-12,Houston,Memphis,away,27,30,-6.5,6.9,-3,0,0,-9.9,AS EXPECTED,graded,pbp,84,65,0.213,0.0967,6,ok,0,24,6,1,4,,1,1,Road · Group of 5 opponent
v3.0,2020,2020-12-12,BYU,San Diego State,home,28,14,-16.5,16.6,14,0,0,-2.6,AS EXPECTED,graded,pbp,55,77,0.2745,0.2456,1,ok,0,17,5,0,2,0,3,1,Night · Group of 5 opponent
v3.0,2020,2020-12-12,Utah,Colorado,away,38,21,-2.5,2.6,17,0,0,14.4,DAWG,graded,pbp,70,66,0.242,0.0372,10,ok,0,23,10,1,2,3,3,1,Road · Ranked opponent
v3.0,2020,2020-12-12,Virginia,Virginia Tech,away,15,33,3.0,-3.1,-18,0,0,-14.9,SOFT,graded,pbp,67,67,-0.303,-0.0447,-12,ok,0,0,3,1,3,,0,2,Road · Night
v3.0,2020,2020-12-12,Virginia Tech,Virginia,home,33,15,-3.0,3.1,18,0,0,14.9,DAWG,graded,pbp,67,67,0.303,0.0447,12,ok,0,23,7,1,1,5,2,0,Night
v3.0,2020,2020-12-12,UCLA,USC,home,38,43,3.5,-3.7,-5,0,0,-1.3,AS EXPECTED,graded,pbp,79,80,-0.1929,-0.0521,-8,ok,0,24,6,1,5,-19,2,3,Ranked opponent
v3.0,2020,2020-12-12,TCU,Louisiana Tech,home,52,10,-21.5,19.9,31,21,10,11.1,AS EXPECTED,graded,pbp,32,32,0.7612,0.32,10,ok,0,31,6,0,0,21,5,0,Night · Group of 5 opponent
v3.0,2020,2020-12-12,Tennessee,Vanderbilt,away,42,17,-14.5,15.1,32,0,7,16.9,DAWG,graded,pbp,61,53,0.3997,0.2158,7,ok,0,28,6,0,2,21,1,2,Road
v3.0,2020,2020-12-12,Wisconsin,Iowa,away,7,28,-2.0,2.1,-21,0,0,-23.1,SOFT,graded,pbp,71,57,-0.2318,0.0298,-12,ok,0,0,9,0,1,,0,2,Road · Ranked opponent
v3.0,2020,2020-12-12,USC,UCLA,away,43,38,-3.5,3.7,5,0,0,1.3,AS EXPECTED,graded,pbp,80,79,0.1929,0.0521,8,ok,0,17,7,1,2,,3,2,Road
v3.0,2020,2020-12-12,Alabama,Arkansas,away,52,3,-30.0,26.4,35,14,0,8.6,AS EXPECTED,graded,pbp,43,29,0.6799,0.4465,6,ok,0,31,5,0,1,21,4,1,Road
v3.0,2020,2020-12-12,Mississippi State,Auburn,home,10,24,5.5,-5.8,-14,0,0,-8.2,AS EXPECTED,graded,pbp,67,68,-0.2772,-0.0819,-9,ok,0,3,7,0,3,,0,2,Night
v3.0,2020,2020-12-12,Illinois,Northwestern,away,10,28,13.5,-14.3,-25,7,0,-10.7,AS EXPECTED,graded,pbp,50,65,-0.4668,-0.2009,-11,ok,0,3,4,0,1,,1,0,Road · Ranked opponent
v3.0,2020,2020-12-12,Colorado,Utah,home,21,38,2.5,-2.6,-17,0,0,-14.4,SOFT,graded,pbp,66,70,-0.242,-0.0372,-10,ok,0,7,6,1,3,-28,1,3,
v3.0,2020,2020-12-12,Florida State,Duke,home,56,35,-3.0,3.1,35,0,14,31.9,CERTIFIED DAWG,graded,pbp,58,59,0.3157,0.0447,11,ok,0,42,8,0,1,21,4,2,
v3.0,2020,2020-12-12,Florida,LSU,home,34,37,-23.0,21.1,-3,0,0,-24.1,CERTIFIED SOFT,graded,pbp,74,86,0.0405,0.3423,-17,ok,0,27,8,1,6,,0,3,Night
v3.0,2020,2020-12-12,Georgia,Missouri,away,49,14,-14.0,14.7,28,7,0,13.3,DAWG,graded,pbp,59,42,0.4769,0.2084,10,ok,0,28,6,1,2,14,2,0,Road
v3.0,2020,2020-12-12,Northwestern,Illinois,home,28,10,-13.5,14.3,25,0,7,10.7,AS EXPECTED,graded,pbp,65,50,0.4668,0.2009,11,ok,0,14,5,1,1,14,0,1,
v3.0,2020,2020-12-12,Arkansas,Alabama,home,3,52,30.0,-26.4,-35,0,14,-8.6,AS EXPECTED,graded,pbp,29,43,-0.6799,-0.4465,-6,ok,0,0,1,1,2,,1,4,Top-10 opponent
v3.0,2020,2020-12-12,Louisville,Wake Forest,home,45,21,-2.5,2.6,24,0,0,21.4,DAWG,graded,pbp,70,68,0.1968,0.0372,8,ok,0,24,8,2,3,13,2,0,
v3.0,2020,2020-12-12,LSU,Florida,away,37,34,23.0,-21.1,3,0,0,24.1,CERTIFIED DAWG,graded,pbp,86,74,-0.0405,-0.3423,17,ok,0,7,6,3,6,-7,3,0,Road · Night · Top-10 opponent
v3.0,2020,2020-12-18,Nebraska,Rutgers,away,28,21,-6.5,6.9,7,0,0,0.1,AS EXPECTED,graded,pbp,86,52,0.4102,0.0967,15,ok,0,21,6,0,3,,1,4,Road · Night
v3.0,2020,2020-12-18,Rutgers,Nebraska,home,21,28,6.5,-6.9,-7,0,0,-0.1,AS EXPECTED,graded,pbp,52,86,-0.4102,-0.0967,-15,ok,0,13,6,1,4,,4,1,Night
v3.0,2020,2020-12-18,Oregon,USC,away,31,24,3.0,-3.1,7,0,0,10.1,AS EXPECTED,graded,pbp,60,80,-0.013,-0.0447,2,ok,0,24,7,0,3,-7,3,1,Road · Night · Ranked opponent
v3.0,2020,2020-12-18,USC,Oregon,home,24,31,-3.0,3.1,-7,0,0,-10.1,AS EXPECTED,graded,pbp,80,60,0.013,0.0447,-2,ok,0,7,5,0,1,,1,3,Night
v3.0,2020,2020-12-19,Minnesota,Wisconsin,away,17,20,10.5,-11.3,-3,0,0,8.3,AS EXPECTED,graded,pbp,59,56,0.0142,-0.1563,7,ok,8,10,5,1,3,,1,1,Road
v3.0,2020,2020-12-19,Missouri,Mississippi State,away,32,51,-1.5,1.6,-30,14,3,-31.6,CERTIFIED SOFT,graded,pbp,52,61,-0.2502,0.0223,-11,ok,0,14,4,1,4,,4,3,Road
v3.0,2020,2020-12-19,Ole Miss,LSU,away,48,53,-1.0,1.0,-5,0,0,-6.0,AS EXPECTED,graded,pbp,75,94,-0.0299,0.0149,-3,ok,0,21,6,1,5,,1,6,Road
v3.0,2020,2020-12-19,Ohio State,Northwestern,neutral,22,10,-16.5,16.6,12,0,0,-4.6,AS EXPECTED,graded,pbp,71,71,0.1918,0.2456,-3,ok,0,17,8,1,2,0,3,2,
v3.0,2020,2020-12-19,Oklahoma,Iowa State,neutral,27,21,-5.5,5.8,6,0,0,0.2,AS EXPECTED,graded,pbp,64,71,-0.0835,0.0819,-8,ok,0,10,9,1,1,-8,3,0,Top-10 opponent
v3.0,2020,2020-12-19,Penn State,Illinois,home,56,21,-16.0,16.2,28,7,0,11.8,AS EXPECTED,graded,pbp,58,48,0.3866,0.2382,6,ok,0,28,8,2,3,14,2,1,
v3.0,2020,2020-12-19,Cincinnati,Tulsa,home,27,24,-13.5,14.3,3,0,0,-11.3,AS EXPECTED,graded,pbp,67,67,-0.0535,0.2009,-12,ok,0,17,7,1,3,-7,2,2,Night · Ranked opponent · Group of 5 opponent
v3.0,2020,2020-12-19,Clemson,Notre Dame,neutral,34,10,-11.0,11.8,28,3,7,16.2,DAWG,graded,pbp,51,42,0.5504,0.1637,13,ok,0,31,6,0,1,17,0,1,
v3.0,2020,2020-12-19,Stanford,UCLA,away,48,47,6.5,-6.9,1,0,0,7.9,AS EXPECTED,graded,pbp,73,65,-0.0657,-0.0967,2,ok,17,21,4,2,5,-9,1,3,Road
v3.0,2020,2020-12-19,Texas A&M,Tennessee,away,34,13,-13.5,14.3,21,0,0,6.7,AS EXPECTED,graded,pbp,79,37,0.2599,0.2009,2,ok,0,20,5,2,2,11,2,1,Road
v3.0,2020,2020-12-19,Utah,Washington State,home,45,28,-11.5,12.4,17,0,0,4.6,AS EXPECTED,graded,pbp,77,67,0.3511,0.1712,9,ok,0,38,10,0,1,7,4,3,Group of 5 opponent
v3.0,2020,2020-12-19,UCLA,Stanford,home,47,48,-6.5,6.9,-1,0,0,-7.9,AS EXPECTED,graded,pbp,65,73,0.0657,0.0967,-2,ok,17,24,5,3,5,-15,3,1,
v3.0,2020,2020-12-19,Tennessee,Texas A&M,home,13,34,13.5,-14.3,-21,0,0,-6.7,AS EXPECTED,graded,pbp,37,79,-0.2599,-0.2009,-2,ok,0,0,2,0,2,,1,2,Top-10 opponent
v3.0,2020,2020-12-19,Wisconsin,Minnesota,home,20,17,-10.5,11.3,3,0,0,-8.3,AS EXPECTED,graded,pbp,56,59,-0.0142,0.1563,-7,ok,8,3,6,2,3,,1,1,
v3.0,2020,2020-12-19,Alabama,Florida,neutral,52,46,-16.0,16.2,6,0,0,-10.2,AS EXPECTED,graded,pbp,83,66,-0.0815,0.2382,-17,ok,0,10,3,3,5,-5,1,1,Night · Top-10 opponent
v3.0,2020,2020-12-19,Mississippi State,Missouri,home,51,32,1.5,-1.6,30,3,14,31.6,CERTIFIED DAWG,graded,pbp,61,52,0.2502,-0.0223,11,ok,0,23,7,1,4,20,3,4,
v3.0,2020,2020-12-19,Illinois,Penn State,away,21,56,16.0,-16.2,-28,0,7,-11.8,AS EXPECTED,graded,pbp,48,58,-0.3866,-0.2382,-6,ok,0,14,5,1,4,,1,2,Road
v3.0,2020,2020-12-19,Florida,Alabama,neutral,46,52,16.0,-16.2,-6,0,0,10.2,AS EXPECTED,graded,pbp,66,83,0.0815,-0.2382,17,ok,0,7,2,2,2,,1,1,Night · Top-10 opponent
v3.0,2020,2020-12-19,Iowa State,Oklahoma,neutral,21,27,5.5,-5.8,-6,0,0,-0.2,AS EXPECTED,graded,pbp,71,64,0.0835,-0.0819,8,ok,0,21,8,0,2,,0,3,Top-10 opponent
v3.0,2020,2020-12-19,Northwestern,Ohio State,neutral,10,22,16.5,-16.6,-12,0,0,4.6,AS EXPECTED,graded,pbp,71,71,-0.1918,-0.2456,3,ok,0,3,5,1,4,,2,3,
v3.0,2020,2020-12-19,Notre Dame,Clemson,neutral,10,34,11.0,-11.8,-28,7,3,-16.2,SOFT,graded,pbp,42,51,-0.5504,-0.1637,-13,ok,0,0,4,0,1,,1,0,
v3.0,2020,2020-12-19,Arizona State,Oregon State,away,46,33,-7.5,8.0,13,0,0,5.0,AS EXPECTED,graded,pbp,57,82,0.1628,0.1116,3,ok,0,35,7,1,1,1,2,0,Road · Night · Group of 5 opponent
v3.0,2020,2020-12-19,LSU,Ole Miss,home,53,48,1.0,-1.0,5,0,0,6.0,AS EXPECTED,graded,pbp,94,75,0.0299,-0.0149,3,ok,0,30,7,2,5,-5,6,1,
v3.0,2020,2020-12-22,UCF,BYU,neutral,23,49,6.0,-6.3,-32,13,7,-25.7,CERTIFIED SOFT,graded,pbp,52,40,-0.6259,-0.0893,-18,ok,0,0,1,0,1,,0,0,Ranked opponent · Postseason
v3.0,2020,2020-12-22,BYU,UCF,neutral,49,23,-6.0,6.3,32,7,13,25.7,CERTIFIED DAWG,graded,pbp,40,52,0.6259,0.0893,18,ok,0,21,4,0,0,18,0,0,Postseason
v3.0,2020,2020-12-24,Houston,Hawai'i,neutral,14,28,-7.0,7.4,-14,0,0,-21.4,SOFT,graded,pbp,81,57,0.0121,0.1042,-5,ok,0,7,9,0,1,,0,3,Postseason · Group of 5 opponent
v3.0,2020,2020-12-29,Oklahoma State,Miami,neutral,37,34,-1.0,1.0,3,0,0,2.0,AS EXPECTED,graded,pbp,83,78,-0.06,0.0149,-4,ok,0,21,4,2,4,-11,1,1,Ranked opponent · Postseason
v3.0,2020,2020-12-29,Miami,Oklahoma State,neutral,34,37,1.0,-1.0,-3,0,0,-2.0,AS EXPECTED,graded,pbp,78,83,0.06,-0.0149,4,ok,0,10,5,0,2,,1,1,Ranked opponent · Postseason
v3.0,2020,2020-12-29,Texas,Colorado,neutral,55,23,-7.0,7.4,32,7,7,24.6,CERTIFIED DAWG,graded,pbp,55,62,0.2441,0.1042,6,ok,0,34,11,0,1,18,3,0,Night · Postseason
v3.0,2020,2020-12-29,Colorado,Texas,neutral,23,55,7.0,-7.4,-32,7,7,-24.6,CERTIFIED SOFT,graded,pbp,62,55,-0.2441,-0.1042,-6,ok,0,7,6,0,1,,0,3,Night · Ranked opponent · Postseason
v3.0,2020,2020-12-30,Wake Forest,Wisconsin,neutral,28,42,7.5,-8.0,-14,0,0,-6.0,AS EXPECTED,graded,pbp,87,64,-0.2494,-0.1116,-7,ok,0,21,7,0,4,-28,1,4,Postseason
v3.0,2020,2020-12-30,Oklahoma,Florida,neutral,55,20,3.0,-3.1,28,14,7,31.1,CERTIFIED DAWG,graded,pbp,46,72,0.2807,-0.0447,14,ok,0,20,6,1,2,14,3,2,Night · Top-10 opponent · Postseason
v3.0,2020,2020-12-30,Wisconsin,Wake Forest,neutral,42,28,-7.5,8.0,14,0,0,6.0,AS EXPECTED,graded,pbp,64,87,0.2494,0.1116,7,ok,0,35,10,1,2,0,4,1,Postseason
v3.0,2020,2020-12-30,Florida,Oklahoma,neutral,20,55,-3.0,3.1,-28,7,14,-31.1,CERTIFIED SOFT,graded,pbp,72,46,-0.2807,0.0447,-14,ok,0,13,4,0,1,,2,3,Night · Top-10 opponent · Postseason
v3.0,2020,2020-12-31,West Virginia,Army,neutral,24,21,-7.0,7.4,3,0,0,-4.4,AS EXPECTED,graded,pbp,69,65,-0.0174,0.1042,-6,ok,0,10,6,1,1,,1,2,Postseason · Group of 5 opponent
v3.0,2020,2020-12-31,Mississippi State,Tulsa,neutral,28,26,2.5,-2.6,2,0,0,4.6,AS EXPECTED,graded,pbp,60,86,-0.0256,-0.0372,1,ok,0,7,5,1,4,-7,2,0,Ranked opponent · Postseason · Group of 5 opponent
v3.0,2020,2021-01-01,Ohio State,Clemson,neutral,49,28,7.5,-8.0,28,0,7,36.0,CERTIFIED DAWG,graded,pbp,72,60,0.3407,-0.1116,21,ok,0,35,7,1,2,14,2,1,Night · Postseason
v3.0,2020,2021-01-01,Auburn,Northwestern,neutral,19,35,3.5,-3.7,-16,0,0,-12.3,SOFT,graded,pbp,69,86,-0.1161,-0.0521,-4,ok,0,13,6,0,2,,0,1,Ranked opponent · Postseason
v3.0,2020,2021-01-01,Cincinnati,Georgia,neutral,21,24,-7.0,7.4,-3,0,0,-10.4,AS EXPECTED,graded,pbp,63,63,0.0453,0.1042,-3,ok,0,7,8,1,4,-14,2,1,Top-10 opponent · Postseason
v3.0,2020,2021-01-01,Clemson,Ohio State,neutral,28,49,-7.5,8.0,-28,7,0,-36.0,CERTIFIED SOFT,graded,pbp,60,72,-0.3407,0.1116,-21,ok,0,7,5,1,3,,1,2,Night · Postseason
v3.0,2020,2021-01-01,Alabama,Notre Dame,neutral,31,14,-19.5,18.5,24,0,7,5.5,AS EXPECTED,graded,pbp,50,56,0.4348,0.2902,5,ok,0,24,6,1,1,10,1,0,Top-10 opponent · Postseason
v3.0,2020,2021-01-01,Georgia,Cincinnati,neutral,24,21,7.0,-7.4,3,0,0,10.4,AS EXPECTED,graded,pbp,63,63,-0.0453,-0.1042,3,ok,0,23,10,0,1,,1,2,Top-10 opponent · Postseason
v3.0,2020,2021-01-01,Northwestern,Auburn,neutral,35,19,-3.5,3.7,16,0,0,12.3,DAWG,graded,pbp,86,69,0.1161,0.0521,4,ok,0,28,8,0,1,2,1,0,Postseason
v3.0,2020,2021-01-01,Notre Dame,Alabama,neutral,14,31,19.5,-18.5,-24,7,0,-5.5,AS EXPECTED,graded,pbp,56,50,-0.4348,-0.2902,-5,ok,0,7,3,0,1,,0,1,Top-10 opponent · Postseason
v3.0,2020,2021-01-02,Ole Miss,Indiana,neutral,26,20,7.5,-8.0,6,0,0,14.0,DAWG,graded,pbp,80,85,0.2006,-0.1116,18,ok,0,7,5,3,4,-4,2,0,Ranked opponent · Postseason
v3.0,2020,2021-01-02,NC State,Kentucky,neutral,21,23,2.5,-2.6,-2,0,0,0.6,AS EXPECTED,graded,pbp,66,68,-0.0391,-0.0372,0,ok,0,7,6,0,1,,0,3,Postseason
v3.0,2020,2021-01-02,North Carolina,Texas A&M,neutral,27,41,7.5,-8.0,-14,0,0,-6.0,AS EXPECTED,graded,pbp,65,61,-0.3373,-0.1116,-10,ok,0,10,5,3,5,,0,1,Night · Top-10 opponent · Postseason
v3.0,2020,2021-01-02,Texas A&M,North Carolina,neutral,41,27,-7.5,8.0,14,0,0,6.0,AS EXPECTED,graded,pbp,61,65,0.3373,0.1116,10,ok,0,24,6,3,5,0,1,0,Night · Ranked opponent · Postseason
v3.0,2020,2021-01-02,Oregon,Iowa State,neutral,17,34,4.5,-4.7,-17,0,0,-12.3,SOFT,graded,pbp,46,85,-0.1027,-0.067,-2,ok,0,7,3,2,3,,1,3,Top-10 opponent · Postseason
v3.0,2020,2021-01-02,Iowa State,Oregon,neutral,34,17,-4.5,4.7,17,0,0,12.3,DAWG,graded,pbp,85,46,0.1027,0.067,2,ok,0,3,5,2,2,3,3,1,Ranked opponent · Postseason
v3.0,2020,2021-01-02,Indiana,Ole Miss,neutral,20,26,-7.5,8.0,-6,0,0,-14.0,SOFT,graded,pbp,85,80,-0.2006,0.1116,-18,ok,0,20,5,0,3,,0,2,Postseason
v3.0,2020,2021-01-02,Kentucky,NC State,neutral,23,21,-2.5,2.6,2,0,0,-0.6,AS EXPECTED,graded,pbp,68,66,0.0391,0.0372,0,ok,0,20,8,0,2,-8,3,0,Ranked opponent · Postseason
v3.0,2020,2021-01-11,Ohio State,Alabama,neutral,24,52,9.5,-10.2,-28,0,0,-17.8,SOFT,graded,pbp,42,72,-0.2358,-0.1414,-4,ok,0,7,1,2,3,,1,0,Night · Top-10 opponent · Postseason
v3.0,2020,2021-01-11,Alabama,Ohio State,neutral,52,24,-9.5,10.2,28,0,0,17.8,DAWG,graded,pbp,72,42,0.2358,0.1414,4,ok,0,21,5,3,3,17,0,1,Night · Top-10 opponent · Postseason
v3.0,2021,2021-08-28,Nebraska,Illinois,away,22,30,-6.5,7.1,-8,0,0,-15.1,SOFT,graded,pbp,71,67,0.2608,0.097,8,ok,0,24,7,1,3,,1,0,Road
v3.0,2021,2021-08-28,UCLA,Hawai'i,home,44,10,-17.5,17.0,34,7,7,17.0,DAWG,graded,pbp,38,47,0.7254,0.2613,14,ok,0,24,4,0,0,24,2,0,Group of 5 opponent
v3.0,2021,2021-08-28,Illinois,Nebraska,home,30,22,6.5,-7.1,8,0,0,15.1,DAWG,graded,pbp,67,71,-0.2608,-0.097,-8,ok,0,7,5,0,2,-6,0,1,
v3.0,2021,2021-09-02,Minnesota,Ohio State,home,31,45,14.0,-14.5,-14,0,0,0.5,AS EXPECTED,graded,pbp,74,48,-0.2513,-0.209,-2,ok,0,7,2,1,3,,1,2,Night · Top-10 opponent
v3.0,2021,2021-09-02,NC State,South Florida,home,45,0,-19.0,18.0,31,14,0,13.0,DAWG,graded,pbp,46,34,0.6207,0.2837,10,ok,0,31,8,0,0,21,3,1,Night · Group of 5 opponent
v3.0,2021,2021-09-02,Ohio State,Minnesota,away,45,31,-14.0,14.5,14,0,0,-0.5,AS EXPECTED,graded,pbp,48,74,0.2513,0.209,2,ok,0,17,3,2,5,4,2,1,Road · Night · Full house
v3.0,2021,2021-09-02,UCF,Boise State,home,36,31,-6.5,7.1,5,0,0,-2.1,AS EXPECTED,graded,pbp,85,65,0.1777,0.097,4,ok,0,14,7,1,2,,2,2,Night · Group of 5 opponent
v3.0,2021,2021-09-02,Utah,Weber State,home,40,17,-29.5,26.0,23,7,7,-3.0,AS EXPECTED,graded,pbp,53,50,0.0307,0.4404,-15,ok,0,20,7,0,0,11,2,2,FCS opponent
v3.0,2021,2021-09-02,Tennessee,Bowling Green,home,38,6,-37.0,29.7,25,7,0,-4.7,AS EXPECTED,graded,pbp,74,52,0.2768,0.5524,-13,ok,0,24,8,0,1,11,0,2,Night · Group of 5 opponent
v3.0,2021,2021-09-02,Arizona State,Southern Utah,home,41,14,-44.5,32.3,27,0,0,-5.3,AS EXPECTED,graded,pbp,46,52,0.6562,0.6644,0,ok,0,35,6,0,1,14,4,1,Night · FCS opponent
v3.0,2021,2021-09-03,Michigan State,Northwestern,away,38,21,3.0,-3.3,17,0,0,20.3,DAWG,graded,pbp,63,81,0.1006,-0.0448,8,ok,0,21,8,0,0,3,0,1,Road · Night
v3.0,2021,2021-09-03,Duke,Charlotte,away,28,31,-6.5,7.1,-3,0,0,-10.1,AS EXPECTED,graded,pbp,62,65,0.0072,0.097,-4,ok,0,14,6,1,4,,0,2,Road · Night · Group of 5 opponent
v3.0,2021,2021-09-03,North Carolina,Virginia Tech,away,10,17,-5.5,6.0,-7,0,0,-13.0,SOFT,graded,pbp,62,62,-0.0776,0.0821,-7,ok,0,10,6,0,1,,2,3,Road · Full house
v3.0,2021,2021-09-03,Wake Forest,Old Dominion,home,42,10,-32.5,27.7,32,7,7,4.3,AS EXPECTED,graded,espn,,,,,,no_pbp,0,0,0,0,0,21,0,0,Night · Group of 5 opponent
v3.0,2021,2021-09-03,Kansas,South Dakota,home,17,14,-11.5,12.3,3,0,0,-9.3,AS EXPECTED,graded,pbp,67,62,-0.0845,0.1717,-12,ok,0,10,8,1,3,-7,0,0,Night · FCS opponent
v3.0,2021,2021-09-03,Virginia Tech,North Carolina,home,17,10,5.5,-6.0,7,0,0,13.0,DAWG,graded,pbp,62,62,0.0776,-0.0821,7,ok,0,7,7,1,2,-7,3,2,Top-10 opponent
v3.0,2021,2021-09-03,Colorado,Northern Colorado,home,35,7,-37.5,29.9,28,0,0,-1.9,AS EXPECTED,graded,pbp,56,39,0.1345,0.5599,-15,ok,0,28,7,0,0,14,1,0,Night · FCS opponent
v3.0,2021,2021-09-03,Northwestern,Michigan State,home,21,38,-3.0,3.3,-17,0,0,-20.3,SOFT,graded,pbp,81,63,-0.1006,0.0448,-8,ok,0,21,6,0,1,,1,0,Night
v3.0,2021,2021-09-04,Boston College,Colgate,home,51,0,-42.5,31.6,30,21,0,-1.6,AS EXPECTED,graded,pbp,46,34,0.5747,0.6345,-2,ok,0,21,5,0,0,16,2,0,FCS opponent
v3.0,2021,2021-09-04,Arizona,BYU,neutral,16,24,13.5,-14.1,-8,0,0,6.1,AS EXPECTED,graded,pbp,84,61,-0.0975,-0.2016,5,ok,0,3,5,0,1,,1,1,Night
v3.0,2021,2021-09-04,Maryland,West Virginia,home,30,24,2.5,-2.8,6,0,0,8.8,AS EXPECTED,graded,pbp,80,62,0.1259,-0.0373,8,ok,0,20,8,1,3,-4,3,1,
v3.0,2021,2021-09-04,Michigan,Western Michigan,home,47,14,-16.5,16.3,26,14,7,9.7,AS EXPECTED,graded,pbp,42,55,0.3941,0.2463,5,ok,0,24,5,1,1,16,0,0,Group of 5 opponent
v3.0,2021,2021-09-04,Missouri,Central Michigan,home,34,24,-14.0,14.5,10,0,0,-4.5,AS EXPECTED,graded,pbp,64,79,-0.1266,0.209,-17,ok,0,10,8,3,4,0,2,0,Group of 5 opponent
v3.0,2021,2021-09-04,Nebraska,Fordham,home,52,7,-42.0,31.5,31,14,0,-0.5,AS EXPECTED,graded,espn,,,,,,pbp_conflict,0,35,6,1,1,21,3,1,FCS opponent
v3.0,2021,2021-09-04,Rutgers,Temple,home,61,14,-14.0,14.5,26,21,0,11.5,AS EXPECTED,graded,pbp,57,54,0.2662,0.209,2,ok,0,21,6,0,0,14,4,0,Group of 5 opponent
v3.0,2021,2021-09-04,Syracuse,Ohio,away,29,9,2.0,-2.2,20,0,0,22.2,DAWG,graded,espn,,,,,,no_pbp,0,0,0,0,0,11,0,0,Road · Night · Group of 5 opponent
v3.0,2021,2021-09-04,Oklahoma State,Missouri State,home,23,16,-32.5,27.7,7,0,0,-20.7,SOFT,graded,pbp,67,82,0.0094,0.4852,-26,ok,0,14,8,1,2,-6,1,2,Night · Group of 5 opponent
v3.0,2021,2021-09-04,Auburn,Akron,home,60,10,-37.0,29.7,37,23,10,7.3,AS EXPECTED,graded,pbp,39,43,0.8334,0.5524,8,ok,0,28,4,0,0,24,0,0,Night · Group of 5 opponent
v3.0,2021,2021-09-04,Oklahoma,Tulane,home,40,35,-31.0,26.9,5,0,0,-21.9,SOFT,graded,pbp,75,77,-0.0293,0.4628,-27,ok,0,20,6,2,2,-5,4,2,Group of 5 opponent
v3.0,2021,2021-09-04,Penn State,Wisconsin,away,16,10,5.5,-6.0,6,0,0,12.0,AS EXPECTED,graded,pbp,50,90,0.0344,-0.0821,6,ok,0,14,9,1,2,,3,0,Road · Full house · Ranked opponent
v3.0,2021,2021-09-04,Cincinnati,Miami (OH),home,49,14,-22.5,20.5,35,14,14,14.5,DAWG,graded,pbp,31,34,1.1198,0.3359,18,ok,0,21,4,0,0,21,1,2,Group of 5 opponent
v3.0,2021,2021-09-04,Pittsburgh,Massachusetts,home,51,7,-37.5,29.9,30,21,7,0.1,AS EXPECTED,graded,espn,,,,,,no_pbp,0,0,0,0,0,17,0,0,Group of 5 opponent
v3.0,2021,2021-09-04,Clemson,Georgia,neutral,3,10,-2.5,2.8,-7,0,0,-9.8,AS EXPECTED,graded,pbp,60,61,-0.2441,0.0373,-12,ok,0,3,7,0,1,,1,2,Night · Top-10 opponent
v3.0,2021,2021-09-04,Iowa,Indiana,home,34,6,-3.5,3.9,25,3,0,21.1,DAWG,graded,pbp,47,53,0.2693,0.0523,8,ok,0,10,6,0,0,11,3,2,Ranked opponent
v3.0,2021,2021-09-04,Kansas State,Stanford,neutral,24,7,-3.0,3.3,24,0,7,20.7,DAWG,graded,pbp,45,42,0.3019,0.0448,8,ok,0,24,7,0,0,10,2,1,
v3.0,2021,2021-09-04,Vanderbilt,East Tennessee State,home,3,23,-21.0,19.4,-20,0,0,-39.4,CERTIFIED SOFT,graded,espn,,,,,,no_pbp,0,0,0,0,0,,0,0,Night · FCS opponent
v3.0,2021,2021-09-04,Baylor,Texas State,away,29,20,-13.5,14.1,9,0,0,-5.1,AS EXPECTED,graded,pbp,69,66,0.1859,0.2016,-1,ok,0,13,5,2,2,-5,3,1,Road · Night · Full house · Group of 5 opponent
v3.0,2021,2021-09-04,Miami,Alabama,neutral,13,44,19.5,-18.3,-31,10,10,-12.7,SOFT,graded,pbp,42,46,-0.5849,-0.2911,-9,ok,0,0,0,0,1,,1,3,Top-10 opponent
v3.0,2021,2021-09-04,Stanford,Kansas State,neutral,7,24,3.0,-3.3,-24,7,0,-20.7,SOFT,graded,pbp,42,45,-0.3019,-0.0448,-8,ok,0,0,4,0,1,,1,2,
v3.0,2021,2021-09-04,Texas A&M,Kent State,home,41,10,-29.5,26.0,24,14,7,-2.0,AS EXPECTED,graded,pbp,59,50,0.4064,0.4404,-1,ok,0,17,7,1,1,14,3,4,Night · Group of 5 opponent
v3.0,2021,2021-09-04,Houston,Texas Tech,neutral,21,38,-2.5,2.8,-17,0,0,-19.8,SOFT,graded,pbp,73,50,-0.4173,0.0373,-20,ok,0,7,6,0,4,-31,1,4,Night
v3.0,2021,2021-09-04,Oregon,Fresno State,home,31,24,-19.5,18.3,7,0,0,-11.3,AS EXPECTED,graded,pbp,73,73,0.0085,0.2911,-15,ok,0,24,7,1,3,-7,3,1,Group of 5 opponent
v3.0,2021,2021-09-04,California,Nevada,home,17,22,-3.0,3.3,-5,0,0,-8.3,AS EXPECTED,graded,pbp,66,64,-0.0575,0.0448,-5,ok,0,10,5,0,3,-19,1,1,Night · Group of 5 opponent
v3.0,2021,2021-09-04,Purdue,Oregon State,home,30,21,-7.0,7.6,9,0,0,1.4,AS EXPECTED,graded,pbp,82,71,0.0255,0.1045,-4,ok,0,23,8,1,3,0,1,1,Night · Group of 5 opponent
v3.0,2021,2021-09-04,Texas,Louisiana,home,38,18,-8.5,9.2,26,0,6,16.8,DAWG,graded,pbp,68,57,0.3325,0.1269,9,ok,0,14,5,1,1,15,1,0,Ranked opponent · Group of 5 opponent
v3.0,2021,2021-09-04,BYU,Arizona,neutral,24,16,-13.5,14.1,8,0,0,-6.1,AS EXPECTED,graded,pbp,61,84,0.0975,0.2016,-5,ok,0,24,8,0,0,-6,1,1,Night
v3.0,2021,2021-09-04,SMU,Abilene Christian,home,56,9,-32.0,27.4,32,21,6,4.6,AS EXPECTED,graded,pbp,39,31,0.6511,0.4778,4,ok,0,31,6,0,0,18,3,0,Night · FCS opponent
v3.0,2021,2021-09-04,South Carolina,Eastern Illinois,home,46,0,-31.5,27.1,29,17,0,1.9,AS EXPECTED,graded,pbp,39,16,,,,few_plays,0,31,8,0,0,14,2,1,Night · FCS opponent
v3.0,2021,2021-09-04,Virginia,William & Mary,home,43,0,-30.5,26.6,29,14,0,2.4,AS EXPECTED,graded,pbp,45,40,0.2619,0.4554,-6,ok,0,13,6,1,1,19,0,0,Night · FCS opponent
v3.0,2021,2021-09-04,UCLA,LSU,home,38,27,2.0,-2.2,11,0,0,13.2,DAWG,graded,pbp,63,71,0.1198,-0.0299,7,ok,0,21,6,3,4,0,1,2,
v3.0,2021,2021-09-04,TCU,Duquesne,home,45,3,-42.0,31.5,35,10,3,3.5,AS EXPECTED,graded,espn,,,,,,no_pbp,0,0,0,0,0,21,0,0,Night · FCS opponent
v3.0,2021,2021-09-04,Washington,Montana,home,7,13,-22.5,20.5,-6,0,0,-26.5,CERTIFIED SOFT,graded,pbp,75,56,-0.0914,0.3359,-20,ok,0,3,7,0,4,,0,3,FCS opponent
v3.0,2021,2021-09-04,Texas Tech,Houston,neutral,38,21,2.5,-2.8,17,0,0,19.8,DAWG,graded,pbp,50,73,0.4173,-0.0373,20,ok,0,31,9,0,1,7,4,1,Night
v3.0,2021,2021-09-04,Wisconsin,Penn State,home,10,16,-5.5,6.0,-6,0,0,-12.0,AS EXPECTED,graded,pbp,90,50,-0.0344,0.0821,-6,ok,0,3,8,1,3,,0,3,Ranked opponent
v3.0,2021,2021-09-04,West Virginia,Maryland,away,24,30,-2.5,2.8,-6,0,0,-8.8,AS EXPECTED,graded,pbp,62,80,-0.1259,0.0373,-8,ok,0,7,6,1,3,,1,3,Road
v3.0,2021,2021-09-04,USC,San José State,home,30,7,-14.0,14.5,23,0,0,8.5,AS EXPECTED,graded,espn,,,,,,no_pbp,0,0,0,0,0,13,0,0,Group of 5 opponent
v3.0,2021,2021-09-04,Alabama,Miami,neutral,44,13,-19.5,18.3,31,10,10,12.7,DAWG,graded,pbp,46,42,0.5849,0.2911,9,ok,0,20,4,0,0,21,3,1,Ranked opponent
v3.0,2021,2021-09-04,Mississippi State,Louisiana Tech,home,35,34,-20.5,19.0,1,0,0,-18.0,SOFT,graded,pbp,64,60,0.0607,0.3061,-11,ok,0,28,8,0,3,-13,2,4,Group of 5 opponent
v3.0,2021,2021-09-04,Illinois,UTSA,home,30,37,-4.5,4.9,-7,0,0,-11.9,AS EXPECTED,graded,pbp,75,82,-0.0844,0.0672,-9,ok,0,3,5,1,2,,1,0,Night · Group of 5 opponent
v3.0,2021,2021-09-04,Florida,Florida Atlantic,home,35,14,-23.5,21.4,35,0,14,13.6,DAWG,graded,pbp,82,55,0.4321,0.3509,4,ok,0,21,8,0,0,21,2,2,Night · Group of 5 opponent
v3.0,2021,2021-09-04,Georgia Tech,Northern Illinois,home,21,22,-19.0,18.0,-1,0,0,-19.0,SOFT,graded,espn,,,,,,no_pbp,0,0,0,0,0,,0,0,Night · Group of 5 opponent
v3.0,2021,2021-09-04,Georgia,Clemson,neutral,10,3,2.5,-2.8,7,0,0,9.8,AS EXPECTED,graded,pbp,61,60,0.2441,-0.0373,12,ok,0,3,6,0,1,-3,2,1,Night · Top-10 opponent
v3.0,2021,2021-09-04,Iowa State,Northern Iowa,home,16,10,-28.5,25.3,6,0,0,-19.3,SOFT,graded,pbp,59,60,0.138,0.4255,-12,ok,0,10,7,1,1,,2,0,FCS opponent
v3.0,2021,2021-09-04,Arkansas,Rice,home,38,17,-19.5,18.3,21,0,0,2.7,AS EXPECTED,graded,espn,,,,,,no_pbp,0,0,0,0,0,7,0,0,Group of 5 opponent
v3.0,2021,2021-09-04,Indiana,Iowa,away,6,34,3.5,-3.9,-25,0,3,-21.1,SOFT,graded,pbp,53,47,-0.2693,-0.0523,-8,ok,0,3,6,0,1,,2,3,Road · Full house · Ranked opponent
v3.0,2021,2021-09-04,Kentucky,UL Monroe,home,45,10,-31.0,26.9,24,14,3,-2.9,AS EXPECTED,graded,pbp,50,47,0.6149,0.4628,5,ok,0,31,8,1,1,10,1,3,Group of 5 opponent
v3.0,2021,2021-09-04,LSU,UCLA,away,27,38,-2.0,2.2,-11,0,0,-13.2,SOFT,graded,pbp,71,63,-0.1198,0.0299,-7,ok,0,10,5,1,3,,2,1,Road
v3.0,2021,2021-09-05,Florida State,Notre Dame,home,38,41,7.5,-8.2,-3,0,0,5.2,AS EXPECTED,graded,pbp,71,67,0.0308,-0.112,7,ok,6,24,7,0,4,,1,3,Night
v3.0,2021,2021-09-05,Notre Dame,Florida State,away,41,38,-7.5,8.2,3,0,0,-5.2,AS EXPECTED,graded,pbp,67,71,-0.0308,0.112,-7,ok,6,24,8,2,5,-8,3,1,Road · Night
v3.0,2021,2021-09-06,Ole Miss,Louisville,neutral,43,24,9.0,-9.8,33,0,14,42.8,CERTIFIED DAWG,graded,pbp,73,54,0.2427,-0.1344,17,ok,0,17,5,0,0,24,2,0,Night
v3.0,2021,2021-09-06,Louisville,Ole Miss,neutral,24,43,-9.0,9.8,-33,14,0,-42.8,CERTIFIED SOFT,graded,pbp,54,73,-0.2427,0.1344,-17,ok,0,0,2,0,1,,0,2,Night
v3.0,2021,2021-09-10,Duke,North Carolina A&T,home,45,17,-22.5,20.5,25,3,0,4.5,AS EXPECTED,graded,pbp,51,53,0.3316,0.3359,0,ok,0,14,3,2,2,11,0,0,Night · FCS opponent
v3.0,2021,2021-09-10,Kansas,Coastal Carolina,away,22,49,27.0,-24.2,-27,0,0,-2.8,AS EXPECTED,graded,pbp,57,60,-0.3304,-0.4031,3,ok,0,7,3,1,2,,1,0,Road · Night · Group of 5 opponent
v3.0,2021,2021-09-11,Boston College,Massachusetts,away,45,28,-39.0,30.4,17,0,0,-13.4,SOFT,graded,pbp,63,59,0.0259,0.5823,-24,ok,0,21,4,2,2,3,2,1,Road · Group of 5 opponent
v3.0,2021,2021-09-11,Arizona,San Diego State,home,14,38,-1.5,1.7,-31,7,0,-32.7,CERTIFIED SOFT,graded,pbp,33,47,-0.4717,0.0224,-14,ok,0,0,4,0,1,,0,1,Night · Group of 5 opponent
v3.0,2021,2021-09-11,Maryland,Howard,home,62,0,-48.5,33.7,38,24,0,4.3,AS EXPECTED,graded,pbp,44,30,0.8674,0.7241,4,ok,0,28,6,0,0,24,1,0,Night · FCS opponent
v3.0,2021,2021-09-11,Michigan State,Youngstown State,home,42,14,-28.5,25.3,28,0,0,2.7,AS EXPECTED,graded,pbp,49,54,0.5563,0.4255,5,ok,0,14,4,0,0,14,1,1,FCS opponent
v3.0,2021,2021-09-11,Michigan,Washington,home,31,10,-6.5,7.1,21,0,0,13.9,DAWG,graded,pbp,71,69,0.1707,0.097,4,ok,0,17,7,0,0,11,1,0,Night
v3.0,2021,2021-09-11,Minnesota,Miami (OH),home,31,26,-19.0,18.0,5,0,0,-13.0,SOFT,graded,pbp,58,61,-0.0149,0.2837,-13,ok,0,17,5,2,3,-6,2,0,Group of 5 opponent
v3.0,2021,2021-09-11,Missouri,Kentucky,away,28,35,5.5,-6.0,-7,0,0,-1.0,AS EXPECTED,graded,pbp,75,68,0.1151,-0.0821,10,ok,0,14,4,0,2,,2,1,Road · Night · Full house
v3.0,2021,2021-09-11,Ole Miss,Austin Peay,home,54,17,-37.0,29.7,30,17,10,0.3,AS EXPECTED,graded,pbp,44,49,0.6549,0.5524,3,ok,0,14,4,0,0,16,2,1,Night · FCS opponent
v3.0,2021,2021-09-11,NC State,Mississippi State,away,10,24,-1.5,1.7,-14,0,0,-15.7,SOFT,graded,pbp,81,70,-0.1012,0.0224,-7,ok,0,13,8,0,2,,0,3,Road · Night
v3.0,2021,2021-09-11,North Carolina,Georgia State,home,59,17,-26.0,23.4,35,14,7,11.6,AS EXPECTED,graded,pbp,55,55,0.5385,0.3882,6,ok,0,31,6,0,0,21,2,1,Night · Group of 5 opponent
v3.0,2021,2021-09-11,Wake Forest,Norfolk State,home,41,16,-43.0,31.8,32,0,7,0.2,AS EXPECTED,graded,pbp,45,46,0.4472,0.642,-6,ok,0,24,4,1,1,21,1,1,FCS opponent
v3.0,2021,2021-09-11,Nebraska,Buffalo,home,28,3,-13.5,14.1,25,0,0,10.9,AS EXPECTED,graded,pbp,55,68,0.4582,0.2016,11,ok,0,24,8,0,0,11,1,0,Group of 5 opponent
v3.0,2021,2021-09-11,Rutgers,Syracuse,away,17,7,-2.5,2.8,10,0,0,7.2,AS EXPECTED,graded,pbp,71,59,0.0077,0.0373,-1,ok,0,20,10,0,1,0,3,0,Road
v3.0,2021,2021-09-11,Syracuse,Rutgers,home,7,17,2.5,-2.8,-10,0,0,-7.2,AS EXPECTED,graded,pbp,59,71,-0.0077,-0.0373,1,ok,0,3,8,1,3,,0,3,
v3.0,2021,2021-09-11,Ohio State,Oregon,home,28,35,-15.0,15.2,-7,0,0,-22.2,SOFT,graded,pbp,85,73,-0.0198,0.2239,-14,ok,0,14,5,0,2,,0,1,Ranked opponent
v3.0,2021,2021-09-11,Oklahoma State,Tulsa,home,28,23,-12.0,12.7,5,0,0,-7.7,AS EXPECTED,graded,pbp,68,66,-0.0862,0.1792,-13,ok,0,14,8,2,3,,0,1,Group of 5 opponent
v3.0,2021,2021-09-11,Auburn,Alabama State,home,62,0,-49.5,34.0,34,28,0,0.0,AS EXPECTED,graded,pbp,37,39,0.5967,0.739,-4,ok,0,27,7,0,1,21,2,1,FCS opponent
v3.0,2021,2021-09-11,Oklahoma,Western Carolina,home,76,0,-52.5,35.0,45,31,0,10.0,AS EXPECTED,graded,pbp,46,29,1.0464,0.7838,7,ok,0,31,5,0,0,35,4,0,Night · FCS opponent
v3.0,2021,2021-09-11,UCF,Bethune-Cookman,home,63,14,-46.0,32.8,42,14,7,9.2,AS EXPECTED,graded,pbp,56,45,0.5049,0.6868,-7,ok,0,28,4,0,1,28,1,0,FCS opponent
v3.0,2021,2021-09-11,Penn State,Ball State,home,44,13,-22.5,20.5,28,10,7,7.5,AS EXPECTED,graded,pbp,54,49,0.485,0.3359,6,ok,0,21,5,0,0,14,2,0,Group of 5 opponent
v3.0,2021,2021-09-11,Cincinnati,Murray State,home,42,7,-36.5,29.5,28,7,0,-1.5,AS EXPECTED,graded,pbp,49,55,0.4048,0.5449,-5,ok,0,28,7,0,1,14,4,2,FCS opponent
v3.0,2021,2021-09-11,Pittsburgh,Tennessee,away,41,34,-3.5,3.9,7,0,0,3.1,AS EXPECTED,graded,pbp,82,66,0.135,0.0523,4,ok,0,20,6,2,5,-7,3,0,Road
v3.0,2021,2021-09-11,Clemson,South Carolina State,home,49,3,-50.5,34.3,32,14,0,-2.3,AS EXPECTED,graded,pbp,41,31,0.7027,0.754,-1,ok,0,21,3,0,0,18,3,3,FCS opponent
v3.0,2021,2021-09-11,Iowa,Iowa State,away,27,17,4.0,-4.4,10,0,0,14.4,DAWG,graded,pbp,60,70,-0.1926,-0.0597,-6,ok,0,20,10,1,3,-1,3,0,Road · Full house · Top-10 opponent
v3.0,2021,2021-09-11,Kansas State,Southern Illinois,home,31,23,-17.0,16.6,8,0,0,-8.6,AS EXPECTED,graded,pbp,69,67,0.1063,0.2538,-7,ok,0,20,7,0,2,-6,3,4,Night · FCS opponent
v3.0,2021,2021-09-11,Vanderbilt,Colorado State,away,24,21,6.5,-7.1,3,0,0,10.1,AS EXPECTED,graded,pbp,82,90,-0.1161,-0.097,-1,ok,0,24,11,0,1,,1,1,Road · Night · Group of 5 opponent
v3.0,2021,2021-09-11,Baylor,Texas Southern,home,66,7,-44.5,32.3,42,24,7,9.7,AS EXPECTED,graded,pbp,45,23,1.1691,0.6644,12,ok,0,21,3,0,0,28,1,0,Night · FCS opponent
v3.0,2021,2021-09-11,Miami,Appalachian State,home,25,23,-7.5,8.2,2,0,0,-6.2,AS EXPECTED,graded,pbp,76,73,-0.0445,0.112,-8,ok,0,13,6,1,4,,1,0,Night · Group of 5 opponent
v3.0,2021,2021-09-11,Stanford,USC,away,42,28,17.5,-17.0,21,0,7,38.0,CERTIFIED DAWG,graded,pbp,53,66,0.1843,-0.2613,19,ok,0,21,4,2,3,10,1,0,Road · Night · Ranked opponent
v3.0,2021,2021-09-11,Texas A&M,Colorado,neutral,10,7,-17.0,16.6,3,0,0,-13.6,SOFT,graded,pbp,69,63,0.1609,0.2538,-4,ok,0,10,10,0,1,,1,1,
v3.0,2021,2021-09-11,Houston,Rice,away,44,7,-7.5,8.2,24,13,0,15.8,DAWG,graded,pbp,56,37,0.4524,0.112,11,ok,0,34,8,0,0,14,3,0,Road · Group of 5 opponent
v3.0,2021,2021-09-11,Oregon,Ohio State,away,35,28,15.0,-15.2,7,0,0,22.2,DAWG,graded,pbp,73,85,0.0198,-0.2239,14,ok,0,7,7,3,4,-7,1,0,Road · Full house · Top-10 opponent
v3.0,2021,2021-09-11,California,TCU,away,32,34,11.5,-12.3,-2,0,0,10.3,AS EXPECTED,graded,pbp,53,77,-0.0068,-0.1717,8,ok,0,14,5,1,4,-14,1,0,Road
v3.0,2021,2021-09-11,Purdue,UConn,away,49,0,-35.0,28.9,35,14,0,6.1,AS EXPECTED,graded,pbp,37,37,0.7762,0.5225,7,ok,0,21,4,0,0,21,1,0,Road · Group of 5 opponent
v3.0,2021,2021-09-11,Texas,Arkansas,away,21,40,-6.0,6.6,-33,14,0,-39.6,CERTIFIED SOFT,graded,pbp,45,66,-0.3473,0.0896,-17,ok,0,7,3,0,1,,1,2,Road · Night · Full house
v3.0,2021,2021-09-11,BYU,Utah,home,26,17,7.0,-7.6,9,0,0,16.6,DAWG,graded,pbp,76,51,0.0793,-0.1045,8,ok,0,24,6,1,2,-1,2,0,Night · Ranked opponent
v3.0,2021,2021-09-11,Utah,BYU,away,17,26,-7.0,7.6,-9,0,0,-16.6,SOFT,graded,pbp,51,76,-0.0793,0.1045,-8,ok,0,7,5,0,1,,0,2,Road · Night · Full house
v3.0,2021,2021-09-11,SMU,North Texas,home,35,12,-22.5,20.5,23,0,0,2.5,AS EXPECTED,graded,pbp,56,81,0.311,0.3359,-1,ok,0,28,12,1,3,14,2,4,Night · Group of 5 opponent
v3.0,2021,2021-09-11,South Carolina,East Carolina,away,20,17,-2.5,2.8,3,0,0,0.2,AS EXPECTED,graded,pbp,63,63,0.0678,0.0373,1,ok,0,7,9,1,2,,2,3,Road · Group of 5 opponent
v3.0,2021,2021-09-11,Virginia,Illinois,home,42,14,-10.5,11.3,28,0,0,16.7,DAWG,graded,pbp,66,56,0.2963,0.1568,6,ok,0,24,5,0,0,14,1,2,
v3.0,2021,2021-09-11,Virginia Tech,Middle Tennessee,home,35,14,-20.0,,,,,,,no_scoring,,,,,,,no_pbp,0,0,0,0,0,,0,0,Group of 5 opponent
v3.0,2021,2021-09-11,TCU,California,home,34,32,-11.5,12.3,2,0,0,-10.3,AS EXPECTED,graded,pbp,77,53,0.0068,0.1717,-8,ok,0,17,7,1,2,,0,1,
v3.0,2021,2021-09-11,Tennessee,Pittsburgh,home,34,41,3.5,-3.9,-7,0,0,-3.1,AS EXPECTED,graded,pbp,66,82,-0.135,-0.0523,-4,ok,0,10,6,2,4,-17,0,3,
v3.0,2021,2021-09-11,Washington,Michigan,away,10,31,6.5,-7.1,-21,0,0,-13.9,SOFT,graded,pbp,69,71,-0.1707,-0.097,-4,ok,0,0,4,0,1,,0,1,Road · Night · Full house
v3.0,2021,2021-09-11,Texas Tech,Stephen F. Austin,home,28,22,-31.5,27.1,6,0,0,-21.1,SOFT,graded,espn,,,,,,no_pbp,0,0,0,0,0,-3,0,0,Night · FCS opponent
v3.0,2021,2021-09-11,Wisconsin,Eastern Michigan,home,34,7,-26.0,23.4,34,0,7,10.6,AS EXPECTED,graded,pbp,65,29,0.8111,0.3882,14,ok,0,34,6,0,0,24,1,1,Night · Group of 5 opponent
v3.0,2021,2021-09-11,West Virginia,Long Island University,home,66,0,-50.0,34.2,38,28,0,3.8,AS EXPECTED,graded,pbp,52,27,0.6324,0.7465,-3,ok,0,28,4,0,0,24,1,1,FCS opponent
v3.0,2021,2021-09-11,USC,Stanford,home,28,42,-17.5,17.0,-21,7,0,-38.0,CERTIFIED SOFT,graded,pbp,66,53,-0.1843,0.2613,-19,ok,0,14,4,1,2,,0,1,Night
v3.0,2021,2021-09-11,Alabama,Mercer,home,48,14,,,31,17,14,,,no_line,pbp,,,,,,no_line,0,21,5,0,0,17,2,0,FCS opponent
v3.0,2021,2021-09-11,Mississippi State,NC State,home,24,10,1.5,-1.7,14,0,0,15.7,DAWG,graded,pbp,70,81,0.1012,-0.0224,7,ok,0,17,9,0,2,0,3,0,Night
v3.0,2021,2021-09-11,Illinois,Virginia,away,14,42,10.5,-11.3,-28,0,0,-16.7,SOFT,graded,pbp,56,66,-0.2963,-0.1568,-6,ok,0,7,1,0,1,,2,1,Road
v3.0,2021,2021-09-11,Colorado,Texas A&M,neutral,7,10,17.0,-16.6,-3,0,0,13.6,DAWG,graded,pbp,63,69,-0.1609,-0.2538,4,ok,0,7,10,0,1,,1,1,
v3.0,2021,2021-09-11,Florida State,Jacksonville State,home,17,20,-27.5,24.6,-3,0,0,-27.6,CERTIFIED SOFT,graded,pbp,69,75,-0.0584,0.4106,-24,ok,0,17,9,0,2,-13,1,1,Night · Group of 5 opponent
v3.0,2021,2021-09-11,Florida,South Florida,away,42,20,-28.5,25.3,39,0,17,13.7,DAWG,graded,pbp,55,48,0.6382,0.4255,8,ok,0,28,5,1,1,28,1,2,Road · Group of 5 opponent
v3.0,2021,2021-09-11,Georgia Tech,Kennesaw State,home,45,17,,,35,7,14,,,no_line,pbp,,,,,,no_line,0,10,2,0,0,21,3,1,Group of 5 opponent
v3.0,2021,2021-09-11,Georgia,UAB,home,56,7,-22.5,20.5,35,21,7,14.5,DAWG,graded,pbp,25,30,0.8384,0.3359,10,ok,0,21,4,0,0,21,3,1,Group of 5 opponent
v3.0,2021,2021-09-11,Iowa State,Iowa,home,17,27,-4.0,4.4,-10,0,0,-14.4,SOFT,graded,pbp,70,60,0.1926,0.0597,6,ok,0,17,9,0,3,,0,3,Top-10 opponent
v3.0,2021,2021-09-11,Northwestern,Indiana State,home,24,6,-28.5,25.3,24,0,6,-1.3,AS EXPECTED,graded,pbp,62,47,0.0952,0.4255,-13,ok,0,17,9,0,0,10,0,2,FCS opponent
v3.0,2021,2021-09-11,Arkansas,Texas,home,40,21,6.0,-6.6,33,0,14,39.6,CERTIFIED DAWG,graded,pbp,66,45,0.3473,-0.0896,17,ok,0,26,8,0,0,23,2,1,Night · Ranked opponent
v3.0,2021,2021-09-11,Indiana,Idaho,home,56,14,,,35,14,7,,,no_line,pbp,,,,,,no_line,0,21,4,0,0,21,1,0,Night · FCS opponent
v3.0,2021,2021-09-11,Notre Dame,Toledo,home,32,29,-16.5,16.3,3,0,0,-13.3,SOFT,graded,pbp,75,63,-0.0127,0.2463,-13,ok,0,17,7,1,5,,1,3,Group of 5 opponent
v3.0,2021,2021-09-11,Arizona State,UNLV,home,37,10,-34.5,28.6,24,3,0,-4.6,AS EXPECTED,graded,pbp,68,45,0.3894,0.5151,-5,ok,0,21,6,2,2,13,0,1,Night · Group of 5 opponent
v3.0,2021,2021-09-11,Kentucky,Missouri,home,35,28,-5.5,6.0,7,0,0,1.0,AS EXPECTED,graded,pbp,68,75,-0.1151,0.0821,-10,ok,0,24,6,1,3,-7,1,2,Night
v3.0,2021,2021-09-11,Louisville,Eastern Kentucky,home,30,3,-30.0,26.3,24,3,0,-2.3,AS EXPECTED,graded,pbp,54,39,0.4739,0.4479,1,ok,0,7,5,0,0,11,2,0,Night · FCS opponent
v3.0,2021,2021-09-11,LSU,McNeese,home,34,7,-39.0,30.4,24,10,7,-6.4,AS EXPECTED,graded,pbp,59,45,0.5101,0.5823,-3,ok,0,27,10,0,0,10,1,0,Night · FCS opponent
v3.0,2021,2021-09-17,Maryland,Illinois,away,20,17,-7.0,7.6,3,0,0,-4.6,AS EXPECTED,graded,pbp,68,67,0.2014,0.1045,5,ok,0,13,8,1,4,,1,2,Road · Night
v3.0,2021,2021-09-17,UCF,Louisville,away,35,42,-7.0,7.6,-7,0,0,-14.6,SOFT,graded,pbp,64,76,-0.0411,0.1045,-7,ok,0,21,8,1,4,,1,1,Road · Night
v3.0,2021,2021-09-17,Illinois,Maryland,home,17,20,7.0,-7.6,-3,0,0,4.6,AS EXPECTED,graded,pbp,67,68,-0.2014,-0.1045,-5,ok,0,17,7,1,4,,2,1,Night
v3.0,2021,2021-09-17,Louisville,UCF,home,42,35,7.0,-7.6,7,0,0,14.6,DAWG,graded,pbp,76,64,0.0411,-0.1045,7,ok,0,28,7,1,5,,1,1,Night
v3.0,2021,2021-09-18,Boston College,Temple,away,28,3,-15.0,15.2,25,0,0,9.8,AS EXPECTED,graded,pbp,44,48,0.1974,0.2239,-1,ok,0,14,8,0,0,11,0,1,Road · Group of 5 opponent
v3.0,2021,2021-09-18,Arizona,Northern Arizona,home,19,21,-26.5,23.8,-2,0,0,-25.8,CERTIFIED SOFT,graded,pbp,68,59,0.1495,0.3956,-11,ok,0,20,12,0,3,-12,3,3,Night · FCS opponent
v3.0,2021,2021-09-18,Michigan State,Miami,away,38,17,7.0,-7.6,21,0,0,28.6,CERTIFIED DAWG,graded,pbp,72,84,0.3089,-0.1045,23,ok,0,31,9,1,3,11,4,0,Road · Ranked opponent
v3.0,2021,2021-09-18,Michigan,Northern Illinois,home,63,10,-27.5,24.6,32,28,7,7.4,AS EXPECTED,graded,pbp,33,29,0.8188,0.4106,9,ok,0,21,3,1,1,21,1,0,Group of 5 opponent
v3.0,2021,2021-09-18,Minnesota,Colorado,away,30,0,2.5,-2.8,23,7,0,25.8,CERTIFIED DAWG,graded,pbp,60,33,0.7676,-0.0373,27,ok,0,28,9,0,0,10,1,0,Road
v3.0,2021,2021-09-18,Missouri,Southeast Missouri State,home,59,28,-34.5,28.6,38,21,28,9.4,AS EXPECTED,graded,pbp,46,21,0.8945,0.5151,9,ok,0,24,4,0,0,24,1,0,FCS opponent
v3.0,2021,2021-09-18,Ole Miss,Tulane,home,61,21,-14.0,14.5,33,7,0,18.5,DAWG,graded,pbp,65,37,0.3088,0.209,4,ok,0,28,5,1,1,20,0,1,Night · Group of 5 opponent
v3.0,2021,2021-09-18,Duke,Northwestern,home,30,23,2.5,-2.8,7,0,0,9.8,AS EXPECTED,graded,pbp,95,70,-0.0518,-0.0373,-1,ok,0,30,10,0,0,-7,4,3,
v3.0,2021,2021-09-18,NC State,Furman,home,45,7,-27.5,24.6,38,7,7,13.4,DAWG,graded,pbp,45,24,0.8508,0.4106,11,ok,0,24,5,1,1,28,1,1,Night · FCS opponent
v3.0,2021,2021-09-18,North Carolina,Virginia,home,59,39,-7.5,8.2,20,0,0,11.8,AS EXPECTED,graded,pbp,68,77,0.3041,0.112,10,ok,0,31,5,2,2,6,2,1,Night
v3.0,2021,2021-09-18,Wake Forest,Florida State,home,35,14,-4.5,4.9,21,0,0,16.1,DAWG,graded,pbp,89,51,0.2176,0.0672,8,ok,0,24,9,1,1,7,6,2,
v3.0,2021,2021-09-18,Nebraska,Oklahoma,away,16,23,22.5,-20.5,-7,0,0,13.5,DAWG,graded,pbp,63,69,0.0492,-0.3359,18,ok,0,7,5,1,1,,0,1,Road · Full house · Top-10 opponent
v3.0,2021,2021-09-18,Rutgers,Delaware,home,45,13,-20.0,18.7,25,7,0,6.3,AS EXPECTED,graded,pbp,41,54,0.4298,0.2986,4,ok,0,14,4,1,1,11,0,0,Group of 5 opponent
v3.0,2021,2021-09-18,Syracuse,Albany,home,62,24,-21.5,19.8,35,17,14,15.2,DAWG,graded,pbp,44,25,0.7952,0.321,12,ok,0,24,4,1,1,21,1,2,FCS opponent
v3.0,2021,2021-09-18,Ohio State,Tulsa,home,41,20,-24.5,22.2,21,0,0,-1.2,AS EXPECTED,graded,pbp,65,82,0.1293,0.3658,-13,ok,0,17,5,3,4,7,2,2,Group of 5 opponent
v3.0,2021,2021-09-18,Oklahoma State,Boise State,away,21,20,3.5,-3.9,1,0,0,4.9,AS EXPECTED,graded,pbp,66,68,0.0684,-0.0523,6,ok,0,7,7,0,1,,2,1,Road · Night · Full house · Group of 5 opponent
v3.0,2021,2021-09-18,Auburn,Penn State,away,20,28,4.0,-4.4,-8,0,0,-3.6,AS EXPECTED,graded,pbp,79,66,-0.1081,-0.0597,-3,ok,0,6,5,1,3,,1,1,Road · Night · Full house · Top-10 opponent
v3.0,2021,2021-09-18,Oklahoma,Nebraska,home,23,16,-22.5,20.5,7,0,0,-13.5,SOFT,graded,pbp,69,63,-0.0492,0.3359,-18,ok,0,7,4,1,3,-4,1,0,
v3.0,2021,2021-09-18,Penn State,Auburn,home,28,20,-4.0,4.4,8,0,0,3.6,AS EXPECTED,graded,pbp,66,79,0.1081,0.0597,3,ok,0,21,6,1,4,-3,1,1,Night · Ranked opponent
v3.0,2021,2021-09-18,Cincinnati,Indiana,away,38,24,-4.0,4.4,14,0,0,9.6,AS EXPECTED,graded,pbp,72,77,0.1793,0.0597,6,ok,0,14,8,2,3,0,4,2,Road · Full house
v3.0,2021,2021-09-18,Pittsburgh,Western Michigan,home,41,44,-14.5,14.9,-3,0,0,-17.9,SOFT,graded,pbp,58,81,-0.0423,0.2165,-13,ok,0,21,8,3,6,,0,3,Group of 5 opponent
v3.0,2021,2021-09-18,Clemson,Georgia Tech,home,14,8,-27.5,24.6,6,0,0,-18.6,SOFT,graded,pbp,65,72,0.0796,0.4106,-16,ok,0,14,8,0,0,-5,1,1,
v3.0,2021,2021-09-18,Iowa,Kent State,home,30,7,-22.5,20.5,23,0,0,2.5,AS EXPECTED,graded,pbp,71,59,0.213,0.3359,-6,ok,0,21,9,0,1,14,0,1,Group of 5 opponent
v3.0,2021,2021-09-18,Kansas,Baylor,home,7,45,17.0,-16.6,-28,0,10,-11.4,AS EXPECTED,graded,pbp,41,53,-0.523,-0.2538,-9,ok,0,7,3,0,1,,2,1,
v3.0,2021,2021-09-18,Kansas State,Nevada,home,38,17,1.5,-1.7,21,0,0,22.7,DAWG,graded,pbp,61,66,0.2737,-0.0224,14,ok,0,17,5,2,3,11,1,0,Group of 5 opponent
v3.0,2021,2021-09-18,Vanderbilt,Stanford,home,23,41,12.5,-13.2,-24,6,0,-10.8,AS EXPECTED,graded,pbp,75,55,-0.2235,-0.1866,-2,ok,0,7,5,0,1,,0,1,Night
v3.0,2021,2021-09-18,Baylor,Kansas,away,45,7,-17.0,16.6,28,10,0,11.4,AS EXPECTED,graded,pbp,53,41,0.523,0.2538,9,ok,0,28,7,0,1,14,1,2,Road
v3.0,2021,2021-09-18,Miami,Michigan State,home,17,38,-7.0,7.6,-21,0,0,-28.6,CERTIFIED SOFT,graded,pbp,84,72,-0.3089,0.1045,-23,ok,0,0,6,1,2,,0,4,
v3.0,2021,2021-09-18,Stanford,Vanderbilt,away,41,23,-12.5,13.2,24,0,6,10.8,AS EXPECTED,graded,pbp,55,75,0.2235,0.1866,2,ok,0,31,9,1,1,14,1,0,Road · Night
v3.0,2021,2021-09-18,Texas A&M,New Mexico,home,34,0,-30.0,26.3,34,0,0,7.7,AS EXPECTED,graded,pbp,50,41,0.5053,0.4479,2,ok,0,24,6,0,0,20,1,1,Group of 5 opponent
v3.0,2021,2021-09-18,Houston,Grambling,home,45,0,-41.0,31.1,35,10,0,3.9,AS EXPECTED,graded,pbp,50,33,0.8898,0.6121,8,ok,0,28,8,0,0,21,1,1,Night · FCS opponent
v3.0,2021,2021-09-18,Oregon,Stony Brook,home,48,7,-42.0,31.5,24,17,0,-7.5,AS EXPECTED,graded,pbp,55,43,0.3167,0.6271,-11,ok,0,27,7,1,1,14,4,0,FCS opponent
v3.0,2021,2021-09-18,California,Sacramento State,home,42,30,-24.5,22.2,12,0,0,-10.2,AS EXPECTED,graded,espn,,,,,,pbp_conflict,0,21,5,2,6,-3,1,1,Group of 5 opponent
v3.0,2021,2021-09-18,Purdue,Notre Dame,away,13,27,7.5,-8.2,-14,0,0,-5.8,AS EXPECTED,graded,pbp,79,65,-0.1241,-0.112,-1,ok,0,3,7,0,3,,0,2,Road · Full house
v3.0,2021,2021-09-18,Texas,Rice,home,58,0,-26.0,23.4,44,14,0,20.6,DAWG,graded,espn,,,,,,no_pbp,0,0,0,0,0,30,0,0,Night · Group of 5 opponent
v3.0,2021,2021-09-18,BYU,Arizona State,home,27,17,3.0,-3.3,10,0,0,13.3,DAWG,graded,pbp,67,62,-0.1807,-0.0448,-6,ok,0,21,6,0,3,-4,3,3,Night · Ranked opponent
v3.0,2021,2021-09-18,Utah,San Diego State,away,31,33,-8.0,8.7,-2,0,0,-10.7,AS EXPECTED,graded,pbp,83,58,0.036,0.1194,-4,ok,2,17,9,0,2,,1,1,Road · Night · Full house · Group of 5 opponent
v3.0,2021,2021-09-18,SMU,Louisiana Tech,away,39,37,-11.0,11.8,2,0,0,-9.8,AS EXPECTED,graded,pbp,86,68,0.0817,0.1642,-5,ok,0,10,6,4,6,-7,1,0,Road · Group of 5 opponent
v3.0,2021,2021-09-18,South Carolina,Georgia,away,13,40,31.5,-27.1,-34,7,0,-6.9,AS EXPECTED,graded,pbp,37,49,-0.4986,-0.4703,-1,ok,0,3,4,1,1,,3,2,Road · Night · Full house · Top-10 opponent
v3.0,2021,2021-09-18,Virginia,North Carolina,away,39,59,7.5,-8.2,-20,0,0,-11.8,AS EXPECTED,graded,pbp,77,68,-0.3041,-0.112,-10,ok,0,7,1,1,3,,1,2,Road · Night · Full house
v3.0,2021,2021-09-18,Virginia Tech,West Virginia,away,21,27,2.0,-2.2,-6,0,0,-3.8,AS EXPECTED,graded,pbp,70,60,0.0701,-0.0299,5,ok,0,14,6,0,1,,2,0,Road · Full house
v3.0,2021,2021-09-18,UCLA,Fresno State,home,37,40,-11.0,11.8,-3,0,0,-14.8,SOFT,graded,pbp,52,91,0.0745,0.1642,-5,ok,0,14,6,3,3,,3,1,Night · Group of 5 opponent
v3.0,2021,2021-09-18,Tennessee,Tennessee Tech,home,56,0,-38.0,30.1,35,21,0,4.9,AS EXPECTED,graded,pbp,50,38,0.5127,0.5673,-2,ok,0,28,6,0,0,21,4,1,FCS opponent
v3.0,2021,2021-09-18,Washington,Arkansas State,home,52,3,-17.5,17.0,35,17,3,18.0,DAWG,graded,pbp,61,39,0.4903,0.2613,8,ok,0,21,3,1,1,21,3,2,Group of 5 opponent
v3.0,2021,2021-09-18,Texas Tech,Florida International,home,54,21,-20.5,19.0,23,10,0,4.0,AS EXPECTED,graded,pbp,53,48,0.6112,0.3061,11,ok,0,24,6,1,2,9,1,0,Night · Group of 5 opponent
v3.0,2021,2021-09-18,West Virginia,Virginia Tech,home,27,21,-2.0,2.2,6,0,0,3.8,AS EXPECTED,graded,pbp,60,70,-0.0701,0.0299,-5,ok,0,24,7,0,2,-8,0,2,Ranked opponent
v3.0,2021,2021-09-18,USC,Washington State,away,45,14,-7.0,7.6,24,7,0,16.4,DAWG,graded,pbp,71,47,0.1987,0.1045,4,ok,0,38,9,1,2,10,3,3,Road · Group of 5 opponent
v3.0,2021,2021-09-18,Alabama,Florida,away,31,29,-14.0,14.5,2,0,0,-12.5,SOFT,graded,pbp,63,71,-0.123,0.209,-16,ok,0,7,3,3,4,-9,1,0,Road · Full house
v3.0,2021,2021-09-18,Mississippi State,Memphis,away,29,31,-3.5,3.9,-2,0,0,-5.9,AS EXPECTED,graded,pbp,82,53,0.3125,0.0523,13,ok,0,14,6,2,4,-12,1,1,Road · Group of 5 opponent
v3.0,2021,2021-09-18,Colorado,Minnesota,home,0,30,-2.5,2.8,-23,0,7,-25.8,CERTIFIED SOFT,graded,pbp,33,60,-0.7676,0.0373,-27,ok,0,0,5,0,1,,0,1,
v3.0,2021,2021-09-18,Florida State,Wake Forest,away,14,35,4.5,-4.9,-21,0,0,-16.1,SOFT,graded,pbp,51,89,-0.2176,-0.0672,-8,ok,0,0,6,0,1,,2,6,Road
v3.0,2021,2021-09-18,Florida,Alabama,home,29,31,14.0,-14.5,-2,0,0,12.5,DAWG,graded,pbp,71,63,0.123,-0.209,16,ok,0,7,3,2,2,,0,1,
v3.0,2021,2021-09-18,Georgia Tech,Clemson,away,8,14,27.5,-24.6,-6,0,0,18.6,DAWG,graded,pbp,72,65,-0.0796,-0.4106,16,ok,0,0,5,0,1,,1,1,Road · Full house
v3.0,2021,2021-09-18,Georgia,South Carolina,home,40,13,-31.5,27.1,34,0,7,6.9,AS EXPECTED,graded,pbp,49,37,0.4986,0.4703,1,ok,0,21,5,1,2,23,2,3,Night
v3.0,2021,2021-09-18,Iowa State,UNLV,away,48,3,-32.0,27.4,38,10,3,10.6,AS EXPECTED,graded,espn,,,,,,no_pbp,0,0,0,0,0,24,0,0,Road · Night · Group of 5 opponent
v3.0,2021,2021-09-18,Northwestern,Duke,away,23,30,-2.5,2.8,-7,0,0,-9.8,AS EXPECTED,graded,pbp,70,95,0.0518,0.0373,1,ok,0,17,7,0,1,,3,4,Road
v3.0,2021,2021-09-18,Arkansas,Georgia Southern,home,45,10,-23.0,21.0,28,7,0,7.0,AS EXPECTED,graded,pbp,53,57,0.4438,0.3434,4,ok,0,31,7,0,0,14,0,0,Group of 5 opponent
v3.0,2021,2021-09-18,Indiana,Cincinnati,home,24,38,4.0,-4.4,-14,0,0,-9.6,AS EXPECTED,graded,pbp,77,72,-0.1793,-0.0597,-6,ok,0,14,8,2,4,-28,2,4,
v3.0,2021,2021-09-18,Notre Dame,Purdue,home,27,13,-7.5,8.2,14,0,0,5.8,AS EXPECTED,graded,pbp,65,79,0.1241,0.112,1,ok,0,20,9,1,3,3,2,0,
v3.0,2021,2021-09-18,Arizona State,BYU,away,17,27,-3.0,3.3,-10,0,0,-13.3,SOFT,graded,pbp,62,67,0.1807,0.0448,6,ok,0,10,6,1,2,,3,3,Road · Night · Full house · Ranked opponent
v3.0,2021,2021-09-18,Kentucky,Chattanooga,home,28,23,-33.5,28.2,5,0,0,-23.2,SOFT,graded,pbp,61,60,0.04,0.5002,-20,ok,0,7,5,1,4,-7,1,3,FCS opponent
v3.0,2021,2021-09-18,LSU,Central Michigan,home,49,21,-19.5,18.3,42,0,14,23.7,DAWG,graded,pbp,56,41,0.474,0.2911,6,ok,0,21,4,0,0,28,2,1,Night · Group of 5 opponent
v3.0,2021,2021-09-24,Wake Forest,Virginia,away,37,17,3.5,-3.9,20,0,0,23.9,DAWG,graded,pbp,74,86,0.0642,-0.0523,7,ok,0,9,6,1,1,10,2,0,Road · Night
v3.0,2021,2021-09-24,Syracuse,Liberty,home,24,21,6.5,-7.1,3,0,0,10.1,AS EXPECTED,graded,pbp,66,61,-0.0689,-0.097,1,ok,0,24,8,0,3,-11,1,0,Night · Group of 5 opponent
v3.0,2021,2021-09-24,Virginia,Wake Forest,home,17,37,-3.5,3.9,-20,0,0,-23.9,SOFT,graded,pbp,86,74,-0.0642,0.0523,-7,ok,0,0,2,0,1,,0,2,Night
v3.0,2021,2021-09-25,Boston College,Missouri,home,41,34,-1.0,1.1,7,0,0,5.9,AS EXPECTED,graded,pbp,73,64,-0.0133,0.0149,-1,ok,6,10,3,3,5,-3,1,1,
v3.0,2021,2021-09-25,Arizona,Oregon,away,19,41,29.5,-26.0,-22,0,0,4.0,AS EXPECTED,graded,pbp,89,54,-0.2987,-0.4404,7,ok,0,0,2,0,2,,0,5,Road · Night · Top-10 opponent
v3.0,2021,2021-09-25,Maryland,Kent State,home,37,16,-13.0,13.6,28,0,7,14.4,DAWG,graded,pbp,62,72,0.3993,0.1941,10,ok,0,21,5,2,2,13,1,2,Group of 5 opponent
v3.0,2021,2021-09-25,Michigan State,Nebraska,home,23,20,-3.5,3.9,3,0,0,-0.9,AS EXPECTED,graded,pbp,43,81,-0.2944,0.0523,-15,ok,2,10,8,2,4,,2,1,Night
v3.0,2021,2021-09-25,Michigan,Rutgers,home,20,13,-20.5,19.0,7,0,0,-12.0,AS EXPECTED,graded,pbp,54,73,-0.0585,0.3061,-17,ok,0,6,6,1,2,-4,1,0,
v3.0,2021,2021-09-25,Minnesota,Bowling Green,home,10,14,-30.5,26.6,-4,0,0,-30.6,CERTIFIED SOFT,graded,pbp,68,65,0.1189,0.4554,-16,ok,0,3,9,0,2,,2,3,Group of 5 opponent
v3.0,2021,2021-09-25,Missouri,Boston College,away,34,41,1.0,-1.1,-7,0,0,-5.9,AS EXPECTED,graded,pbp,64,73,0.0133,-0.0149,1,ok,6,10,3,1,3,,1,1,Road · Full house
v3.0,2021,2021-09-25,Duke,Kansas,home,52,33,-16.5,16.3,19,0,0,2.7,AS EXPECTED,graded,pbp,80,71,0.0847,0.2463,-9,ok,0,24,6,3,6,4,2,2,
v3.0,2021,2021-09-25,NC State,Clemson,home,27,21,10.5,-11.3,6,0,0,17.3,DAWG,graded,pbp,87,40,0.1696,-0.1568,15,ok,18,14,9,1,3,,1,1,Top-10 opponent
v3.0,2021,2021-09-25,North Carolina,Georgia Tech,neutral,22,45,-14.5,14.9,-23,0,0,-37.9,CERTIFIED SOFT,graded,pbp,70,61,-0.2366,0.2165,-21,ok,0,7,4,0,3,,0,3,Night
v3.0,2021,2021-09-25,Nebraska,Michigan State,away,20,23,3.5,-3.9,-3,0,0,0.9,AS EXPECTED,graded,pbp,81,43,0.2944,-0.0523,15,ok,2,10,8,2,3,,1,2,Road · Night · Full house · Ranked opponent
v3.0,2021,2021-09-25,Rutgers,Michigan,away,13,20,20.5,-19.0,-7,0,0,12.0,AS EXPECTED,graded,pbp,73,54,0.0585,-0.3061,17,ok,0,10,6,1,1,,0,1,Road · Full house
v3.0,2021,2021-09-25,Ohio State,Akron,home,59,7,-48.5,33.7,31,21,0,-2.7,AS EXPECTED,graded,pbp,31,37,1.1018,0.7241,9,ok,0,21,4,1,1,17,2,1,Night · Group of 5 opponent
v3.0,2021,2021-09-25,Oklahoma State,Kansas State,home,31,20,-6.0,6.6,11,0,0,4.4,AS EXPECTED,graded,pbp,74,55,0.3134,0.0896,10,ok,0,10,3,1,1,0,2,0,Night · Ranked opponent
v3.0,2021,2021-09-25,Auburn,Georgia State,home,34,24,-27.5,24.6,10,0,0,-14.6,SOFT,graded,pbp,78,71,0.0903,0.4106,-17,ok,0,10,7,3,3,0,1,1,Group of 5 opponent
v3.0,2021,2021-09-25,Oklahoma,West Virginia,home,16,13,-17.5,17.0,3,0,0,-14.0,SOFT,graded,pbp,63,63,0.068,0.2613,-9,ok,0,3,5,1,2,,1,1,Night
v3.0,2021,2021-09-25,Penn State,Villanova,home,38,17,-29.5,26.0,28,7,14,2.0,AS EXPECTED,graded,pbp,55,42,0.6272,0.4404,7,ok,0,17,8,1,1,17,1,1,FCS opponent
v3.0,2021,2021-09-25,Pittsburgh,New Hampshire,home,77,7,-29.0,25.6,42,28,0,16.4,DAWG,graded,pbp,45,25,0.9862,0.433,14,ok,0,21,3,0,0,28,2,0,FCS opponent
v3.0,2021,2021-09-25,Clemson,NC State,away,21,27,-10.5,11.3,-6,0,0,-17.3,SOFT,graded,pbp,40,87,-0.1696,0.1568,-15,ok,18,21,9,0,2,,1,1,Road · Full house
v3.0,2021,2021-09-25,Iowa,Colorado State,home,24,14,-23.5,21.4,10,0,0,-11.4,AS EXPECTED,graded,pbp,55,78,-0.0228,0.3509,-18,ok,0,24,11,0,1,0,1,1,Group of 5 opponent
v3.0,2021,2021-09-25,Kansas,Duke,away,33,52,16.5,-16.3,-19,0,0,-2.7,AS EXPECTED,graded,pbp,71,80,-0.0847,-0.2463,9,ok,0,13,4,2,5,,2,2,Road
v3.0,2021,2021-09-25,Kansas State,Oklahoma State,away,20,31,6.0,-6.6,-11,0,0,-4.4,AS EXPECTED,graded,pbp,55,74,-0.3134,-0.0896,-10,ok,0,0,2,0,1,-21,0,2,Road · Night · Full house
v3.0,2021,2021-09-25,Vanderbilt,Georgia,home,0,62,36.0,-29.3,-38,0,24,-8.7,AS EXPECTED,graded,pbp,25,43,-0.7305,-0.5375,-5,ok,0,0,0,0,1,,1,2,Top-10 opponent
v3.0,2021,2021-09-25,Baylor,Iowa State,home,31,29,7.0,-7.6,2,0,0,9.6,AS EXPECTED,graded,pbp,52,72,-0.1069,-0.1045,0,ok,0,10,4,2,5,-9,1,1,Ranked opponent
v3.0,2021,2021-09-25,Miami,Central Connecticut,home,69,0,-46.0,32.8,42,27,0,9.2,AS EXPECTED,graded,espn,,,,,,no_pbp,0,0,0,0,0,28,0,0,FCS opponent
v3.0,2021,2021-09-25,Stanford,UCLA,home,24,35,4.0,-4.4,-11,0,0,-6.6,AS EXPECTED,graded,espn,,,,,,no_pbp,0,0,0,0,0,,0,0,
v3.0,2021,2021-09-25,Texas A&M,Arkansas,neutral,10,20,-4.5,4.9,-10,0,0,-14.9,SOFT,graded,pbp,59,68,-0.1102,0.0672,-8,ok,0,10,7,0,1,,0,1,Ranked opponent
v3.0,2021,2021-09-25,Houston,Navy,home,28,20,-20.0,18.7,8,0,0,-10.7,AS EXPECTED,graded,pbp,62,59,0.2099,0.2986,-4,ok,0,21,4,0,2,-3,1,0,Night · Group of 5 opponent
v3.0,2021,2021-09-25,Oregon,Arizona,home,41,19,-29.5,26.0,22,0,0,-4.0,AS EXPECTED,graded,pbp,54,89,0.2987,0.4404,-7,ok,0,17,6,2,2,12,5,0,Night
v3.0,2021,2021-09-25,California,Washington,away,24,31,7.5,-8.2,-7,0,0,1.2,AS EXPECTED,graded,pbp,74,56,0.1297,-0.112,11,ok,1,10,5,1,2,,1,2,Road · Night
v3.0,2021,2021-09-25,Purdue,Illinois,home,13,9,-10.5,11.3,4,0,0,-7.3,AS EXPECTED,graded,pbp,62,69,0.0796,0.1568,-4,ok,0,10,6,0,3,,0,2,
v3.0,2021,2021-09-25,Texas,Texas Tech,home,70,35,-9.0,9.8,49,7,21,39.2,CERTIFIED DAWG,graded,pbp,60,38,0.5921,0.1344,16,ok,0,14,2,1,1,35,2,1,
v3.0,2021,2021-09-25,BYU,South Florida,home,35,27,-23.5,21.4,8,0,0,-13.4,SOFT,graded,pbp,50,72,0.1099,0.3509,-11,ok,0,14,2,0,0,-6,1,0,Night · Group of 5 opponent
v3.0,2021,2021-09-25,Utah,Washington State,home,24,13,-15.0,15.2,11,0,0,-4.2,AS EXPECTED,graded,pbp,53,70,0.1681,0.2239,-2,ok,0,14,7,1,3,0,2,3,Group of 5 opponent
v3.0,2021,2021-09-25,SMU,TCU,away,42,34,9.5,-10.3,8,0,0,18.3,DAWG,graded,pbp,80,56,-0.1549,-0.1418,-1,ok,0,7,4,3,5,-1,1,3,Road
v3.0,2021,2021-09-25,South Carolina,Kentucky,home,10,16,4.5,-4.9,-6,0,0,-1.1,AS EXPECTED,graded,pbp,51,66,-0.1284,-0.0672,-3,ok,0,0,6,1,3,,3,0,Night
v3.0,2021,2021-09-25,Virginia Tech,Richmond,home,21,10,-29.0,25.6,11,0,0,-14.6,SOFT,graded,pbp,59,56,-0.0867,0.433,-22,ok,0,0,7,1,2,0,0,1,FCS opponent
v3.0,2021,2021-09-25,UCLA,Stanford,away,35,24,-4.0,4.4,11,0,0,6.6,AS EXPECTED,graded,espn,,,,,,no_pbp,0,0,0,0,0,-3,0,0,Road
v3.0,2021,2021-09-25,TCU,SMU,home,34,42,-9.5,10.3,-8,0,0,-18.3,SOFT,graded,pbp,56,80,0.1549,0.1418,1,ok,0,20,5,3,5,,3,1,
v3.0,2021,2021-09-25,Tennessee,Florida,away,14,38,19.0,-18.0,-24,0,0,-6.0,AS EXPECTED,graded,pbp,59,68,-0.2307,-0.2837,2,ok,0,7,4,1,3,,1,0,Road · Night · Full house · Ranked opponent
v3.0,2021,2021-09-25,Washington,California,home,31,24,-7.5,8.2,7,0,0,-1.2,AS EXPECTED,graded,pbp,56,74,-0.1297,0.112,-11,ok,1,20,6,1,3,,2,1,Night
v3.0,2021,2021-09-25,Texas Tech,Texas,away,35,70,9.0,-9.8,-49,21,7,-39.2,CERTIFIED SOFT,graded,pbp,38,60,-0.5921,-0.1344,-16,ok,0,0,0,0,1,,1,2,Road · Full house
v3.0,2021,2021-09-25,Wisconsin,Notre Dame,neutral,13,41,-6.0,6.6,-28,0,0,-34.6,CERTIFIED SOFT,graded,pbp,67,69,-0.3626,0.0896,-22,ok,0,13,9,0,3,,1,5,Ranked opponent
v3.0,2021,2021-09-25,West Virginia,Oklahoma,away,13,16,17.5,-17.0,-3,0,0,14.0,DAWG,graded,pbp,63,63,-0.068,-0.2613,9,ok,0,0,4,1,3,,1,1,Road · Night · Full house
v3.0,2021,2021-09-25,USC,Oregon State,home,27,45,-11.0,11.8,-25,7,0,-36.8,CERTIFIED SOFT,graded,pbp,60,68,-0.3363,0.1642,-23,ok,0,10,4,2,3,,2,4,Night · Group of 5 opponent
v3.0,2021,2021-09-25,Alabama,Southern Miss,home,63,14,-45.0,32.5,35,21,7,2.5,AS EXPECTED,graded,pbp,32,27,0.761,0.6718,2,ok,0,21,3,0,0,21,1,1,Night · Group of 5 opponent
v3.0,2021,2021-09-25,Mississippi State,LSU,home,25,28,1.5,-1.7,-3,0,0,-1.3,AS EXPECTED,graded,pbp,88,54,0.1006,-0.0224,6,ok,0,10,5,0,1,,1,2,
v3.0,2021,2021-09-25,Illinois,Purdue,away,9,13,10.5,-11.3,-4,0,0,7.3,AS EXPECTED,graded,pbp,69,62,-0.0796,-0.1568,4,ok,0,6,7,0,3,,2,0,Road
v3.0,2021,2021-09-25,Colorado,Arizona State,away,13,35,14.0,-14.5,-25,3,0,-10.5,AS EXPECTED,graded,pbp,51,58,-0.249,-0.209,-2,ok,0,6,4,0,2,,0,0,Road · Night
v3.0,2021,2021-09-25,Florida State,Louisville,home,23,31,-1.5,1.7,-8,0,0,-9.7,AS EXPECTED,graded,pbp,75,81,-0.0105,0.0224,-2,ok,0,3,8,0,1,,0,1,
v3.0,2021,2021-09-25,Florida,Tennessee,home,38,14,-19.0,18.0,24,0,0,6.0,AS EXPECTED,graded,pbp,68,59,0.2307,0.2837,-2,ok,0,35,8,1,2,14,0,1,Night
v3.0,2021,2021-09-25,Georgia Tech,North Carolina,neutral,45,22,14.5,-14.9,23,0,0,37.9,CERTIFIED DAWG,graded,pbp,61,70,0.2366,-0.2165,21,ok,0,34,8,0,1,10,3,0,Night · Ranked opponent
v3.0,2021,2021-09-25,Georgia,Vanderbilt,away,62,0,-36.0,29.3,38,24,0,8.7,AS EXPECTED,graded,pbp,43,25,0.7305,0.5375,5,ok,0,21,3,0,0,24,2,1,Road
v3.0,2021,2021-09-25,Iowa State,Baylor,away,29,31,-7.0,7.6,-2,0,0,-9.6,AS EXPECTED,graded,pbp,72,52,0.1069,0.1045,0,ok,0,13,5,2,3,,1,1,Road
v3.0,2021,2021-09-25,Northwestern,Ohio,home,35,6,-13.5,14.1,28,7,6,13.9,DAWG,graded,pbp,63,56,0.3028,0.2016,4,ok,0,27,10,0,0,14,3,1,Group of 5 opponent
v3.0,2021,2021-09-25,Arkansas,Texas A&M,neutral,20,10,4.5,-4.9,10,0,0,14.9,DAWG,graded,pbp,68,59,0.1102,-0.0672,8,ok,0,20,9,0,1,0,1,0,Top-10 opponent
v3.0,2021,2021-09-25,Indiana,Western Kentucky,away,33,31,-9.5,10.3,2,0,0,-8.3,AS EXPECTED,graded,pbp,92,64,-0.2143,0.1418,-20,ok,0,17,4,3,4,-12,0,0,Road · Night · Full house · Group of 5 opponent
v3.0,2021,2021-09-25,Notre Dame,Wisconsin,neutral,41,13,6.0,-6.6,28,0,0,34.6,CERTIFIED DAWG,graded,pbp,69,67,0.3626,-0.0896,22,ok,0,20,10,1,3,17,5,1,Ranked opponent
v3.0,2021,2021-09-25,Arizona State,Colorado,home,35,13,-14.0,14.5,25,0,3,10.5,AS EXPECTED,graded,pbp,58,51,0.249,0.209,2,ok,0,21,6,2,2,11,0,0,Night
v3.0,2021,2021-09-25,Kentucky,South Carolina,away,16,10,-4.5,4.9,6,0,0,1.1,AS EXPECTED,graded,pbp,66,51,0.1284,0.0672,3,ok,0,3,7,1,1,-4,0,3,Road · Night · Full house
v3.0,2021,2021-09-25,Louisville,Florida State,away,31,23,1.5,-1.7,8,0,0,9.7,AS EXPECTED,graded,pbp,81,75,0.0105,-0.0224,2,ok,0,17,8,0,1,-2,1,0,Road
v3.0,2021,2021-09-25,LSU,Mississippi State,away,28,25,-1.5,1.7,3,0,0,1.3,AS EXPECTED,graded,pbp,54,88,-0.1006,0.0224,-6,ok,0,14,6,0,1,-8,2,1,Road
v3.0,2021,2021-09-30,Miami,Virginia,home,28,30,-3.5,3.9,-2,0,0,-5.9,AS EXPECTED,graded,pbp,68,79,0.1364,0.0523,4,ok,0,21,8,1,2,,2,1,Night
v3.0,2021,2021-09-30,Virginia,Miami,away,30,28,3.5,-3.9,2,0,0,5.9,AS EXPECTED,graded,pbp,79,68,-0.1364,-0.0523,-4,ok,0,10,7,3,4,-7,1,2,Road · Night
v3.0,2021,2021-10-01,Maryland,Iowa,home,14,51,3.0,-3.3,-34,7,10,-30.7,CERTIFIED SOFT,graded,pbp,26,47,-0.4485,-0.0448,-11,ok,0,0,1,1,2,,0,6,Night · Top-10 opponent
v3.0,2021,2021-10-01,Iowa,Maryland,away,51,14,-3.0,3.3,34,10,7,30.7,CERTIFIED DAWG,graded,pbp,47,26,0.4485,0.0448,11,ok,0,20,5,1,1,24,6,0,Road · Night
v3.0,2021,2021-10-01,Houston,Tulsa,away,45,10,3.5,-3.9,32,10,7,35.9,CERTIFIED DAWG,graded,pbp,35,37,0.8285,-0.0523,23,ok,0,28,4,0,0,18,4,1,Road · Night · Group of 5 opponent
v3.0,2021,2021-10-01,BYU,Utah State,away,34,20,-8.0,8.7,14,0,0,5.3,AS EXPECTED,graded,pbp,62,83,0.1996,0.1194,4,ok,0,10,5,3,4,4,2,0,Road · Night · Full house · Group of 5 opponent
v3.0,2021,2021-10-02,Boston College,Clemson,away,13,19,14.5,-14.9,-6,0,0,8.9,AS EXPECTED,graded,pbp,74,68,-0.1135,-0.2165,5,ok,0,0,7,1,4,,1,3,Road · Night · Full house · Ranked opponent
v3.0,2021,2021-10-02,Michigan State,Western Kentucky,home,48,31,-10.5,11.3,25,0,8,13.7,DAWG,graded,pbp,71,80,0.0619,0.1568,-5,ok,0,17,4,4,5,11,1,0,Night · Group of 5 opponent
v3.0,2021,2021-10-02,Michigan,Wisconsin,away,38,17,2.5,-2.8,28,0,7,30.8,CERTIFIED DAWG,graded,pbp,71,49,0.3743,-0.0373,18,ok,0,31,9,1,1,18,2,2,Road · Full house
v3.0,2021,2021-10-02,Minnesota,Purdue,away,20,13,2.5,-2.8,7,0,0,9.8,AS EXPECTED,graded,pbp,48,74,0.0558,-0.0373,4,ok,0,13,7,0,2,,2,0,Road
v3.0,2021,2021-10-02,Missouri,Tennessee,home,24,62,-2.5,,,,,,,unverified_scoring,,,,,,,pbp_conflict,0,0,0,1,1,,0,1,
v3.0,2021,2021-10-02,Ole Miss,Alabama,away,21,42,15.0,-15.2,-35,21,7,-19.8,SOFT,graded,pbp,37,60,-0.6044,-0.2239,-13,ok,0,0,1,0,1,,1,1,Road · Full house · Top-10 opponent
v3.0,2021,2021-10-02,Duke,North Carolina,away,7,38,19.5,-18.3,-24,0,7,-5.7,AS EXPECTED,graded,pbp,56,58,-0.138,-0.2911,6,ok,0,0,7,0,1,,0,3,Road · Full house
v3.0,2021,2021-10-02,NC State,Louisiana Tech,home,34,27,-17.5,17.0,7,0,0,-10.0,AS EXPECTED,graded,pbp,67,78,-0.0543,0.2613,-16,ok,0,20,7,2,5,-3,2,0,Group of 5 opponent
v3.0,2021,2021-10-02,North Carolina,Duke,home,38,7,-19.5,18.3,24,7,0,5.7,AS EXPECTED,graded,pbp,58,56,0.138,0.2911,-6,ok,0,31,10,0,0,10,3,0,
v3.0,2021,2021-10-02,Wake Forest,Louisville,home,37,34,-7.0,7.6,3,0,0,-4.6,AS EXPECTED,graded,pbp,82,69,-0.0742,0.1045,-10,ok,0,14,4,3,7,-7,0,1,
v3.0,2021,2021-10-02,Nebraska,Northwestern,home,56,7,-11.5,12.3,35,14,0,22.7,DAWG,graded,pbp,45,38,0.5108,0.1717,10,ok,0,21,4,0,0,21,1,0,Night
v3.0,2021,2021-10-02,Rutgers,Ohio State,home,13,52,15.0,-15.2,-39,7,7,-23.8,SOFT,graded,pbp,28,35,-0.9759,-0.2239,-17,ok,0,0,0,0,1,,1,3,Ranked opponent
v3.0,2021,2021-10-02,Syracuse,Florida State,away,30,33,5.5,-6.0,-3,0,0,3.0,AS EXPECTED,graded,pbp,62,69,-0.0745,-0.0821,0,ok,0,17,7,0,2,,1,1,Road
v3.0,2021,2021-10-02,Ohio State,Rutgers,away,52,13,-15.0,15.2,39,7,7,23.8,DAWG,graded,pbp,35,28,0.9759,0.2239,17,ok,0,24,4,0,0,25,3,1,Road
v3.0,2021,2021-10-02,Oklahoma State,Baylor,home,24,14,-4.0,4.4,10,0,0,5.6,AS EXPECTED,graded,pbp,82,56,0.1356,0.0597,4,ok,0,14,9,1,2,-4,0,3,Night · Ranked opponent
v3.0,2021,2021-10-02,Auburn,LSU,away,24,19,3.0,-3.3,5,0,0,8.3,AS EXPECTED,graded,pbp,77,71,0.1656,-0.0448,11,ok,0,10,4,0,2,,1,0,Road · Night · Full house
v3.0,2021,2021-10-02,Oklahoma,Kansas State,away,37,31,-12.5,13.2,6,0,0,-7.2,AS EXPECTED,graded,pbp,60,68,0.0684,0.1866,-5,ok,0,17,3,2,2,-4,1,1,Road
v3.0,2021,2021-10-02,UCF,Navy,away,30,34,-15.0,15.2,-4,0,0,-19.2,SOFT,graded,pbp,56,79,-0.1819,0.2239,-20,ok,0,14,4,3,5,-14,2,2,Road · Group of 5 opponent
v3.0,2021,2021-10-02,Penn State,Indiana,home,24,0,-12.5,13.2,24,0,0,10.8,AS EXPECTED,graded,pbp,71,46,0.3015,0.1866,5,ok,0,24,11,0,0,10,2,1,Night
v3.0,2021,2021-10-02,Cincinnati,Notre Dame,away,24,13,-2.0,2.2,11,0,0,8.8,AS EXPECTED,graded,pbp,62,74,0.0247,0.0299,0,ok,0,14,8,1,1,1,2,1,Road · Full house · Top-10 opponent
v3.0,2021,2021-10-02,Pittsburgh,Georgia Tech,away,52,21,-3.0,3.3,35,3,7,31.7,CERTIFIED DAWG,graded,pbp,57,44,0.5087,0.0448,17,ok,0,28,5,0,1,21,2,0,Road
v3.0,2021,2021-10-02,Clemson,Boston College,home,19,13,-14.5,14.9,6,0,0,-8.9,AS EXPECTED,graded,pbp,68,74,0.1135,0.2165,-5,ok,0,19,9,0,2,-4,3,1,Night
v3.0,2021,2021-10-02,Kansas,Iowa State,away,7,59,34.5,-28.6,-38,7,21,-9.4,AS EXPECTED,graded,pbp,33,34,-0.8343,-0.5151,-8,ok,0,0,0,0,1,,0,2,Road · Night · Full house
v3.0,2021,2021-10-02,Kansas State,Oklahoma,home,31,37,12.5,-13.2,-6,0,0,7.2,AS EXPECTED,graded,pbp,68,60,-0.0684,-0.1866,5,ok,0,0,1,2,2,,1,1,Top-10 opponent
v3.0,2021,2021-10-02,Vanderbilt,UConn,home,30,28,-14.5,14.9,2,0,0,-12.9,SOFT,graded,pbp,73,77,-0.0688,0.2165,-15,ok,0,17,5,3,6,-9,2,1,Night · Group of 5 opponent
v3.0,2021,2021-10-02,Baylor,Oklahoma State,away,14,24,4.0,-4.4,-10,0,0,-5.6,AS EXPECTED,graded,pbp,56,82,-0.1356,-0.0597,-4,ok,0,7,8,0,1,,3,0,Road · Night · Full house · Ranked opponent
v3.0,2021,2021-10-02,Stanford,Oregon,home,31,24,8.5,-9.2,7,0,0,16.2,DAWG,graded,pbp,65,75,-0.0696,-0.1269,3,ok,10,7,5,1,4,-3,2,0,
v3.0,2021,2021-10-02,Texas A&M,Mississippi State,home,22,26,-7.0,7.6,-4,0,0,-11.6,AS EXPECTED,graded,pbp,51,76,-0.0611,0.1045,-8,ok,0,6,5,2,3,,0,1,Night
v3.0,2021,2021-10-02,Oregon,Stanford,away,24,31,-8.5,9.2,-7,0,0,-16.2,SOFT,graded,pbp,75,65,0.0696,0.1269,-3,ok,10,24,7,0,1,,0,2,Road
v3.0,2021,2021-10-02,California,Washington State,home,6,21,-7.5,8.2,-15,0,0,-23.2,SOFT,graded,pbp,63,73,-0.0489,0.112,-8,ok,0,0,7,1,2,,2,1,Group of 5 opponent
v3.0,2021,2021-10-02,Purdue,Minnesota,home,13,20,-2.5,2.8,-7,0,0,-9.8,AS EXPECTED,graded,pbp,74,48,-0.0558,0.0373,-4,ok,0,7,6,2,4,,0,2,
v3.0,2021,2021-10-02,Texas,TCU,away,32,27,-4.0,4.4,5,0,0,0.6,AS EXPECTED,graded,pbp,75,68,0.0018,0.0597,-3,ok,0,13,5,3,4,-4,2,2,Road
v3.0,2021,2021-10-02,SMU,South Florida,home,41,17,-21.0,19.4,24,0,0,4.6,AS EXPECTED,graded,pbp,74,54,0.1175,0.3135,-9,ok,0,31,7,1,1,14,1,1,Group of 5 opponent
v3.0,2021,2021-10-02,South Carolina,Troy,home,23,14,-6.5,7.1,9,0,0,1.9,AS EXPECTED,graded,pbp,61,64,0.229,0.097,6,ok,0,13,5,0,2,-1,4,1,Group of 5 opponent
v3.0,2021,2021-10-02,UCLA,Arizona State,home,23,42,-3.0,3.3,-19,0,0,-22.3,SOFT,graded,pbp,82,49,-0.5024,0.0448,-26,ok,0,0,3,3,5,,0,1,Night
v3.0,2021,2021-10-02,TCU,Texas,home,27,32,4.0,-4.4,-5,0,0,-0.6,AS EXPECTED,graded,pbp,68,75,-0.0018,-0.0597,3,ok,0,7,2,2,5,,2,2,
v3.0,2021,2021-10-02,Tennessee,Missouri,away,62,24,2.5,,,,,,,unverified_scoring,,,,,,,pbp_conflict,0,21,3,1,1,,1,0,Road
v3.0,2021,2021-10-02,Washington,Oregon State,away,24,27,2.5,-2.8,-3,0,0,-0.2,AS EXPECTED,graded,pbp,61,63,0.0132,-0.0373,2,ok,0,17,7,0,4,,2,2,Road · Night · Group of 5 opponent
v3.0,2021,2021-10-02,Texas Tech,West Virginia,away,23,20,7.5,-8.2,3,0,0,11.2,AS EXPECTED,graded,pbp,65,62,-0.1814,-0.112,-3,ok,0,14,3,2,4,-11,1,1,Road
v3.0,2021,2021-10-02,Wisconsin,Michigan,home,17,38,-2.5,2.8,-28,7,0,-30.8,CERTIFIED SOFT,graded,pbp,49,71,-0.3743,0.0373,-18,ok,0,3,4,0,1,,2,2,Ranked opponent
v3.0,2021,2021-10-02,West Virginia,Texas Tech,home,20,23,-7.5,8.2,-3,0,0,-11.2,AS EXPECTED,graded,pbp,62,65,0.1814,0.112,3,ok,0,10,4,1,2,,1,1,
v3.0,2021,2021-10-02,USC,Colorado,away,37,14,-9.0,9.8,23,0,0,13.2,DAWG,graded,pbp,52,43,0.4333,0.1344,10,ok,0,30,8,0,0,13,2,1,Road
v3.0,2021,2021-10-02,Alabama,Ole Miss,home,42,21,-15.0,15.2,35,7,21,19.8,DAWG,graded,pbp,60,37,0.6044,0.2239,13,ok,0,28,5,0,0,21,1,1,Ranked opponent
v3.0,2021,2021-10-02,Mississippi State,Texas A&M,away,26,22,7.0,-7.6,4,0,0,11.6,AS EXPECTED,graded,pbp,76,51,0.0611,-0.1045,8,ok,0,10,3,2,5,-7,1,0,Road · Night · Ranked opponent
v3.0,2021,2021-10-02,Illinois,Charlotte,home,24,14,-10.5,11.3,10,0,0,-1.3,AS EXPECTED,graded,pbp,66,46,0.2645,0.1568,4,ok,0,17,4,1,2,0,2,1,Group of 5 opponent
v3.0,2021,2021-10-02,Colorado,USC,home,14,37,9.0,-9.8,-23,0,0,-13.2,SOFT,graded,pbp,43,52,-0.4333,-0.1344,-10,ok,0,7,4,0,0,,1,2,
v3.0,2021,2021-10-02,Florida State,Syracuse,home,33,30,-5.5,6.0,3,0,0,-3.0,AS EXPECTED,graded,pbp,69,62,0.0745,0.0821,0,ok,0,20,8,2,5,-6,1,1,
v3.0,2021,2021-10-02,Florida,Kentucky,away,13,20,-7.5,8.2,-7,0,0,-15.2,SOFT,graded,pbp,71,47,0.083,0.112,-1,ok,0,17,7,1,2,,1,1,Road · Full house
v3.0,2021,2021-10-02,Georgia Tech,Pittsburgh,home,21,52,3.0,-3.3,-35,7,3,-31.7,CERTIFIED SOFT,graded,pbp,44,57,-0.5087,-0.0448,-17,ok,0,0,3,0,1,,0,2,
v3.0,2021,2021-10-02,Georgia,Arkansas,home,37,0,-16.5,16.3,27,10,0,10.7,AS EXPECTED,graded,pbp,53,34,0.2767,0.2463,1,ok,0,13,4,0,0,13,0,0,Top-10 opponent
v3.0,2021,2021-10-02,Iowa State,Kansas,home,59,7,-34.5,28.6,38,21,7,9.4,AS EXPECTED,graded,pbp,34,33,0.8343,0.5151,8,ok,0,28,4,0,0,24,2,0,Night
v3.0,2021,2021-10-02,Northwestern,Nebraska,away,7,56,11.5,-12.3,-35,0,14,-22.7,SOFT,graded,pbp,38,45,-0.5108,-0.1717,-10,ok,0,0,1,0,1,,0,1,Road · Night · Full house
v3.0,2021,2021-10-02,Arkansas,Georgia,away,0,37,16.5,-16.3,-27,0,10,-10.7,AS EXPECTED,graded,pbp,34,53,-0.2767,-0.2463,-1,ok,0,0,1,0,1,,0,0,Road · Full house · Top-10 opponent
v3.0,2021,2021-10-02,Indiana,Penn State,away,0,24,12.5,-13.2,-24,0,0,-10.8,AS EXPECTED,graded,pbp,46,71,-0.3015,-0.1866,-5,ok,0,0,7,0,1,,1,2,Road · Night · Full house · Top-10 opponent
v3.0,2021,2021-10-02,Notre Dame,Cincinnati,home,13,24,2.0,-2.2,-11,0,0,-8.8,AS EXPECTED,graded,pbp,74,62,-0.0247,-0.0299,0,ok,0,14,8,0,1,,1,2,Top-10 opponent
v3.0,2021,2021-10-02,Arizona State,UCLA,away,42,23,3.0,-3.3,19,0,0,22.3,DAWG,graded,pbp,49,82,0.5024,-0.0448,26,ok,0,13,5,4,5,10,1,0,Road · Night
v3.0,2021,2021-10-02,Kentucky,Florida,home,20,13,7.5,-8.2,7,0,0,15.2,DAWG,graded,pbp,47,71,-0.083,-0.112,1,ok,0,7,6,1,3,-3,1,1,Top-10 opponent
v3.0,2021,2021-10-02,Louisville,Wake Forest,away,34,37,7.0,-7.6,-3,0,0,4.6,AS EXPECTED,graded,pbp,69,82,0.0742,-0.1045,10,ok,0,17,5,4,6,,1,0,Road · Ranked opponent
v3.0,2021,2021-10-02,LSU,Auburn,home,19,24,-3.0,3.3,-5,0,0,-8.3,AS EXPECTED,graded,pbp,71,77,-0.1656,0.0448,-11,ok,0,16,6,0,4,-15,0,1,Night
v3.0,2021,2021-10-07,Houston,Tulane,away,40,22,-6.5,7.1,18,0,0,10.9,AS EXPECTED,graded,pbp,72,69,0.2573,0.097,8,ok,0,41,9,0,3,4,1,0,Road · Night · Group of 5 opponent
v3.0,2021,2021-10-08,Cincinnati,Temple,home,52,3,-30.0,26.3,35,14,0,8.7,AS EXPECTED,graded,pbp,44,37,0.5411,0.4479,3,ok,0,10,4,0,0,25,1,2,Night · Group of 5 opponent
v3.0,2021,2021-10-08,Stanford,Arizona State,away,10,28,13.5,-14.1,-18,0,0,-3.9,AS EXPECTED,graded,pbp,65,67,-0.2298,-0.2016,-1,ok,0,3,6,1,2,,1,3,Road · Night
v3.0,2021,2021-10-08,Arizona State,Stanford,home,28,10,-13.5,14.1,18,0,0,3.9,AS EXPECTED,graded,pbp,67,65,0.2298,0.2016,1,ok,0,14,6,1,1,4,3,1,Night
v3.0,2021,2021-10-09,Arizona,UCLA,home,16,34,16.0,-16.0,-18,0,0,-2.0,AS EXPECTED,graded,pbp,80,66,-0.1983,-0.2389,2,ok,0,0,3,3,4,,2,2,Night
v3.0,2021,2021-10-09,Maryland,Ohio State,away,17,66,21.5,-19.8,-32,7,24,-12.2,AS EXPECTED,graded,pbp,43,43,-0.6316,-0.321,-10,ok,0,0,0,0,1,,0,2,Road · Full house · Top-10 opponent
v3.0,2021,2021-10-09,Michigan State,Rutgers,away,31,13,-4.0,4.4,18,0,0,13.6,DAWG,graded,pbp,65,77,0.349,0.0597,15,ok,0,10,9,3,3,3,1,2,Road
v3.0,2021,2021-10-09,Michigan,Nebraska,away,32,29,-2.5,2.8,3,0,0,0.2,AS EXPECTED,graded,pbp,81,60,0.0218,0.0373,-1,ok,0,23,7,2,4,-10,3,1,Road · Night · Full house
v3.0,2021,2021-10-09,Missouri,North Texas,home,48,35,-18.5,17.7,20,0,7,2.3,AS EXPECTED,graded,espn,,,,,,no_pbp,0,0,0,0,0,6,0,0,Group of 5 opponent
v3.0,2021,2021-10-09,Ole Miss,Arkansas,home,52,51,-5.0,5.5,1,0,0,-4.5,AS EXPECTED,graded,pbp,70,93,0.038,0.0746,-2,ok,0,10,5,6,7,-9,2,0,Ranked opponent
v3.0,2021,2021-10-09,Duke,Georgia Tech,home,27,31,4.5,-4.9,-4,0,0,0.9,AS EXPECTED,graded,pbp,91,64,0.0703,-0.0672,8,ok,0,16,8,1,3,,2,1,
v3.0,2021,2021-10-09,North Carolina,Florida State,home,25,35,-17.5,17.0,-10,0,0,-27.0,CERTIFIED SOFT,graded,pbp,68,54,-0.1791,0.2613,-19,ok,0,21,3,0,2,-20,0,1,
v3.0,2021,2021-10-09,Wake Forest,Syracuse,away,40,37,-6.0,6.6,3,0,0,-3.6,AS EXPECTED,graded,pbp,67,80,-0.0278,0.0896,-6,ok,7,24,7,1,4,,1,1,Road
v3.0,2021,2021-10-09,Nebraska,Michigan,home,29,32,2.5,-2.8,-3,0,0,-0.2,AS EXPECTED,graded,pbp,60,81,-0.0218,-0.0373,1,ok,0,7,5,1,5,,1,3,Night · Top-10 opponent
v3.0,2021,2021-10-09,Rutgers,Michigan State,home,13,31,4.0,-4.4,-18,0,0,-13.6,SOFT,graded,pbp,77,65,-0.349,-0.0597,-15,ok,0,13,8,0,3,,2,1,
v3.0,2021,2021-10-09,Syracuse,Wake Forest,home,37,40,6.0,-6.6,-3,0,0,3.6,AS EXPECTED,graded,pbp,80,67,0.0278,-0.0896,6,ok,7,14,6,3,6,-14,1,1,Ranked opponent
v3.0,2021,2021-10-09,Ohio State,Maryland,home,66,17,-21.5,19.8,32,24,7,12.2,AS EXPECTED,graded,pbp,43,43,0.6316,0.321,10,ok,0,21,3,1,1,21,2,0,
v3.0,2021,2021-10-09,Auburn,Georgia,home,10,34,14.5,-14.9,-24,0,0,-9.1,AS EXPECTED,graded,pbp,63,60,-0.3303,-0.2165,-5,ok,0,0,4,0,2,,0,1,Top-10 opponent
v3.0,2021,2021-10-09,Oklahoma,Texas,neutral,55,48,-4.0,4.4,7,0,0,2.6,AS EXPECTED,graded,pbp,81,61,0.1849,0.0597,6,ok,0,16,7,1,2,,0,2,Ranked opponent
v3.0,2021,2021-10-09,UCF,East Carolina,home,20,16,-10.0,10.8,4,0,0,-6.8,AS EXPECTED,graded,pbp,65,69,0.0668,0.1493,-4,ok,0,10,6,2,4,,3,1,Group of 5 opponent
v3.0,2021,2021-10-09,Penn State,Iowa,away,20,23,2.5,-2.8,-3,0,0,-0.2,AS EXPECTED,graded,pbp,79,76,-0.0583,-0.0373,-1,ok,0,13,9,1,5,-14,1,4,Road · Full house · Top-10 opponent
v3.0,2021,2021-10-09,Iowa,Penn State,home,23,20,-2.5,2.8,3,0,0,0.2,AS EXPECTED,graded,pbp,76,79,0.0583,0.0373,1,ok,0,13,10,0,1,,4,1,Top-10 opponent
v3.0,2021,2021-10-09,Vanderbilt,Florida,away,0,42,39.0,-30.4,-35,0,7,-4.6,AS EXPECTED,graded,pbp,51,39,-0.5418,-0.5823,1,ok,0,0,3,0,1,,2,3,Road · Full house · Ranked opponent
v3.0,2021,2021-10-09,Baylor,West Virginia,home,45,20,-1.0,1.1,29,3,7,27.9,CERTIFIED DAWG,graded,pbp,45,52,0.4346,0.0149,15,ok,0,21,5,1,1,15,1,0,
v3.0,2021,2021-10-09,Texas A&M,Alabama,home,41,38,18.5,-17.7,3,0,0,20.7,DAWG,graded,pbp,58,82,-0.003,-0.2762,14,ok,0,7,4,3,4,-7,2,1,Night · Top-10 opponent
v3.0,2021,2021-10-09,Texas,Oklahoma,neutral,48,55,4.0,-4.4,-7,0,0,-2.6,AS EXPECTED,graded,pbp,61,81,-0.1849,-0.0597,-6,ok,0,35,6,0,4,-21,2,0,Top-10 opponent
v3.0,2021,2021-10-09,BYU,Boise State,home,17,26,-6.0,6.6,-9,0,0,-15.6,SOFT,graded,pbp,64,74,0.036,0.0896,-3,ok,0,14,4,0,4,-19,1,3,Group of 5 opponent
v3.0,2021,2021-10-09,Utah,USC,away,42,26,3.0,-3.3,24,0,8,27.3,CERTIFIED DAWG,graded,pbp,55,69,0.2998,-0.0448,15,ok,0,14,6,2,3,13,1,0,Road
v3.0,2021,2021-10-09,SMU,Navy,away,31,24,-13.5,14.1,7,0,0,-7.1,AS EXPECTED,graded,pbp,69,60,0.2589,0.2016,3,ok,0,24,7,0,2,,0,1,Road · Group of 5 opponent
v3.0,2021,2021-10-09,South Carolina,Tennessee,away,20,45,10.5,-11.3,-38,13,0,-26.7,CERTIFIED SOFT,graded,pbp,53,60,-0.3742,-0.1568,-9,ok,0,7,2,0,1,,0,2,Road
v3.0,2021,2021-10-09,Virginia,Louisville,away,34,33,2.5,-2.8,1,0,0,3.8,AS EXPECTED,graded,pbp,82,60,0.0679,-0.0373,5,ok,0,10,5,2,5,,1,2,Road
v3.0,2021,2021-10-09,Virginia Tech,Notre Dame,home,29,32,-1.0,1.1,-3,0,0,-4.1,AS EXPECTED,graded,pbp,71,69,-0.1207,0.0149,-7,ok,0,17,7,0,4,-13,2,2,Night · Ranked opponent
v3.0,2021,2021-10-09,UCLA,Arizona,away,34,16,-16.0,16.0,18,0,0,2.0,AS EXPECTED,graded,pbp,66,80,0.1983,0.2389,-2,ok,0,17,5,2,4,3,2,2,Road · Night
v3.0,2021,2021-10-09,TCU,Texas Tech,away,52,31,-2.5,2.8,21,0,0,18.2,DAWG,graded,pbp,57,78,0.0963,0.0373,3,ok,0,7,3,1,1,7,1,0,Road · Night · Full house
v3.0,2021,2021-10-09,Tennessee,South Carolina,home,45,20,-10.5,11.3,38,0,13,26.7,CERTIFIED DAWG,graded,pbp,60,53,0.3742,0.1568,9,ok,0,35,5,0,0,24,2,0,
v3.0,2021,2021-10-09,Texas Tech,TCU,home,31,52,2.5,-2.8,-21,0,0,-18.2,SOFT,graded,pbp,78,57,-0.0963,-0.0373,-3,ok,0,7,2,0,1,,0,1,Night
v3.0,2021,2021-10-09,Wisconsin,Illinois,away,24,0,-12.0,12.7,24,0,0,11.3,AS EXPECTED,graded,pbp,65,28,0.911,0.1792,25,ok,0,17,7,0,0,14,0,2,Road
v3.0,2021,2021-10-09,West Virginia,Baylor,away,20,45,1.0,-1.1,-29,7,3,-27.9,CERTIFIED SOFT,graded,pbp,52,45,-0.4346,-0.0149,-15,ok,0,0,2,1,2,,0,1,Road
v3.0,2021,2021-10-09,USC,Utah,home,26,42,-3.0,3.3,-24,8,0,-27.3,CERTIFIED SOFT,graded,pbp,69,55,-0.2998,0.0448,-15,ok,0,24,5,1,2,,0,1,
v3.0,2021,2021-10-09,Alabama,Texas A&M,away,38,41,-18.5,17.7,-3,0,0,-20.7,SOFT,graded,pbp,82,58,0.003,0.2762,-14,ok,0,16,5,1,3,,1,2,Road · Night · Full house
v3.0,2021,2021-10-09,Illinois,Wisconsin,home,0,24,12.0,-12.7,-24,0,0,-11.3,AS EXPECTED,graded,pbp,28,65,-0.911,-0.1792,-25,ok,0,0,4,0,1,,2,0,
v3.0,2021,2021-10-09,Florida State,North Carolina,away,35,25,17.5,-17.0,10,0,0,27.0,CERTIFIED DAWG,graded,pbp,54,68,0.1791,-0.2613,19,ok,0,21,4,1,2,-1,1,0,Road
v3.0,2021,2021-10-09,Florida,Vanderbilt,home,42,0,-39.0,30.4,35,7,0,4.6,AS EXPECTED,graded,pbp,39,51,0.5418,0.5823,-1,ok,0,21,6,0,0,21,3,2,
v3.0,2021,2021-10-09,Georgia Tech,Duke,away,31,27,-4.5,4.9,4,0,0,-0.9,AS EXPECTED,graded,pbp,64,91,-0.0703,0.0672,-8,ok,0,24,6,1,5,-10,1,2,Road
v3.0,2021,2021-10-09,Georgia,Auburn,away,34,10,-14.5,14.9,24,0,0,9.1,AS EXPECTED,graded,pbp,60,63,0.3303,0.2165,5,ok,0,31,8,0,1,10,1,0,Road · Full house · Ranked opponent
v3.0,2021,2021-10-09,Arkansas,Ole Miss,away,51,52,5.0,-5.5,-1,0,0,4.5,AS EXPECTED,graded,pbp,93,70,-0.038,-0.0746,2,ok,0,17,4,3,6,,0,2,Road · Ranked opponent
v3.0,2021,2021-10-09,Notre Dame,Virginia Tech,away,32,29,1.0,-1.1,3,0,0,4.1,AS EXPECTED,graded,pbp,69,71,0.1207,-0.0149,7,ok,0,17,7,1,4,,2,2,Road · Night · Full house
v3.0,2021,2021-10-09,Kentucky,LSU,home,42,21,-2.0,2.2,28,0,7,25.8,CERTIFIED DAWG,graded,pbp,62,50,0.2189,0.0299,8,ok,0,21,5,0,0,14,1,0,Night
v3.0,2021,2021-10-09,Louisville,Virginia,home,33,34,-2.5,2.8,-1,0,0,-3.8,AS EXPECTED,graded,pbp,60,82,-0.0679,0.0373,-5,ok,0,16,7,2,5,-15,2,1,
v3.0,2021,2021-10-09,LSU,Kentucky,away,21,42,2.0,-2.2,-28,7,0,-25.8,CERTIFIED SOFT,graded,pbp,50,62,-0.2189,-0.0299,-8,ok,0,7,3,0,1,,0,1,Road · Night · Full house · Ranked opponent
v3.0,2021,2021-10-15,Syracuse,Clemson,home,14,17,13.5,-14.1,-3,0,0,11.1,AS EXPECTED,graded,pbp,67,73,-0.0206,-0.2016,9,ok,0,0,8,1,1,,0,2,Night
v3.0,2021,2021-10-15,Clemson,Syracuse,away,17,14,-13.5,14.1,3,0,0,-11.1,AS EXPECTED,graded,pbp,73,67,0.0206,0.2016,-9,ok,0,17,8,0,2,-7,2,0,Road · Night
v3.0,2021,2021-10-15,Oregon,California,home,24,17,-13.5,14.1,7,0,0,-7.1,AS EXPECTED,graded,pbp,62,80,0.1989,0.2016,0,ok,0,14,5,1,3,,0,2,Night
v3.0,2021,2021-10-15,California,Oregon,away,17,24,13.5,-14.1,-7,0,0,7.1,AS EXPECTED,graded,pbp,80,62,-0.1989,-0.2016,0,ok,0,10,4,1,4,,2,0,Road · Night · Top-10 opponent
v3.0,2021,2021-10-16,Boston College,NC State,home,7,33,3.0,-3.3,-24,0,2,-20.7,SOFT,graded,pbp,51,41,-0.4308,-0.0448,-13,ok,0,0,6,1,2,,0,2,Night · Ranked opponent
v3.0,2021,2021-10-16,Arizona,Colorado,away,0,34,6.0,-6.6,-27,0,7,-20.4,SOFT,graded,espn,,,,,,pbp_conflict,0,0,4,0,2,,0,2,Road · Full house
v3.0,2021,2021-10-16,Michigan State,Indiana,away,20,15,-3.5,3.9,5,0,0,1.1,AS EXPECTED,graded,pbp,60,88,-0.0668,0.0523,-6,ok,0,10,7,2,5,,3,2,Road · Full house
v3.0,2021,2021-10-16,Minnesota,Nebraska,home,30,23,4.5,-4.9,7,0,0,11.9,AS EXPECTED,graded,pbp,68,63,-0.0263,-0.0672,2,ok,0,7,6,2,3,-4,0,2,
v3.0,2021,2021-10-16,Missouri,Texas A&M,home,14,35,11.5,-12.3,-21,0,0,-8.7,AS EXPECTED,graded,pbp,73,67,-0.1877,-0.1717,-1,ok,0,14,5,0,1,,1,2,Ranked opponent
v3.0,2021,2021-10-16,Ole Miss,Tennessee,away,31,26,-1.0,1.1,5,0,0,3.9,AS EXPECTED,graded,pbp,99,78,-0.0264,0.0149,-3,ok,0,14,7,4,5,-10,0,1,Road · Night · Full house
v3.0,2021,2021-10-16,Duke,Virginia,away,0,48,10.5,-11.3,-34,0,14,-22.7,SOFT,graded,pbp,35,52,-0.4944,-0.1568,-11,ok,0,0,0,1,2,,1,4,Road
v3.0,2021,2021-10-16,NC State,Boston College,away,33,7,-3.0,3.3,24,2,0,20.7,DAWG,graded,pbp,41,51,0.4308,0.0448,13,ok,0,17,8,0,1,14,2,0,Road · Night · Full house
v3.0,2021,2021-10-16,North Carolina,Miami,home,45,42,-7.5,8.2,3,0,0,-5.2,AS EXPECTED,graded,pbp,71,78,-0.0663,0.112,-10,ok,0,24,6,1,4,-8,3,1,
v3.0,2021,2021-10-16,Nebraska,Minnesota,away,23,30,-4.5,4.9,-7,0,0,-11.9,AS EXPECTED,graded,pbp,63,68,0.0263,0.0672,-2,ok,0,14,7,2,2,,2,0,Road
v3.0,2021,2021-10-16,Rutgers,Northwestern,away,7,21,-2.5,2.8,-14,0,0,-16.8,SOFT,graded,pbp,65,78,-0.0607,0.0373,-5,ok,0,7,9,0,2,,0,0,Road
v3.0,2021,2021-10-16,Oklahoma State,Texas,away,32,24,3.5,-3.9,8,0,0,11.9,AS EXPECTED,graded,pbp,82,60,0.2802,-0.0523,17,ok,0,26,8,0,2,,2,1,Road · Full house · Ranked opponent
v3.0,2021,2021-10-16,Auburn,Arkansas,away,38,23,4.5,-4.9,15,0,0,19.9,DAWG,graded,pbp,61,89,0.0922,-0.0672,9,ok,0,21,6,0,2,4,0,1,Road · Full house · Ranked opponent
v3.0,2021,2021-10-16,Oklahoma,TCU,home,52,31,-12.5,13.2,21,0,0,7.8,AS EXPECTED,graded,pbp,58,67,0.1821,0.1866,0,ok,0,31,6,0,2,7,1,0,Night
v3.0,2021,2021-10-16,UCF,Cincinnati,away,21,56,21.5,-19.8,-35,14,14,-15.2,SOFT,graded,pbp,46,48,-0.6499,-0.321,-11,ok,0,0,2,0,1,,2,2,Road · Full house · Top-10 opponent
v3.0,2021,2021-10-16,Cincinnati,UCF,home,56,21,-21.5,19.8,35,14,14,15.2,DAWG,graded,pbp,48,46,0.6499,0.321,11,ok,0,28,6,0,0,21,2,2,
v3.0,2021,2021-10-16,Pittsburgh,Virginia Tech,away,28,7,-6.5,7.1,21,0,0,13.9,DAWG,graded,pbp,81,60,0.3129,0.097,11,ok,0,28,11,0,0,7,1,0,Road
v3.0,2021,2021-10-16,Iowa,Purdue,home,7,24,-11.5,12.3,-17,0,0,-29.3,CERTIFIED SOFT,graded,pbp,62,76,-0.3331,0.1717,-25,ok,0,7,5,0,1,,1,3,
v3.0,2021,2021-10-16,Kansas,Texas Tech,home,14,41,18.5,-17.7,-31,14,10,-13.3,SOFT,graded,pbp,31,52,-0.4804,-0.2762,-6,ok,0,0,1,1,2,,2,1,
v3.0,2021,2021-10-16,Kansas State,Iowa State,home,20,33,6.5,-7.1,-13,0,0,-5.9,AS EXPECTED,graded,pbp,56,60,-0.0764,-0.097,1,ok,0,0,2,0,1,,0,1,Night
v3.0,2021,2021-10-16,Vanderbilt,South Carolina,away,20,21,18.5,-17.7,-1,0,0,16.7,DAWG,graded,pbp,59,65,-0.1278,-0.2762,7,ok,0,17,8,1,3,,4,2,Road
v3.0,2021,2021-10-16,Baylor,BYU,home,38,24,-5.5,6.0,14,0,0,8.0,AS EXPECTED,graded,pbp,75,55,-0.0249,0.0821,-5,ok,0,17,5,2,2,4,1,1,Ranked opponent
v3.0,2021,2021-10-16,Miami,North Carolina,away,42,45,7.5,-8.2,-3,0,0,5.2,AS EXPECTED,graded,pbp,78,71,0.0663,-0.112,10,ok,0,14,5,1,2,,1,3,Road · Full house
v3.0,2021,2021-10-16,Stanford,Washington State,away,31,34,1.0,-1.1,-3,0,0,-1.9,AS EXPECTED,graded,pbp,67,57,-0.1298,-0.0149,-5,ok,0,13,6,1,4,-13,0,2,Road · Night · Group of 5 opponent
v3.0,2021,2021-10-16,Texas A&M,Missouri,away,35,14,-11.5,12.3,21,0,0,8.7,AS EXPECTED,graded,pbp,67,73,0.1877,0.1717,1,ok,0,21,8,0,0,7,2,1,Road
v3.0,2021,2021-10-16,Purdue,Iowa,away,24,7,11.5,-12.3,17,0,0,29.3,CERTIFIED DAWG,graded,pbp,76,62,0.3331,-0.1717,25,ok,0,14,8,1,1,7,3,1,Road · Full house · Top-10 opponent
v3.0,2021,2021-10-16,Texas,Oklahoma State,home,24,32,-3.5,3.9,-8,0,0,-11.9,AS EXPECTED,graded,pbp,60,82,-0.2802,0.0523,-17,ok,0,14,7,1,5,-22,1,2,Ranked opponent
v3.0,2021,2021-10-16,BYU,Baylor,away,24,38,5.5,-6.0,-14,0,0,-8.0,AS EXPECTED,graded,pbp,55,75,0.0249,-0.0821,5,ok,0,3,4,1,2,,1,1,Road · Full house
v3.0,2021,2021-10-16,Utah,Arizona State,home,35,21,-1.5,1.7,14,0,0,12.3,DAWG,graded,pbp,69,66,0.1435,0.0224,6,ok,0,21,6,1,2,0,1,2,Night · Ranked opponent
v3.0,2021,2021-10-16,South Carolina,Vanderbilt,home,21,20,-18.5,17.7,1,0,0,-16.7,SOFT,graded,pbp,65,59,0.1278,0.2762,-7,ok,0,0,8,3,4,-10,2,4,
v3.0,2021,2021-10-16,Virginia,Duke,home,48,0,-10.5,11.3,34,14,0,22.7,DAWG,graded,pbp,52,35,0.4944,0.1568,11,ok,0,24,4,1,1,24,4,1,
v3.0,2021,2021-10-16,Virginia Tech,Pittsburgh,home,7,28,6.5,-7.1,-21,0,0,-13.9,SOFT,graded,pbp,60,81,-0.3129,-0.097,-11,ok,0,0,7,0,1,,0,1,
v3.0,2021,2021-10-16,UCLA,Washington,away,24,17,1.5,-1.7,7,0,0,8.7,AS EXPECTED,graded,pbp,67,61,0.2105,-0.0224,11,ok,0,17,4,1,3,-7,2,0,Road
v3.0,2021,2021-10-16,TCU,Oklahoma,away,31,52,12.5,-13.2,-21,0,0,-7.8,AS EXPECTED,graded,pbp,67,58,-0.1821,-0.1866,0,ok,0,7,4,0,1,,0,1,Road · Night · Full house · Top-10 opponent
v3.0,2021,2021-10-16,Tennessee,Ole Miss,home,26,31,1.0,-1.1,-5,0,0,-3.9,AS EXPECTED,graded,pbp,78,99,0.0264,-0.0149,3,ok,0,3,4,1,4,,1,0,Night · Ranked opponent
v3.0,2021,2021-10-16,Washington,UCLA,home,17,24,-1.5,1.7,-7,0,0,-8.7,AS EXPECTED,graded,pbp,61,67,-0.2105,0.0224,-11,ok,0,10,3,0,3,,0,2,
v3.0,2021,2021-10-16,Texas Tech,Kansas,away,41,14,-18.5,17.7,31,10,14,13.3,DAWG,graded,pbp,52,31,0.4804,0.2762,6,ok,0,24,4,0,1,21,1,2,Road
v3.0,2021,2021-10-16,Wisconsin,Army,home,20,14,-14.0,14.5,6,0,0,-8.5,AS EXPECTED,graded,pbp,58,57,0.0145,0.209,-8,ok,0,21,6,0,1,-7,1,1,Night · Group of 5 opponent
v3.0,2021,2021-10-16,Alabama,Mississippi State,away,49,9,-17.5,17.0,26,14,0,9.0,AS EXPECTED,graded,pbp,52,59,0.4483,0.2613,7,ok,0,21,4,0,1,15,4,0,Road · Night
v3.0,2021,2021-10-16,Mississippi State,Alabama,home,9,49,17.5,-17.0,-26,0,14,-9.0,AS EXPECTED,graded,pbp,59,52,-0.4483,-0.2613,-7,ok,0,0,3,1,1,,0,4,Night · Top-10 opponent
v3.0,2021,2021-10-16,Colorado,Arizona,home,34,0,-6.0,6.6,27,7,0,20.4,DAWG,graded,espn,,,,,,pbp_conflict,0,13,6,0,0,14,2,0,
v3.0,2021,2021-10-16,Florida,LSU,away,42,49,-12.5,13.2,-7,0,0,-20.2,SOFT,graded,pbp,75,69,-0.0971,0.1866,-15,ok,0,14,5,0,2,,1,4,Road · Full house
v3.0,2021,2021-10-16,Georgia,Kentucky,home,30,13,-21.5,19.8,23,0,6,3.2,AS EXPECTED,graded,pbp,47,47,0.3988,0.321,3,ok,0,24,7,0,1,9,1,0,
v3.0,2021,2021-10-16,Iowa State,Kansas State,away,33,20,-6.5,7.1,13,0,0,5.9,AS EXPECTED,graded,pbp,60,56,0.0764,0.097,-1,ok,0,17,4,1,2,3,1,0,Road · Night · Full house
v3.0,2021,2021-10-16,Northwestern,Rutgers,home,21,7,2.5,-2.8,14,0,0,16.8,DAWG,graded,pbp,78,65,0.0607,-0.0373,5,ok,0,14,10,1,1,0,0,0,
v3.0,2021,2021-10-16,Arkansas,Auburn,home,23,38,-4.5,4.9,-15,0,0,-19.9,SOFT,graded,pbp,89,61,-0.0922,0.0672,-9,ok,0,14,5,2,4,,1,0,
v3.0,2021,2021-10-16,Indiana,Michigan State,home,15,20,3.5,-3.9,-5,0,0,-1.1,AS EXPECTED,graded,pbp,88,60,0.0668,-0.0523,6,ok,0,12,9,1,4,,2,3,Top-10 opponent
v3.0,2021,2021-10-16,Arizona State,Utah,away,21,35,1.5,-1.7,-14,0,0,-12.3,SOFT,graded,pbp,66,69,-0.1435,-0.0224,-6,ok,0,14,4,0,4,-28,2,1,Road · Night · Full house
v3.0,2021,2021-10-16,Kentucky,Georgia,away,13,30,21.5,-19.8,-23,6,0,-3.2,AS EXPECTED,graded,pbp,47,47,-0.3988,-0.321,-3,ok,0,0,4,0,1,,0,1,Road · Full house
v3.0,2021,2021-10-16,LSU,Florida,home,49,42,12.5,-13.2,7,0,0,20.2,DAWG,graded,pbp,69,75,0.0971,-0.1866,15,ok,0,21,6,2,3,-8,4,1,Ranked opponent
v3.0,2021,2021-10-21,SMU,Tulane,home,55,26,-14.0,14.5,29,0,0,14.5,DAWG,graded,pbp,82,59,0.1407,0.209,-3,ok,0,38,8,0,0,19,1,0,Night · Group of 5 opponent
v3.0,2021,2021-10-22,Arizona,Washington,home,16,21,17.0,-16.6,-5,0,0,11.6,AS EXPECTED,graded,pbp,61,60,-0.1244,-0.2538,6,ok,0,13,7,1,3,-15,0,2,Night
v3.0,2021,2021-10-22,UCF,Memphis,home,24,7,-1.0,1.1,17,0,0,15.9,DAWG,graded,pbp,62,79,0.1284,0.0149,6,ok,0,10,10,0,1,3,3,2,Night · Group of 5 opponent
v3.0,2021,2021-10-22,Washington,Arizona,away,21,16,-17.0,16.6,5,0,0,-11.6,AS EXPECTED,graded,pbp,60,61,0.1244,0.2538,-6,ok,0,21,6,0,1,,2,0,Road · Night
v3.0,2021,2021-10-23,Boston College,Louisville,away,14,28,4.0,-4.4,-14,0,0,-9.6,AS EXPECTED,graded,pbp,67,63,-0.1834,-0.0597,-6,ok,0,14,8,0,1,,4,3,Road
v3.0,2021,2021-10-23,Maryland,Minnesota,away,16,34,4.0,-4.4,-24,6,0,-19.6,SOFT,graded,pbp,35,66,-0.3761,-0.0597,-12,ok,0,10,2,0,2,,0,1,Road
v3.0,2021,2021-10-23,Michigan,Northwestern,home,33,7,-23.5,21.4,26,0,0,4.6,AS EXPECTED,graded,pbp,74,39,0.3389,0.3509,0,ok,0,27,8,0,1,16,2,2,
v3.0,2021,2021-10-23,Minnesota,Maryland,home,34,16,-4.0,4.4,24,0,6,19.6,DAWG,graded,pbp,66,35,0.3761,0.0597,12,ok,0,24,6,1,2,10,1,0,
v3.0,2021,2021-10-23,Ole Miss,LSU,home,31,17,-9.0,9.8,17,0,3,7.2,AS EXPECTED,graded,pbp,69,55,0.2175,0.1344,4,ok,0,31,7,0,1,7,3,1,
v3.0,2021,2021-10-23,NC State,Miami,away,30,31,-3.5,3.9,-1,0,0,-4.9,AS EXPECTED,graded,pbp,64,71,0.013,0.0523,-2,ok,0,13,7,2,4,,0,0,Road · Night
v3.0,2021,2021-10-23,Wake Forest,Army,away,70,56,-3.0,3.3,14,0,0,10.7,AS EXPECTED,graded,pbp,52,83,0.3747,0.0448,16,ok,0,7,2,7,7,0,2,0,Road · Full house · Group of 5 opponent
v3.0,2021,2021-10-23,Syracuse,Virginia Tech,away,41,36,3.5,,,,,,,unverified_scoring,,,,,,,pbp_conflict,0,21,5,2,6,,0,0,Road
v3.0,2021,2021-10-23,Ohio State,Indiana,away,54,7,-21.0,19.4,37,10,0,17.6,DAWG,graded,pbp,38,28,0.8545,0.3135,13,ok,0,14,2,1,1,23,0,0,Road · Night · Full house
v3.0,2021,2021-10-23,Oklahoma State,Iowa State,away,21,24,7.0,-7.6,-3,0,0,4.6,AS EXPECTED,graded,pbp,56,66,0.0155,-0.1045,5,ok,0,21,6,0,4,,1,0,Road · Full house
v3.0,2021,2021-10-23,Oklahoma,Kansas,away,35,23,-38.5,30.2,12,0,0,-18.2,SOFT,graded,pbp,54,65,0.3228,0.5748,-11,ok,0,14,3,1,2,1,1,1,Road
v3.0,2021,2021-10-23,Penn State,Illinois,home,18,20,-24.5,22.2,-2,0,0,-24.2,CERTIFIED SOFT,graded,pbp,98,150,-0.1014,0.3658,-42,ok,25,10,8,2,4,,3,0,
v3.0,2021,2021-10-23,Cincinnati,Navy,away,27,20,-28.5,25.3,7,0,0,-18.3,SOFT,graded,pbp,51,84,0.1247,0.4255,-15,ok,0,17,5,1,2,-3,1,1,Road · Group of 5 opponent
v3.0,2021,2021-10-23,Pittsburgh,Clemson,home,27,17,-3.5,3.9,10,0,0,6.1,AS EXPECTED,graded,pbp,82,62,0.1999,0.0523,8,ok,0,17,6,0,1,-4,2,1,
v3.0,2021,2021-10-23,Clemson,Pittsburgh,away,17,27,3.5,-3.9,-10,0,0,-6.1,AS EXPECTED,graded,pbp,62,82,-0.1999,-0.0523,-8,ok,0,7,5,0,1,,1,2,Road · Ranked opponent
v3.0,2021,2021-10-23,Kansas,Oklahoma,home,23,35,38.5,-30.2,-12,0,0,18.2,DAWG,graded,pbp,65,54,-0.3228,-0.5748,11,ok,0,3,2,1,3,-22,1,1,Top-10 opponent
v3.0,2021,2021-10-23,Kansas State,Texas Tech,away,25,24,-1.0,1.1,1,0,0,-0.1,AS EXPECTED,graded,pbp,57,53,0.267,0.0149,10,ok,0,17,4,0,1,,1,1,Road
v3.0,2021,2021-10-23,Vanderbilt,Mississippi State,home,6,45,20.5,-19.0,-25,0,14,-6.0,AS EXPECTED,graded,pbp,30,65,-0.5962,-0.3061,-10,ok,0,3,2,0,1,,2,1,
v3.0,2021,2021-10-23,Miami,NC State,home,31,30,3.5,-3.9,1,0,0,4.9,AS EXPECTED,graded,pbp,71,64,-0.013,-0.0523,2,ok,0,14,6,2,5,-10,0,0,Night · Ranked opponent
v3.0,2021,2021-10-23,Texas A&M,South Carolina,home,44,14,-19.5,18.3,31,13,14,12.7,DAWG,graded,pbp,40,21,1.0286,0.2911,16,ok,0,28,6,0,0,17,3,1,Night
v3.0,2021,2021-10-23,Houston,East Carolina,home,31,24,-13.5,14.1,7,0,0,-7.1,AS EXPECTED,graded,pbp,64,70,-0.0292,0.2016,-11,ok,3,14,9,2,4,-7,2,1,Group of 5 opponent
v3.0,2021,2021-10-23,Oregon,UCLA,away,34,31,1.0,-1.1,3,0,0,4.1,AS EXPECTED,graded,pbp,61,93,0.0725,-0.0149,5,ok,0,21,5,0,2,-7,4,3,Road
v3.0,2021,2021-10-23,California,Colorado,home,26,3,-8.5,9.2,23,0,0,13.8,DAWG,graded,pbp,67,41,0.5264,0.1269,16,ok,0,19,9,0,0,13,1,0,
v3.0,2021,2021-10-23,Purdue,Wisconsin,home,13,30,3.5,-3.9,-17,0,0,-13.1,SOFT,graded,pbp,62,59,-0.4326,-0.0523,-17,ok,0,7,5,0,2,,1,6,
v3.0,2021,2021-10-23,BYU,Washington State,away,21,19,-3.5,3.9,2,0,0,-1.9,AS EXPECTED,graded,pbp,67,59,-0.092,0.0523,-7,ok,0,0,5,2,2,,1,0,Road · Group of 5 opponent
v3.0,2021,2021-10-23,Utah,Oregon State,away,34,42,-3.0,3.3,-8,0,0,-11.3,AS EXPECTED,graded,pbp,73,56,-0.2615,0.0448,-14,ok,0,17,3,2,5,-22,1,0,Road · Night · Group of 5 opponent
v3.0,2021,2021-10-23,South Carolina,Texas A&M,away,14,44,19.5,-18.3,-31,14,13,-12.7,SOFT,graded,pbp,21,40,-1.0286,-0.2911,-16,ok,0,0,2,0,1,,1,3,Road · Night · Full house · Ranked opponent
v3.0,2021,2021-10-23,Virginia,Georgia Tech,home,48,40,-6.5,7.1,8,0,0,0.9,AS EXPECTED,graded,pbp,71,78,0.1772,0.097,4,ok,0,17,4,1,2,-3,1,0,Night
v3.0,2021,2021-10-23,Virginia Tech,Syracuse,home,36,41,-3.5,,,,,,,unverified_scoring,,,,,,,pbp_conflict,0,14,5,3,5,,0,0,
v3.0,2021,2021-10-23,UCLA,Oregon,home,31,34,-1.0,1.1,-3,0,0,-4.1,AS EXPECTED,graded,pbp,93,61,-0.0725,0.0149,-5,ok,0,14,5,0,3,-17,3,4,Top-10 opponent
v3.0,2021,2021-10-23,TCU,West Virginia,home,17,29,-4.5,4.9,-12,0,0,-16.9,SOFT,graded,pbp,60,70,-0.3069,0.0672,-18,ok,0,0,3,0,1,,0,3,Night
v3.0,2021,2021-10-23,Tennessee,Alabama,away,24,52,25.5,-23.0,-28,0,0,-5.0,AS EXPECTED,graded,pbp,49,88,-0.2984,-0.3807,4,ok,0,10,4,1,4,,1,1,Road · Night · Full house · Top-10 opponent
v3.0,2021,2021-10-23,Texas Tech,Kansas State,home,24,25,1.0,-1.1,-1,0,0,0.1,AS EXPECTED,graded,pbp,53,57,-0.267,-0.0149,-10,ok,0,0,4,1,3,-15,1,1,
v3.0,2021,2021-10-23,Wisconsin,Purdue,away,30,13,-3.5,3.9,17,0,0,13.1,DAWG,graded,pbp,59,62,0.4326,0.0523,17,ok,0,31,8,1,1,3,6,1,Road · Full house · Ranked opponent
v3.0,2021,2021-10-23,West Virginia,TCU,away,29,17,4.5,-4.9,12,0,0,16.9,DAWG,graded,pbp,70,60,0.3069,-0.0672,18,ok,0,23,7,1,1,0,3,0,Road · Night
v3.0,2021,2021-10-23,USC,Notre Dame,away,16,31,7.5,-8.2,-15,0,0,-6.8,AS EXPECTED,graded,pbp,70,71,-0.0361,-0.112,4,ok,0,7,3,0,1,,1,2,Road · Night · Full house · Ranked opponent
v3.0,2021,2021-10-23,Alabama,Tennessee,home,52,24,-25.5,23.0,28,0,0,5.0,AS EXPECTED,graded,pbp,88,49,0.2984,0.3807,-4,ok,0,42,8,2,4,14,1,1,Night
v3.0,2021,2021-10-23,Mississippi State,Vanderbilt,away,45,6,-20.5,19.0,25,14,0,6.0,AS EXPECTED,graded,pbp,65,30,0.5962,0.3061,10,ok,0,17,5,0,1,15,1,2,Road
v3.0,2021,2021-10-23,Illinois,Penn State,away,20,18,24.5,-22.2,2,0,0,24.2,CERTIFIED DAWG,graded,pbp,150,98,0.1014,-0.3658,42,ok,25,3,7,1,2,,0,3,Road · Full house
v3.0,2021,2021-10-23,Colorado,California,away,3,26,8.5,-9.2,-23,0,0,-13.8,SOFT,graded,pbp,41,67,-0.5264,-0.1269,-16,ok,0,0,4,0,1,,0,1,Road
v3.0,2021,2021-10-23,Florida State,Massachusetts,home,59,3,-35.5,29.1,35,21,0,5.9,AS EXPECTED,graded,pbp,33,30,1.2829,0.53,17,ok,0,24,4,1,1,21,2,0,Group of 5 opponent
v3.0,2021,2021-10-23,Georgia Tech,Virginia,away,40,48,6.5,-7.1,-8,0,0,-0.9,AS EXPECTED,graded,pbp,78,71,-0.1772,-0.097,-4,ok,0,10,2,1,4,-21,0,1,Road · Night
v3.0,2021,2021-10-23,Iowa State,Oklahoma State,home,24,21,-7.0,7.6,3,0,0,-4.6,AS EXPECTED,graded,pbp,66,56,-0.0155,0.1045,-5,ok,0,17,7,1,3,,0,1,Top-10 opponent
v3.0,2021,2021-10-23,Northwestern,Michigan,away,7,33,23.5,-21.4,-26,0,0,-4.6,AS EXPECTED,graded,pbp,39,74,-0.3389,-0.3509,0,ok,0,0,3,0,1,,2,2,Road · Full house · Top-10 opponent
v3.0,2021,2021-10-23,Arkansas,Arkansas-Pine Bluff,home,45,3,-50.5,34.3,45,0,3,10.7,AS EXPECTED,graded,pbp,39,31,0.8832,0.754,3,ok,0,24,6,0,0,31,2,2,FCS opponent
v3.0,2021,2021-10-23,Indiana,Ohio State,home,7,54,21.0,-19.4,-37,0,10,-17.6,SOFT,graded,pbp,28,38,-0.8545,-0.3135,-13,ok,0,0,0,1,2,,0,0,Night
v3.0,2021,2021-10-23,Notre Dame,USC,home,31,16,-7.5,8.2,15,0,0,6.8,AS EXPECTED,graded,pbp,71,70,0.0361,0.112,-4,ok,0,17,4,2,2,5,2,1,Night
v3.0,2021,2021-10-23,Louisville,Boston College,home,28,14,-4.0,4.4,14,0,0,9.6,AS EXPECTED,graded,pbp,63,67,0.1834,0.0597,6,ok,0,14,8,2,2,0,3,4,
v3.0,2021,2021-10-23,LSU,Ole Miss,away,17,31,9.0,-9.8,-17,3,0,-7.2,AS EXPECTED,graded,pbp,55,69,-0.2175,-0.1344,-4,ok,0,17,5,0,2,,1,3,Road · Full house
v3.0,2021,2021-10-30,Boston College,Syracuse,away,6,21,6.5,-7.1,-15,0,0,-7.9,AS EXPECTED,graded,pbp,72,58,-0.1993,-0.097,-5,ok,0,3,8,0,2,,1,0,Road
v3.0,2021,2021-10-30,Arizona,USC,away,34,41,21.5,-19.8,-7,0,0,12.8,DAWG,graded,pbp,70,81,0.0993,-0.321,23,ok,0,10,3,2,3,,1,1,Road
v3.0,2021,2021-10-30,Maryland,Indiana,home,38,35,-3.5,3.9,3,0,0,-0.9,AS EXPECTED,graded,pbp,85,67,-0.1464,0.0523,-11,ok,0,24,8,2,4,-11,0,0,
v3.0,2021,2021-10-30,Michigan State,Michigan,home,37,33,4.0,-4.4,4,0,0,8.4,AS EXPECTED,graded,pbp,62,81,0.0007,-0.0597,3,ok,0,14,5,1,4,,2,2,Top-10 opponent
v3.0,2021,2021-10-30,Michigan,Michigan State,away,33,37,-4.0,4.4,-4,0,0,-8.4,AS EXPECTED,graded,pbp,81,62,-0.0007,0.0597,-3,ok,0,20,7,3,4,-14,2,2,Road · Full house · Top-10 opponent
v3.0,2021,2021-10-30,Minnesota,Northwestern,away,41,14,-7.5,8.2,34,0,7,25.8,CERTIFIED DAWG,graded,pbp,66,40,0.4109,0.112,11,ok,0,17,5,1,1,24,1,1,Road
v3.0,2021,2021-10-30,Missouri,Vanderbilt,away,37,28,-16.0,16.0,9,0,0,-7.0,AS EXPECTED,graded,pbp,69,64,0.0855,0.2389,-7,ok,0,24,7,2,4,-1,1,1,Road
v3.0,2021,2021-10-30,Ole Miss,Auburn,away,20,31,3.0,-3.3,-11,0,0,-7.7,AS EXPECTED,graded,pbp,81,77,-0.1279,-0.0448,-5,ok,0,10,5,1,1,,1,2,Road · Night · Full house
v3.0,2021,2021-10-30,Duke,Wake Forest,away,7,45,16.5,-16.3,-35,7,10,-18.7,SOFT,graded,pbp,42,49,-0.7192,-0.2463,-16,ok,0,0,1,0,1,,1,1,Road · Full house · Ranked opponent
v3.0,2021,2021-10-30,NC State,Louisville,home,28,13,-6.0,6.6,15,0,0,8.4,AS EXPECTED,graded,pbp,60,68,0.0636,0.0896,-1,ok,0,14,6,2,4,0,1,0,Night
v3.0,2021,2021-10-30,North Carolina,Notre Dame,away,34,44,3.5,-3.9,-10,0,0,-6.1,AS EXPECTED,graded,pbp,73,68,-0.0338,-0.0523,1,ok,0,0,2,3,4,,0,1,Road · Night · Full house · Ranked opponent
v3.0,2021,2021-10-30,Wake Forest,Duke,home,45,7,-16.5,16.3,35,10,7,18.7,DAWG,graded,pbp,49,42,0.7192,0.2463,16,ok,0,21,4,0,0,21,1,1,
v3.0,2021,2021-10-30,Nebraska,Purdue,home,23,28,-7.5,8.2,-5,0,0,-13.2,SOFT,graded,pbp,57,82,-0.1949,0.112,-15,ok,0,14,7,2,3,,0,4,
v3.0,2021,2021-10-30,Rutgers,Illinois,away,20,14,-1.5,1.7,6,0,0,4.3,AS EXPECTED,graded,pbp,78,49,0.0627,0.0224,2,ok,0,20,8,1,2,,0,0,Road
v3.0,2021,2021-10-30,Syracuse,Boston College,home,21,6,-6.5,7.1,15,0,0,7.9,AS EXPECTED,graded,pbp,58,72,0.1993,0.097,5,ok,0,7,7,1,2,0,0,1,
v3.0,2021,2021-10-30,Ohio State,Penn State,home,33,24,-18.5,17.7,9,0,0,-8.7,AS EXPECTED,graded,pbp,68,81,0.0365,0.2762,-13,ok,0,20,7,2,3,-1,2,1,Night · Ranked opponent
v3.0,2021,2021-10-30,Oklahoma State,Kansas,home,55,3,-29.0,25.6,38,17,3,12.4,DAWG,graded,pbp,46,26,1.0623,0.433,16,ok,0,31,7,0,0,28,3,0,Night
v3.0,2021,2021-10-30,Auburn,Ole Miss,home,31,20,-3.0,3.3,11,0,0,7.7,AS EXPECTED,graded,pbp,77,81,0.1279,0.0448,5,ok,0,3,5,3,4,0,2,1,Night
v3.0,2021,2021-10-30,Oklahoma,Texas Tech,home,52,21,-19.0,18.0,31,14,14,13.0,DAWG,graded,pbp,38,43,0.6474,0.2837,11,ok,0,28,5,1,1,17,3,0,
v3.0,2021,2021-10-30,UCF,Temple,away,49,7,-11.5,12.3,35,14,7,22.7,DAWG,graded,pbp,42,35,0.6387,0.1717,13,ok,0,14,4,0,0,21,2,2,Road · Group of 5 opponent
v3.0,2021,2021-10-30,Penn State,Ohio State,away,24,33,18.5,-17.7,-9,0,0,8.7,AS EXPECTED,graded,pbp,81,68,-0.0365,-0.2762,13,ok,0,7,5,1,6,,1,2,Road · Night · Full house · Top-10 opponent
v3.0,2021,2021-10-30,Cincinnati,Tulane,away,31,12,-28.0,24.9,19,0,0,-5.9,AS EXPECTED,graded,pbp,62,58,0.3593,0.418,-3,ok,0,24,8,2,2,10,3,1,Road · Group of 5 opponent
v3.0,2021,2021-10-30,Pittsburgh,Miami,home,34,38,-9.5,10.3,-4,0,0,-14.3,SOFT,graded,pbp,78,64,-0.0152,0.1418,-8,ok,0,21,6,1,3,,1,2,
v3.0,2021,2021-10-30,Clemson,Florida State,home,30,20,-9.5,10.3,10,0,0,-0.3,AS EXPECTED,graded,pbp,72,55,0.2122,0.1418,3,ok,0,23,10,2,3,0,2,3,
v3.0,2021,2021-10-30,Iowa,Wisconsin,away,7,27,3.0,-3.3,-20,0,0,-16.7,SOFT,graded,pbp,55,68,-0.317,-0.0448,-12,ok,0,7,7,0,1,,0,2,Road · Full house
v3.0,2021,2021-10-30,Kansas,Oklahoma State,away,3,55,29.0,-25.6,-38,3,17,-12.4,SOFT,graded,pbp,26,46,-1.0623,-0.433,-16,ok,0,0,2,0,1,,0,3,Road · Night · Full house · Ranked opponent
v3.0,2021,2021-10-30,Kansas State,TCU,home,31,12,-3.5,3.9,23,3,7,19.1,DAWG,graded,espn,,,,,,pbp_conflict,0,21,7,1,1,12,0,1,
v3.0,2021,2021-10-30,Vanderbilt,Missouri,home,28,37,16.0,-16.0,-9,0,0,7.0,AS EXPECTED,graded,pbp,64,69,-0.0855,-0.2389,7,ok,0,14,5,0,3,,1,1,
v3.0,2021,2021-10-30,Baylor,Texas,home,31,24,-2.5,2.8,7,0,0,4.2,AS EXPECTED,graded,pbp,73,68,0.1641,0.0373,6,ok,0,17,6,1,3,-3,2,2,
v3.0,2021,2021-10-30,Miami,Pittsburgh,away,38,34,9.5,-10.3,4,0,0,14.3,DAWG,graded,pbp,64,78,0.0152,-0.1418,8,ok,0,14,4,3,5,-10,2,1,Road · Ranked opponent
v3.0,2021,2021-10-30,Stanford,Washington,home,13,20,-2.5,2.8,-7,0,0,-9.8,AS EXPECTED,graded,pbp,60,67,-0.1348,0.0373,-8,ok,0,3,5,0,4,,0,3,Night
v3.0,2021,2021-10-30,Houston,SMU,home,44,37,1.0,-1.1,7,0,0,8.1,AS EXPECTED,graded,pbp,76,61,-0.0645,-0.0149,-2,ok,0,10,5,3,4,-7,1,2,Night
v3.0,2021,2021-10-30,Oregon,Colorado,home,52,29,-24.5,22.2,38,0,15,15.8,DAWG,graded,pbp,64,33,0.1827,0.3658,-6,ok,0,28,4,0,0,24,0,1,
v3.0,2021,2021-10-30,California,Oregon State,home,39,25,2.0,-2.2,14,0,0,16.2,DAWG,graded,pbp,73,57,-0.0567,-0.0299,-1,ok,0,20,7,1,1,4,3,0,Group of 5 opponent
v3.0,2021,2021-10-30,Purdue,Nebraska,away,28,23,7.5,-8.2,5,0,0,13.2,DAWG,graded,pbp,82,57,0.1949,-0.112,15,ok,0,14,7,1,3,-6,4,0,Road · Full house
v3.0,2021,2021-10-30,Texas,Baylor,away,24,31,2.5,-2.8,-7,0,0,-4.2,AS EXPECTED,graded,pbp,68,73,-0.1641,-0.0373,-6,ok,0,7,6,1,4,-18,2,2,Road · Full house · Ranked opponent
v3.0,2021,2021-10-30,BYU,Virginia,home,66,49,-2.5,2.8,17,0,0,14.2,DAWG,graded,pbp,83,64,0.0821,0.0373,2,ok,0,35,6,3,4,3,3,0,Night
v3.0,2021,2021-10-30,Utah,UCLA,home,44,24,-6.5,7.1,20,0,0,12.9,DAWG,graded,pbp,71,78,0.1384,0.097,2,ok,0,7,4,2,2,9,1,0,Night
v3.0,2021,2021-10-30,SMU,Houston,away,37,44,-1.0,1.1,-7,0,0,-8.1,AS EXPECTED,graded,pbp,61,76,0.0645,0.0149,2,ok,0,17,4,1,3,,2,1,Road · Night
v3.0,2021,2021-10-30,Virginia,BYU,away,49,66,2.5,-2.8,-17,0,0,-14.2,SOFT,graded,pbp,64,83,-0.0821,-0.0373,-2,ok,0,21,3,1,4,,0,3,Road · Night · Ranked opponent
v3.0,2021,2021-10-30,Virginia Tech,Georgia Tech,away,26,17,3.5,-3.9,9,0,0,12.9,DAWG,graded,pbp,80,55,0.1127,-0.0523,8,ok,0,19,7,1,2,-1,1,0,Road
v3.0,2021,2021-10-30,UCLA,Utah,away,24,44,6.5,-7.1,-20,0,0,-12.9,SOFT,graded,pbp,78,71,-0.1384,-0.097,-2,ok,0,7,4,1,1,,0,1,Road · Night · Full house
v3.0,2021,2021-10-30,TCU,Kansas State,away,12,31,3.5,-3.9,-23,7,3,-19.1,SOFT,graded,espn,,,,,,pbp_conflict,0,3,4,0,1,,1,0,Road
v3.0,2021,2021-10-30,Washington,Stanford,away,20,13,2.5,-2.8,7,0,0,9.8,AS EXPECTED,graded,pbp,67,60,0.1348,-0.0373,8,ok,0,19,6,0,3,-2,3,0,Road · Night
v3.0,2021,2021-10-30,Texas Tech,Oklahoma,away,21,52,19.0,-18.0,-31,14,14,-13.0,SOFT,graded,pbp,43,38,-0.6474,-0.2837,-11,ok,0,0,1,1,2,,0,3,Road · Full house · Top-10 opponent
v3.0,2021,2021-10-30,Wisconsin,Iowa,home,27,7,-3.0,3.3,20,0,0,16.7,DAWG,graded,pbp,68,55,0.317,0.0448,12,ok,0,24,10,0,0,10,2,0,Top-10 opponent
v3.0,2021,2021-10-30,West Virginia,Iowa State,home,38,31,7.5,-8.2,7,0,0,15.2,DAWG,graded,pbp,75,60,0.1642,-0.112,13,ok,0,10,7,4,4,,1,2,Ranked opponent
v3.0,2021,2021-10-30,USC,Arizona,home,41,34,-21.5,19.8,7,0,0,-12.8,SOFT,graded,pbp,81,70,-0.0993,0.321,-23,ok,0,14,4,2,3,-7,1,1,
v3.0,2021,2021-10-30,Mississippi State,Kentucky,home,31,17,-1.0,1.1,14,0,0,12.9,DAWG,graded,pbp,74,48,0.3438,0.0149,14,ok,0,21,5,1,1,0,4,0,Night · Ranked opponent
v3.0,2021,2021-10-30,Illinois,Rutgers,home,14,20,1.5,-1.7,-6,0,0,-4.3,AS EXPECTED,graded,pbp,49,78,-0.0627,-0.0224,-2,ok,0,14,5,0,4,,0,0,
v3.0,2021,2021-10-30,Colorado,Oregon,away,29,52,24.5,-22.2,-38,15,0,-15.8,SOFT,graded,pbp,33,64,-0.1827,-0.3658,6,ok,0,7,1,0,1,,1,0,Road · Top-10 opponent
v3.0,2021,2021-10-30,Florida State,Clemson,away,20,30,9.5,-10.3,-10,0,0,0.3,AS EXPECTED,graded,pbp,55,72,-0.2122,-0.1418,-3,ok,0,0,5,2,4,,3,2,Road · Full house
v3.0,2021,2021-10-30,Florida,Georgia,neutral,7,34,14.0,-14.5,-34,7,0,-19.5,SOFT,graded,pbp,51,46,-0.4279,-0.209,-8,ok,0,0,5,0,1,,3,3,Top-10 opponent
v3.0,2021,2021-10-30,Georgia Tech,Virginia Tech,home,17,26,-3.5,3.9,-9,0,0,-12.9,SOFT,graded,pbp,55,80,-0.1127,0.0523,-8,ok,0,7,5,1,2,,0,1,
v3.0,2021,2021-10-30,Georgia,Florida,neutral,34,7,-14.0,14.5,34,0,7,19.5,DAWG,graded,pbp,46,51,0.4279,0.209,8,ok,0,20,8,0,0,24,3,3,
v3.0,2021,2021-10-30,Iowa State,West Virginia,away,31,38,-7.5,8.2,-7,0,0,-15.2,SOFT,graded,pbp,60,75,-0.1642,0.112,-13,ok,0,17,5,1,6,,2,1,Road
v3.0,2021,2021-10-30,Northwestern,Minnesota,home,14,41,7.5,-8.2,-34,7,0,-25.8,CERTIFIED SOFT,graded,pbp,40,66,-0.4109,-0.112,-11,ok,0,0,1,0,1,,1,1,
v3.0,2021,2021-10-30,Indiana,Maryland,away,35,38,3.5,-3.9,-3,0,0,0.9,AS EXPECTED,graded,pbp,67,85,0.1464,-0.0523,11,ok,0,17,7,0,2,,0,0,Road
v3.0,2021,2021-10-30,Notre Dame,North Carolina,home,44,34,-3.5,3.9,10,0,0,6.1,AS EXPECTED,graded,pbp,68,73,0.0338,0.0523,-1,ok,0,24,4,4,5,-1,1,0,Night
v3.0,2021,2021-10-30,Arizona State,Washington State,home,21,34,-16.5,16.3,-17,7,3,-33.3,CERTIFIED SOFT,graded,pbp,61,57,-0.1114,0.2463,-15,ok,0,3,5,0,1,,1,5,Group of 5 opponent
v3.0,2021,2021-10-30,Kentucky,Mississippi State,away,17,31,1.0,-1.1,-14,0,0,-12.9,SOFT,graded,pbp,48,74,-0.3438,-0.0149,-14,ok,0,3,3,0,1,-24,0,4,Road · Night
v3.0,2021,2021-10-30,Louisville,NC State,away,13,28,6.0,-6.6,-15,0,0,-8.4,AS EXPECTED,graded,pbp,68,60,-0.0636,-0.0896,1,ok,0,3,6,2,3,,0,1,Road · Night · Full house
v3.0,2021,2021-11-05,Boston College,Virginia Tech,home,17,3,1.0,-1.1,14,0,0,15.1,DAWG,graded,pbp,67,51,0.2509,-0.0149,11,ok,0,10,7,0,0,4,1,1,Night
v3.0,2021,2021-11-05,Stanford,Utah,home,7,52,11.0,-11.8,-38,7,14,-26.2,CERTIFIED SOFT,graded,pbp,25,43,-0.9898,-0.1642,-20,ok,0,0,1,0,1,,1,2,Night
v3.0,2021,2021-11-05,Utah,Stanford,away,52,7,-11.0,11.8,38,14,7,26.2,CERTIFIED DAWG,graded,pbp,43,25,0.9898,0.1642,20,ok,0,21,4,0,0,24,2,1,Road · Night
v3.0,2021,2021-11-05,Virginia Tech,Boston College,away,3,17,-1.0,1.1,-14,0,0,-15.1,SOFT,graded,pbp,51,67,-0.2509,0.0149,-11,ok,0,0,5,0,1,,1,1,Road · Night
v3.0,2021,2021-11-06,Arizona,California,home,10,3,7.0,-7.6,7,0,0,14.6,DAWG,graded,pbp,79,50,0.326,-0.1045,20,ok,0,10,10,0,1,,0,3,
v3.0,2021,2021-11-06,Maryland,Penn State,home,14,31,10.0,-10.8,-17,0,0,-6.2,AS EXPECTED,graded,pbp,83,80,-0.1907,-0.1493,-2,ok,0,14,7,0,3,,0,2,
v3.0,2021,2021-11-06,Michigan State,Purdue,away,29,40,-2.5,2.8,-11,0,0,-13.8,SOFT,graded,pbp,63,85,-0.0092,0.0373,-2,ok,0,7,3,1,3,,1,2,Road · Full house
v3.0,2021,2021-11-06,Michigan,Indiana,home,29,7,-20.5,19.0,22,0,0,3.0,AS EXPECTED,graded,pbp,63,62,0.3874,0.3061,4,ok,0,23,9,1,1,12,1,1,Night
v3.0,2021,2021-11-06,Minnesota,Illinois,home,6,14,-14.5,14.9,-8,0,0,-22.9,SOFT,graded,pbp,64,58,-0.1074,0.2165,-14,ok,0,7,7,0,1,,0,2,
v3.0,2021,2021-11-06,Missouri,Georgia,away,6,43,40.0,-30.8,-30,3,10,0.8,AS EXPECTED,graded,pbp,27,42,-0.7048,-0.5972,-3,ok,0,3,1,0,2,,1,0,Road · Full house · Top-10 opponent
v3.0,2021,2021-11-06,Ole Miss,Liberty,home,27,14,-7.5,8.2,13,0,0,4.8,AS EXPECTED,graded,pbp,55,81,0.1325,0.112,1,ok,0,17,7,0,0,3,3,0,Group of 5 opponent
v3.0,2021,2021-11-06,Duke,Pittsburgh,home,29,54,21.0,-19.4,-25,0,0,-5.6,AS EXPECTED,graded,pbp,82,83,-0.3579,-0.3135,-3,ok,0,0,3,1,3,,2,2,Ranked opponent
v3.0,2021,2021-11-06,NC State,Florida State,away,28,14,-3.0,3.3,14,0,0,10.7,AS EXPECTED,graded,pbp,67,71,0.2006,0.0448,8,ok,0,21,11,1,2,0,1,1,Road
v3.0,2021,2021-11-06,North Carolina,Wake Forest,home,58,55,-2.5,2.8,3,0,0,0.2,AS EXPECTED,graded,pbp,78,90,0.1859,0.0373,9,ok,0,27,6,2,4,-7,2,2,Top-10 opponent
v3.0,2021,2021-11-06,Wake Forest,North Carolina,away,55,58,2.5,-2.8,-3,0,0,-0.2,AS EXPECTED,graded,pbp,90,78,-0.1859,-0.0373,-9,ok,0,17,5,5,7,-13,2,2,Road · Full house
v3.0,2021,2021-11-06,Nebraska,Ohio State,home,17,26,14.0,-14.5,-9,0,0,5.5,AS EXPECTED,graded,pbp,65,84,-0.0136,-0.209,10,ok,0,0,6,0,1,,2,1,Top-10 opponent
v3.0,2021,2021-11-06,Rutgers,Wisconsin,home,3,52,13.0,-13.6,-35,0,14,-21.4,SOFT,graded,pbp,29,48,-0.7452,-0.1941,-15,ok,0,0,1,1,2,,1,3,Ranked opponent
v3.0,2021,2021-11-06,Ohio State,Nebraska,away,26,17,-14.0,14.5,9,0,0,-5.5,AS EXPECTED,graded,pbp,84,65,0.0136,0.209,-10,ok,0,16,8,1,3,-1,1,2,Road · Full house
v3.0,2021,2021-11-06,Oklahoma State,West Virginia,away,24,3,-3.5,3.9,21,0,0,17.1,DAWG,graded,pbp,63,57,0.2901,0.0523,10,ok,0,17,9,0,1,7,1,2,Road
v3.0,2021,2021-11-06,Auburn,Texas A&M,away,3,20,4.5,-4.9,-17,0,0,-12.1,AS EXPECTED,graded,pbp,70,64,-0.1205,-0.0672,-3,ok,0,0,6,1,4,,1,1,Road · Full house · Ranked opponent
v3.0,2021,2021-11-06,UCF,Tulane,home,14,10,-13.5,14.1,4,0,0,-10.1,AS EXPECTED,graded,pbp,56,60,-0.0624,0.2016,-11,ok,0,14,8,0,2,,0,1,Group of 5 opponent
v3.0,2021,2021-11-06,Penn State,Maryland,away,31,14,-10.0,10.8,17,0,0,6.2,AS EXPECTED,graded,pbp,80,83,0.1907,0.1493,2,ok,0,17,9,1,1,7,2,0,Road
v3.0,2021,2021-11-06,Cincinnati,Tulsa,home,28,20,-22.5,20.5,8,0,0,-12.5,SOFT,graded,pbp,57,84,0.0436,0.3359,-15,ok,0,21,7,0,2,-6,2,3,Group of 5 opponent
v3.0,2021,2021-11-06,Pittsburgh,Duke,away,54,29,-21.0,19.4,25,0,0,5.6,AS EXPECTED,graded,pbp,83,82,0.3579,0.3135,3,ok,0,30,7,0,3,10,2,2,Road
v3.0,2021,2021-11-06,Clemson,Louisville,away,30,24,-3.5,3.9,6,0,0,2.1,AS EXPECTED,graded,pbp,65,67,0.0508,0.0523,0,ok,0,20,7,1,3,,0,0,Road · Night
v3.0,2021,2021-11-06,Iowa,Northwestern,away,17,12,-12.0,12.7,5,0,0,-7.7,AS EXPECTED,graded,pbp,67,70,-0.0009,0.1792,-9,ok,0,17,9,0,1,-9,3,0,Road · Night
v3.0,2021,2021-11-06,Kansas,Kansas State,home,10,35,24.0,-21.8,-25,0,0,-3.2,AS EXPECTED,graded,pbp,41,48,-0.3796,-0.3583,-1,ok,0,0,1,1,1,,0,0,
v3.0,2021,2021-11-06,Kansas State,Kansas,away,35,10,-24.0,21.8,25,0,0,3.2,AS EXPECTED,graded,pbp,48,41,0.3796,0.3583,1,ok,0,17,3,1,2,14,0,0,Road
v3.0,2021,2021-11-06,Baylor,TCU,away,28,30,-7.5,8.2,-2,0,0,-10.2,AS EXPECTED,graded,pbp,56,77,-0.1035,0.112,-10,ok,0,7,4,1,4,,1,2,Road
v3.0,2021,2021-11-06,Miami,Georgia Tech,home,33,30,-10.0,10.8,3,0,0,-7.8,AS EXPECTED,graded,pbp,73,70,0.1147,0.1493,-2,ok,0,27,9,0,4,,1,3,
v3.0,2021,2021-11-06,Texas A&M,Auburn,home,20,3,-4.5,4.9,17,0,0,12.1,AS EXPECTED,graded,pbp,64,70,0.1205,0.0672,3,ok,0,12,8,0,2,3,1,1,Ranked opponent
v3.0,2021,2021-11-06,Houston,South Florida,away,54,42,-13.5,14.1,12,0,0,-2.1,AS EXPECTED,graded,pbp,66,72,0.4264,0.2016,11,ok,0,21,6,2,5,0,2,0,Road · Night · Group of 5 opponent
v3.0,2021,2021-11-06,Oregon,Washington,away,26,16,-7.0,7.6,10,0,0,2.4,AS EXPECTED,graded,pbp,75,50,0.311,0.1045,9,ok,0,21,9,1,3,-5,1,1,Road
v3.0,2021,2021-11-06,California,Arizona,away,3,10,-7.0,7.6,-7,0,0,-14.6,SOFT,graded,pbp,50,79,-0.326,0.1045,-20,ok,0,0,10,1,2,,3,0,Road
v3.0,2021,2021-11-06,Purdue,Michigan State,home,40,29,2.5,-2.8,11,0,0,13.8,DAWG,graded,pbp,85,63,0.0092,-0.0373,2,ok,0,30,7,1,2,-3,2,1,Top-10 opponent
v3.0,2021,2021-11-06,Texas,Iowa State,away,7,30,6.0,-6.6,-23,0,0,-16.4,SOFT,graded,pbp,54,68,-0.4187,-0.0896,-14,ok,0,7,7,0,2,,1,2,Road · Night · Full house
v3.0,2021,2021-11-06,BYU,Idaho State,home,59,14,-36.5,29.5,35,17,7,5.5,AS EXPECTED,graded,pbp,44,26,0.7375,0.5449,5,ok,0,28,4,0,0,21,2,2,FCS opponent
v3.0,2021,2021-11-06,SMU,Memphis,away,25,28,-3.5,3.9,-3,0,0,-6.9,AS EXPECTED,graded,pbp,57,88,-0.0582,0.0523,-6,ok,0,14,7,1,2,,1,2,Road · Group of 5 opponent
v3.0,2021,2021-11-06,South Carolina,Florida,home,40,17,20.5,-19.0,30,0,7,49.0,CERTIFIED DAWG,graded,pbp,51,35,0.318,-0.3061,19,ok,0,23,7,2,3,20,1,0,Night
v3.0,2021,2021-11-06,TCU,Baylor,home,30,28,7.5,-8.2,2,0,0,10.2,AS EXPECTED,graded,pbp,77,56,0.1035,-0.112,10,ok,0,27,5,1,4,-7,2,1,Ranked opponent
v3.0,2021,2021-11-06,Tennessee,Kentucky,away,45,42,-1.0,1.1,3,0,0,1.9,AS EXPECTED,graded,pbp,47,99,0.1724,0.0149,8,ok,0,7,2,3,6,-7,1,2,Road · Night · Full house · Ranked opponent
v3.0,2021,2021-11-06,Washington,Oregon,home,16,26,7.0,-7.6,-10,0,0,-2.4,AS EXPECTED,graded,pbp,50,75,-0.311,-0.1045,-9,ok,0,7,6,0,3,,1,1,Top-10 opponent
v3.0,2021,2021-11-06,Wisconsin,Rutgers,away,52,3,-13.0,13.6,35,14,0,21.4,DAWG,graded,pbp,48,29,0.7452,0.1941,15,ok,0,17,3,1,1,21,3,1,Road
v3.0,2021,2021-11-06,West Virginia,Oklahoma State,home,3,24,3.5,-3.9,-21,0,0,-17.1,SOFT,graded,pbp,57,63,-0.2901,-0.0523,-10,ok,0,0,7,0,1,,2,1,Ranked opponent
v3.0,2021,2021-11-06,USC,Arizona State,away,16,31,9.5,-10.3,-15,0,0,-4.7,AS EXPECTED,graded,pbp,72,62,-0.2792,-0.1418,-7,ok,0,10,6,2,4,,3,2,Road · Night · Full house
v3.0,2021,2021-11-06,Alabama,LSU,home,20,14,-29.0,25.6,6,0,0,-19.6,SOFT,graded,pbp,63,73,0.131,0.433,-15,ok,0,21,9,0,2,-7,2,1,Night
v3.0,2021,2021-11-06,Mississippi State,Arkansas,away,28,31,4.0,-4.4,-3,0,0,1.4,AS EXPECTED,graded,pbp,73,69,0.1284,-0.0597,10,ok,0,7,3,0,3,,0,1,Road · Full house
v3.0,2021,2021-11-06,Illinois,Minnesota,away,14,6,14.5,-14.9,8,0,0,22.9,DAWG,graded,pbp,58,64,0.1074,-0.2165,14,ok,0,14,7,0,1,-6,2,0,Road
v3.0,2021,2021-11-06,Colorado,Oregon State,home,37,34,11.5,-12.3,3,0,0,15.3,DAWG,graded,pbp,62,70,0.0405,-0.1717,10,ok,2,27,8,2,6,-7,1,0,Group of 5 opponent
v3.0,2021,2021-11-06,Florida State,NC State,home,14,28,3.0,-3.3,-14,0,0,-10.7,AS EXPECTED,graded,pbp,71,67,-0.2006,-0.0448,-8,ok,0,7,9,0,1,,1,1,Ranked opponent
v3.0,2021,2021-11-06,Florida,South Carolina,away,17,40,-20.5,19.0,-30,7,0,-49.0,CERTIFIED SOFT,graded,pbp,35,51,-0.318,0.3061,-19,ok,0,0,3,2,3,,0,1,Road · Night
v3.0,2021,2021-11-06,Georgia Tech,Miami,away,30,33,10.0,-10.8,-3,0,0,7.8,AS EXPECTED,graded,pbp,70,73,-0.1147,-0.1493,2,ok,0,7,7,1,5,,3,1,Road
v3.0,2021,2021-11-06,Georgia,Missouri,home,43,6,-40.0,30.8,30,10,3,-0.8,AS EXPECTED,graded,pbp,42,27,0.7048,0.5972,3,ok,0,10,3,1,1,17,0,1,
v3.0,2021,2021-11-06,Iowa State,Texas,home,30,7,-6.0,6.6,23,0,0,16.4,DAWG,graded,pbp,68,54,0.4187,0.0896,14,ok,0,23,12,0,1,13,2,1,Night
v3.0,2021,2021-11-06,Northwestern,Iowa,home,12,17,12.0,-12.7,-5,0,0,7.7,AS EXPECTED,graded,pbp,70,67,0.0009,-0.1792,9,ok,0,10,9,0,1,,0,3,Night · Ranked opponent
v3.0,2021,2021-11-06,Arkansas,Mississippi State,home,31,28,-4.0,4.4,3,0,0,-1.4,AS EXPECTED,graded,pbp,69,73,-0.1284,0.0597,-10,ok,0,20,5,2,3,-7,1,0,
v3.0,2021,2021-11-06,Indiana,Michigan,away,7,29,20.5,-19.0,-22,0,0,-3.0,AS EXPECTED,graded,pbp,62,63,-0.3874,-0.3061,-4,ok,0,0,4,0,1,,1,1,Road · Night · Top-10 opponent
v3.0,2021,2021-11-06,Notre Dame,Navy,home,34,6,-21.0,19.4,28,0,0,8.6,AS EXPECTED,graded,pbp,61,50,0.45,0.3135,5,ok,0,24,6,0,1,14,0,0,Group of 5 opponent
v3.0,2021,2021-11-06,Arizona State,USC,home,31,16,-9.5,10.3,15,0,0,4.7,AS EXPECTED,graded,pbp,62,72,0.2792,0.1418,7,ok,0,21,6,1,4,0,2,3,Night
v3.0,2021,2021-11-06,Kentucky,Tennessee,home,42,45,1.0,-1.1,-3,0,0,-1.9,AS EXPECTED,graded,pbp,99,47,-0.1724,-0.0149,-8,ok,0,14,4,3,6,,2,1,Night
v3.0,2021,2021-11-06,Louisville,Clemson,home,24,30,3.5,-3.9,-6,0,0,-2.1,AS EXPECTED,graded,pbp,67,65,-0.0508,-0.0523,0,ok,0,10,6,0,5,-16,0,0,Night
v3.0,2021,2021-11-06,LSU,Alabama,away,14,20,29.0,-25.6,-6,0,0,19.6,DAWG,graded,pbp,73,63,-0.131,-0.433,15,ok,0,14,8,0,1,,1,2,Road · Night · Top-10 opponent
v3.0,2021,2021-11-11,North Carolina,Pittsburgh,away,23,30,6.5,-7.1,-7,0,0,0.1,AS EXPECTED,graded,pbp,67,72,0.1225,-0.097,11,ok,8,24,7,0,1,,1,0,Road · Night · Ranked opponent
v3.0,2021,2021-11-11,Pittsburgh,North Carolina,home,30,23,-6.5,7.1,7,0,0,-0.1,AS EXPECTED,graded,pbp,72,67,-0.1225,0.097,-11,ok,8,17,8,0,1,-7,0,1,Night
v3.0,2021,2021-11-12,Cincinnati,South Florida,away,45,28,-23.5,21.4,17,0,0,-4.4,AS EXPECTED,graded,pbp,76,68,0.1237,0.3509,-12,ok,0,21,5,2,3,3,3,3,Road · Night · Group of 5 opponent
v3.0,2021,2021-11-13,Boston College,Georgia Tech,away,41,30,-1.5,1.7,11,0,0,9.3,AS EXPECTED,graded,pbp,55,67,0.3596,0.0224,15,ok,0,20,4,2,3,0,1,1,Road
v3.0,2021,2021-11-13,Arizona,Utah,home,29,38,24.0,-21.8,-9,0,0,12.8,DAWG,graded,pbp,61,67,-0.2493,-0.3583,5,ok,0,10,3,2,5,,0,0,Ranked opponent
v3.0,2021,2021-11-13,Maryland,Michigan State,away,21,40,11.5,-12.3,-19,0,0,-6.7,AS EXPECTED,graded,pbp,73,74,-0.1394,-0.1717,2,ok,0,7,6,0,1,,2,1,Road
v3.0,2021,2021-11-13,Michigan State,Maryland,home,40,21,-11.5,12.3,19,0,0,6.7,AS EXPECTED,graded,pbp,74,73,0.1394,0.1717,-2,ok,0,28,8,1,1,6,1,2,
v3.0,2021,2021-11-13,Michigan,Penn State,away,21,17,-2.5,2.8,4,0,0,1.2,AS EXPECTED,graded,pbp,70,86,0.0457,0.0373,0,ok,0,7,6,1,3,,1,1,Road · Full house
v3.0,2021,2021-11-13,Minnesota,Iowa,away,22,27,4.0,-4.4,-5,0,0,-0.6,AS EXPECTED,graded,pbp,82,49,0.0962,-0.0597,7,ok,0,17,6,2,4,,1,0,Road · Full house · Ranked opponent
v3.0,2021,2021-11-13,Missouri,South Carolina,home,31,28,1.5,-1.7,3,0,0,4.7,AS EXPECTED,graded,pbp,69,62,-0.0017,-0.0224,1,ok,0,24,7,0,2,-7,3,3,
v3.0,2021,2021-11-13,Ole Miss,Texas A&M,home,29,19,1.0,-1.1,10,0,0,11.1,AS EXPECTED,graded,pbp,93,70,0.045,-0.0149,4,ok,0,17,7,0,2,0,2,2,Night · Ranked opponent
v3.0,2021,2021-11-13,Duke,Virginia Tech,away,17,48,13.0,-13.6,-24,7,14,-10.4,AS EXPECTED,graded,pbp,54,50,-0.4552,-0.1941,-10,ok,0,3,4,0,1,,1,1,Road
v3.0,2021,2021-11-13,NC State,Wake Forest,away,42,45,1.0,-1.1,-3,0,0,-1.9,AS EXPECTED,graded,pbp,77,91,-0.0467,-0.0149,-2,ok,0,10,10,3,5,,3,3,Road · Night · Full house · Ranked opponent
v3.0,2021,2021-11-13,Wake Forest,NC State,home,45,42,-1.0,1.1,3,0,0,1.9,AS EXPECTED,graded,pbp,91,77,0.0467,0.0149,2,ok,0,21,10,3,5,-12,3,3,Night · Ranked opponent
v3.0,2021,2021-11-13,Rutgers,Indiana,away,38,3,6.5,-7.1,28,7,0,35.1,CERTIFIED DAWG,graded,pbp,51,59,0.3153,-0.097,16,ok,0,24,11,0,0,14,5,0,Road
v3.0,2021,2021-11-13,Syracuse,Louisville,away,3,41,3.0,-3.3,-32,0,6,-28.7,CERTIFIED SOFT,graded,pbp,29,33,-0.8698,-0.0448,-18,ok,0,0,0,1,1,,0,0,Road
v3.0,2021,2021-11-13,Ohio State,Purdue,home,59,31,-19.0,18.0,35,0,7,17.0,DAWG,graded,pbp,58,51,0.1775,0.2837,-4,ok,0,21,3,1,1,21,1,0,Ranked opponent
v3.0,2021,2021-11-13,Oklahoma State,TCU,home,63,17,-11.0,11.8,32,28,14,20.2,DAWG,graded,espn,,,,,,no_pbp,0,0,0,0,0,21,0,0,Night
v3.0,2021,2021-11-13,Auburn,Mississippi State,home,34,43,-5.5,6.0,-9,0,0,-15.0,SOFT,graded,pbp,70,75,-0.1276,0.0821,-11,ok,0,14,3,1,3,-20,0,1,
v3.0,2021,2021-11-13,Oklahoma,Baylor,away,14,27,-4.0,4.4,-13,0,0,-17.4,SOFT,graded,pbp,92,121,-0.0243,0.0597,-6,ok,0,7,5,0,2,,2,2,Road · Full house · Ranked opponent
v3.0,2021,2021-11-13,UCF,SMU,away,28,55,7.0,-7.6,-24,7,10,-16.4,SOFT,graded,espn,,,,,,pbp_conflict,0,14,4,0,3,,1,1,Road
v3.0,2021,2021-11-13,Penn State,Michigan,home,17,21,2.5,-2.8,-4,0,0,-1.2,AS EXPECTED,graded,pbp,86,70,-0.0457,-0.0373,0,ok,0,13,7,0,3,,1,1,Top-10 opponent
v3.0,2021,2021-11-13,Clemson,UConn,home,44,7,-40.5,30.9,30,7,0,-0.9,AS EXPECTED,graded,pbp,66,32,0.6989,0.6047,3,ok,0,27,8,0,0,20,2,2,Group of 5 opponent
v3.0,2021,2021-11-13,Iowa,Minnesota,home,27,22,-4.0,4.4,5,0,0,0.6,AS EXPECTED,graded,pbp,49,82,-0.0962,0.0597,-7,ok,0,20,6,1,5,,0,1,
v3.0,2021,2021-11-13,Kansas,Texas,away,57,56,31.0,-26.9,1,0,0,27.9,CERTIFIED DAWG,graded,pbp,73,76,0.0315,-0.4628,27,ok,1,21,5,1,4,,4,0,Road · Night · Full house
v3.0,2021,2021-11-13,Kansas State,West Virginia,home,34,17,-6.0,6.6,17,0,0,10.4,AS EXPECTED,graded,pbp,59,70,-0.0057,0.0896,-4,ok,0,13,6,1,1,3,3,0,
v3.0,2021,2021-11-13,Vanderbilt,Kentucky,home,17,34,21.5,-19.8,-23,6,0,-3.2,AS EXPECTED,graded,pbp,48,58,-0.226,-0.321,4,ok,0,0,1,1,1,,1,1,Night
v3.0,2021,2021-11-13,Baylor,Oklahoma,home,27,14,4.0,-4.4,13,0,0,17.4,DAWG,graded,pbp,121,92,0.0243,-0.0597,6,ok,0,14,7,2,2,3,2,2,Top-10 opponent
v3.0,2021,2021-11-13,Miami,Florida State,away,28,31,-2.5,2.8,-3,0,0,-5.8,AS EXPECTED,graded,pbp,70,74,0.0349,0.0373,0,ok,0,28,7,0,2,,1,4,Road · Full house
v3.0,2021,2021-11-13,Stanford,Oregon State,away,14,35,12.5,-13.2,-28,7,0,-14.8,SOFT,graded,pbp,34,75,-0.4594,-0.1866,-11,ok,0,0,3,0,1,,0,3,Road · Group of 5 opponent
v3.0,2021,2021-11-13,Texas A&M,Ole Miss,away,19,29,-1.0,1.1,-10,0,0,-11.1,AS EXPECTED,graded,pbp,70,93,-0.045,0.0149,-4,ok,0,10,8,0,1,,2,2,Road · Night · Full house · Ranked opponent
v3.0,2021,2021-11-13,Houston,Temple,away,37,8,-24.5,22.2,37,0,8,14.8,DAWG,graded,pbp,74,38,0.4508,0.3658,3,ok,0,24,9,0,0,27,3,0,Road · Group of 5 opponent
v3.0,2021,2021-11-13,Oregon,Washington State,home,38,24,-13.5,14.1,14,0,0,-0.1,AS EXPECTED,graded,pbp,69,61,0.1262,0.2016,-4,ok,0,24,8,1,2,0,3,2,Night · Group of 5 opponent
v3.0,2021,2021-11-13,Purdue,Ohio State,away,31,59,19.0,-18.0,-35,7,0,-17.0,SOFT,graded,pbp,51,58,-0.1775,-0.2837,4,ok,0,0,0,1,2,,0,1,Road · Full house · Top-10 opponent
v3.0,2021,2021-11-13,Texas,Kansas,home,56,57,-31.0,26.9,-1,0,0,-27.9,CERTIFIED SOFT,graded,pbp,76,73,-0.0315,0.4628,-27,ok,1,28,6,0,2,,0,4,Night
v3.0,2021,2021-11-13,Utah,Arizona,away,38,29,-24.0,21.8,9,0,0,-12.8,SOFT,graded,pbp,67,61,0.2493,0.3583,-5,ok,0,7,3,4,6,-2,0,0,Road
v3.0,2021,2021-11-13,SMU,UCF,home,55,28,-7.0,7.6,24,10,7,16.4,DAWG,graded,espn,,,,,,pbp_conflict,0,38,8,2,2,14,1,1,
v3.0,2021,2021-11-13,South Carolina,Missouri,away,28,31,-1.5,1.7,-3,0,0,-4.7,AS EXPECTED,graded,pbp,62,69,0.0017,0.0224,-1,ok,0,21,7,1,3,,3,3,Road
v3.0,2021,2021-11-13,Virginia,Notre Dame,home,3,28,8.5,-9.2,-28,3,0,-18.8,SOFT,graded,pbp,48,47,-0.3298,-0.1269,-7,ok,0,0,3,0,1,,2,2,Night · Top-10 opponent
v3.0,2021,2021-11-13,Virginia Tech,Duke,home,48,17,-13.0,13.6,24,14,7,10.4,AS EXPECTED,graded,pbp,50,54,0.4552,0.1941,10,ok,0,31,7,0,0,10,1,1,
v3.0,2021,2021-11-13,UCLA,Colorado,home,44,20,-18.0,17.3,24,0,0,6.7,AS EXPECTED,graded,pbp,58,61,0.4154,0.2687,6,ok,0,21,7,0,1,14,1,1,Night
v3.0,2021,2021-11-13,TCU,Oklahoma State,away,17,63,11.0,-11.8,-32,14,28,-20.2,SOFT,graded,espn,,,,,,no_pbp,0,0,0,0,0,,0,0,Road · Night · Full house
v3.0,2021,2021-11-13,Tennessee,Georgia,home,17,41,19.5,-18.3,-24,7,7,-5.7,AS EXPECTED,graded,pbp,60,61,-0.3894,-0.2911,-4,ok,0,3,4,0,3,,1,2,Top-10 opponent
v3.0,2021,2021-11-13,Washington,Arizona State,home,30,35,6.0,-6.6,-5,0,0,1.6,AS EXPECTED,graded,pbp,63,72,-0.3282,-0.0896,-12,ok,0,14,7,1,4,-19,1,2,
v3.0,2021,2021-11-13,Texas Tech,Iowa State,home,41,38,12.5,-13.2,3,0,0,16.2,DAWG,graded,pbp,66,67,-0.141,-0.1866,2,ok,0,14,5,3,4,-11,2,1,
v3.0,2021,2021-11-13,Wisconsin,Northwestern,home,35,7,-25.5,23.0,35,0,7,12.0,AS EXPECTED,graded,pbp,50,44,0.622,0.3807,8,ok,0,28,7,0,0,21,3,3,
v3.0,2021,2021-11-13,West Virginia,Kansas State,away,17,34,6.0,-6.6,-17,0,0,-10.4,AS EXPECTED,graded,pbp,70,59,0.0057,-0.0896,4,ok,0,7,4,0,1,,0,3,Road
v3.0,2021,2021-11-13,Alabama,New Mexico State,home,59,3,-50.5,34.3,39,17,0,4.7,AS EXPECTED,graded,pbp,28,30,1.2958,0.754,11,ok,0,21,4,1,1,28,1,1,Group of 5 opponent
v3.0,2021,2021-11-13,Mississippi State,Auburn,away,43,34,5.5,-6.0,9,0,0,15.0,DAWG,graded,pbp,75,70,0.1276,-0.0821,11,ok,0,28,4,1,1,-6,1,0,Road · Full house · Ranked opponent
v3.0,2021,2021-11-13,Colorado,UCLA,away,20,44,18.0,-17.3,-24,0,0,-6.7,AS EXPECTED,graded,pbp,61,58,-0.4154,-0.2687,-6,ok,0,13,5,1,3,-34,1,1,Road · Night
v3.0,2021,2021-11-13,Florida State,Miami,home,31,28,2.5,-2.8,3,0,0,5.8,AS EXPECTED,graded,pbp,74,70,-0.0349,-0.0373,0,ok,0,24,8,0,2,-11,4,1,
v3.0,2021,2021-11-13,Florida,Samford,home,70,52,-36.0,29.3,18,0,0,-11.3,AS EXPECTED,graded,pbp,70,89,0.5636,0.5375,1,ok,0,21,4,5,5,4,1,0,FCS opponent
v3.0,2021,2021-11-13,Georgia Tech,Boston College,home,30,41,1.5,-1.7,-11,0,0,-9.3,AS EXPECTED,graded,pbp,67,55,-0.3596,-0.0224,-15,ok,0,14,3,1,3,,1,1,
v3.0,2021,2021-11-13,Georgia,Tennessee,away,41,17,-19.5,18.3,24,7,7,5.7,AS EXPECTED,graded,pbp,61,60,0.3894,0.2911,4,ok,0,34,8,1,2,10,2,1,Road · Full house
v3.0,2021,2021-11-13,Iowa State,Texas Tech,away,38,41,-12.5,13.2,-3,0,0,-16.2,SOFT,graded,pbp,67,66,0.141,0.1866,-2,ok,0,24,5,0,2,,1,2,Road
v3.0,2021,2021-11-13,Northwestern,Wisconsin,away,7,35,25.5,-23.0,-35,7,0,-12.0,AS EXPECTED,graded,pbp,44,50,-0.622,-0.3807,-8,ok,0,0,3,0,1,,3,3,Road · Full house · Ranked opponent
v3.0,2021,2021-11-13,Arkansas,LSU,away,16,13,-3.0,3.3,3,0,0,-0.3,AS EXPECTED,graded,pbp,60,74,0.04,0.0448,0,ok,2,16,9,0,3,,3,0,Road · Night · Full house
v3.0,2021,2021-11-13,Indiana,Rutgers,home,3,38,-6.5,7.1,-28,0,7,-35.1,CERTIFIED SOFT,graded,pbp,59,51,-0.3153,0.097,-16,ok,0,3,7,0,1,,0,5,
v3.0,2021,2021-11-13,Notre Dame,Virginia,away,28,3,-8.5,9.2,28,0,3,18.8,DAWG,graded,pbp,47,48,0.3298,0.1269,7,ok,0,28,6,0,0,14,2,2,Road · Night
v3.0,2021,2021-11-13,Arizona State,Washington,away,35,30,-6.0,6.6,5,0,0,-1.6,AS EXPECTED,graded,pbp,72,63,0.3282,0.0896,12,ok,0,21,7,0,1,-6,2,1,Road
v3.0,2021,2021-11-13,Kentucky,Vanderbilt,away,34,17,-21.5,19.8,23,0,6,3.2,AS EXPECTED,graded,pbp,58,48,0.226,0.321,-4,ok,0,14,2,1,1,12,1,1,Road · Night
v3.0,2021,2021-11-13,Louisville,Syracuse,home,41,3,-3.0,3.3,32,6,0,28.7,CERTIFIED DAWG,graded,pbp,33,29,0.8698,0.0448,18,ok,0,21,3,1,1,21,0,0,
v3.0,2021,2021-11-13,LSU,Arkansas,home,13,16,3.0,-3.3,-3,0,0,0.3,AS EXPECTED,graded,pbp,74,60,-0.04,-0.0448,0,ok,2,10,9,1,3,,0,3,Night · Ranked opponent
v3.0,2021,2021-11-18,Duke,Louisville,home,22,62,20.0,-18.7,-39,13,14,-20.3,SOFT,graded,pbp,49,48,-0.8462,-0.2986,-19,ok,0,0,1,1,1,,0,2,Night
v3.0,2021,2021-11-18,Louisville,Duke,away,62,22,-20.0,18.7,39,14,13,20.3,DAWG,graded,pbp,48,49,0.8462,0.2986,19,ok,0,21,3,0,1,28,2,0,Road · Night
v3.0,2021,2021-11-19,Arizona,Washington State,away,18,44,14.5,-14.9,-37,11,0,-22.1,SOFT,graded,pbp,56,52,-0.4665,-0.2165,-10,ok,0,0,4,0,1,,0,1,Road · Night · Group of 5 opponent
v3.0,2021,2021-11-19,Houston,Memphis,home,31,13,-9.5,10.3,18,0,0,7.7,AS EXPECTED,graded,pbp,71,75,0.2874,0.1418,8,ok,0,24,8,0,1,4,2,2,Night · Group of 5 opponent
v3.0,2021,2021-11-20,Boston College,Florida State,home,23,26,-3.0,3.3,-3,0,0,-6.3,AS EXPECTED,graded,pbp,72,64,-0.0761,0.0448,-6,ok,0,14,5,1,1,,0,0,
v3.0,2021,2021-11-20,Maryland,Michigan,home,18,59,15.5,-15.6,-34,0,7,-18.4,SOFT,graded,pbp,59,60,-0.0712,-0.2314,7,ok,0,0,3,0,1,,0,2,Top-10 opponent
v3.0,2021,2021-11-20,Michigan State,Ohio State,away,7,56,19.5,-18.3,-42,7,14,-23.7,SOFT,graded,pbp,28,38,-0.951,-0.2911,-16,ok,0,0,0,0,1,,1,1,Road · Full house · Top-10 opponent
v3.0,2021,2021-11-20,Michigan,Maryland,away,59,18,-15.5,15.6,34,7,0,18.4,DAWG,graded,pbp,60,59,0.0712,0.2314,-7,ok,0,31,6,0,0,20,2,0,Road
v3.0,2021,2021-11-20,Minnesota,Indiana,away,35,14,-7.5,8.2,28,0,7,19.8,DAWG,graded,pbp,67,44,0.3631,0.112,10,ok,0,35,8,0,1,14,2,0,Road
v3.0,2021,2021-11-20,Missouri,Florida,home,24,23,9.0,-9.8,1,0,0,10.8,AS EXPECTED,graded,pbp,56,67,0.0121,-0.1344,6,ok,6,13,7,2,5,,0,0,
v3.0,2021,2021-11-20,Ole Miss,Vanderbilt,home,31,17,-36.0,29.3,14,0,0,-15.3,SOFT,graded,pbp,65,93,0.1166,0.5375,-24,ok,0,17,7,1,1,4,1,1,Night
v3.0,2021,2021-11-20,NC State,Syracuse,home,41,17,-11.5,12.3,31,0,7,18.7,DAWG,graded,espn,,,,,,pbp_conflict,0,17,6,1,1,17,1,0,
v3.0,2021,2021-11-20,North Carolina,Wofford,home,34,14,-37.0,29.7,27,0,7,-2.7,AS EXPECTED,graded,pbp,68,45,0.3674,0.5524,-8,ok,0,20,5,1,1,17,1,0,FCS opponent
v3.0,2021,2021-11-20,Wake Forest,Clemson,away,27,48,3.5,-3.9,-27,6,0,-23.1,SOFT,graded,pbp,74,74,-0.1446,-0.0523,-5,ok,0,3,4,0,1,,3,3,Road · Full house
v3.0,2021,2021-11-20,Nebraska,Wisconsin,away,28,35,10.0,-10.8,-7,0,0,3.8,AS EXPECTED,graded,pbp,70,49,-0.0534,-0.1493,4,ok,0,14,4,2,5,,0,2,Road · Ranked opponent
v3.0,2021,2021-11-20,Rutgers,Penn State,away,0,28,14.0,-14.5,-28,0,0,-13.5,SOFT,graded,pbp,55,63,-0.3881,-0.209,-8,ok,0,0,8,0,0,,0,0,Road · Full house
v3.0,2021,2021-11-20,Syracuse,NC State,away,17,41,11.5,-12.3,-31,7,0,-18.7,SOFT,graded,espn,,,,,,pbp_conflict,0,7,4,0,1,,0,1,Road · Full house · Ranked opponent
v3.0,2021,2021-11-20,Ohio State,Michigan State,home,56,7,-19.5,18.3,42,14,7,23.7,DAWG,graded,pbp,38,28,0.951,0.2911,16,ok,0,21,3,0,0,28,1,1,Top-10 opponent
v3.0,2021,2021-11-20,Oklahoma State,Texas Tech,away,23,0,-10.0,10.8,23,0,0,12.2,AS EXPECTED,graded,pbp,71,39,0.7375,0.1493,23,ok,0,23,12,0,0,10,1,0,Road · Night
v3.0,2021,2021-11-20,Auburn,South Carolina,away,17,21,-7.0,7.6,-4,0,0,-11.6,AS EXPECTED,graded,pbp,65,56,0.0147,0.1045,-4,ok,0,17,6,0,2,-18,2,0,Road · Night
v3.0,2021,2021-11-20,Oklahoma,Iowa State,home,28,21,-3.0,3.3,7,0,0,3.7,AS EXPECTED,graded,pbp,58,93,0.0565,0.0448,1,ok,0,14,7,1,2,-6,3,2,
v3.0,2021,2021-11-20,UCF,UConn,home,49,17,-30.0,26.3,28,7,3,1.7,AS EXPECTED,graded,pbp,54,54,0.3555,0.4479,-4,ok,0,42,8,0,0,14,3,1,Group of 5 opponent
v3.0,2021,2021-11-20,Penn State,Rutgers,home,28,0,-14.0,14.5,28,0,0,13.5,DAWG,graded,pbp,63,55,0.3881,0.209,8,ok,0,28,11,0,0,14,0,0,
v3.0,2021,2021-11-20,Cincinnati,SMU,home,48,14,-10.0,10.8,34,14,14,23.2,DAWG,graded,pbp,41,30,0.7513,0.1493,15,ok,0,28,5,0,0,20,2,0,
v3.0,2021,2021-11-20,Pittsburgh,Virginia,home,48,38,-13.5,14.1,10,0,0,-4.1,AS EXPECTED,graded,pbp,80,75,-0.0001,0.2016,-11,ok,0,38,7,2,6,0,2,2,
v3.0,2021,2021-11-20,Clemson,Wake Forest,home,48,27,-3.5,3.9,27,0,6,23.1,DAWG,graded,pbp,74,74,0.1446,0.0523,5,ok,0,24,6,1,2,17,3,3,
v3.0,2021,2021-11-20,Iowa,Illinois,home,33,23,-12.0,12.7,10,0,0,-2.7,AS EXPECTED,graded,pbp,66,61,0.0844,0.1792,-4,ok,0,13,7,0,3,-2,2,1,
v3.0,2021,2021-11-20,Kansas,TCU,away,28,31,21.0,-19.4,-3,0,0,16.4,DAWG,graded,pbp,60,64,-0.0439,-0.3135,12,ok,0,14,4,1,3,,1,1,Road
v3.0,2021,2021-11-20,Kansas State,Baylor,home,10,20,-2.5,2.8,-10,0,0,-12.8,SOFT,graded,pbp,51,82,-0.1005,0.0373,-7,ok,0,3,5,0,1,,1,1,Ranked opponent
v3.0,2021,2021-11-20,Vanderbilt,Ole Miss,away,17,31,36.0,-29.3,-14,0,0,15.3,DAWG,graded,pbp,93,65,-0.1166,-0.5375,24,ok,0,3,6,0,1,,1,1,Road · Night · Ranked opponent
v3.0,2021,2021-11-20,Baylor,Kansas State,away,20,10,2.5,-2.8,10,0,0,12.8,DAWG,graded,pbp,82,51,0.1005,-0.0373,7,ok,0,10,6,1,2,-4,1,1,Road
v3.0,2021,2021-11-20,Miami,Virginia Tech,home,38,26,-7.0,7.6,12,0,0,4.4,AS EXPECTED,graded,pbp,58,69,0.0285,0.1045,-3,ok,0,24,5,1,2,1,1,0,Night
v3.0,2021,2021-11-20,Stanford,California,home,11,41,2.5,-2.8,-31,8,7,-28.2,CERTIFIED SOFT,graded,pbp,51,50,-0.6543,-0.0373,-22,ok,0,3,3,0,1,,2,2,
v3.0,2021,2021-11-20,Texas A&M,Prairie View A&M,home,52,3,-41.5,31.3,38,14,3,6.7,AS EXPECTED,graded,pbp,34,25,0.9264,0.6196,7,ok,0,24,4,0,0,24,1,1,FCS opponent
v3.0,2021,2021-11-20,Oregon,Utah,away,7,38,3.0,-3.3,-28,0,3,-24.7,CERTIFIED SOFT,graded,pbp,44,51,-0.1892,-0.0448,-5,ok,0,0,2,0,1,,0,0,Road · Full house · Ranked opponent
v3.0,2021,2021-11-20,California,Stanford,away,41,11,-2.5,2.8,31,7,8,28.2,CERTIFIED DAWG,graded,pbp,50,51,0.6543,0.0373,22,ok,0,31,8,0,0,17,2,2,Road · Full house
v3.0,2021,2021-11-20,Purdue,Northwestern,neutral,32,14,-11.0,11.8,18,0,0,6.2,AS EXPECTED,graded,pbp,61,69,0.2584,0.1642,4,ok,0,19,6,2,2,5,1,0,
v3.0,2021,2021-11-20,Texas,West Virginia,away,23,31,2.5,-2.8,-8,0,0,-5.2,AS EXPECTED,graded,pbp,55,85,0.0802,-0.0373,6,ok,0,14,5,0,2,,0,0,Road
v3.0,2021,2021-11-20,BYU,Georgia Southern,away,34,17,-20.0,18.7,17,0,0,-1.7,AS EXPECTED,graded,pbp,65,50,0.2472,0.2986,-2,ok,0,17,5,2,3,6,2,0,Road · Group of 5 opponent
v3.0,2021,2021-11-20,Utah,Oregon,home,38,7,-3.0,3.3,28,3,0,24.7,CERTIFIED DAWG,graded,pbp,51,44,0.1892,0.0448,5,ok,0,24,5,0,0,14,0,0,Top-10 opponent
v3.0,2021,2021-11-20,SMU,Cincinnati,away,14,48,10.0,-10.8,-34,14,14,-23.2,SOFT,graded,pbp,30,41,-0.7513,-0.1493,-15,ok,0,0,1,0,1,,0,2,Road · Full house
v3.0,2021,2021-11-20,South Carolina,Auburn,home,21,17,7.0,-7.6,4,0,0,11.6,AS EXPECTED,graded,pbp,56,65,-0.0147,-0.1045,4,ok,0,14,6,1,2,,0,2,Night
v3.0,2021,2021-11-20,Virginia,Pittsburgh,away,38,48,13.5,-14.1,-10,0,0,4.1,AS EXPECTED,graded,pbp,75,80,0.0001,-0.2016,11,ok,0,3,5,2,5,,2,2,Road · Ranked opponent
v3.0,2021,2021-11-20,Virginia Tech,Miami,away,26,38,7.0,-7.6,-12,0,0,-4.4,AS EXPECTED,graded,pbp,69,58,-0.0285,-0.1045,3,ok,0,0,4,1,1,,0,1,Road · Night
v3.0,2021,2021-11-20,UCLA,USC,away,62,33,-3.5,3.9,29,0,0,25.1,CERTIFIED DAWG,graded,pbp,45,64,0.303,0.0523,10,ok,0,35,6,2,4,18,2,2,Road · Full house
v3.0,2021,2021-11-20,TCU,Kansas,home,31,28,-21.0,19.4,3,0,0,-16.4,SOFT,graded,pbp,64,60,0.0439,0.3135,-12,ok,0,21,5,1,4,-11,1,1,
v3.0,2021,2021-11-20,Tennessee,South Alabama,home,60,14,-28.5,25.3,35,18,7,9.7,AS EXPECTED,graded,espn,,,,,,pbp_conflict,0,35,5,0,0,21,0,0,Night · Group of 5 opponent
v3.0,2021,2021-11-20,Washington,Colorado,away,17,20,-6.5,7.1,-3,0,0,-10.1,AS EXPECTED,graded,pbp,83,46,0.2771,0.097,8,ok,0,7,6,0,2,,0,4,Road
v3.0,2021,2021-11-20,Texas Tech,Oklahoma State,home,0,23,10.0,-10.8,-23,0,0,-12.2,AS EXPECTED,graded,pbp,39,71,-0.7375,-0.1493,-23,ok,0,0,7,0,2,,0,1,Night · Top-10 opponent
v3.0,2021,2021-11-20,Wisconsin,Nebraska,home,35,28,-10.0,10.8,7,0,0,-3.8,AS EXPECTED,graded,pbp,49,70,0.0534,0.1493,-4,ok,0,14,5,2,4,,2,0,
v3.0,2021,2021-11-20,West Virginia,Texas,home,31,23,-2.5,2.8,8,0,0,5.2,AS EXPECTED,graded,pbp,85,55,-0.0802,0.0373,-6,ok,0,7,6,3,3,-6,0,0,
v3.0,2021,2021-11-20,USC,UCLA,home,33,62,3.5,-3.9,-29,0,0,-25.1,CERTIFIED SOFT,graded,pbp,64,45,-0.303,-0.0523,-10,ok,0,7,4,1,1,,2,2,
v3.0,2021,2021-11-20,Alabama,Arkansas,home,42,35,-20.5,19.0,7,0,0,-12.0,AS EXPECTED,graded,pbp,76,73,0.06,0.3061,-13,ok,0,20,6,2,3,-3,2,1,Ranked opponent
v3.0,2021,2021-11-20,Mississippi State,Tennessee State,home,55,10,-44.0,32.1,35,20,10,2.9,AS EXPECTED,graded,pbp,28,32,1.0222,0.6569,8,ok,0,28,5,0,0,21,1,2,FCS opponent
v3.0,2021,2021-11-20,Illinois,Iowa,away,23,33,12.0,-12.7,-10,0,0,2.7,AS EXPECTED,graded,pbp,61,66,-0.0844,-0.1792,4,ok,0,6,6,1,5,-20,1,2,Road · Full house · Ranked opponent
v3.0,2021,2021-11-20,Colorado,Washington,home,20,17,6.5,-7.1,3,0,0,10.1,AS EXPECTED,graded,pbp,46,83,-0.2771,-0.097,-8,ok,0,10,6,0,3,-7,4,0,
v3.0,2021,2021-11-20,Florida State,Boston College,away,26,23,3.0,-3.3,3,0,0,6.3,AS EXPECTED,graded,pbp,64,72,0.0761,-0.0448,6,ok,0,7,5,1,2,-8,0,0,Road
v3.0,2021,2021-11-20,Florida,Missouri,away,23,24,-9.0,9.8,-1,0,0,-10.8,AS EXPECTED,graded,pbp,67,56,-0.0121,0.1344,-6,ok,6,10,8,1,3,,0,0,Road
v3.0,2021,2021-11-20,Georgia Tech,Notre Dame,away,0,55,17.5,-17.0,-45,0,10,-28.0,CERTIFIED SOFT,graded,pbp,26,35,-1.2014,-0.2613,-21,ok,0,0,0,0,1,,0,2,Road · Full house · Top-10 opponent
v3.0,2021,2021-11-20,Georgia,Charleston Southern,home,56,7,-52.5,35.0,42,14,7,7.0,AS EXPECTED,graded,pbp,36,26,1.1243,0.7838,8,ok,0,28,4,0,0,28,2,2,FCS opponent
v3.0,2021,2021-11-20,Iowa State,Oklahoma,away,21,28,3.0,-3.3,-7,0,0,-3.7,AS EXPECTED,graded,pbp,93,58,-0.0565,-0.0448,-1,ok,0,7,7,0,1,,2,3,Road · Full house · Ranked opponent
v3.0,2021,2021-11-20,Northwestern,Purdue,neutral,14,32,11.0,-11.8,-18,0,0,-6.2,AS EXPECTED,graded,pbp,69,61,-0.2584,-0.1642,-4,ok,0,0,2,0,2,,0,1,
v3.0,2021,2021-11-20,Arkansas,Alabama,away,35,42,20.5,-19.0,-7,0,0,12.0,AS EXPECTED,graded,pbp,73,76,-0.06,-0.3061,13,ok,0,7,4,0,1,,1,2,Road · Full house · Top-10 opponent
v3.0,2021,2021-11-20,Indiana,Minnesota,home,14,35,7.5,-8.2,-28,7,0,-19.8,SOFT,graded,pbp,44,67,-0.3631,-0.112,-10,ok,0,7,5,0,2,,0,2,
v3.0,2021,2021-11-20,Notre Dame,Georgia Tech,home,55,0,-17.5,17.0,45,10,0,28.0,CERTIFIED DAWG,graded,pbp,35,26,1.2014,0.2613,21,ok,0,21,3,0,0,35,2,0,
v3.0,2021,2021-11-20,Arizona State,Oregon State,away,10,24,-3.0,3.3,-14,0,0,-17.3,SOFT,graded,pbp,57,64,-0.0483,0.0448,-4,ok,0,10,5,0,1,,1,1,Road · Night · Group of 5 opponent
v3.0,2021,2021-11-20,Kentucky,New Mexico State,home,56,16,-35.5,29.1,33,7,0,3.9,AS EXPECTED,graded,pbp,52,47,0.8463,0.53,11,ok,0,21,5,1,1,19,2,4,Group of 5 opponent
v3.0,2021,2021-11-20,LSU,UL Monroe,home,27,14,-29.0,25.6,13,0,0,-12.6,SOFT,graded,pbp,72,65,0.0891,0.433,-17,ok,0,24,8,0,0,3,1,0,Night · Group of 5 opponent
v3.0,2021,2021-11-25,Ole Miss,Mississippi State,away,31,21,2.0,-2.2,10,0,0,12.2,AS EXPECTED,graded,pbp,78,80,-0.0337,-0.0299,0,ok,0,21,5,1,2,-1,0,1,Road · Night · Full house
v3.0,2021,2021-11-25,Mississippi State,Ole Miss,home,21,31,-2.0,2.2,-10,0,0,-12.2,AS EXPECTED,graded,pbp,80,78,0.0337,0.0299,0,ok,0,10,4,1,2,,1,0,Night · Top-10 opponent
v3.0,2021,2021-11-26,Missouri,Arkansas,away,17,34,14.5,-14.9,-25,8,0,-10.1,AS EXPECTED,graded,pbp,60,49,-0.3879,-0.2165,-7,ok,0,3,5,1,2,,1,1,Road
v3.0,2021,2021-11-26,NC State,North Carolina,home,34,30,-6.5,7.1,4,0,0,-3.1,AS EXPECTED,graded,pbp,60,67,-0.0284,0.097,-6,ok,0,7,4,0,3,-10,1,1,Night
v3.0,2021,2021-11-26,North Carolina,NC State,away,30,34,6.5,-7.1,-4,0,0,3.1,AS EXPECTED,graded,pbp,67,60,0.0284,-0.097,6,ok,0,27,7,0,4,-14,1,1,Road · Night · Full house · Ranked opponent
v3.0,2021,2021-11-26,Nebraska,Iowa,home,21,28,-1.0,1.1,-7,0,0,-8.1,AS EXPECTED,graded,pbp,64,63,0.0699,0.0149,3,ok,0,7,4,1,5,-18,1,2,Ranked opponent
v3.0,2021,2021-11-26,UCF,South Florida,home,17,13,-17.0,16.6,4,0,0,-12.6,SOFT,graded,pbp,54,73,0.0168,0.2538,-11,ok,0,17,6,0,3,,0,0,Group of 5 opponent
v3.0,2021,2021-11-26,Cincinnati,East Carolina,away,35,13,-14.5,14.9,22,0,0,7.1,AS EXPECTED,graded,pbp,64,77,0.17,0.2165,-2,ok,0,28,8,0,3,11,2,3,Road · Group of 5 opponent
v3.0,2021,2021-11-26,Iowa,Nebraska,away,28,21,1.0,-1.1,7,0,0,8.1,AS EXPECTED,graded,pbp,63,64,-0.0699,-0.0149,-3,ok,0,10,4,0,1,,2,1,Road · Full house
v3.0,2021,2021-11-26,Kansas State,Texas,away,17,22,2.5,-2.8,-5,0,0,-2.2,AS EXPECTED,graded,pbp,48,68,-0.233,-0.0373,-8,ok,0,10,5,1,5,,1,0,Road
v3.0,2021,2021-11-26,Texas,Kansas State,home,22,17,-2.5,2.8,5,0,0,2.2,AS EXPECTED,graded,pbp,68,48,0.233,0.0373,8,ok,0,6,7,2,3,,0,1,
v3.0,2021,2021-11-26,Utah,Colorado,home,28,13,-24.0,21.8,15,0,0,-6.8,AS EXPECTED,graded,pbp,66,52,0.4083,0.3583,2,ok,0,21,7,1,2,4,0,1,
v3.0,2021,2021-11-26,TCU,Iowa State,away,14,48,15.5,-15.6,-34,7,7,-18.4,SOFT,graded,pbp,54,46,-0.5236,-0.2314,-11,ok,0,0,1,0,1,,0,1,Road · Full house
v3.0,2021,2021-11-26,Washington,Washington State,home,13,40,1.0,-1.1,-33,6,0,-31.9,CERTIFIED SOFT,graded,pbp,27,65,-0.9694,-0.0149,-32,ok,0,0,2,0,1,,0,4,Night · Group of 5 opponent
v3.0,2021,2021-11-26,Colorado,Utah,away,13,28,24.0,-21.8,-15,0,0,6.8,AS EXPECTED,graded,pbp,52,66,-0.4083,-0.3583,-2,ok,0,6,6,0,1,,1,0,Road · Full house · Ranked opponent
v3.0,2021,2021-11-26,Iowa State,TCU,home,48,14,-15.5,15.6,34,7,7,18.4,DAWG,graded,pbp,46,54,0.5236,0.2314,11,ok,0,31,6,0,0,24,1,0,
v3.0,2021,2021-11-26,Arkansas,Missouri,home,34,17,-14.5,14.9,25,0,8,10.1,AS EXPECTED,graded,pbp,49,60,0.3879,0.2165,7,ok,0,31,7,0,2,14,1,1,
v3.0,2021,2021-11-27,Boston College,Wake Forest,home,10,41,6.5,-7.1,-24,0,7,-16.9,SOFT,graded,pbp,38,63,-0.4469,-0.097,-13,ok,0,0,5,0,1,,1,3,Ranked opponent
v3.0,2021,2021-11-27,Arizona,Arizona State,away,15,38,20.0,-18.7,-23,0,0,-4.3,AS EXPECTED,graded,pbp,61,42,-0.3013,-0.2986,0,ok,0,3,4,1,2,,0,2,Road · Full house
v3.0,2021,2021-11-27,Maryland,Rutgers,away,40,16,1.5,-1.7,24,0,0,25.7,CERTIFIED DAWG,graded,pbp,66,60,0.4972,-0.0224,24,ok,0,28,8,0,0,11,1,0,Road
v3.0,2021,2021-11-27,Michigan State,Penn State,home,30,27,4.5,-4.9,3,0,0,7.9,AS EXPECTED,graded,pbp,77,60,-0.003,-0.0672,3,ok,0,14,5,2,3,-11,1,2,
v3.0,2021,2021-11-27,Michigan,Ohio State,home,42,27,6.5,-7.1,15,0,0,22.1,DAWG,graded,pbp,61,79,0.1426,-0.097,12,ok,0,14,4,3,4,0,1,1,Top-10 opponent
v3.0,2021,2021-11-27,Minnesota,Wisconsin,home,23,13,7.0,-7.6,10,0,0,17.6,DAWG,graded,pbp,50,59,0.1359,-0.1045,9,ok,0,10,5,2,3,0,1,1,Ranked opponent
v3.0,2021,2021-11-27,Duke,Miami,home,10,47,20.5,,,,,,,unverified_scoring,,,,,,,pbp_conflict,0,0,1,0,2,,0,1,
v3.0,2021,2021-11-27,Wake Forest,Boston College,away,41,10,-6.5,7.1,24,7,0,16.9,DAWG,graded,pbp,63,38,0.4469,0.097,13,ok,0,38,9,1,2,10,3,1,Road
v3.0,2021,2021-11-27,Rutgers,Maryland,home,16,40,-1.5,1.7,-24,0,0,-25.7,CERTIFIED SOFT,graded,pbp,60,66,-0.4972,0.0224,-24,ok,0,0,4,0,1,,0,1,
v3.0,2021,2021-11-27,Syracuse,Pittsburgh,home,14,31,12.5,-13.2,-17,0,0,-3.8,AS EXPECTED,graded,pbp,54,72,-0.127,-0.1866,3,ok,0,0,5,0,2,,1,1,Night
v3.0,2021,2021-11-27,Ohio State,Michigan,away,27,42,-6.5,7.1,-15,0,0,-22.1,SOFT,graded,pbp,79,61,-0.1426,0.097,-12,ok,0,10,3,1,3,,1,1,Road · Full house · Top-10 opponent
v3.0,2021,2021-11-27,Oklahoma State,Oklahoma,home,37,33,-4.0,4.4,4,0,0,-0.4,AS EXPECTED,graded,pbp,65,83,0.1475,0.0597,5,ok,0,14,8,3,4,,1,3,Night · Top-10 opponent
v3.0,2021,2021-11-27,Auburn,Alabama,home,22,24,20.5,-19.0,-2,0,0,17.0,DAWG,graded,pbp,57,81,-0.2177,-0.3061,4,ok,19,10,11,3,4,,1,1,Top-10 opponent
v3.0,2021,2021-11-27,Oklahoma,Oklahoma State,away,33,37,4.0,-4.4,-4,0,0,0.4,AS EXPECTED,graded,pbp,83,65,-0.1475,-0.0597,-5,ok,0,7,6,3,6,-13,3,1,Road · Night · Full house · Top-10 opponent
v3.0,2021,2021-11-27,Penn State,Michigan State,away,27,30,-4.5,4.9,-3,0,0,-7.9,AS EXPECTED,graded,pbp,60,77,0.003,0.0672,-3,ok,0,14,4,0,3,,2,1,Road · Ranked opponent
v3.0,2021,2021-11-27,Pittsburgh,Syracuse,away,31,14,-12.5,13.2,17,0,0,3.8,AS EXPECTED,graded,pbp,72,54,0.127,0.1866,-3,ok,0,24,8,0,1,3,1,1,Road · Night
v3.0,2021,2021-11-27,Clemson,South Carolina,away,30,0,-11.5,12.3,23,7,0,10.7,AS EXPECTED,graded,pbp,52,37,0.4902,0.1717,10,ok,0,23,11,0,0,13,2,1,Road · Night · Full house
v3.0,2021,2021-11-27,Kansas,West Virginia,home,28,34,15.5,-15.6,-6,0,0,9.6,AS EXPECTED,graded,pbp,58,72,-0.1909,-0.2314,2,ok,0,7,4,2,3,,2,2,Night
v3.0,2021,2021-11-27,Vanderbilt,Tennessee,away,21,45,32.0,-27.4,-32,8,0,-4.6,AS EXPECTED,graded,pbp,59,57,-0.2045,-0.4778,11,ok,0,0,3,0,1,,1,1,Road
v3.0,2021,2021-11-27,Baylor,Texas Tech,home,27,24,-14.0,14.5,3,0,0,-11.5,AS EXPECTED,graded,pbp,84,52,-0.0426,0.209,-12,ok,0,13,5,1,4,-7,2,0,
v3.0,2021,2021-11-27,Miami,Duke,away,47,10,-20.5,,,,,,,unverified_scoring,,,,,,,pbp_conflict,0,20,5,1,1,,1,0,Road
v3.0,2021,2021-11-27,Stanford,Notre Dame,home,14,45,21.0,-19.4,-24,7,14,-4.6,AS EXPECTED,graded,pbp,34,55,-0.5597,-0.3135,-8,ok,0,7,6,0,1,,1,2,Night · Top-10 opponent
v3.0,2021,2021-11-27,Texas A&M,LSU,away,24,27,-6.5,7.1,-3,0,0,-10.1,AS EXPECTED,graded,pbp,63,74,0.0624,0.097,-2,ok,0,17,8,0,1,,0,0,Road · Night
v3.0,2021,2021-11-27,Houston,UConn,away,45,17,-32.0,27.4,35,0,7,7.6,AS EXPECTED,graded,pbp,62,57,0.3888,0.4778,-4,ok,0,31,9,1,1,21,1,1,Road · Group of 5 opponent
v3.0,2021,2021-11-27,Oregon,Oregon State,home,38,29,-7.5,8.2,9,0,0,0.8,AS EXPECTED,graded,pbp,69,60,0.0376,0.112,-3,ok,0,21,3,1,1,-5,1,0,Group of 5 opponent
v3.0,2021,2021-11-27,California,UCLA,away,14,42,6.5,-7.1,-28,0,0,-20.9,SOFT,graded,pbp,45,66,-0.6047,-0.097,-20,ok,0,0,2,0,2,,0,2,Road · Night
v3.0,2021,2021-11-27,Purdue,Indiana,home,44,7,-17.5,17.0,24,13,0,7.0,AS EXPECTED,graded,pbp,51,44,0.4973,0.2613,8,ok,0,31,6,0,1,14,1,0,
v3.0,2021,2021-11-27,BYU,USC,away,35,31,-8.5,9.2,4,0,0,-5.2,AS EXPECTED,graded,pbp,74,80,0.0477,0.1269,-4,ok,0,14,4,2,4,-7,0,2,Road · Night
v3.0,2021,2021-11-27,SMU,Tulsa,home,31,34,-6.5,7.1,-3,0,0,-10.1,AS EXPECTED,graded,pbp,83,69,0.0245,0.097,-4,ok,0,17,7,0,1,-13,2,2,Group of 5 opponent
v3.0,2021,2021-11-27,South Carolina,Clemson,home,0,30,11.5,-12.3,-23,0,7,-10.7,AS EXPECTED,graded,pbp,37,52,-0.4902,-0.1717,-10,ok,0,0,5,0,1,,1,2,Night · Ranked opponent
v3.0,2021,2021-11-27,Virginia,Virginia Tech,home,24,29,-7.0,7.6,-5,0,0,-12.6,SOFT,graded,pbp,69,63,-0.0584,0.1045,-8,ok,0,7,5,3,6,,1,2,
v3.0,2021,2021-11-27,Virginia Tech,Virginia,away,29,24,7.0,-7.6,5,0,0,12.6,DAWG,graded,pbp,63,69,0.0584,-0.1045,8,ok,0,10,4,3,4,,2,1,Road
v3.0,2021,2021-11-27,UCLA,California,home,42,14,-6.5,7.1,28,0,0,20.9,DAWG,graded,pbp,66,45,0.6047,0.097,20,ok,0,34,7,2,2,18,2,0,Night
v3.0,2021,2021-11-27,Tennessee,Vanderbilt,home,45,21,-32.0,27.4,32,0,8,4.6,AS EXPECTED,graded,pbp,57,59,0.2045,0.4778,-11,ok,0,24,6,0,0,18,1,1,
v3.0,2021,2021-11-27,Texas Tech,Baylor,away,24,27,14.0,-14.5,-3,0,0,11.5,AS EXPECTED,graded,pbp,52,84,0.0426,-0.209,12,ok,0,0,4,0,1,,0,2,Road · Top-10 opponent
v3.0,2021,2021-11-27,Wisconsin,Minnesota,away,13,23,-7.0,7.6,-10,0,0,-17.6,SOFT,graded,pbp,59,50,-0.1359,0.1045,-9,ok,0,0,3,2,4,,1,1,Road · Full house
v3.0,2021,2021-11-27,West Virginia,Kansas,away,34,28,-15.5,15.6,6,0,0,-9.6,AS EXPECTED,graded,pbp,72,58,0.1909,0.2314,-2,ok,0,20,6,2,4,-5,2,2,Road · Night
v3.0,2021,2021-11-27,USC,BYU,home,31,35,8.5,-9.2,-4,0,0,5.2,AS EXPECTED,graded,pbp,80,74,-0.0477,-0.1269,4,ok,0,10,4,0,2,,2,0,Night · Ranked opponent
v3.0,2021,2021-11-27,Alabama,Auburn,away,24,22,-20.5,19.0,2,0,0,-17.0,SOFT,graded,pbp,81,57,0.2177,0.3061,-4,ok,19,17,11,3,4,,1,1,Road · Full house
v3.0,2021,2021-11-27,Illinois,Northwestern,home,47,14,-7.0,7.6,30,10,7,22.4,DAWG,graded,pbp,35,43,0.5564,0.1045,13,ok,0,31,6,0,0,16,2,1,
v3.0,2021,2021-11-27,Florida State,Florida,away,21,24,4.0,-4.4,-3,0,0,1.4,AS EXPECTED,graded,pbp,66,75,0.0356,-0.0597,5,ok,0,14,6,0,2,,3,2,Road · Full house
v3.0,2021,2021-11-27,Florida,Florida State,home,24,21,-4.0,4.4,3,0,0,-1.4,AS EXPECTED,graded,pbp,75,66,-0.0356,0.0597,-5,ok,0,10,8,0,1,-7,2,3,
v3.0,2021,2021-11-27,Georgia Tech,Georgia,home,0,45,35.5,-29.1,-31,0,14,-1.9,AS EXPECTED,graded,pbp,29,36,-0.7737,-0.53,-6,ok,0,0,1,0,1,,0,0,Top-10 opponent
v3.0,2021,2021-11-27,Georgia,Georgia Tech,away,45,0,-35.5,29.1,31,14,0,1.9,AS EXPECTED,graded,pbp,36,29,0.7737,0.53,6,ok,0,24,5,0,0,21,0,0,Road · Full house
v3.0,2021,2021-11-27,Northwestern,Illinois,away,14,47,7.0,-7.6,-30,7,10,-22.4,SOFT,graded,pbp,43,35,-0.5564,-0.1045,-13,ok,0,0,2,0,1,,1,2,Road
v3.0,2021,2021-11-27,Indiana,Purdue,away,7,44,17.5,-17.0,-24,0,13,-7.0,AS EXPECTED,graded,pbp,44,51,-0.4973,-0.2613,-8,ok,0,0,2,1,2,,0,1,Road · Full house
v3.0,2021,2021-11-27,Notre Dame,Stanford,away,45,14,-21.0,19.4,24,14,7,4.6,AS EXPECTED,graded,pbp,55,34,0.5597,0.3135,8,ok,0,38,11,0,0,10,2,1,Road · Night
v3.0,2021,2021-11-27,Arizona State,Arizona,home,38,15,-20.0,18.7,23,0,0,4.3,AS EXPECTED,graded,pbp,42,61,0.3013,0.2986,0,ok,0,7,3,2,4,11,2,0,
v3.0,2021,2021-11-27,Kentucky,Louisville,away,52,21,3.0,-3.3,31,14,14,34.3,CERTIFIED DAWG,graded,pbp,57,34,0.4639,-0.0448,17,ok,0,24,4,1,1,21,1,0,Road · Night · Full house
v3.0,2021,2021-11-27,Louisville,Kentucky,home,21,52,-3.0,3.3,-31,14,14,-34.3,CERTIFIED SOFT,graded,pbp,34,57,-0.4639,0.0448,-17,ok,0,0,0,1,2,,0,1,Night
v3.0,2021,2021-11-27,LSU,Texas A&M,home,27,24,6.5,-7.1,3,0,0,10.1,AS EXPECTED,graded,pbp,74,63,-0.0624,-0.097,2,ok,0,24,8,0,4,-7,0,0,Night · Ranked opponent
v3.0,2021,2021-12-03,Oregon,Utah,neutral,10,38,3.0,-3.3,-28,7,7,-24.7,CERTIFIED SOFT,graded,pbp,41,49,-0.486,-0.0448,-14,ok,0,0,4,0,1,,2,2,Night · Ranked opponent
v3.0,2021,2021-12-03,Utah,Oregon,neutral,38,10,-3.0,3.3,28,7,7,24.7,CERTIFIED DAWG,graded,pbp,49,41,0.486,0.0448,14,ok,0,14,5,0,0,14,2,2,Night · Top-10 opponent
v3.0,2021,2021-12-04,Michigan,Iowa,neutral,42,3,-12.0,12.7,25,14,0,12.3,DAWG,graded,pbp,48,61,0.2842,0.1792,4,ok,0,28,9,0,0,11,1,3,Night · Ranked opponent
v3.0,2021,2021-12-04,Wake Forest,Pittsburgh,neutral,21,45,3.5,-3.9,-24,0,0,-20.1,SOFT,graded,pbp,75,63,-0.3139,-0.0523,-13,ok,0,7,9,2,4,,0,4,Night · Ranked opponent
v3.0,2021,2021-12-04,Oklahoma State,Baylor,neutral,16,21,-7.0,7.6,-5,0,0,-12.6,SOFT,graded,pbp,87,61,-0.0859,0.1045,-10,ok,0,10,8,0,1,,1,5,Top-10 opponent
v3.0,2021,2021-12-04,Cincinnati,Houston,home,35,20,-10.5,11.3,15,0,0,3.7,AS EXPECTED,graded,pbp,45,73,0.2357,0.1568,3,ok,0,14,7,2,3,0,1,0,Ranked opponent
v3.0,2021,2021-12-04,Pittsburgh,Wake Forest,neutral,45,21,-3.5,3.9,24,0,0,20.1,DAWG,graded,pbp,63,75,0.3139,0.0523,13,ok,0,21,10,1,3,14,4,0,Night · Ranked opponent
v3.0,2021,2021-12-04,Iowa,Michigan,neutral,3,42,12.0,-12.7,-25,0,14,-12.3,SOFT,graded,pbp,61,48,-0.2842,-0.1792,-4,ok,0,0,7,0,1,,3,1,Night · Top-10 opponent
v3.0,2021,2021-12-04,Baylor,Oklahoma State,neutral,21,16,7.0,-7.6,5,0,0,12.6,DAWG,graded,pbp,61,87,0.0859,-0.1045,10,ok,0,21,7,0,3,-6,5,1,Top-10 opponent
v3.0,2021,2021-12-04,Houston,Cincinnati,away,20,35,10.5,-11.3,-15,0,0,-3.7,AS EXPECTED,graded,pbp,73,45,-0.2357,-0.1568,-3,ok,0,7,5,2,3,,0,1,Road · Full house · Top-10 opponent
v3.0,2021,2021-12-04,California,USC,home,24,14,-4.5,4.9,10,0,0,5.1,AS EXPECTED,graded,pbp,87,129,-0.0926,0.0672,-12,ok,0,10,5,1,1,0,2,0,Night
v3.0,2021,2021-12-04,USC,California,away,14,24,4.5,-4.9,-10,0,0,-5.1,AS EXPECTED,graded,pbp,129,87,0.0926,-0.0672,12,ok,0,7,4,0,2,,0,2,Road · Night
v3.0,2021,2021-12-04,Alabama,Georgia,neutral,41,24,6.5,-7.1,17,0,0,24.1,CERTIFIED DAWG,graded,pbp,70,78,0.2231,-0.097,17,ok,0,13,6,1,2,3,2,0,Top-10 opponent
v3.0,2021,2021-12-04,Georgia,Alabama,neutral,24,41,-6.5,7.1,-17,0,0,-24.1,CERTIFIED SOFT,graded,pbp,78,70,-0.2231,0.097,-17,ok,0,10,5,1,3,-27,0,2,Top-10 opponent
v3.0,2021,2021-12-18,BYU,UAB,neutral,28,31,-6.0,6.6,-3,0,0,-9.6,AS EXPECTED,graded,pbp,58,66,0.0296,0.0896,-3,ok,0,14,3,0,4,,1,1,Postseason · Group of 5 opponent
v3.0,2021,2021-12-22,Missouri,Army,neutral,22,24,7.0,-7.6,-2,0,0,5.6,AS EXPECTED,graded,pbp,71,64,-0.0754,-0.1045,1,ok,0,10,4,1,3,-12,0,1,Night · Postseason · Group of 5 opponent
v3.0,2021,2021-12-23,UCF,Florida,neutral,29,17,7.0,-7.6,12,0,0,19.6,DAWG,graded,pbp,75,67,0.0955,-0.1045,10,ok,0,20,8,2,3,3,0,0,Night · Postseason
v3.0,2021,2021-12-23,Florida,UCF,neutral,17,29,-7.0,7.6,-12,0,0,-19.6,SOFT,graded,pbp,67,75,-0.0955,0.1045,-10,ok,0,7,6,2,4,,0,0,Night · Postseason
v3.0,2021,2021-12-28,Minnesota,West Virginia,neutral,18,6,-6.0,6.6,12,0,0,5.4,AS EXPECTED,graded,pbp,64,58,0.1607,0.0896,3,ok,0,17,8,0,1,3,1,2,Night · Postseason
v3.0,2021,2021-12-28,Auburn,Houston,neutral,13,17,1.5,-1.7,-4,0,0,-2.3,AS EXPECTED,graded,pbp,66,67,-0.0761,-0.0224,-3,ok,0,7,7,0,2,,2,0,Ranked opponent · Postseason
v3.0,2021,2021-12-28,Houston,Auburn,neutral,17,13,-1.5,1.7,4,0,0,2.3,AS EXPECTED,graded,pbp,67,66,0.0761,0.0224,3,ok,0,10,6,0,3,-6,0,2,Postseason
v3.0,2021,2021-12-28,Texas Tech,Mississippi State,neutral,34,7,10.0,-10.8,27,0,0,37.8,CERTIFIED DAWG,graded,pbp,69,55,0.3351,-0.1493,22,ok,0,24,7,0,1,17,2,1,Night · Postseason
v3.0,2021,2021-12-28,West Virginia,Minnesota,neutral,6,18,6.0,-6.6,-12,0,0,-5.4,AS EXPECTED,graded,pbp,58,64,-0.1607,-0.0896,-3,ok,0,0,6,1,2,,2,1,Night · Postseason
v3.0,2021,2021-12-28,Mississippi State,Texas Tech,neutral,7,34,-10.0,10.8,-27,0,0,-37.8,CERTIFIED SOFT,graded,pbp,55,69,-0.3351,0.1493,-22,ok,0,0,3,0,1,,1,2,Night · Postseason
v3.0,2021,2021-12-28,Louisville,Air Force,neutral,28,31,1.0,-1.1,-3,0,0,-1.9,AS EXPECTED,graded,pbp,59,65,0.0144,-0.0149,1,ok,0,7,3,0,1,,0,0,Postseason · Group of 5 opponent
v3.0,2021,2021-12-29,Maryland,Virginia Tech,neutral,54,10,-4.5,4.9,31,13,0,26.1,CERTIFIED DAWG,graded,pbp,43,50,0.4701,0.0672,13,ok,0,28,6,1,1,20,0,1,Postseason
v3.0,2021,2021-12-29,Oklahoma,Oregon,neutral,47,32,-7.0,7.6,15,0,0,7.4,AS EXPECTED,graded,pbp,70,73,0.0279,0.1045,-4,ok,0,28,4,1,1,2,1,0,Night · Ranked opponent · Postseason
v3.0,2021,2021-12-29,Clemson,Iowa State,neutral,20,13,-2.0,2.2,7,0,0,4.8,AS EXPECTED,graded,pbp,73,60,0.046,0.0299,1,ok,0,10,6,0,2,-3,2,1,Postseason
v3.0,2021,2021-12-29,Oregon,Oklahoma,neutral,32,47,7.0,-7.6,-15,0,0,-7.4,AS EXPECTED,graded,pbp,73,70,-0.0279,-0.1045,4,ok,0,0,2,1,2,,0,1,Night · Ranked opponent · Postseason
v3.0,2021,2021-12-29,Virginia Tech,Maryland,neutral,10,54,4.5,-4.9,-31,0,13,-26.1,CERTIFIED SOFT,graded,pbp,50,43,-0.4701,-0.0672,-13,ok,0,3,2,0,2,,1,0,Postseason
v3.0,2021,2021-12-29,Iowa State,Clemson,neutral,13,20,2.0,-2.2,-7,0,0,-4.8,AS EXPECTED,graded,pbp,60,73,-0.046,-0.0299,-1,ok,0,13,7,0,2,,1,2,Ranked opponent · Postseason
v3.0,2021,2021-12-30,Michigan State,Pittsburgh,neutral,31,21,-3.5,3.9,10,0,0,6.1,AS EXPECTED,graded,pbp,86,55,0.2579,0.0523,10,ok,0,21,8,1,1,0,1,1,Night · Ranked opponent · Postseason
v3.0,2021,2021-12-30,North Carolina,South Carolina,neutral,21,38,-12.5,13.2,-17,0,0,-30.2,CERTIFIED SOFT,graded,pbp,50,66,-0.1249,0.1866,-13,ok,0,3,2,0,1,,0,0,Postseason
v3.0,2021,2021-12-30,Pittsburgh,Michigan State,neutral,21,31,3.5,-3.9,-10,0,0,-6.1,AS EXPECTED,graded,pbp,55,86,-0.2579,-0.0523,-10,ok,0,7,6,1,3,-21,1,1,Night · Top-10 opponent · Postseason
v3.0,2021,2021-12-30,Purdue,Tennessee,neutral,48,45,7.5,-8.2,3,0,0,11.2,AS EXPECTED,graded,pbp,78,95,-0.056,-0.112,3,ok,12,23,10,3,6,,1,3,Postseason
v3.0,2021,2021-12-30,South Carolina,North Carolina,neutral,38,21,12.5,-13.2,17,0,0,30.2,CERTIFIED DAWG,graded,pbp,66,50,0.1249,-0.1866,13,ok,0,23,5,1,1,2,0,0,Postseason
v3.0,2021,2021-12-30,Tennessee,Purdue,neutral,45,48,-7.5,8.2,-3,0,0,-11.2,AS EXPECTED,graded,pbp,95,78,0.056,0.112,-3,ok,12,24,9,2,6,-17,3,1,Postseason
v3.0,2021,2021-12-30,Wisconsin,Arizona State,neutral,20,13,-7.5,8.2,7,0,0,-1.2,AS EXPECTED,graded,pbp,58,54,-0.0992,0.112,-9,ok,0,7,5,2,3,-4,1,1,Night · Postseason
v3.0,2021,2021-12-30,Arizona State,Wisconsin,neutral,13,20,7.5,-8.2,-7,0,0,1.2,AS EXPECTED,graded,pbp,54,58,0.0992,-0.112,9,ok,0,10,4,1,1,,1,1,Night · Postseason
v3.0,2021,2021-12-31,Michigan,Georgia,neutral,11,34,7.5,-8.2,-24,8,7,-15.8,SOFT,graded,pbp,44,49,-0.4572,-0.112,-12,ok,0,0,2,0,1,,0,3,Night · Top-10 opponent · Postseason
v3.0,2021,2021-12-31,Wake Forest,Rutgers,neutral,38,10,-16.5,16.3,28,0,0,11.7,AS EXPECTED,graded,pbp,73,54,0.322,0.2463,3,ok,0,17,5,2,2,18,2,0,Postseason
v3.0,2021,2021-12-31,Rutgers,Wake Forest,neutral,10,38,16.5,-16.3,-28,0,0,-11.7,AS EXPECTED,graded,pbp,54,73,-0.322,-0.2463,-3,ok,0,0,2,2,3,,0,2,Ranked opponent · Postseason
v3.0,2021,2021-12-31,Cincinnati,Alabama,neutral,6,27,13.0,-13.6,-21,0,0,-7.4,AS EXPECTED,graded,pbp,58,75,-0.322,-0.1941,-6,ok,0,0,4,1,2,,1,1,Top-10 opponent · Postseason
v3.0,2021,2021-12-31,Alabama,Cincinnati,neutral,27,6,-13.0,13.6,21,0,0,7.4,AS EXPECTED,graded,pbp,75,58,0.322,0.1941,6,ok,0,17,6,1,1,7,1,1,Top-10 opponent · Postseason
v3.0,2021,2021-12-31,Georgia,Michigan,neutral,34,11,-7.5,8.2,24,7,8,15.8,DAWG,graded,pbp,49,44,0.4572,0.112,12,ok,0,24,6,0,0,10,3,0,Night · Top-10 opponent · Postseason
v3.0,2021,2022-01-01,Ole Miss,Baylor,neutral,7,21,-1.0,1.1,-14,0,0,-15.1,SOFT,graded,pbp,88,58,-0.0107,0.0149,-1,ok,0,7,9,0,2,,1,3,Night · Top-10 opponent · Postseason
v3.0,2021,2022-01-01,Ohio State,Utah,neutral,48,45,4.0,-4.4,3,0,0,7.4,AS EXPECTED,graded,pbp,67,68,0.3754,-0.0597,21,ok,0,21,4,0,2,,1,2,Ranked opponent · Postseason
v3.0,2021,2022-01-01,Oklahoma State,Notre Dame,neutral,37,35,-1.0,1.1,2,0,0,0.9,AS EXPECTED,graded,pbp,95,89,0.1,0.0149,6,ok,0,23,11,0,1,-7,2,3,Top-10 opponent · Postseason
v3.0,2021,2022-01-01,Penn State,Arkansas,neutral,10,24,3.5,-3.9,-14,0,0,-10.1,AS EXPECTED,graded,pbp,63,78,-0.1331,-0.0523,-4,ok,0,10,6,0,3,,2,2,Ranked opponent · Postseason
v3.0,2021,2022-01-01,Iowa,Kentucky,neutral,17,20,3.0,-3.3,-3,0,0,0.3,AS EXPECTED,graded,pbp,60,75,0.0457,-0.0448,4,ok,0,17,6,0,3,,1,2,Ranked opponent · Postseason
v3.0,2021,2022-01-01,Baylor,Ole Miss,neutral,21,7,1.0,-1.1,14,0,0,15.1,DAWG,graded,pbp,58,88,0.0107,-0.0149,1,ok,0,14,9,0,1,0,3,1,Night · Top-10 opponent · Postseason
v3.0,2021,2022-01-01,Utah,Ohio State,neutral,45,48,-4.0,4.4,-3,0,0,-7.4,AS EXPECTED,graded,pbp,68,67,-0.3754,0.0597,-21,ok,0,14,4,5,7,-17,2,1,Top-10 opponent · Postseason
v3.0,2021,2022-01-01,Arkansas,Penn State,neutral,24,10,-3.5,3.9,14,0,0,10.1,AS EXPECTED,graded,pbp,78,63,0.1331,0.0523,4,ok,0,17,8,0,2,0,2,2,Postseason
v3.0,2021,2022-01-01,Notre Dame,Oklahoma State,neutral,35,37,1.0,-1.1,-2,0,0,-0.9,AS EXPECTED,graded,pbp,89,95,-0.1,-0.0149,-6,ok,0,21,9,0,5,-16,3,2,Top-10 opponent · Postseason
v3.0,2021,2022-01-01,Kentucky,Iowa,neutral,20,17,-3.0,3.3,3,0,0,-0.3,AS EXPECTED,graded,pbp,75,60,-0.0457,0.0448,-4,ok,0,17,6,1,3,-7,2,1,Ranked opponent · Postseason
v3.0,2021,2022-01-04,Kansas State,LSU,neutral,42,20,-9.5,10.3,28,7,13,17.7,DAWG,graded,pbp,51,31,0.4703,0.1418,10,ok,0,28,5,0,0,14,2,0,Night · Postseason
v3.0,2021,2022-01-04,LSU,Kansas State,neutral,20,42,9.5,-10.3,-28,13,7,-17.7,SOFT,graded,pbp,31,51,-0.4703,-0.1418,-10,ok,0,0,2,0,1,,0,2,Night · Postseason
v3.0,2021,2022-01-10,Alabama,Georgia,neutral,18,33,3.0,-3.3,-15,0,0,-11.7,AS EXPECTED,graded,pbp,85,56,-0.1691,-0.0448,-6,ok,0,10,6,2,5,,1,2,Night · Top-10 opponent · Postseason
v3.0,2021,2022-01-10,Georgia,Alabama,neutral,33,18,-3.0,3.3,15,0,0,11.7,AS EXPECTED,graded,pbp,56,85,0.1691,0.0448,6,ok,0,17,5,2,5,0,2,1,Night · Top-10 opponent · Postseason
v3.0,2022,2022-08-27,North Carolina,Florida A&M,home,56,24,-45.5,32.9,25,7,0,-7.9,AS EXPECTED,graded,pbp,65,57,0.234,0.6805,-20,ok,0,28,5,1,2,11,2,0,Night · FCS opponent
v3.0,2022,2022-08-27,Nebraska,Northwestern,neutral,28,31,-12.5,13.2,-3,0,0,-16.2,SOFT,graded,pbp,73,85,-0.1461,0.1869,-19,ok,0,14,8,1,5,-14,1,3,
v3.0,2022,2022-08-27,Vanderbilt,Hawai'i,away,63,10,-9.0,9.6,32,21,0,22.4,DAWG,graded,pbp,41,43,0.342,0.1346,6,ok,0,14,4,1,2,21,2,0,Road · Night · Group of 5 opponent
v3.0,2022,2022-08-27,Illinois,Wyoming,home,38,6,-14.0,14.5,25,7,0,10.5,AS EXPECTED,graded,pbp,64,41,0.4973,0.2094,11,ok,0,24,7,0,1,14,2,0,Group of 5 opponent
v3.0,2022,2022-08-27,Florida State,Duquesne,home,47,7,-42.0,31.5,40,7,7,8.5,AS EXPECTED,graded,pbp,51,28,0.6907,0.6281,2,ok,0,20,4,0,0,27,1,1,FCS opponent
v3.0,2022,2022-08-27,Northwestern,Nebraska,neutral,31,28,12.5,-13.2,3,0,0,16.2,DAWG,graded,pbp,85,73,0.1461,-0.1869,19,ok,0,17,9,0,2,,3,1,
v3.0,2022,2022-09-01,Minnesota,New Mexico State,home,38,0,-36.0,29.0,31,7,0,2.0,AS EXPECTED,graded,pbp,55,17,,,,few_plays,0,24,4,0,0,17,1,0,Night · Group of 5 opponent
v3.0,2022,2022-09-01,Missouri,Louisiana Tech,home,52,24,-20.5,19.1,35,7,14,15.9,DAWG,graded,pbp,67,56,0.4531,0.3066,7,ok,0,28,9,0,1,24,3,2,Night · Group of 5 opponent
v3.0,2022,2022-09-01,Wake Forest,VMI,home,44,10,-33.5,27.8,27,7,0,-0.8,AS EXPECTED,graded,pbp,59,53,0.2924,0.501,-8,ok,0,30,7,0,0,17,1,0,Night · FCS opponent
v3.0,2022,2022-09-01,Oklahoma State,Central Michigan,home,58,44,-20.5,19.1,21,14,21,1.9,AS EXPECTED,graded,pbp,50,54,0.1711,0.3066,-5,ok,0,28,5,0,1,12,1,0,Night · Group of 5 opponent
v3.0,2022,2022-09-01,UCF,South Carolina State,home,56,10,-43.5,32.1,32,14,0,-0.1,AS EXPECTED,graded,espn,,,,,,no_pbp,0,0,0,0,0,18,0,0,Night · FCS opponent
v3.0,2022,2022-09-01,Penn State,Purdue,away,35,31,-3.5,3.7,4,0,0,0.3,AS EXPECTED,graded,pbp,73,81,-0.1006,0.0523,-9,ok,0,28,8,1,5,-7,1,1,Road · Night
v3.0,2022,2022-09-01,Pittsburgh,West Virginia,home,38,31,-7.5,8.0,7,0,0,-1.0,AS EXPECTED,graded,pbp,62,73,0.2452,0.1122,7,ok,0,31,7,0,4,,2,1,Night
v3.0,2022,2022-09-01,Purdue,Penn State,home,31,35,3.5,-3.7,-4,0,0,-0.3,AS EXPECTED,graded,pbp,81,73,0.1006,-0.0523,9,ok,0,10,8,1,3,,1,1,Night
v3.0,2022,2022-09-01,Tennessee,Ball State,home,59,10,-35.5,28.8,38,21,10,9.2,AS EXPECTED,graded,pbp,45,38,0.785,0.5309,8,ok,0,31,6,0,0,28,3,1,Night · Group of 5 opponent
v3.0,2022,2022-09-01,West Virginia,Pittsburgh,away,31,38,7.5,-8.0,-7,0,0,1.0,AS EXPECTED,graded,pbp,73,62,-0.2452,-0.1122,-7,ok,0,14,7,1,3,,1,2,Road · Night · Full house · Ranked opponent
v3.0,2022,2022-09-01,Arizona State,Northern Arizona,home,40,3,-25.5,22.8,31,6,0,8.2,AS EXPECTED,graded,espn,,,,,,no_pbp,0,0,0,0,0,21,0,0,Night · FCS opponent
v3.0,2022,2022-09-02,Michigan State,Western Michigan,home,35,13,-21.5,19.8,22,0,0,2.2,AS EXPECTED,graded,pbp,56,73,0.2237,0.3215,-5,ok,0,28,8,1,2,11,2,2,Night · Group of 5 opponent
v3.0,2022,2022-09-02,Duke,Temple,home,30,0,-9.5,10.1,27,3,0,16.9,DAWG,graded,pbp,52,39,0.653,0.1421,17,ok,0,20,7,0,0,17,2,0,Night · Group of 5 opponent
v3.0,2022,2022-09-02,Kansas,Tennessee Tech,home,56,10,-30.5,26.2,32,21,7,5.8,AS EXPECTED,graded,pbp,28,31,0.8526,0.4561,8,ok,0,21,3,0,0,18,1,2,Night · FCS opponent
v3.0,2022,2022-09-02,Virginia Tech,Old Dominion,away,17,20,-6.0,6.4,-3,0,0,-9.4,AS EXPECTED,graded,pbp,75,68,0.2855,0.0897,10,ok,0,24,10,0,1,,2,4,Road · Night · Full house · Group of 5 opponent
v3.0,2022,2022-09-02,TCU,Colorado,away,38,13,-13.5,14.1,25,7,7,10.9,AS EXPECTED,graded,pbp,46,57,0.4419,0.2019,9,ok,0,24,5,0,2,14,0,0,Road · Night
v3.0,2022,2022-09-02,Illinois,Indiana,away,20,23,1.0,-1.1,-3,0,0,-1.9,AS EXPECTED,graded,pbp,90,78,0.0602,-0.015,5,ok,0,10,8,2,4,,2,4,Road · Night
v3.0,2022,2022-09-02,Colorado,TCU,home,13,38,13.5,-14.1,-25,7,7,-10.9,AS EXPECTED,graded,pbp,57,46,-0.4419,-0.2019,-9,ok,0,3,3,1,2,,0,0,Night
v3.0,2022,2022-09-02,Indiana,Illinois,home,23,20,-1.0,1.1,3,0,0,1.9,AS EXPECTED,graded,pbp,78,90,-0.0602,0.015,-5,ok,0,13,8,2,4,,4,2,Night
v3.0,2022,2022-09-03,Boston College,Rutgers,home,21,22,-9.0,9.6,-1,0,0,-10.6,AS EXPECTED,graded,pbp,68,59,-0.1604,0.1346,-14,ok,0,14,8,1,4,-10,1,3,
v3.0,2022,2022-09-03,Arizona,San Diego State,away,38,20,6.5,-6.9,18,0,0,24.9,CERTIFIED DAWG,graded,pbp,73,55,0.3488,-0.0972,21,ok,0,17,7,1,2,8,2,2,Road · Full house · Group of 5 opponent
v3.0,2022,2022-09-03,Maryland,Buffalo,home,31,10,-24.0,21.7,24,0,3,2.3,AS EXPECTED,graded,pbp,58,59,0.3478,0.3589,0,ok,0,24,9,0,0,10,0,1,Group of 5 opponent
v3.0,2022,2022-09-03,Michigan,Colorado State,home,51,7,-31.0,26.5,30,21,7,3.5,AS EXPECTED,graded,pbp,38,34,0.5507,0.4636,2,ok,0,23,6,0,0,20,2,0,Group of 5 opponent
v3.0,2022,2022-09-03,Ole Miss,Troy,home,28,10,-21.5,19.8,25,0,7,5.2,AS EXPECTED,graded,pbp,72,64,0.3187,0.3215,0,ok,0,21,5,0,0,11,3,3,Group of 5 opponent
v3.0,2022,2022-09-03,NC State,East Carolina,away,21,20,-12.5,13.2,1,0,0,-12.2,AS EXPECTED,graded,pbp,65,68,-0.1227,0.1869,-15,ok,0,14,7,0,3,-13,2,2,Road · Full house · Group of 5 opponent
v3.0,2022,2022-09-03,North Carolina,Appalachian State,away,63,61,3.0,-3.2,2,0,0,5.2,AS EXPECTED,graded,pbp,73,89,0.017,-0.0449,4,ok,0,20,4,3,5,-12,1,1,Road · Full house · Group of 5 opponent
v3.0,2022,2022-09-03,Nebraska,North Dakota,home,38,17,-28.5,24.9,21,0,0,-3.9,AS EXPECTED,graded,pbp,60,70,0.2864,0.4262,-7,ok,0,24,8,1,2,11,1,2,FCS opponent
v3.0,2022,2022-09-03,Rutgers,Boston College,away,22,21,9.0,-9.6,1,0,0,10.6,AS EXPECTED,graded,pbp,59,68,0.1604,-0.1346,14,ok,0,24,8,0,3,,3,1,Road
v3.0,2022,2022-09-03,Syracuse,Louisville,home,31,7,5.5,-5.8,24,0,0,29.8,CERTIFIED DAWG,graded,pbp,58,42,0.4146,-0.0823,18,ok,0,21,6,1,1,14,3,0,Night
v3.0,2022,2022-09-03,Ohio State,Notre Dame,home,21,10,-17.0,16.8,11,0,0,-5.8,AS EXPECTED,graded,pbp,69,48,0.2511,0.2542,0,ok,0,21,6,0,2,0,0,0,Night · Top-10 opponent
v3.0,2022,2022-09-03,Auburn,Mercer,home,42,16,-30.0,25.9,35,0,9,9.1,AS EXPECTED,graded,pbp,52,41,0.4607,0.4487,0,ok,0,28,6,0,0,21,0,2,Night · FCS opponent
v3.0,2022,2022-09-03,Oklahoma,UTEP,home,45,13,-31.0,26.5,32,3,3,5.5,AS EXPECTED,graded,pbp,47,59,0.4738,0.4636,0,ok,0,28,4,0,0,18,1,0,Group of 5 opponent
v3.0,2022,2022-09-03,Cincinnati,Arkansas,away,24,31,6.5,-6.9,-7,0,0,-0.1,AS EXPECTED,graded,pbp,74,71,0.0314,-0.0972,7,ok,0,3,7,0,2,,1,3,Road · Full house · Ranked opponent
v3.0,2022,2022-09-03,Iowa,South Dakota State,home,7,3,-10.5,11.2,4,0,0,-7.2,AS EXPECTED,graded,pbp,59,55,-0.0965,0.157,-10,ok,0,3,11,0,0,,0,2,FCS opponent
v3.0,2022,2022-09-03,Kansas State,South Dakota,home,34,0,-27.0,23.9,34,0,0,10.1,AS EXPECTED,graded,pbp,46,31,0.706,0.4038,8,ok,0,14,5,0,0,20,1,0,Night · FCS opponent
v3.0,2022,2022-09-03,Vanderbilt,Elon,home,42,31,-18.5,17.8,11,0,0,-6.8,AS EXPECTED,graded,pbp,58,72,-0.0302,0.2767,-14,ok,0,28,9,0,0,-3,1,0,Night · FCS opponent
v3.0,2022,2022-09-03,Baylor,Albany,home,69,10,-42.5,31.7,35,27,3,3.3,AS EXPECTED,graded,pbp,41,35,0.4705,0.6356,-5,ok,0,14,4,1,1,21,1,0,Night · FCS opponent
v3.0,2022,2022-09-03,Miami,Bethune-Cookman,home,70,13,-49.5,34.5,32,28,3,-2.5,AS EXPECTED,graded,pbp,29,31,0.8729,0.7403,3,ok,0,14,2,1,1,21,3,1,FCS opponent
v3.0,2022,2022-09-03,Stanford,Colgate,home,41,10,-40.0,30.7,25,6,0,-5.7,AS EXPECTED,graded,pbp,44,50,0.5944,0.5982,0,ok,0,7,3,0,0,11,2,2,FCS opponent
v3.0,2022,2022-09-03,Texas A&M,Sam Houston,home,31,0,-36.5,29.2,24,7,0,-5.2,AS EXPECTED,graded,pbp,50,40,0.5078,0.5459,-1,ok,0,24,10,0,0,14,2,2,Group of 5 opponent
v3.0,2022,2022-09-03,Houston,UTSA,away,37,35,-3.5,3.7,2,0,0,-1.7,AS EXPECTED,graded,pbp,66,65,-0.1328,0.0523,-9,ok,2,17,6,0,2,,1,1,Road · Group of 5 opponent
v3.0,2022,2022-09-03,Oregon,Georgia,neutral,3,49,16.0,-16.1,-32,0,14,-15.9,SOFT,graded,pbp,36,39,-0.706,-0.2393,-13,ok,0,0,0,0,1,,0,2,Top-10 opponent
v3.0,2022,2022-09-03,California,UC Davis,home,34,13,-14.0,14.5,21,0,0,6.5,AS EXPECTED,graded,pbp,69,77,0.1199,0.2094,-5,ok,0,24,8,0,1,11,2,1,FCS opponent
v3.0,2022,2022-09-03,Texas,UL Monroe,home,52,10,-37.5,29.7,35,14,7,5.3,AS EXPECTED,graded,pbp,37,36,0.5457,0.5608,0,ok,0,10,4,1,1,24,1,1,Night · Group of 5 opponent
v3.0,2022,2022-09-03,BYU,South Florida,away,50,21,-11.5,12.2,40,3,14,27.8,CERTIFIED DAWG,graded,pbp,59,36,0.5039,0.172,11,ok,0,14,2,0,0,26,1,1,Road · Group of 5 opponent
v3.0,2022,2022-09-03,Utah,Florida,away,26,29,-2.5,2.6,-3,0,0,-5.6,AS EXPECTED,graded,pbp,71,63,-0.1338,0.0374,-8,ok,0,17,4,2,4,,1,1,Road · Night · Full house
v3.0,2022,2022-09-03,SMU,North Texas,away,48,10,-9.5,10.1,28,10,0,17.9,DAWG,graded,pbp,54,65,0.4432,0.1421,13,ok,0,24,7,0,0,14,3,1,Road · Night · Group of 5 opponent
v3.0,2022,2022-09-03,South Carolina,Georgia State,home,35,14,-12.5,13.2,21,0,0,7.8,AS EXPECTED,graded,pbp,68,68,0.0848,0.1869,-5,ok,0,13,10,1,2,12,1,2,Night · Group of 5 opponent
v3.0,2022,2022-09-03,Virginia,Richmond,home,34,17,-21.5,19.8,17,0,0,-2.8,AS EXPECTED,graded,pbp,72,70,0.139,0.3215,-9,ok,0,21,6,1,1,3,0,2,FCS opponent
v3.0,2022,2022-09-03,UCLA,Bowling Green,home,45,17,-24.0,21.7,28,0,0,6.3,AS EXPECTED,graded,pbp,87,58,0.5773,0.3589,12,ok,0,35,9,1,2,14,1,1,Group of 5 opponent
v3.0,2022,2022-09-03,Washington,Kent State,home,45,20,-23.5,21.3,32,0,7,10.7,AS EXPECTED,graded,pbp,63,48,0.3197,0.3514,-1,ok,0,21,3,1,1,18,3,0,Night · Group of 5 opponent
v3.0,2022,2022-09-03,Texas Tech,Murray State,home,63,10,-38.0,29.9,32,21,0,2.1,AS EXPECTED,graded,pbp,33,40,0.906,0.5683,9,ok,0,21,3,0,0,18,0,1,Night · FCS opponent
v3.0,2022,2022-09-03,Wisconsin,Illinois State,home,38,0,-36.5,29.2,31,7,0,1.8,AS EXPECTED,graded,pbp,32,40,0.8194,0.5459,7,ok,0,17,4,0,0,17,2,0,Night · FCS opponent
v3.0,2022,2022-09-03,USC,Rice,home,66,14,-32.5,27.3,31,21,0,3.7,AS EXPECTED,graded,pbp,30,40,0.7564,0.486,7,ok,0,7,1,1,1,17,4,0,Group of 5 opponent
v3.0,2022,2022-09-03,Alabama,Utah State,home,55,0,-42.0,31.5,41,14,0,9.5,AS EXPECTED,graded,pbp,46,26,0.963,0.6281,9,ok,0,31,5,0,0,31,0,1,Night · Group of 5 opponent
v3.0,2022,2022-09-03,Mississippi State,Memphis,home,49,23,-17.0,16.8,46,0,20,29.2,CERTIFIED DAWG,graded,pbp,74,26,0.8311,0.2542,21,ok,0,14,3,0,0,32,1,2,Night · Group of 5 opponent
v3.0,2022,2022-09-03,Florida,Utah,home,29,26,2.5,-2.6,3,0,0,5.6,AS EXPECTED,graded,pbp,63,71,0.1338,-0.0374,8,ok,0,7,2,3,5,,1,1,Night · Top-10 opponent
v3.0,2022,2022-09-03,Georgia,Oregon,neutral,49,3,-16.0,16.1,32,14,0,15.9,DAWG,graded,pbp,39,36,0.706,0.2393,13,ok,0,21,3,0,0,18,2,0,Ranked opponent
v3.0,2022,2022-09-03,Iowa State,Southeast Missouri State,home,42,10,-33.5,27.8,25,7,0,-2.8,AS EXPECTED,graded,pbp,53,50,0.2875,0.501,-8,ok,0,28,6,0,0,11,0,1,FCS opponent
v3.0,2022,2022-09-03,Arkansas,Cincinnati,home,31,24,-6.5,6.9,7,0,0,0.1,AS EXPECTED,graded,pbp,71,74,-0.0314,0.0972,-7,ok,0,21,8,2,3,-7,3,1,Ranked opponent
v3.0,2022,2022-09-03,Notre Dame,Ohio State,away,10,21,17.0,-16.8,-11,0,0,5.8,AS EXPECTED,graded,pbp,48,69,-0.2511,-0.2542,0,ok,0,7,6,0,2,,0,0,Road · Night · Full house · Top-10 opponent
v3.0,2022,2022-09-03,Kentucky,Miami (OH),home,37,13,-15.0,15.3,24,0,0,8.7,AS EXPECTED,graded,pbp,46,47,0.1094,0.2243,-4,ok,0,23,6,1,3,14,1,0,Night · Group of 5 opponent
v3.0,2022,2022-09-03,Louisville,Syracuse,away,7,31,-5.5,5.8,-24,0,0,-29.8,CERTIFIED SOFT,graded,pbp,42,58,-0.4146,0.0823,-18,ok,0,0,3,0,1,,0,3,Road · Night
v3.0,2022,2022-09-04,Florida State,LSU,neutral,24,23,4.0,-4.2,1,0,0,5.2,AS EXPECTED,graded,pbp,71,65,-0.1457,-0.0598,-4,ok,0,14,3,1,3,-13,0,3,Night
v3.0,2022,2022-09-04,LSU,Florida State,neutral,23,24,-4.0,4.2,-1,0,0,-5.2,AS EXPECTED,graded,pbp,65,71,0.1457,0.0598,4,ok,0,0,1,0,2,,3,0,Night
v3.0,2022,2022-09-05,Clemson,Georgia Tech,away,41,10,-24.5,22.1,24,7,0,1.9,AS EXPECTED,graded,pbp,68,60,0.1157,0.3664,-12,ok,0,38,11,1,1,10,1,1,Road · Night
v3.0,2022,2022-09-05,Georgia Tech,Clemson,home,10,41,24.5,-22.1,-24,0,7,-1.9,AS EXPECTED,graded,pbp,60,68,-0.1157,-0.3664,12,ok,0,7,6,0,2,,1,1,Night · Top-10 opponent
v3.0,2022,2022-09-09,UCF,Louisville,home,14,20,-5.5,5.8,-6,0,0,-11.8,AS EXPECTED,graded,pbp,72,74,-0.1064,0.0823,-10,ok,0,7,8,1,4,,1,1,Night
v3.0,2022,2022-09-09,Louisville,UCF,away,20,14,5.5,-5.8,6,0,0,11.8,AS EXPECTED,graded,pbp,74,72,0.1064,-0.0823,10,ok,0,13,9,0,2,,1,1,Road · Night · Full house
v3.0,2022,2022-09-10,Boston College,Virginia Tech,away,10,27,3.0,,,,,,,unverified_scoring,,,,,,,pbp_conflict,0,10,6,0,1,,0,1,Road · Night · Full house
v3.0,2022,2022-09-10,Arizona,Mississippi State,home,17,39,12.5,-13.2,-22,0,0,-8.8,AS EXPECTED,graded,pbp,73,73,-0.2913,-0.1869,-6,ok,0,10,6,0,2,,3,3,Night
v3.0,2022,2022-09-10,Maryland,Charlotte,away,56,21,-28.0,24.6,35,7,7,10.4,AS EXPECTED,graded,espn,,,,,,no_pbp,0,0,0,0,0,21,0,0,Road · Group of 5 opponent
v3.0,2022,2022-09-10,Michigan State,Akron,home,52,0,-34.5,28.3,31,21,0,2.7,AS EXPECTED,graded,pbp,49,32,0.6123,0.516,3,ok,0,31,7,0,0,17,4,2,Group of 5 opponent
v3.0,2022,2022-09-10,Michigan,Hawai'i,home,56,10,-52.5,35.7,42,14,10,6.3,AS EXPECTED,graded,pbp,32,29,1.2604,0.7852,11,ok,0,28,5,0,0,28,0,1,Night · Group of 5 opponent
v3.0,2022,2022-09-10,Minnesota,Western Illinois,home,62,10,-41.0,31.1,35,24,7,3.9,AS EXPECTED,graded,pbp,43,20,0.5973,0.6132,0,ok,0,21,3,0,0,21,1,1,FCS opponent
v3.0,2022,2022-09-10,Missouri,Kansas State,away,12,40,7.5,-8.0,-27,6,7,-19.0,SOFT,graded,pbp,41,51,-0.4565,-0.1122,-12,ok,0,3,4,0,1,,1,4,Road · Full house
v3.0,2022,2022-09-10,Ole Miss,Central Arkansas,home,59,3,-36.5,29.2,31,28,3,1.8,AS EXPECTED,graded,pbp,41,32,0.2216,0.5459,-9,ok,0,14,2,0,0,17,3,1,Night · FCS opponent
v3.0,2022,2022-09-10,Duke,Northwestern,away,31,23,10.0,-10.7,8,0,0,18.7,DAWG,graded,pbp,45,80,0.0798,-0.1496,10,ok,0,24,6,1,2,-6,2,1,Road
v3.0,2022,2022-09-10,NC State,Charleston Southern,home,55,3,-45.5,32.9,38,17,3,5.1,AS EXPECTED,graded,pbp,44,31,0.9415,0.6805,7,ok,0,28,5,0,0,28,3,1,FCS opponent
v3.0,2022,2022-09-10,North Carolina,Georgia State,away,35,28,-7.0,7.4,7,0,0,-0.4,AS EXPECTED,graded,pbp,64,76,-0.0936,0.1047,-10,ok,0,21,8,1,4,-4,0,3,Road · Full house · Group of 5 opponent
v3.0,2022,2022-09-10,Wake Forest,Vanderbilt,away,45,25,-13.5,14.1,24,3,7,9.9,AS EXPECTED,graded,pbp,53,51,0.4652,0.2019,10,ok,0,21,7,0,1,13,3,0,Road
v3.0,2022,2022-09-10,Nebraska,Georgia Southern,home,42,45,-23.5,21.3,-3,0,0,-24.3,CERTIFIED SOFT,graded,pbp,81,85,0.0468,0.3514,-18,ok,0,21,3,3,7,,2,0,Night · Group of 5 opponent
v3.0,2022,2022-09-10,Rutgers,Wagner,home,66,7,-48.5,34.1,31,28,0,-3.1,AS EXPECTED,graded,pbp,36,27,0.768,0.7253,1,ok,0,38,7,0,0,17,2,1,FCS opponent
v3.0,2022,2022-09-10,Syracuse,UConn,away,48,14,-23.5,21.3,27,7,0,5.7,AS EXPECTED,graded,pbp,56,29,0.1914,0.3514,-5,ok,0,24,4,0,0,17,1,0,Road · Night · Group of 5 opponent
v3.0,2022,2022-09-10,Ohio State,Arkansas State,home,45,12,-44.5,32.5,36,0,3,3.5,AS EXPECTED,graded,pbp,40,43,0.9112,0.6655,7,ok,0,17,4,2,2,25,1,0,Group of 5 opponent
v3.0,2022,2022-09-10,Oklahoma State,Arizona State,home,34,17,-11.5,12.2,17,0,0,4.8,AS EXPECTED,graded,pbp,84,60,0.0558,0.172,-6,ok,0,27,10,1,3,6,2,1,Night
v3.0,2022,2022-09-10,Auburn,San José State,home,24,16,-24.0,21.7,8,0,0,-13.7,SOFT,graded,pbp,52,64,0.1034,0.3589,-11,ok,0,3,6,2,2,-3,0,2,Night · Group of 5 opponent
v3.0,2022,2022-09-10,Oklahoma,Kent State,home,33,3,-33.0,27.6,28,2,0,0.4,AS EXPECTED,graded,pbp,48,61,0.3817,0.4935,-4,ok,0,24,6,0,1,17,2,0,Night · Group of 5 opponent
v3.0,2022,2022-09-10,Penn State,Ohio,home,46,10,-28.0,24.6,33,6,3,8.4,AS EXPECTED,graded,pbp,56,44,0.3573,0.4187,-2,ok,0,24,5,0,0,19,0,0,Group of 5 opponent
v3.0,2022,2022-09-10,Cincinnati,Kennesaw State,home,63,10,,,32,28,7,,,no_line,pbp,,,,,,no_line,0,21,4,0,0,18,1,1,Group of 5 opponent
v3.0,2022,2022-09-10,Pittsburgh,Tennessee,home,27,34,6.0,-6.4,-7,0,0,-0.6,AS EXPECTED,graded,pbp,75,75,0.0474,-0.0897,7,ok,10,13,7,1,4,-17,1,3,Ranked opponent
v3.0,2022,2022-09-10,Clemson,Furman,home,35,12,-45.5,32.9,23,0,0,-9.9,AS EXPECTED,graded,pbp,51,49,0.259,0.6805,-15,ok,0,14,5,1,1,12,3,1,FCS opponent
v3.0,2022,2022-09-10,Iowa,Iowa State,home,7,10,-3.5,3.7,-3,0,0,-6.7,AS EXPECTED,graded,pbp,56,84,-0.2824,0.0523,-17,ok,0,7,9,0,2,,3,3,
v3.0,2022,2022-09-10,Kansas,West Virginia,away,55,42,14.0,-14.5,13,0,0,27.5,CERTIFIED DAWG,graded,pbp,61,76,-0.0078,-0.2094,10,ok,7,0,1,2,4,0,0,0,Road
v3.0,2022,2022-09-10,Kansas State,Missouri,home,40,12,-7.5,8.0,27,7,6,19.0,DAWG,graded,pbp,51,41,0.4565,0.1122,12,ok,0,20,7,0,0,13,4,1,
v3.0,2022,2022-09-10,Vanderbilt,Wake Forest,home,25,45,13.5,-14.1,-24,7,3,-9.9,AS EXPECTED,graded,pbp,51,53,-0.4652,-0.2019,-10,ok,0,3,6,0,1,,0,3,
v3.0,2022,2022-09-10,Baylor,BYU,away,20,26,2.5,-2.6,-6,0,0,-3.4,AS EXPECTED,graded,pbp,66,66,0.0832,-0.0374,6,ok,21,7,5,1,3,,0,0,Road · Night · Full house · Ranked opponent
v3.0,2022,2022-09-10,Miami,Southern Miss,home,30,7,-27.5,24.3,23,0,0,-1.3,AS EXPECTED,graded,pbp,77,48,0.3425,0.4113,-3,ok,0,30,9,0,1,13,2,2,Group of 5 opponent
v3.0,2022,2022-09-10,Stanford,USC,home,28,41,9.5,-10.1,-20,7,0,-9.9,AS EXPECTED,graded,pbp,70,63,-0.2028,-0.1421,-3,ok,0,7,3,0,1,,0,4,Top-10 opponent
v3.0,2022,2022-09-10,Texas A&M,Appalachian State,home,14,17,-18.0,17.5,-3,0,0,-20.5,SOFT,graded,pbp,38,82,-0.23,0.2692,-22,ok,0,0,5,2,3,,0,2,Group of 5 opponent
v3.0,2022,2022-09-10,Houston,Texas Tech,away,30,33,4.0,-4.2,-3,0,0,1.2,AS EXPECTED,graded,pbp,56,92,-0.0041,-0.0598,3,ok,21,6,8,1,3,,2,2,Road · Full house
v3.0,2022,2022-09-10,Oregon,Eastern Washington,home,70,14,-27.5,24.3,35,28,7,10.7,AS EXPECTED,graded,pbp,56,19,,,,few_plays,0,28,4,0,0,21,2,0,FCS opponent
v3.0,2022,2022-09-10,California,UNLV,home,20,14,-12.5,13.2,6,0,0,-7.2,AS EXPECTED,graded,pbp,71,65,0.0559,0.1869,-6,ok,0,17,8,0,2,-8,1,1,Group of 5 opponent
v3.0,2022,2022-09-10,Purdue,Indiana State,home,56,0,-37.0,29.4,35,21,0,5.6,AS EXPECTED,graded,pbp,34,35,0.7523,0.5533,5,ok,0,28,6,0,0,21,3,0,FCS opponent
v3.0,2022,2022-09-10,Texas,Alabama,home,19,20,21.0,-19.5,-1,0,0,18.5,DAWG,graded,pbp,67,63,-0.0263,-0.3141,14,ok,0,9,7,2,3,,0,0,Top-10 opponent
v3.0,2022,2022-09-10,BYU,Baylor,home,26,20,-2.5,2.6,6,0,0,3.4,AS EXPECTED,graded,pbp,66,66,-0.0832,0.0374,-6,ok,21,7,7,2,3,,0,0,Night · Top-10 opponent
v3.0,2022,2022-09-10,Utah,Southern Utah,home,73,7,-45.5,32.9,38,28,0,5.1,AS EXPECTED,graded,espn,,,,,,pbp_conflict,0,17,3,0,0,24,1,0,FCS opponent
v3.0,2022,2022-09-10,SMU,Lamar,home,45,16,-48.5,34.1,25,7,3,-9.1,AS EXPECTED,graded,pbp,56,61,0.354,0.7253,-16,ok,0,24,7,0,0,11,2,3,Night · FCS opponent
v3.0,2022,2022-09-10,South Carolina,Arkansas,away,30,44,8.5,-9.1,-14,0,0,-4.9,AS EXPECTED,graded,pbp,67,86,-0.0093,-0.1271,7,ok,0,14,5,1,1,,0,3,Road · Full house · Ranked opponent
v3.0,2022,2022-09-10,Virginia,Illinois,away,3,24,4.0,-4.2,-21,0,0,-16.8,SOFT,graded,pbp,63,68,-0.1745,-0.0598,-5,ok,0,3,11,0,1,,4,2,Road
v3.0,2022,2022-09-10,Virginia Tech,Boston College,home,27,10,-3.0,,,,,,,unverified_scoring,,,,,,,pbp_conflict,0,17,9,1,1,,1,0,Night
v3.0,2022,2022-09-10,UCLA,Alabama State,home,45,7,-48.5,34.1,31,7,0,-3.1,AS EXPECTED,graded,pbp,45,35,0.3315,0.7253,-11,ok,0,24,5,1,1,17,3,1,FCS opponent
v3.0,2022,2022-09-10,TCU,Tarleton,home,59,17,-40.0,30.7,45,7,10,14.3,DAWG,graded,espn,,,,,,pbp_conflict,0,21,4,0,0,31,2,1,Night · FCS opponent
v3.0,2022,2022-09-10,Tennessee,Pittsburgh,away,34,27,-6.0,6.4,7,0,0,0.6,AS EXPECTED,graded,pbp,75,75,-0.0474,0.0897,-7,ok,10,14,6,1,3,,3,1,Road · Ranked opponent
v3.0,2022,2022-09-10,Washington,Portland State,home,52,6,-31.0,26.5,35,14,3,8.5,AS EXPECTED,graded,pbp,43,33,0.8677,0.4636,11,ok,0,21,3,0,0,21,0,1,FCS opponent
v3.0,2022,2022-09-10,Texas Tech,Houston,home,33,30,-4.0,4.2,3,0,0,-1.2,AS EXPECTED,graded,pbp,92,56,0.0041,0.0598,-3,ok,21,7,8,4,6,-11,2,2,Ranked opponent
v3.0,2022,2022-09-10,Wisconsin,Washington State,home,14,17,-17.5,17.1,-3,0,0,-20.1,SOFT,graded,espn,,,,,,no_pbp,0,0,0,0,0,,0,0,Group of 5 opponent
v3.0,2022,2022-09-10,West Virginia,Kansas,home,42,55,-14.0,14.5,-13,0,0,-27.5,CERTIFIED SOFT,graded,pbp,76,61,0.0078,0.2094,-10,ok,7,14,2,4,5,,0,0,
v3.0,2022,2022-09-10,USC,Stanford,away,41,28,-9.5,10.1,20,0,7,9.9,AS EXPECTED,graded,pbp,63,70,0.2028,0.1421,3,ok,0,24,5,1,1,6,4,0,Road
v3.0,2022,2022-09-10,Alabama,Texas,away,20,19,-21.0,19.5,1,0,0,-18.5,SOFT,graded,pbp,63,67,0.0263,0.3141,-14,ok,0,0,5,3,5,,0,0,Road · Full house
v3.0,2022,2022-09-10,Mississippi State,Arizona,away,39,17,-12.5,13.2,22,0,0,8.8,AS EXPECTED,graded,pbp,73,73,0.2913,0.1869,6,ok,0,27,9,1,2,7,3,3,Road · Night · Full house
v3.0,2022,2022-09-10,Illinois,Virginia,home,24,3,-4.0,4.2,21,0,0,16.8,DAWG,graded,pbp,68,63,0.1745,0.0598,5,ok,0,17,12,0,1,10,2,4,
v3.0,2022,2022-09-10,Colorado,Air Force,away,10,41,17.5,-17.1,-24,0,7,-6.9,AS EXPECTED,graded,espn,,,,,,no_pbp,0,0,0,0,0,,0,0,Road · Full house · Group of 5 opponent
v3.0,2022,2022-09-10,Florida,Kentucky,home,16,26,-6.0,6.4,-10,0,0,-16.4,SOFT,graded,pbp,65,61,-0.3033,0.0897,-18,ok,0,10,7,1,2,-19,1,2,Night · Ranked opponent
v3.0,2022,2022-09-10,Georgia Tech,Western Carolina,home,35,17,-24.5,22.1,18,0,0,-4.1,AS EXPECTED,graded,pbp,56,82,0.3458,0.3664,-1,ok,0,21,8,2,2,4,4,1,Night · FCS opponent
v3.0,2022,2022-09-10,Georgia,Samford,home,33,0,-53.0,35.9,30,3,0,-5.9,AS EXPECTED,graded,pbp,47,23,0.9546,0.7926,4,ok,0,30,6,0,0,17,1,0,FCS opponent
v3.0,2022,2022-09-10,Iowa State,Iowa,away,10,7,3.5,-3.7,3,0,0,6.7,AS EXPECTED,graded,pbp,84,56,0.2824,-0.0523,17,ok,0,10,10,0,1,,3,3,Road · Full house
v3.0,2022,2022-09-10,Northwestern,Duke,home,23,31,-10.0,10.7,-8,0,0,-18.7,SOFT,graded,pbp,80,45,-0.0798,0.1496,-10,ok,0,17,5,0,2,,1,2,
v3.0,2022,2022-09-10,Arkansas,South Carolina,home,44,30,-8.5,9.1,14,0,0,4.9,AS EXPECTED,graded,pbp,86,67,0.0093,0.1271,-7,ok,0,28,6,1,2,3,3,0,
v3.0,2022,2022-09-10,Indiana,Idaho,home,35,22,-24.5,22.1,13,0,0,-9.1,AS EXPECTED,graded,pbp,65,66,0.005,0.3664,-17,ok,0,21,6,0,1,0,0,2,Night · FCS opponent
v3.0,2022,2022-09-10,Notre Dame,Marshall,home,21,26,-20.5,19.1,-5,0,0,-24.1,CERTIFIED SOFT,graded,pbp,75,71,-0.2138,0.3066,-28,ok,0,14,7,1,3,,0,3,Group of 5 opponent
v3.0,2022,2022-09-10,Arizona State,Oklahoma State,away,17,34,11.5,-12.2,-17,0,0,-4.8,AS EXPECTED,graded,pbp,60,84,-0.0558,-0.172,6,ok,0,10,7,0,1,,1,2,Road · Night · Full house · Ranked opponent
v3.0,2022,2022-09-10,Kentucky,Florida,away,26,16,6.0,-6.4,10,0,0,16.4,DAWG,graded,pbp,61,65,0.3033,-0.0897,18,ok,0,20,8,1,4,0,2,1,Road · Night · Full house · Ranked opponent
v3.0,2022,2022-09-10,LSU,Southern,home,65,17,-44.5,32.5,44,21,17,11.5,AS EXPECTED,graded,pbp,20,13,,,,few_plays,0,14,2,0,0,30,4,2,Night · FCS opponent
v3.0,2022,2022-09-16,Florida State,Louisville,away,35,31,-2.5,2.6,4,0,0,1.4,AS EXPECTED,graded,pbp,66,81,0.166,0.0374,7,ok,0,7,7,3,5,,3,2,Road · Night
v3.0,2022,2022-09-16,Louisville,Florida State,home,31,35,2.5,-2.6,-4,0,0,-1.4,AS EXPECTED,graded,pbp,81,66,-0.166,-0.0374,-7,ok,0,21,8,2,5,,2,3,Night
v3.0,2022,2022-09-17,Boston College,Maine,home,38,17,-31.0,26.5,21,0,0,-5.5,AS EXPECTED,graded,pbp,74,76,0.2376,0.4636,-12,ok,0,24,9,2,2,6,2,0,Night · FCS opponent
v3.0,2022,2022-09-17,Arizona,North Dakota State,home,31,28,3.0,-3.2,3,0,0,6.2,AS EXPECTED,graded,pbp,67,59,-0.0307,-0.0449,1,ok,0,21,4,2,4,,1,0,Night · Group of 5 opponent
v3.0,2022,2022-09-17,Maryland,SMU,home,34,27,-2.5,2.6,7,0,0,4.4,AS EXPECTED,graded,pbp,62,95,0.4219,0.0374,22,ok,0,31,7,0,4,,3,1,Night
v3.0,2022,2022-09-17,Michigan State,Washington,away,28,39,3.5,-3.7,-17,6,0,-13.3,SOFT,graded,pbp,64,78,-0.0184,-0.0523,2,ok,0,7,5,0,1,,0,1,Road · Full house
v3.0,2022,2022-09-17,Michigan,UConn,home,59,0,-47.5,33.7,38,21,0,4.3,AS EXPECTED,graded,pbp,32,34,0.7871,0.7104,2,ok,0,17,5,0,0,24,1,0,Group of 5 opponent
v3.0,2022,2022-09-17,Minnesota,Colorado,home,49,7,-28.0,24.6,35,14,7,10.4,AS EXPECTED,graded,pbp,48,24,0.9664,0.4187,14,ok,0,21,5,0,0,21,1,1,
v3.0,2022,2022-09-17,Missouri,Abilene Christian,home,34,17,-31.5,26.8,24,0,7,-2.8,AS EXPECTED,graded,espn,,,,,,no_pbp,0,0,0,0,0,13,0,0,FCS opponent
v3.0,2022,2022-09-17,Ole Miss,Georgia Tech,away,42,0,-17.0,16.8,35,7,0,18.2,DAWG,graded,pbp,59,43,0.4958,0.2542,9,ok,0,21,6,0,0,21,0,1,Road
v3.0,2022,2022-09-17,Duke,North Carolina A&T,home,49,20,-30.5,26.2,29,14,14,2.8,AS EXPECTED,graded,espn,,,,,,no_pbp,0,0,0,0,0,15,0,0,FCS opponent
v3.0,2022,2022-09-17,NC State,Texas Tech,home,27,14,-10.5,11.2,13,0,0,1.8,AS EXPECTED,graded,pbp,63,70,-0.0118,0.157,-8,ok,0,17,9,0,0,0,3,2,Night
v3.0,2022,2022-09-17,Wake Forest,Liberty,home,37,36,-17.5,17.1,1,0,0,-16.1,SOFT,graded,pbp,90,88,0.0073,0.2617,-16,ok,0,27,9,2,4,-9,4,2,Group of 5 opponent
v3.0,2022,2022-09-17,Nebraska,Oklahoma,home,14,49,10.5,-11.2,-35,7,7,-23.8,SOFT,graded,espn,,,,,,pbp_conflict,0,7,3,0,2,,1,2,Top-10 opponent
v3.0,2022,2022-09-17,Rutgers,Temple,away,16,14,-18.0,17.5,2,0,0,-15.5,SOFT,graded,pbp,58,75,-0.064,0.2692,-16,ok,0,9,6,0,2,-7,1,0,Road · Group of 5 opponent
v3.0,2022,2022-09-17,Syracuse,Purdue,home,32,29,-1.5,1.6,3,0,0,1.4,AS EXPECTED,graded,espn,,,,,,no_pbp,0,0,0,0,0,-7,0,0,
v3.0,2022,2022-09-17,Ohio State,Toledo,home,77,21,-31.0,26.5,42,21,7,15.5,DAWG,graded,pbp,56,35,0.4599,0.4636,0,ok,0,21,3,1,1,28,2,0,Night · Group of 5 opponent
v3.0,2022,2022-09-17,Oklahoma State,Arkansas-Pine Bluff,home,63,7,-54.5,36.5,49,14,7,12.5,DAWG,graded,pbp,38,24,0.9836,0.8151,4,ok,0,14,3,0,0,35,0,2,Night · FCS opponent
v3.0,2022,2022-09-17,Auburn,Penn State,home,12,41,2.5,-2.6,-32,6,3,-29.4,CERTIFIED SOFT,graded,pbp,61,50,-0.5401,-0.0374,-20,ok,0,6,2,0,2,,1,4,Ranked opponent
v3.0,2022,2022-09-17,Oklahoma,Nebraska,away,49,14,-10.5,11.2,35,7,7,23.8,DAWG,graded,espn,,,,,,pbp_conflict,0,28,6,1,1,21,2,1,Road · Full house
v3.0,2022,2022-09-17,UCF,Florida Atlantic,away,40,14,-7.5,8.0,26,0,0,18.0,DAWG,graded,pbp,85,55,0.4035,0.1122,15,ok,0,31,8,1,2,17,1,3,Road · Night · Full house · Group of 5 opponent
v3.0,2022,2022-09-17,Penn State,Auburn,away,41,12,-2.5,2.6,32,3,6,29.4,CERTIFIED DAWG,graded,pbp,50,61,0.5401,0.0374,20,ok,0,17,5,2,2,17,4,1,Road · Full house
v3.0,2022,2022-09-17,Cincinnati,Miami (OH),neutral,38,17,-24.0,21.7,21,0,0,-0.7,AS EXPECTED,graded,espn,,,,,,no_pbp,0,0,0,0,0,7,0,0,Group of 5 opponent
v3.0,2022,2022-09-17,Pittsburgh,Western Michigan,away,34,13,-10.0,10.7,21,0,0,10.3,AS EXPECTED,graded,pbp,67,50,0.5357,0.1496,16,ok,0,14,4,2,3,11,3,0,Road · Night · Full house · Group of 5 opponent
v3.0,2022,2022-09-17,Clemson,Louisiana Tech,home,48,20,-33.5,27.8,35,0,7,7.2,AS EXPECTED,graded,pbp,68,58,0.396,0.501,-5,ok,0,35,7,1,2,25,4,0,Night · Group of 5 opponent
v3.0,2022,2022-09-17,Iowa,Nevada,home,27,0,-24.0,21.7,27,0,0,5.3,AS EXPECTED,graded,pbp,55,60,0.3755,0.3589,1,ok,0,27,10,0,0,13,1,0,Night · Group of 5 opponent
v3.0,2022,2022-09-17,Kansas,Houston,away,48,30,8.5,-9.1,18,0,0,27.1,CERTIFIED DAWG,graded,pbp,69,72,0.1483,-0.1271,14,ok,0,28,4,1,2,4,2,0,Road
v3.0,2022,2022-09-17,Kansas State,Tulane,home,10,17,-14.0,14.5,-7,0,0,-21.5,SOFT,graded,pbp,75,66,-0.0644,0.2094,-14,ok,0,10,9,0,3,,2,0,Group of 5 opponent
v3.0,2022,2022-09-17,Vanderbilt,Northern Illinois,away,38,28,2.5,-2.6,10,0,0,12.6,DAWG,graded,pbp,67,58,0.2224,-0.0374,12,ok,0,24,5,1,2,0,1,1,Road · Full house · Group of 5 opponent
v3.0,2022,2022-09-17,Baylor,Texas State,home,42,7,-30.0,25.9,28,7,0,2.1,AS EXPECTED,graded,pbp,55,55,0.3782,0.4487,-3,ok,0,21,7,1,1,14,1,3,Group of 5 opponent
v3.0,2022,2022-09-17,Miami,Texas A&M,away,9,17,6.5,-6.9,-8,0,0,-1.1,AS EXPECTED,graded,pbp,78,53,0.1058,-0.0972,10,ok,0,3,5,1,2,,1,1,Road · Night · Ranked opponent
v3.0,2022,2022-09-17,Texas A&M,Miami,home,17,9,-6.5,6.9,8,0,0,1.1,AS EXPECTED,graded,pbp,53,78,-0.1058,0.0972,-10,ok,0,7,4,0,2,-6,1,1,Night · Ranked opponent
v3.0,2022,2022-09-17,Houston,Kansas,home,30,48,-8.5,9.1,-18,0,0,-27.1,CERTIFIED SOFT,graded,pbp,72,69,-0.1483,0.1271,-14,ok,0,14,2,0,3,-32,0,2,
v3.0,2022,2022-09-17,Oregon,BYU,home,41,20,-3.5,3.7,34,0,13,30.3,CERTIFIED DAWG,graded,pbp,57,47,0.3994,0.0523,13,ok,0,24,4,1,1,24,0,1,Ranked opponent
v3.0,2022,2022-09-17,California,Notre Dame,away,17,24,13.5,-14.1,-7,0,0,7.1,AS EXPECTED,graded,pbp,70,68,-0.0275,-0.2019,9,ok,0,7,8,2,4,,1,0,Road · Full house
v3.0,2022,2022-09-17,Purdue,Syracuse,away,29,32,1.5,-1.6,-3,0,0,-1.4,AS EXPECTED,graded,espn,,,,,,no_pbp,0,0,0,0,0,,0,0,Road
v3.0,2022,2022-09-17,Texas,UTSA,home,41,20,-13.0,13.6,21,0,0,7.4,AS EXPECTED,graded,espn,,,,,,no_pbp,0,0,0,0,0,10,0,0,Night · Group of 5 opponent
v3.0,2022,2022-09-17,BYU,Oregon,away,20,41,3.5,-3.7,-34,13,0,-30.3,CERTIFIED SOFT,graded,pbp,47,57,-0.3994,-0.0523,-13,ok,0,7,1,0,1,,1,0,Road · Full house · Ranked opponent
v3.0,2022,2022-09-17,Utah,San Diego State,home,35,7,-22.5,20.6,35,0,7,14.4,DAWG,graded,pbp,55,26,0.7351,0.3365,12,ok,0,21,6,0,0,21,2,0,Night · Group of 5 opponent
v3.0,2022,2022-09-17,SMU,Maryland,away,27,34,2.5,-2.6,-7,0,0,-4.4,AS EXPECTED,graded,pbp,95,62,-0.4219,-0.0374,-22,ok,0,14,5,2,6,-17,1,3,Road · Night
v3.0,2022,2022-09-17,South Carolina,Georgia,home,7,48,25.5,-22.8,-31,7,17,-8.2,AS EXPECTED,graded,pbp,35,38,-0.6824,-0.3814,-8,ok,0,0,1,0,1,,0,3,
v3.0,2022,2022-09-17,Virginia,Old Dominion,home,16,14,-8.5,9.1,2,0,0,-7.1,AS EXPECTED,graded,pbp,83,71,0.052,0.1271,-4,ok,0,10,9,1,1,-11,0,3,Group of 5 opponent
v3.0,2022,2022-09-17,Virginia Tech,Wofford,home,27,7,-38.5,30.1,27,0,7,-3.1,AS EXPECTED,graded,espn,,,,,,pbp_conflict,0,27,7,0,0,14,0,0,FCS opponent
v3.0,2022,2022-09-17,UCLA,South Alabama,home,32,31,-15.5,15.7,1,0,0,-14.7,SOFT,graded,pbp,72,69,0.0015,0.2318,-12,ok,0,9,4,2,4,,2,2,Group of 5 opponent
v3.0,2022,2022-09-17,Tennessee,Akron,home,63,6,-47.5,33.7,35,28,6,1.3,AS EXPECTED,graded,pbp,43,34,0.7491,0.7104,1,ok,0,28,4,0,0,22,1,0,Night · Group of 5 opponent
v3.0,2022,2022-09-17,Washington,Michigan State,home,39,28,-3.5,3.7,17,0,6,13.3,DAWG,graded,pbp,78,64,0.0184,0.0523,-2,ok,0,10,5,0,0,8,1,0,Ranked opponent
v3.0,2022,2022-09-17,Texas Tech,NC State,away,14,27,10.5,-11.2,-13,0,0,-1.8,AS EXPECTED,graded,pbp,70,63,0.0118,-0.157,8,ok,0,7,6,0,2,,2,3,Road · Night · Full house · Ranked opponent
v3.0,2022,2022-09-17,Wisconsin,New Mexico State,home,66,7,-37.5,29.7,35,31,7,5.3,AS EXPECTED,graded,pbp,37,40,0.7332,0.5608,5,ok,0,21,5,0,0,21,3,1,Group of 5 opponent
v3.0,2022,2022-09-17,West Virginia,Towson,home,65,7,-41.0,31.1,38,20,0,6.9,AS EXPECTED,graded,pbp,58,24,0.8294,0.6132,6,ok,0,14,2,0,0,24,1,0,FCS opponent
v3.0,2022,2022-09-17,USC,Fresno State,home,45,17,-11.5,12.2,25,3,0,12.8,DAWG,graded,pbp,75,41,0.189,0.172,1,ok,0,21,4,0,0,11,2,0,Night · Group of 5 opponent
v3.0,2022,2022-09-17,Alabama,UL Monroe,home,63,7,-49.5,34.5,35,21,0,0.5,AS EXPECTED,graded,pbp,33,48,0.3536,0.7403,-11,ok,0,14,3,0,0,21,1,2,Group of 5 opponent
v3.0,2022,2022-09-17,Mississippi State,LSU,away,16,31,-3.0,3.2,-15,0,0,-18.2,SOFT,graded,pbp,68,77,-0.2762,0.0449,-17,ok,0,14,7,1,4,-28,2,1,Road · Full house
v3.0,2022,2022-09-17,Colorado,Minnesota,away,7,49,28.0,-24.6,-35,7,14,-10.4,AS EXPECTED,graded,pbp,24,48,-0.9664,-0.4187,-14,ok,0,0,2,0,1,,1,1,Road
v3.0,2022,2022-09-17,Florida,South Florida,home,31,28,-23.5,21.3,3,0,0,-18.3,SOFT,graded,pbp,50,76,0.0438,0.3514,-14,ok,0,10,3,2,4,-11,3,2,Night · Group of 5 opponent
v3.0,2022,2022-09-17,Georgia Tech,Ole Miss,home,0,42,17.0,-16.8,-35,0,7,-18.2,SOFT,graded,pbp,43,59,-0.4958,-0.2542,-9,ok,0,0,2,0,1,,1,0,Ranked opponent
v3.0,2022,2022-09-17,Georgia,South Carolina,away,48,7,-25.5,22.8,31,17,7,8.2,AS EXPECTED,graded,pbp,38,35,0.6824,0.3814,8,ok,0,24,5,0,0,17,3,0,Road · Full house
v3.0,2022,2022-09-17,Iowa State,Ohio,home,43,10,-20.0,18.8,34,6,7,15.2,DAWG,graded,pbp,74,44,0.6346,0.2991,14,ok,0,17,5,0,0,21,3,1,Group of 5 opponent
v3.0,2022,2022-09-17,Northwestern,Southern Illinois,home,24,31,-13.5,14.1,-7,0,0,-21.1,SOFT,graded,pbp,110,91,-0.1636,0.2019,-27,ok,0,10,7,1,4,,1,4,FCS opponent
v3.0,2022,2022-09-17,Arkansas,Missouri State,home,38,27,-26.0,23.2,11,0,0,-12.2,AS EXPECTED,graded,pbp,68,80,0.1519,0.3888,-13,ok,0,17,6,0,2,0,0,3,Night · Group of 5 opponent
v3.0,2022,2022-09-17,Indiana,Western Kentucky,home,33,30,-7.0,7.4,3,0,0,-4.4,AS EXPECTED,graded,pbp,87,82,-0.0499,0.1047,-9,ok,0,23,7,1,5,,2,1,Group of 5 opponent
v3.0,2022,2022-09-17,Notre Dame,California,home,24,17,-13.5,14.1,7,0,0,-7.1,AS EXPECTED,graded,pbp,68,70,0.0275,0.2019,-9,ok,0,14,8,2,3,,0,1,
v3.0,2022,2022-09-17,Arizona State,Eastern Michigan,home,21,30,-20.5,19.1,-9,0,0,-28.1,CERTIFIED SOFT,graded,espn,,,,,,no_pbp,0,0,0,0,0,,0,0,Night · Group of 5 opponent
v3.0,2022,2022-09-17,Kentucky,Youngstown State,home,31,0,-30.0,25.9,28,3,0,2.1,AS EXPECTED,graded,pbp,59,31,0.7783,0.4487,11,ok,0,28,7,0,0,14,1,3,FCS opponent
v3.0,2022,2022-09-17,LSU,Mississippi State,home,31,16,3.0,-3.2,15,0,0,18.2,DAWG,graded,pbp,77,68,0.2762,-0.0449,17,ok,0,17,8,0,2,0,1,2,
v3.0,2022,2022-09-22,Virginia Tech,West Virginia,home,10,33,2.0,-2.1,-23,0,0,-20.9,SOFT,graded,pbp,44,68,-0.3489,-0.0299,-13,ok,0,0,3,1,2,,1,2,Night
v3.0,2022,2022-09-22,West Virginia,Virginia Tech,away,33,10,-2.0,2.1,23,0,0,20.9,DAWG,graded,pbp,68,44,0.3489,0.0299,13,ok,0,19,6,1,2,14,2,1,Road · Night · Full house
v3.0,2022,2022-09-22,Illinois,Chattanooga,home,31,0,-20.0,18.8,31,0,0,12.2,AS EXPECTED,graded,pbp,53,36,0.6413,0.2991,11,ok,0,31,8,0,0,21,2,0,Night · FCS opponent
v3.0,2022,2022-09-23,Syracuse,Virginia,home,22,20,-9.5,10.1,2,0,0,-8.1,AS EXPECTED,graded,pbp,71,67,-0.0981,0.1421,-12,ok,0,12,9,1,2,-8,2,3,Night
v3.0,2022,2022-09-23,Virginia,Syracuse,away,20,22,9.5,-10.1,-2,0,0,8.1,AS EXPECTED,graded,pbp,67,71,0.0981,-0.1421,12,ok,0,7,6,0,3,,3,2,Road · Night
v3.0,2022,2022-09-24,Boston College,Florida State,away,14,44,18.5,-17.8,-31,14,13,-13.2,SOFT,graded,pbp,27,43,-0.717,-0.2767,-11,ok,0,0,3,0,1,,0,2,Road · Night · Full house
v3.0,2022,2022-09-24,Arizona,California,away,31,49,3.5,-3.7,-18,0,0,-14.3,SOFT,graded,pbp,71,65,-0.2662,-0.0523,-11,ok,0,7,4,3,4,,0,3,Road
v3.0,2022,2022-09-24,Maryland,Michigan,away,27,34,17.0,-16.8,-7,0,0,9.8,AS EXPECTED,graded,pbp,73,66,-0.0561,-0.2542,10,ok,0,3,5,2,3,,1,2,Road · Full house · Top-10 opponent
v3.0,2022,2022-09-24,Michigan State,Minnesota,home,7,34,3.0,-3.2,-24,7,10,-20.8,SOFT,graded,pbp,32,54,-0.6925,-0.0449,-20,ok,0,0,1,0,1,,1,2,
v3.0,2022,2022-09-24,Michigan,Maryland,home,34,27,-17.0,16.8,7,0,0,-9.8,AS EXPECTED,graded,pbp,66,73,0.0561,0.2542,-10,ok,0,21,5,2,4,-4,2,1,
v3.0,2022,2022-09-24,Minnesota,Michigan State,away,34,7,-3.0,3.2,24,10,7,20.8,DAWG,graded,pbp,54,32,0.6925,0.0449,20,ok,0,24,5,0,0,10,2,1,Road · Full house
v3.0,2022,2022-09-24,Missouri,Auburn,away,14,17,7.5,-8.0,-3,0,0,5.0,AS EXPECTED,graded,pbp,61,63,0.0717,-0.1122,8,ok,5,14,9,0,1,,0,1,Road · Full house
v3.0,2022,2022-09-24,Ole Miss,Tulsa,home,35,27,-21.0,19.5,8,0,0,-11.5,AS EXPECTED,graded,pbp,75,78,0.0179,0.3141,-16,ok,0,21,6,1,2,-6,1,1,Group of 5 opponent
v3.0,2022,2022-09-24,Duke,Kansas,away,27,35,7.0,-7.4,-8,0,0,-0.6,AS EXPECTED,graded,pbp,72,62,-0.2005,-0.1047,-5,ok,0,7,4,2,2,,1,0,Road · Full house
v3.0,2022,2022-09-24,NC State,UConn,home,41,10,-38.5,30.1,35,3,7,4.9,AS EXPECTED,graded,pbp,61,27,0.829,0.5758,8,ok,0,24,4,0,0,21,0,1,Night · Group of 5 opponent
v3.0,2022,2022-09-24,North Carolina,Notre Dame,home,32,45,-2.5,2.6,-19,6,0,-21.6,SOFT,graded,pbp,51,85,0.006,0.0374,-2,ok,0,14,4,1,3,,1,1,
v3.0,2022,2022-09-24,Wake Forest,Clemson,home,45,51,7.5,-8.0,-6,0,0,2.0,AS EXPECTED,graded,pbp,59,80,0.1077,-0.1122,11,ok,15,14,4,2,4,,0,0,Top-10 opponent
v3.0,2022,2022-09-24,Rutgers,Iowa,home,10,27,7.5,-8.0,-17,0,0,-9.0,AS EXPECTED,graded,pbp,72,54,0.0627,-0.1122,8,ok,0,7,6,0,1,,0,3,Night
v3.0,2022,2022-09-24,Ohio State,Wisconsin,home,52,21,-18.5,17.8,31,14,14,13.2,DAWG,graded,pbp,48,32,0.6161,0.2767,10,ok,0,28,5,0,0,17,1,1,Night
v3.0,2022,2022-09-24,Auburn,Missouri,home,17,14,-7.5,8.0,3,0,0,-5.0,AS EXPECTED,graded,pbp,63,61,-0.0717,0.1122,-8,ok,5,17,10,0,2,-11,1,0,
v3.0,2022,2022-09-24,Oklahoma,Kansas State,home,34,41,-13.5,14.1,-7,0,0,-21.1,SOFT,graded,pbp,73,81,0.0073,0.2019,-11,ok,0,14,5,2,4,,0,0,Night
v3.0,2022,2022-09-24,UCF,Georgia Tech,home,27,10,-21.0,19.5,17,0,0,-2.5,AS EXPECTED,graded,pbp,68,63,-0.0358,0.3141,-17,ok,0,13,6,1,2,8,1,1,
v3.0,2022,2022-09-24,Penn State,Central Michigan,home,33,14,-28.0,24.6,19,0,0,-5.6,AS EXPECTED,graded,pbp,71,75,0.1278,0.4187,-15,ok,0,28,8,0,2,5,3,0,Group of 5 opponent
v3.0,2022,2022-09-24,Cincinnati,Indiana,home,45,24,-16.5,16.4,21,0,0,4.6,AS EXPECTED,graded,pbp,69,101,0.0244,0.2468,-14,ok,0,24,11,2,2,7,3,1,
v3.0,2022,2022-09-24,Pittsburgh,Rhode Island,home,45,24,-32.5,27.3,21,0,0,-6.3,AS EXPECTED,graded,pbp,65,51,0.068,0.486,-18,ok,0,10,4,3,3,7,0,0,FCS opponent
v3.0,2022,2022-09-24,Clemson,Wake Forest,away,51,45,-7.5,8.0,6,0,0,-2.0,AS EXPECTED,graded,pbp,80,59,-0.1077,0.1122,-11,ok,15,17,4,5,7,-8,0,0,Road · Full house · Ranked opponent
v3.0,2022,2022-09-24,Iowa,Rutgers,away,27,10,-7.5,8.0,17,0,0,9.0,AS EXPECTED,graded,pbp,54,72,-0.0627,0.1122,-8,ok,0,3,6,0,1,6,3,0,Road · Night · Full house
v3.0,2022,2022-09-24,Kansas,Duke,home,35,27,-7.0,7.4,8,0,0,0.6,AS EXPECTED,graded,pbp,62,72,0.2005,0.1047,5,ok,0,21,4,2,4,-3,0,1,
v3.0,2022,2022-09-24,Kansas State,Oklahoma,away,41,34,13.5,-14.1,7,0,0,21.1,DAWG,graded,pbp,81,73,-0.0073,-0.2019,11,ok,0,17,6,3,5,-7,0,0,Road · Night · Full house · Top-10 opponent
v3.0,2022,2022-09-24,Vanderbilt,Alabama,away,3,55,40.5,-30.9,-31,0,21,-0.1,AS EXPECTED,graded,pbp,35,48,-0.7615,-0.6057,-5,ok,0,0,2,1,1,,0,1,Road · Night · Full house · Top-10 opponent
v3.0,2022,2022-09-24,Baylor,Iowa State,away,31,24,2.5,-2.6,7,0,0,9.6,AS EXPECTED,graded,pbp,68,63,0.0717,-0.0374,5,ok,0,21,6,1,1,-3,2,0,Road · Full house
v3.0,2022,2022-09-24,Miami,Middle Tennessee,home,31,45,-25.5,22.8,-14,0,0,-36.8,CERTIFIED SOFT,graded,pbp,89,61,-0.1523,0.3814,-29,ok,0,10,6,0,1,,1,4,Group of 5 opponent
v3.0,2022,2022-09-24,Stanford,Washington,away,22,40,14.0,-14.5,-33,15,0,-18.5,SOFT,graded,pbp,51,64,-0.4341,-0.2094,-9,ok,0,0,1,0,1,,0,3,Road · Night · Full house · Ranked opponent
v3.0,2022,2022-09-24,Texas A&M,Arkansas,neutral,23,21,-1.5,1.6,2,0,0,0.4,AS EXPECTED,graded,pbp,55,72,-0.0227,0.0224,-2,ok,0,10,5,0,2,-7,1,1,Night · Top-10 opponent
v3.0,2022,2022-09-24,Houston,Rice,home,34,27,-17.5,17.1,7,0,0,-10.1,AS EXPECTED,graded,pbp,57,62,0.1291,0.2617,-6,ok,0,7,4,3,5,,2,1,Group of 5 opponent
v3.0,2022,2022-09-24,Oregon,Washington State,away,44,41,-6.5,6.9,3,0,0,-3.9,AS EXPECTED,graded,pbp,76,71,0.2178,0.0972,6,ok,0,7,3,2,4,,2,1,Road · Full house · Group of 5 opponent
v3.0,2022,2022-09-24,California,Arizona,home,49,31,-3.5,3.7,18,0,0,14.3,DAWG,graded,pbp,65,71,0.2662,0.0523,11,ok,0,35,6,1,3,7,3,0,
v3.0,2022,2022-09-24,Purdue,Florida Atlantic,home,28,26,-16.5,16.4,2,0,0,-14.4,SOFT,graded,pbp,62,71,-0.1024,0.2468,-17,ok,0,14,5,1,5,,1,2,Night · Group of 5 opponent
v3.0,2022,2022-09-24,Texas,Texas Tech,away,34,37,-7.0,7.4,-3,0,0,-10.4,AS EXPECTED,graded,pbp,59,96,0.0055,0.1047,-6,ok,5,14,4,2,5,-13,0,2,Road · Full house
v3.0,2022,2022-09-24,BYU,Wyoming,home,38,24,-21.5,19.8,14,0,0,-5.8,AS EXPECTED,graded,pbp,64,59,0.3373,0.3215,1,ok,0,35,6,0,2,3,0,0,Night · Group of 5 opponent
v3.0,2022,2022-09-24,Utah,Arizona State,away,34,13,-16.5,16.4,25,3,7,8.6,AS EXPECTED,graded,pbp,63,40,0.7202,0.2468,18,ok,0,24,6,0,0,11,3,1,Road · Night
v3.0,2022,2022-09-24,SMU,TCU,home,34,42,2.5,-2.6,-8,0,0,-5.4,AS EXPECTED,graded,pbp,85,64,-0.0542,-0.0374,-1,ok,0,7,5,0,1,,0,2,
v3.0,2022,2022-09-24,South Carolina,Charlotte,home,56,20,-23.5,21.3,28,14,6,6.7,AS EXPECTED,graded,pbp,51,49,0.4915,0.3514,5,ok,0,24,4,2,2,14,3,2,Night · Group of 5 opponent
v3.0,2022,2022-09-24,UCLA,Colorado,away,45,17,-22.0,20.2,28,7,7,7.8,AS EXPECTED,graded,pbp,49,58,0.557,0.329,9,ok,0,24,6,0,0,14,2,0,Road
v3.0,2022,2022-09-24,TCU,SMU,away,42,34,-2.5,2.6,8,0,0,5.4,AS EXPECTED,graded,pbp,64,85,0.0542,0.0374,1,ok,0,21,6,2,3,-6,2,0,Road · Full house
v3.0,2022,2022-09-24,Tennessee,Florida,home,38,33,-11.0,11.7,5,0,0,-6.7,AS EXPECTED,graded,pbp,70,87,-0.0195,0.1645,-10,ok,0,17,4,2,3,-5,2,2,Ranked opponent
v3.0,2022,2022-09-24,Washington,Stanford,home,40,22,-14.0,14.5,33,0,15,18.5,DAWG,graded,pbp,64,51,0.4341,0.2094,9,ok,0,34,7,0,0,23,3,0,Night
v3.0,2022,2022-09-24,Texas Tech,Texas,home,37,34,7.0,-7.4,3,0,0,10.4,AS EXPECTED,graded,pbp,96,59,-0.0055,-0.1047,6,ok,5,16,6,2,3,,2,0,Ranked opponent
v3.0,2022,2022-09-24,Wisconsin,Ohio State,away,21,52,18.5,-17.8,-31,14,14,-13.2,SOFT,graded,pbp,32,48,-0.6161,-0.2767,-10,ok,0,0,1,0,1,,1,1,Road · Night · Full house · Top-10 opponent
v3.0,2022,2022-09-24,USC,Oregon State,away,17,14,-5.5,5.8,3,0,0,-2.8,AS EXPECTED,graded,pbp,72,60,0.0538,0.0823,-1,ok,0,10,6,1,2,,4,0,Road · Night · Group of 5 opponent
v3.0,2022,2022-09-24,Alabama,Vanderbilt,home,55,3,-40.5,30.9,31,21,0,0.1,AS EXPECTED,graded,pbp,48,35,0.7615,0.6057,5,ok,0,21,4,1,1,20,1,0,Night
v3.0,2022,2022-09-24,Mississippi State,Bowling Green,home,45,14,-31.0,26.5,31,7,7,4.5,AS EXPECTED,graded,pbp,40,29,0.4806,0.4636,0,ok,0,24,5,0,0,17,1,0,Group of 5 opponent
v3.0,2022,2022-09-24,Colorado,UCLA,home,17,45,22.0,-20.2,-28,7,7,-7.8,AS EXPECTED,graded,pbp,58,49,-0.557,-0.329,-9,ok,0,7,2,0,1,,0,2,
v3.0,2022,2022-09-24,Florida State,Boston College,home,44,14,-18.5,17.8,31,13,14,13.2,DAWG,graded,pbp,43,27,0.717,0.2767,11,ok,0,38,8,0,0,17,2,0,Night
v3.0,2022,2022-09-24,Florida,Tennessee,away,33,38,11.0,-11.7,-5,0,0,6.7,AS EXPECTED,graded,pbp,87,70,0.0195,-0.1645,10,ok,0,7,3,2,2,,2,2,Road · Full house · Ranked opponent
v3.0,2022,2022-09-24,Georgia Tech,UCF,away,10,27,21.0,-19.5,-17,0,0,2.5,AS EXPECTED,graded,pbp,63,68,0.0358,-0.3141,17,ok,0,7,4,0,3,,1,1,Road
v3.0,2022,2022-09-24,Georgia,Kent State,home,39,22,-45.0,32.7,17,0,0,-15.7,SOFT,graded,pbp,77,52,0.1669,0.673,-24,ok,0,3,2,2,3,8,2,2,Group of 5 opponent
v3.0,2022,2022-09-24,Iowa State,Baylor,home,24,31,-2.5,2.6,-7,0,0,-9.6,AS EXPECTED,graded,pbp,63,68,-0.0717,0.0374,-5,ok,0,10,4,1,2,,0,2,Ranked opponent
v3.0,2022,2022-09-24,Northwestern,Miami (OH),home,14,17,-7.5,8.0,-3,0,0,-11.0,AS EXPECTED,graded,pbp,74,61,-0.0927,0.1122,-10,ok,0,14,9,0,2,,0,2,Night · Group of 5 opponent
v3.0,2022,2022-09-24,Arkansas,Texas A&M,neutral,21,23,1.5,-1.6,-2,0,0,-0.4,AS EXPECTED,graded,pbp,72,55,0.0227,-0.0224,2,ok,0,21,6,0,3,-16,1,1,Night · Ranked opponent
v3.0,2022,2022-09-24,Indiana,Cincinnati,away,24,45,16.5,-16.4,-21,0,0,-4.6,AS EXPECTED,graded,pbp,101,69,-0.0244,-0.2468,14,ok,0,14,9,1,2,,1,3,Road · Full house
v3.0,2022,2022-09-24,Notre Dame,North Carolina,away,45,32,2.5,-2.6,19,0,6,21.6,DAWG,graded,pbp,85,51,-0.006,-0.0374,2,ok,0,24,6,1,2,9,1,1,Road · Full house
v3.0,2022,2022-09-24,Arizona State,Utah,home,13,34,16.5,-16.4,-25,7,3,-8.6,AS EXPECTED,graded,pbp,40,63,-0.7202,-0.2468,-18,ok,0,0,3,0,1,,1,3,Night · Ranked opponent
v3.0,2022,2022-09-24,Kentucky,Northern Illinois,home,31,23,-26.5,23.6,8,0,0,-15.6,SOFT,graded,pbp,61,59,0.0821,0.3963,-14,ok,0,17,6,1,1,-2,0,1,Night · Group of 5 opponent
v3.0,2022,2022-09-24,Louisville,South Florida,home,41,3,-15.5,15.7,31,10,3,15.3,DAWG,graded,pbp,51,35,0.6788,0.2318,14,ok,0,28,4,0,0,17,3,1,Group of 5 opponent
v3.0,2022,2022-09-24,LSU,New Mexico,home,38,0,-31.5,26.8,31,7,0,4.2,AS EXPECTED,graded,pbp,61,24,0.6918,0.4711,7,ok,0,31,6,0,0,21,0,1,Night · Group of 5 opponent
v3.0,2022,2022-09-29,BYU,Utah State,home,38,26,-26.0,23.2,12,0,0,-11.2,AS EXPECTED,graded,pbp,60,80,0.2808,0.3888,-5,ok,0,7,6,3,4,1,3,0,Group of 5 opponent
v3.0,2022,2022-09-29,South Carolina,South Carolina State,home,50,10,-40.5,30.9,29,14,3,-1.9,AS EXPECTED,graded,pbp,45,38,0.4573,0.6057,-4,ok,0,28,6,0,0,14,3,2,Night · FCS opponent
v3.0,2022,2022-09-30,Houston,Tulane,home,24,27,-5.5,5.8,-3,0,0,-8.8,AS EXPECTED,graded,pbp,78,52,0.3105,0.0823,11,ok,5,28,7,0,1,,2,0,Night · Group of 5 opponent
v3.0,2022,2022-09-30,UCLA,Washington,home,40,32,2.5,-2.6,16,0,8,18.6,DAWG,graded,pbp,72,65,-0.0503,-0.0374,-1,ok,0,10,3,1,2,3,2,0,Night · Ranked opponent
v3.0,2022,2022-09-30,Washington,UCLA,away,32,40,-2.5,2.6,-16,8,0,-18.6,SOFT,graded,pbp,65,72,0.0503,0.0374,1,ok,0,7,2,2,3,,0,2,Road · Night
v3.0,2022,2022-10-01,Boston College,Louisville,home,34,33,13.5,-14.1,1,0,0,15.1,DAWG,graded,pbp,51,72,0.2611,-0.2019,21,ok,0,13,6,3,5,,0,3,
v3.0,2022,2022-10-01,Arizona,Colorado,home,43,20,-18.0,17.5,23,0,0,5.5,AS EXPECTED,graded,pbp,60,36,0.2404,0.2692,-1,ok,0,28,6,1,1,11,0,0,Night
v3.0,2022,2022-10-01,Maryland,Michigan State,home,27,13,-7.5,8.0,14,0,0,6.0,AS EXPECTED,graded,pbp,75,67,0.1114,0.1122,0,ok,0,6,7,2,2,3,0,0,
v3.0,2022,2022-10-01,Michigan State,Maryland,away,13,27,7.5,-8.0,-14,0,0,-6.0,AS EXPECTED,graded,pbp,67,75,-0.1114,-0.1122,0,ok,0,7,4,1,3,,0,0,Road
v3.0,2022,2022-10-01,Michigan,Iowa,away,27,14,-10.5,11.2,13,0,0,1.8,AS EXPECTED,graded,pbp,66,55,0.0532,0.157,-5,ok,0,20,7,0,0,3,0,0,Road · Full house
v3.0,2022,2022-10-01,Minnesota,Purdue,home,10,20,-9.5,10.1,-10,0,0,-20.1,SOFT,graded,pbp,59,66,-0.1465,0.1421,-13,ok,0,10,7,0,2,,3,3,
v3.0,2022,2022-10-01,Missouri,Georgia,home,22,26,30.5,-26.2,-4,0,0,22.2,DAWG,graded,pbp,53,79,-0.2825,-0.4561,8,ok,0,13,5,0,2,-14,2,0,Night · Top-10 opponent
v3.0,2022,2022-10-01,Ole Miss,Kentucky,home,22,19,-6.5,6.9,3,0,0,-3.9,AS EXPECTED,graded,pbp,67,60,0.0112,0.0972,-4,ok,0,14,5,1,3,-11,2,1,Top-10 opponent
v3.0,2022,2022-10-01,Duke,Virginia,home,38,17,-2.0,2.1,28,0,7,25.9,CERTIFIED DAWG,graded,pbp,60,37,0.5203,0.0299,17,ok,0,21,5,0,0,14,1,1,Night
v3.0,2022,2022-10-01,NC State,Clemson,away,20,30,6.5,-6.9,-10,0,0,-3.1,AS EXPECTED,graded,pbp,69,68,-0.1212,-0.0972,-1,ok,0,0,4,2,2,,0,2,Road · Night · Full house · Top-10 opponent
v3.0,2022,2022-10-01,North Carolina,Virginia Tech,home,41,10,-9.5,10.1,31,0,0,20.9,DAWG,graded,pbp,59,50,0.4094,0.1421,11,ok,0,31,6,1,1,20,1,0,
v3.0,2022,2022-10-01,Wake Forest,Florida State,away,31,21,6.0,-6.4,10,0,0,16.4,DAWG,graded,pbp,85,63,-0.0217,-0.0897,4,ok,0,21,5,1,2,-4,1,0,Road · Ranked opponent
v3.0,2022,2022-10-01,Nebraska,Indiana,home,35,21,-6.5,6.9,14,0,0,7.1,AS EXPECTED,graded,pbp,74,71,0.1711,0.0972,4,ok,0,28,11,0,2,0,1,2,Night
v3.0,2022,2022-10-01,Rutgers,Ohio State,away,10,49,39.0,-30.3,-32,0,7,-1.7,AS EXPECTED,graded,pbp,41,44,-0.7074,-0.5833,-4,ok,0,3,2,0,2,,1,3,Road · Full house · Top-10 opponent
v3.0,2022,2022-10-01,Syracuse,Wagner,home,59,0,-54.0,36.3,42,17,0,5.7,AS EXPECTED,graded,pbp,29,18,,,,few_plays,0,21,3,0,0,28,1,0,FCS opponent
v3.0,2022,2022-10-01,Ohio State,Rutgers,home,49,10,-39.0,30.3,32,7,0,1.7,AS EXPECTED,graded,pbp,44,41,0.7074,0.5833,4,ok,0,21,4,1,1,18,3,1,
v3.0,2022,2022-10-01,Oklahoma State,Baylor,away,36,25,2.5,-2.6,11,0,0,13.6,DAWG,graded,pbp,76,69,-0.1697,-0.0374,-7,ok,0,13,6,2,2,-2,2,1,Road · Full house · Ranked opponent
v3.0,2022,2022-10-01,Auburn,LSU,home,17,21,8.0,-8.5,-4,0,0,4.5,AS EXPECTED,graded,pbp,70,75,0.12,-0.1196,13,ok,0,17,9,0,0,-18,2,2,Night
v3.0,2022,2022-10-01,Oklahoma,TCU,away,24,55,-5.0,5.3,-31,7,7,-36.3,CERTIFIED SOFT,graded,pbp,49,53,-0.4934,0.0748,-21,ok,0,10,3,0,1,,0,1,Road · Full house
v3.0,2022,2022-10-01,Penn State,Northwestern,home,17,7,-25.5,22.8,10,0,0,-12.8,SOFT,graded,pbp,78,65,0.186,0.3814,-10,ok,0,14,11,1,1,-4,2,5,
v3.0,2022,2022-10-01,Cincinnati,Tulsa,away,31,21,-10.0,10.7,10,0,0,-0.7,AS EXPECTED,graded,pbp,59,82,0.228,0.1496,4,ok,0,14,8,2,3,-4,2,1,Road · Night · Group of 5 opponent
v3.0,2022,2022-10-01,Pittsburgh,Georgia Tech,home,21,26,-21.5,19.8,-5,0,0,-24.8,CERTIFIED SOFT,graded,pbp,72,70,-0.0017,0.3215,-17,ok,0,7,6,1,4,,0,3,Night
v3.0,2022,2022-10-01,Clemson,NC State,home,30,20,-6.5,6.9,10,0,0,3.1,AS EXPECTED,graded,pbp,68,69,0.1212,0.0972,1,ok,0,20,6,1,3,0,2,0,Night · Top-10 opponent
v3.0,2022,2022-10-01,Iowa,Michigan,home,14,27,10.5,-11.2,-13,0,0,-1.8,AS EXPECTED,graded,pbp,55,66,-0.0532,-0.157,5,ok,0,7,4,0,1,,0,0,Top-10 opponent
v3.0,2022,2022-10-01,Kansas,Iowa State,home,14,11,3.5,-3.7,3,0,0,6.7,AS EXPECTED,graded,pbp,45,78,-0.1557,-0.0523,-5,ok,0,14,7,0,2,-11,1,1,
v3.0,2022,2022-10-01,Kansas State,Texas Tech,home,37,28,-7.5,8.0,9,0,0,1.0,AS EXPECTED,graded,pbp,55,81,0.2113,0.1122,5,ok,0,23,9,1,4,-1,4,1,
v3.0,2022,2022-10-01,Baylor,Oklahoma State,home,25,36,-2.5,2.6,-11,0,0,-13.6,SOFT,graded,pbp,69,76,0.1697,0.0374,7,ok,0,7,5,0,2,,1,2,Top-10 opponent
v3.0,2022,2022-10-01,Stanford,Oregon,away,27,45,17.5,-17.1,-28,10,0,-10.9,AS EXPECTED,graded,pbp,49,62,-0.4019,-0.2617,-6,ok,0,3,2,0,1,,1,1,Road · Night · Ranked opponent
v3.0,2022,2022-10-01,Texas A&M,Mississippi State,away,24,42,4.0,-4.2,-25,7,0,-20.8,SOFT,graded,pbp,63,69,-0.1959,-0.0598,-7,ok,0,7,5,1,3,,1,4,Road
v3.0,2022,2022-10-01,Oregon,Stanford,home,45,27,-17.5,17.1,28,0,10,10.9,AS EXPECTED,graded,pbp,62,49,0.4019,0.2617,6,ok,0,24,6,1,1,18,1,1,Night
v3.0,2022,2022-10-01,California,Washington State,away,9,28,4.0,-4.2,-19,0,0,-14.8,SOFT,graded,pbp,61,62,-0.2262,-0.0598,-7,ok,0,7,7,1,1,,2,0,Road · Group of 5 opponent
v3.0,2022,2022-10-01,Purdue,Minnesota,away,20,10,9.5,-10.1,10,0,0,20.1,DAWG,graded,pbp,66,59,0.1465,-0.1421,13,ok,0,20,9,0,2,0,3,3,Road · Ranked opponent
v3.0,2022,2022-10-01,Texas,West Virginia,home,38,20,-7.5,8.0,31,0,13,23.0,DAWG,graded,pbp,59,63,0.1891,0.1122,3,ok,0,28,5,0,0,17,0,0,Night
v3.0,2022,2022-10-01,Utah,Oregon State,home,42,16,-10.5,11.2,26,0,0,14.8,DAWG,graded,pbp,45,55,0.4303,0.157,10,ok,0,28,5,1,3,12,4,0,Group of 5 opponent
v3.0,2022,2022-10-01,Virginia,Duke,away,17,38,2.0,-2.1,-28,7,0,-25.9,CERTIFIED SOFT,graded,pbp,37,60,-0.5203,-0.0299,-17,ok,0,10,4,0,1,,1,1,Road · Night
v3.0,2022,2022-10-01,Virginia Tech,North Carolina,away,10,41,9.5,-10.1,-31,0,0,-20.9,SOFT,graded,pbp,50,59,-0.4094,-0.1421,-11,ok,0,10,2,0,1,,0,1,Road
v3.0,2022,2022-10-01,TCU,Oklahoma,home,55,24,5.0,-5.3,31,7,7,36.3,CERTIFIED DAWG,graded,pbp,53,49,0.4934,-0.0748,21,ok,0,28,6,1,1,21,1,0,Ranked opponent
v3.0,2022,2022-10-01,Texas Tech,Kansas State,away,28,37,7.5,-8.0,-9,0,0,-1.0,AS EXPECTED,graded,pbp,81,55,-0.2113,-0.1122,-5,ok,0,13,6,1,3,,1,4,Road · Full house · Ranked opponent
v3.0,2022,2022-10-01,Wisconsin,Illinois,home,10,34,-6.5,6.9,-24,0,0,-30.9,CERTIFIED SOFT,graded,pbp,36,55,-0.3955,0.0972,-16,ok,0,0,4,1,2,,0,2,
v3.0,2022,2022-10-01,West Virginia,Texas,away,20,38,7.5,-8.0,-31,13,0,-23.0,SOFT,graded,pbp,63,59,-0.1891,-0.1122,-3,ok,0,0,1,0,1,,0,0,Road · Night · Full house
v3.0,2022,2022-10-01,USC,Arizona State,home,42,25,-24.5,22.1,17,0,0,-5.1,AS EXPECTED,graded,pbp,67,61,0.2333,0.3664,-6,ok,0,14,3,2,3,6,2,1,Night
v3.0,2022,2022-10-01,Alabama,Arkansas,away,49,26,-17.0,16.8,23,0,0,6.2,AS EXPECTED,graded,pbp,58,73,0.3364,0.2542,4,ok,0,35,9,1,1,9,1,1,Road · Full house · Ranked opponent
v3.0,2022,2022-10-01,Mississippi State,Texas A&M,home,42,24,-4.0,4.2,25,0,7,20.8,DAWG,graded,pbp,69,63,0.1959,0.0598,7,ok,0,14,5,3,3,11,4,1,Ranked opponent
v3.0,2022,2022-10-01,Illinois,Wisconsin,away,34,10,6.5,-6.9,24,0,0,30.9,CERTIFIED DAWG,graded,pbp,55,36,0.3955,-0.0972,16,ok,0,24,7,0,2,13,2,0,Road · Full house
v3.0,2022,2022-10-01,Colorado,Arizona,away,20,43,18.0,-17.5,-23,0,0,-5.5,AS EXPECTED,graded,pbp,36,60,-0.2404,-0.2692,1,ok,0,7,3,1,2,,0,0,Road · Night
v3.0,2022,2022-10-01,Florida State,Wake Forest,home,21,31,-6.0,6.4,-10,0,0,-16.4,SOFT,graded,pbp,63,85,0.0217,0.0897,-4,ok,0,7,4,0,2,,0,1,Ranked opponent
v3.0,2022,2022-10-01,Georgia Tech,Pittsburgh,away,26,21,21.5,-19.8,5,0,0,24.8,CERTIFIED DAWG,graded,pbp,70,72,0.0017,-0.3215,17,ok,0,16,10,1,2,-7,3,0,Road · Night · Ranked opponent
v3.0,2022,2022-10-01,Georgia,Missouri,away,26,22,-30.5,26.2,4,0,0,-22.2,SOFT,graded,pbp,79,53,0.2825,0.4561,-8,ok,0,10,4,0,1,,0,2,Road · Night · Full house
v3.0,2022,2022-10-01,Iowa State,Kansas,away,11,14,-3.5,3.7,-3,0,0,-6.7,AS EXPECTED,graded,pbp,78,45,0.1557,0.0523,5,ok,0,3,7,0,1,,1,1,Road · Full house
v3.0,2022,2022-10-01,Northwestern,Penn State,away,7,17,25.5,-22.8,-10,0,0,12.8,DAWG,graded,pbp,65,78,-0.186,-0.3814,10,ok,0,7,10,0,1,,5,2,Road · Full house · Ranked opponent
v3.0,2022,2022-10-01,Arkansas,Alabama,home,26,49,17.0,-16.8,-23,0,0,-6.2,AS EXPECTED,graded,pbp,73,58,-0.3364,-0.2542,-4,ok,0,14,6,0,1,,1,1,Top-10 opponent
v3.0,2022,2022-10-01,Indiana,Nebraska,away,21,35,6.5,-6.9,-14,0,0,-7.1,AS EXPECTED,graded,pbp,71,74,-0.1711,-0.0972,-4,ok,0,7,9,0,3,,2,1,Road · Night · Full house
v3.0,2022,2022-10-01,Arizona State,USC,away,25,42,24.5,-22.1,-17,0,0,5.1,AS EXPECTED,graded,pbp,61,67,-0.2333,-0.3664,6,ok,0,0,1,2,2,,1,2,Road · Night · Top-10 opponent
v3.0,2022,2022-10-01,Kentucky,Ole Miss,away,19,22,6.5,-6.9,-3,0,0,3.9,AS EXPECTED,graded,pbp,60,67,-0.0112,-0.0972,4,ok,0,7,5,0,2,,1,2,Road · Full house · Ranked opponent
v3.0,2022,2022-10-01,Louisville,Boston College,away,33,34,-13.5,14.1,-1,0,0,-15.1,SOFT,graded,pbp,72,51,-0.2611,0.2019,-21,ok,0,13,6,2,6,,3,0,Road
v3.0,2022,2022-10-01,LSU,Auburn,away,21,17,-8.0,8.5,4,0,0,-4.5,AS EXPECTED,graded,pbp,75,70,-0.12,0.1196,-13,ok,0,14,7,0,1,,2,2,Road · Night · Full house
v3.0,2022,2022-10-02,Florida,Eastern Washington,home,52,17,-32.0,27.0,32,17,14,5.0,AS EXPECTED,graded,pbp,20,48,1.5673,0.4786,27,ok,0,21,3,1,1,21,1,1,FCS opponent
v3.0,2022,2022-10-05,UCF,SMU,home,41,19,-3.0,3.2,28,0,6,24.8,CERTIFIED DAWG,graded,pbp,68,70,0.429,0.0449,19,ok,0,31,8,0,3,17,2,0,Night
v3.0,2022,2022-10-05,SMU,UCF,away,19,41,3.0,-3.2,-28,6,0,-24.8,CERTIFIED SOFT,graded,pbp,70,68,-0.429,-0.0449,-19,ok,0,3,6,2,3,,0,2,Road · Night
v3.0,2022,2022-10-07,Nebraska,Rutgers,away,14,13,-3.0,3.2,1,0,0,-2.2,AS EXPECTED,graded,pbp,66,68,0.1243,0.0449,4,ok,0,14,10,0,1,,3,2,Road · Night · Full house
v3.0,2022,2022-10-07,Rutgers,Nebraska,home,13,14,3.0,-3.2,-1,0,0,2.2,AS EXPECTED,graded,pbp,68,66,-0.1243,-0.0449,-4,ok,0,6,11,0,2,-11,2,3,Night
v3.0,2022,2022-10-07,Houston,Memphis,away,33,32,1.5,-1.6,1,0,0,2.6,AS EXPECTED,graded,pbp,81,75,0.1407,-0.0224,9,ok,0,7,4,0,1,,1,1,Road · Night · Group of 5 opponent
v3.0,2022,2022-10-08,Boston College,Clemson,home,3,31,21.0,-19.5,-28,0,0,-8.5,AS EXPECTED,graded,pbp,66,63,-0.2877,-0.3141,1,ok,0,3,9,0,1,,1,3,Night
v3.0,2022,2022-10-08,Arizona,Oregon,home,22,49,13.5,-14.1,-29,9,7,-14.9,SOFT,graded,pbp,38,46,-0.7021,-0.2019,-15,ok,0,3,1,0,1,,0,3,Night · Ranked opponent
v3.0,2022,2022-10-08,Maryland,Purdue,home,29,31,-3.0,3.2,-2,0,0,-5.2,AS EXPECTED,graded,pbp,63,74,0.1022,0.0449,3,ok,0,21,7,2,5,,3,1,
v3.0,2022,2022-10-08,Michigan State,Ohio State,home,20,49,27.0,-23.9,-29,7,7,-5.1,AS EXPECTED,graded,pbp,28,48,-0.7424,-0.4038,-9,ok,0,0,0,0,2,,1,1,Top-10 opponent
v3.0,2022,2022-10-08,Michigan,Indiana,away,31,10,-23.5,21.3,21,0,0,-0.3,AS EXPECTED,graded,pbp,76,74,0.3533,0.3514,0,ok,0,21,8,1,2,7,2,1,Road · Full house
v3.0,2022,2022-10-08,Missouri,Florida,away,17,24,10.5,-11.2,-7,0,0,4.2,AS EXPECTED,graded,pbp,72,46,-0.0559,-0.157,4,ok,0,10,5,0,2,,2,2,Road · Full house
v3.0,2022,2022-10-08,Ole Miss,Vanderbilt,away,52,28,-17.0,16.8,32,0,8,15.2,DAWG,graded,pbp,59,69,0.6973,0.2542,21,ok,0,28,5,0,2,21,1,2,Road
v3.0,2022,2022-10-08,Duke,Georgia Tech,away,20,23,-3.5,3.7,-3,0,0,-6.7,AS EXPECTED,graded,pbp,71,69,-0.1663,0.0523,-11,ok,6,10,4,0,1,,0,1,Road
v3.0,2022,2022-10-08,NC State,Florida State,home,19,17,-3.5,3.7,2,0,0,-1.7,AS EXPECTED,graded,pbp,70,56,-0.0061,0.0523,-3,ok,0,12,9,0,1,,2,1,Night
v3.0,2022,2022-10-08,North Carolina,Miami,away,27,24,4.0,-4.2,3,0,0,7.2,AS EXPECTED,graded,pbp,71,80,0.0131,-0.0598,4,ok,0,20,6,1,3,-11,2,2,Road
v3.0,2022,2022-10-08,Wake Forest,Army,home,45,10,-16.0,16.1,35,10,10,18.9,DAWG,graded,pbp,42,50,0.5489,0.2393,10,ok,0,21,4,0,0,21,2,0,Night · Group of 5 opponent
v3.0,2022,2022-10-08,Ohio State,Michigan State,away,49,20,-27.0,23.9,29,7,7,5.1,AS EXPECTED,graded,pbp,48,28,0.7424,0.4038,9,ok,0,21,4,2,2,15,1,1,Road · Full house
v3.0,2022,2022-10-08,Oklahoma State,Texas Tech,home,41,31,-11.5,12.2,10,0,0,-2.2,AS EXPECTED,graded,pbp,86,104,0.0329,0.172,-10,ok,0,27,8,2,4,0,1,0,
v3.0,2022,2022-10-08,Auburn,Georgia,away,10,42,28.0,-24.6,-25,7,14,-0.4,AS EXPECTED,graded,pbp,53,48,-0.3717,-0.4187,2,ok,0,3,6,0,1,,1,2,Road · Full house · Top-10 opponent
v3.0,2022,2022-10-08,Oklahoma,Texas,neutral,0,49,7.5,-8.0,-35,0,14,-27.0,CERTIFIED SOFT,graded,pbp,44,60,-0.5667,-0.1122,-17,ok,0,0,2,0,1,,1,2,
v3.0,2022,2022-10-08,Cincinnati,South Florida,home,28,24,-27.0,23.9,4,0,0,-19.9,SOFT,graded,pbp,60,63,0.0697,0.4038,-15,ok,0,14,5,0,3,,0,2,Group of 5 opponent
v3.0,2022,2022-10-08,Pittsburgh,Virginia Tech,home,45,29,-14.5,14.9,16,0,0,1.1,AS EXPECTED,graded,pbp,70,75,0.0973,0.2169,-6,ok,0,38,11,0,4,1,2,1,
v3.0,2022,2022-10-08,Clemson,Boston College,away,31,3,-21.0,19.5,28,0,0,8.5,AS EXPECTED,graded,pbp,63,66,0.2877,0.3141,-1,ok,0,28,12,0,1,14,3,1,Road · Night · Full house
v3.0,2022,2022-10-08,Iowa,Illinois,away,6,9,3.5,-3.7,-3,0,0,0.7,AS EXPECTED,graded,pbp,63,74,-0.0474,-0.0523,0,ok,0,3,7,1,3,,2,1,Road · Night
v3.0,2022,2022-10-08,Kansas,TCU,home,31,38,7.0,-7.4,-7,0,0,0.4,AS EXPECTED,graded,pbp,73,64,0.0137,-0.1047,6,ok,0,14,6,1,5,,2,2,Ranked opponent
v3.0,2022,2022-10-08,Kansas State,Iowa State,away,10,9,-1.0,1.1,1,0,0,-0.1,AS EXPECTED,graded,pbp,58,61,0.1237,0.015,5,ok,0,10,6,0,3,,0,1,Road · Night · Full house
v3.0,2022,2022-10-08,Vanderbilt,Ole Miss,home,28,52,17.0,-16.8,-32,8,0,-15.2,SOFT,graded,pbp,69,59,-0.6973,-0.2542,-21,ok,0,10,3,2,3,-42,2,1,Top-10 opponent
v3.0,2022,2022-10-08,Miami,North Carolina,home,24,27,-4.0,4.2,-3,0,0,-7.2,AS EXPECTED,graded,pbp,80,71,-0.0131,0.0598,-4,ok,0,0,4,0,1,,2,2,
v3.0,2022,2022-10-08,Stanford,Oregon State,home,27,28,4.5,-4.8,-1,0,0,3.8,AS EXPECTED,graded,pbp,61,69,-0.2831,-0.0673,-10,ok,0,21,5,2,5,-11,0,1,Night · Group of 5 opponent
v3.0,2022,2022-10-08,Texas A&M,Alabama,away,20,24,24.0,-21.7,-4,0,0,17.7,DAWG,graded,pbp,72,70,0.0065,-0.3589,19,ok,0,20,9,0,2,,4,1,Road · Night · Full house · Top-10 opponent
v3.0,2022,2022-10-08,Oregon,Arizona,away,49,22,-13.5,14.1,29,7,9,14.9,DAWG,graded,pbp,46,38,0.7021,0.2019,15,ok,0,21,4,1,1,18,3,0,Road · Night · Full house
v3.0,2022,2022-10-08,Purdue,Maryland,away,31,29,3.0,-3.2,2,0,0,5.2,AS EXPECTED,graded,pbp,74,63,-0.1022,-0.0449,-3,ok,0,14,8,3,3,,1,3,Road
v3.0,2022,2022-10-08,Texas,Oklahoma,neutral,49,0,-7.5,8.0,35,14,0,27.0,CERTIFIED DAWG,graded,pbp,60,44,0.5667,0.1122,17,ok,0,28,5,0,0,21,2,1,
v3.0,2022,2022-10-08,BYU,Notre Dame,neutral,20,28,3.5,-3.7,-8,0,0,-4.3,AS EXPECTED,graded,pbp,45,73,-0.0069,-0.0523,2,ok,0,14,4,0,3,,1,1,Night
v3.0,2022,2022-10-08,Utah,UCLA,away,32,42,-3.0,3.2,-10,0,0,-13.2,SOFT,graded,pbp,77,61,-0.2097,0.0449,-13,ok,0,0,3,1,1,,1,2,Road · Ranked opponent
v3.0,2022,2022-10-08,South Carolina,Kentucky,away,24,14,4.5,-4.8,10,0,0,14.8,DAWG,graded,pbp,61,63,-0.0019,-0.0673,3,ok,0,17,8,0,1,0,2,2,Road · Night · Full house
v3.0,2022,2022-10-08,Virginia,Louisville,home,17,34,-1.5,1.6,-17,0,0,-18.6,SOFT,graded,pbp,59,76,-0.2864,0.0224,-15,ok,0,10,6,0,3,-27,2,3,
v3.0,2022,2022-10-08,Virginia Tech,Pittsburgh,away,29,45,14.5,-14.9,-16,0,0,-1.1,AS EXPECTED,graded,pbp,75,70,-0.0973,-0.2169,6,ok,0,17,8,1,5,-25,1,2,Road
v3.0,2022,2022-10-08,UCLA,Utah,home,42,32,3.0,-3.2,10,0,0,13.2,DAWG,graded,pbp,61,77,0.2097,-0.0449,13,ok,0,14,5,3,4,-1,2,1,Ranked opponent
v3.0,2022,2022-10-08,TCU,Kansas,away,38,31,-7.0,7.4,7,0,0,-0.4,AS EXPECTED,graded,pbp,64,73,-0.0137,0.1047,-6,ok,0,14,7,3,5,-3,2,2,Road · Full house · Ranked opponent
v3.0,2022,2022-10-08,Tennessee,LSU,away,40,13,-2.5,2.6,30,3,6,27.4,CERTIFIED DAWG,graded,pbp,64,51,0.2294,0.0374,8,ok,0,23,7,0,0,20,1,0,Road · Full house
v3.0,2022,2022-10-08,Washington,Arizona State,away,38,45,-13.5,14.1,-7,0,0,-21.1,SOFT,graded,pbp,87,61,-0.2786,0.2019,-26,ok,0,7,3,1,4,,1,1,Road
v3.0,2022,2022-10-08,Texas Tech,Oklahoma State,away,31,41,11.5,-12.2,-10,0,0,2.2,AS EXPECTED,graded,pbp,104,86,-0.0329,-0.172,10,ok,0,7,5,2,6,,0,1,Road · Full house · Top-10 opponent
v3.0,2022,2022-10-08,Wisconsin,Northwestern,away,42,7,-10.0,10.7,28,14,7,17.3,DAWG,graded,pbp,52,54,0.5242,0.1496,14,ok,0,28,5,0,0,14,3,0,Road
v3.0,2022,2022-10-08,USC,Washington State,home,30,14,-12.5,13.2,16,0,0,2.8,AS EXPECTED,graded,pbp,69,61,0.1046,0.1869,-4,ok,0,30,8,0,2,6,0,0,Group of 5 opponent
v3.0,2022,2022-10-08,Alabama,Texas A&M,home,24,20,-24.0,21.7,4,0,0,-17.7,SOFT,graded,pbp,70,72,-0.0065,0.3589,-19,ok,0,10,9,1,4,-6,1,4,Night
v3.0,2022,2022-10-08,Mississippi State,Arkansas,home,40,17,-8.5,9.1,23,0,0,13.9,DAWG,graded,pbp,73,57,0.1662,0.1271,2,ok,0,28,6,0,0,9,1,0,
v3.0,2022,2022-10-08,Illinois,Iowa,home,9,6,-3.5,3.7,3,0,0,-0.7,AS EXPECTED,graded,pbp,74,63,0.0474,0.0523,0,ok,0,6,8,0,2,,1,2,Night
v3.0,2022,2022-10-08,Florida State,NC State,away,17,19,3.5,-3.7,-2,0,0,1.7,AS EXPECTED,graded,pbp,56,70,0.0061,-0.0523,3,ok,0,17,7,0,5,-13,1,2,Road · Night · Full house · Ranked opponent
v3.0,2022,2022-10-08,Florida,Missouri,home,24,17,-10.5,11.2,7,0,0,-4.2,AS EXPECTED,graded,pbp,46,72,0.0559,0.157,-4,ok,0,17,5,0,2,-3,2,2,
v3.0,2022,2022-10-08,Georgia Tech,Duke,home,23,20,3.5,-3.7,3,0,0,6.7,AS EXPECTED,graded,pbp,69,71,0.1663,-0.0523,11,ok,6,17,6,0,1,-7,1,0,
v3.0,2022,2022-10-08,Georgia,Auburn,home,42,10,-28.0,24.6,25,14,7,0.4,AS EXPECTED,graded,pbp,48,53,0.3717,0.4187,-2,ok,0,21,9,0,0,11,2,1,
v3.0,2022,2022-10-08,Iowa State,Kansas State,home,9,10,1.0,-1.1,-1,0,0,0.1,AS EXPECTED,graded,pbp,61,58,-0.1237,-0.015,-5,ok,0,6,7,1,2,,1,0,Night · Ranked opponent
v3.0,2022,2022-10-08,Northwestern,Wisconsin,home,7,42,10.0,-10.7,-28,7,14,-17.3,SOFT,graded,pbp,54,52,-0.5242,-0.1496,-14,ok,0,0,2,0,1,,0,3,
v3.0,2022,2022-10-08,Arkansas,Mississippi State,away,17,40,8.5,-9.1,-23,0,0,-13.9,SOFT,graded,pbp,57,73,-0.1662,-0.1271,-2,ok,0,14,3,0,1,,0,1,Road · Full house · Ranked opponent
v3.0,2022,2022-10-08,Indiana,Michigan,home,10,31,23.5,-21.3,-21,0,0,0.3,AS EXPECTED,graded,pbp,74,76,-0.3533,-0.3514,0,ok,0,7,5,1,3,,1,2,Top-10 opponent
v3.0,2022,2022-10-08,Notre Dame,BYU,neutral,28,20,-3.5,3.7,8,0,0,4.3,AS EXPECTED,graded,pbp,73,45,0.0069,0.0523,-2,ok,0,6,4,1,2,-4,1,1,Night
v3.0,2022,2022-10-08,Arizona State,Washington,home,45,38,13.5,-14.1,7,0,0,21.1,DAWG,graded,pbp,61,87,0.2786,-0.2019,26,ok,0,14,3,4,5,-7,1,1,Ranked opponent
v3.0,2022,2022-10-08,Kentucky,South Carolina,home,14,24,-4.5,4.8,-10,0,0,-14.8,SOFT,graded,pbp,63,61,0.0019,0.0673,-3,ok,0,7,6,0,2,,2,2,Night
v3.0,2022,2022-10-08,Louisville,Virginia,away,34,17,1.5,-1.6,17,0,0,18.6,DAWG,graded,pbp,76,59,0.2864,-0.0224,15,ok,0,34,8,0,2,7,3,2,Road
v3.0,2022,2022-10-08,LSU,Tennessee,home,13,40,2.5,-2.6,-30,6,3,-27.4,CERTIFIED SOFT,graded,pbp,51,64,-0.2294,-0.0374,-8,ok,0,7,3,0,1,,0,1,
v3.0,2022,2022-10-13,UCF,Temple,home,70,13,-23.5,21.3,29,28,0,7.7,AS EXPECTED,graded,pbp,43,38,0.5507,0.3514,6,ok,0,14,3,3,3,14,0,0,Night · Group of 5 opponent
v3.0,2022,2022-10-13,Baylor,West Virginia,away,40,43,-3.0,3.2,-3,0,0,-6.2,AS EXPECTED,graded,pbp,69,74,0.1013,0.0449,3,ok,0,17,5,4,7,-13,1,3,Road · Night
v3.0,2022,2022-10-13,West Virginia,Baylor,home,43,40,3.0,-3.2,3,0,0,6.2,AS EXPECTED,graded,pbp,74,69,-0.1013,-0.0449,-3,ok,0,14,3,2,6,,3,1,Night
v3.0,2022,2022-10-14,SMU,Navy,home,40,34,-12.5,13.2,6,0,0,-7.2,AS EXPECTED,graded,pbp,48,99,0.203,0.1869,1,ok,0,31,6,1,1,-4,2,0,Night · Group of 5 opponent
v3.0,2022,2022-10-15,Arizona,Washington,away,39,49,14.5,-14.9,-10,0,0,4.9,AS EXPECTED,graded,pbp,67,73,0.0649,-0.2169,14,ok,0,21,4,0,2,,0,0,Road
v3.0,2022,2022-10-15,Maryland,Indiana,away,38,33,-11.0,11.7,5,0,0,-6.7,AS EXPECTED,graded,pbp,83,79,0.098,0.1645,-4,ok,0,31,6,0,5,-6,3,0,Road
v3.0,2022,2022-10-15,Michigan State,Wisconsin,home,34,28,7.0,-7.4,6,0,0,13.4,DAWG,graded,pbp,60,58,0.0831,-0.1047,8,ok,8,28,7,1,4,,2,0,
v3.0,2022,2022-10-15,Michigan,Penn State,home,41,17,-7.0,7.4,24,0,0,16.6,DAWG,graded,pbp,75,42,0.2692,0.1047,7,ok,0,27,5,2,3,11,0,1,Top-10 opponent
v3.0,2022,2022-10-15,Minnesota,Illinois,away,14,26,-4.5,4.8,-12,0,0,-16.8,SOFT,graded,pbp,41,85,-0.2052,0.0673,-12,ok,0,0,3,0,2,,0,3,Road · Ranked opponent
v3.0,2022,2022-10-15,Ole Miss,Auburn,home,48,34,-15.5,15.7,14,0,0,-1.7,AS EXPECTED,graded,pbp,88,65,-0.0544,0.2318,-16,ok,0,21,5,2,2,0,3,1,
v3.0,2022,2022-10-15,Duke,North Carolina,home,35,38,7.0,-7.4,-3,0,0,4.4,AS EXPECTED,graded,pbp,71,73,0.0399,-0.1047,8,ok,0,28,5,1,4,-14,2,1,Night
v3.0,2022,2022-10-15,NC State,Syracuse,away,9,24,3.0,-3.2,-15,0,0,-11.8,AS EXPECTED,graded,pbp,69,55,-0.273,-0.0449,-10,ok,0,3,3,0,2,,2,0,Road · Full house · Ranked opponent
v3.0,2022,2022-10-15,North Carolina,Duke,away,38,35,-7.0,7.4,3,0,0,-4.4,AS EXPECTED,graded,pbp,73,71,-0.0399,0.1047,-8,ok,0,21,5,1,4,-7,1,2,Road · Night · Full house
v3.0,2022,2022-10-15,Nebraska,Purdue,away,37,43,14.0,-14.5,-6,0,0,8.5,AS EXPECTED,graded,pbp,52,100,0.0969,-0.2094,17,ok,0,6,4,0,3,,1,2,Road · Night · Full house
v3.0,2022,2022-10-15,Syracuse,NC State,home,24,9,-3.0,3.2,15,0,0,11.8,AS EXPECTED,graded,pbp,55,69,0.273,0.0449,10,ok,0,0,4,3,3,4,0,2,Ranked opponent
v3.0,2022,2022-10-15,Oklahoma State,TCU,away,40,43,5.0,-5.3,-3,0,0,2.3,AS EXPECTED,graded,pbp,69,75,-0.1871,-0.0748,-6,ok,16,21,6,1,4,-17,0,2,Road · Full house · Ranked opponent
v3.0,2022,2022-10-15,Auburn,Ole Miss,away,34,48,15.5,-15.7,-14,0,0,1.7,AS EXPECTED,graded,pbp,65,88,0.0544,-0.2318,16,ok,0,7,3,0,1,,1,3,Road · Full house · Top-10 opponent
v3.0,2022,2022-10-15,Oklahoma,Kansas,home,52,42,-10.5,,,,,,,no_scoring,,,,,,,no_pbp,0,0,0,0,0,,0,0,Ranked opponent
v3.0,2022,2022-10-15,Penn State,Michigan,away,17,41,7.0,-7.4,-24,0,0,-16.6,SOFT,graded,pbp,42,75,-0.2692,-0.1047,-7,ok,0,0,0,0,3,,1,0,Road · Full house · Top-10 opponent
v3.0,2022,2022-10-15,Clemson,Florida State,away,34,28,-4.5,4.8,6,0,0,1.2,AS EXPECTED,graded,pbp,67,76,0.0352,0.0673,-2,ok,0,20,6,1,2,-4,1,0,Road · Night
v3.0,2022,2022-10-15,Kansas,Oklahoma,away,42,52,10.5,,,,,,,no_scoring,,,,,,,no_pbp,0,0,0,0,0,,0,0,Road · Full house
v3.0,2022,2022-10-15,Vanderbilt,Georgia,away,0,55,37.5,-29.7,-31,0,24,-1.3,AS EXPECTED,graded,pbp,28,50,-0.6876,-0.5608,-4,ok,0,0,1,0,1,,0,1,Road · Full house · Top-10 opponent
v3.0,2022,2022-10-15,Miami,Virginia Tech,away,20,14,-8.5,9.1,6,0,0,-3.1,AS EXPECTED,graded,espn,,,,,,unreconciled,0,20,9,0,0,-4,1,0,Road · Full house
v3.0,2022,2022-10-15,Stanford,Notre Dame,away,16,14,16.5,-16.4,2,0,0,18.4,DAWG,graded,pbp,81,61,0.0613,-0.2468,16,ok,0,13,8,1,2,-8,2,0,Road · Night · Full house
v3.0,2022,2022-10-15,California,Colorado,away,13,20,-15.0,15.3,-7,0,0,-22.3,SOFT,graded,pbp,70,64,0.0097,0.2243,-10,ok,6,10,8,1,4,,2,2,Road · Full house
v3.0,2022,2022-10-15,Purdue,Nebraska,home,43,37,-14.0,14.5,6,0,0,-8.5,AS EXPECTED,graded,pbp,100,52,-0.0969,0.2094,-17,ok,0,27,6,3,5,-4,2,1,Night
v3.0,2022,2022-10-15,Texas,Iowa State,home,24,21,-15.5,15.7,3,0,0,-12.7,SOFT,graded,pbp,69,64,-0.0414,0.2318,-13,ok,0,14,5,1,3,-7,2,0,
v3.0,2022,2022-10-15,BYU,Arkansas,home,35,52,-1.0,1.1,-17,0,0,-18.1,SOFT,graded,pbp,71,82,-0.2313,0.015,-14,ok,0,7,2,2,4,,1,3,
v3.0,2022,2022-10-15,Utah,USC,home,43,42,-3.5,3.7,1,0,0,-2.7,AS EXPECTED,graded,pbp,77,69,0.0668,0.0523,1,ok,0,21,4,1,3,,0,1,Top-10 opponent
v3.0,2022,2022-10-15,Virginia Tech,Miami,home,14,20,8.5,-9.1,-6,0,0,3.1,AS EXPECTED,graded,espn,,,,,,unreconciled,0,7,5,0,1,,0,1,
v3.0,2022,2022-10-15,TCU,Oklahoma State,home,43,40,-5.0,5.3,3,0,0,-2.3,AS EXPECTED,graded,pbp,75,69,0.1871,0.0748,6,ok,16,20,6,2,3,,2,0,Top-10 opponent
v3.0,2022,2022-10-15,Tennessee,Alabama,home,52,49,9.0,-9.6,3,0,0,12.6,DAWG,graded,pbp,69,83,-0.0758,-0.1346,3,ok,0,21,3,3,5,-11,0,3,Top-10 opponent
v3.0,2022,2022-10-15,Washington,Arizona,home,49,39,-14.5,14.9,10,0,0,-4.9,AS EXPECTED,graded,pbp,73,67,-0.0649,0.2169,-14,ok,0,7,4,4,4,-4,0,0,
v3.0,2022,2022-10-15,Wisconsin,Michigan State,away,28,34,-7.0,7.4,-6,0,0,-13.4,SOFT,graded,pbp,58,60,-0.0831,0.1047,-8,ok,8,7,6,3,4,,0,2,Road · Full house
v3.0,2022,2022-10-15,USC,Utah,away,42,43,3.5,-3.7,-1,0,0,2.7,AS EXPECTED,graded,pbp,69,77,-0.0668,-0.0523,-1,ok,0,7,4,4,5,-15,1,0,Road · Full house · Ranked opponent
v3.0,2022,2022-10-15,Alabama,Tennessee,away,49,52,-9.0,9.6,-3,0,0,-12.6,SOFT,graded,pbp,83,69,0.0758,0.1346,-3,ok,0,10,3,3,5,,3,0,Road · Full house · Top-10 opponent
v3.0,2022,2022-10-15,Mississippi State,Kentucky,away,17,27,-3.5,3.7,-10,0,0,-13.7,SOFT,graded,pbp,47,74,-0.1719,0.0523,-10,ok,0,3,3,1,2,,2,1,Road · Night · Full house
v3.0,2022,2022-10-15,Illinois,Minnesota,home,26,14,4.5,-4.8,12,0,0,16.8,DAWG,graded,pbp,85,41,0.2052,-0.0673,12,ok,0,9,6,2,2,2,3,0,
v3.0,2022,2022-10-15,Colorado,California,home,20,13,15.0,-15.3,7,0,0,22.3,DAWG,graded,pbp,64,70,-0.0097,-0.2243,10,ok,6,10,9,2,3,,2,2,
v3.0,2022,2022-10-15,Florida State,Clemson,home,28,34,4.5,-4.8,-6,0,0,-1.2,AS EXPECTED,graded,pbp,76,67,-0.0352,-0.0673,2,ok,0,14,4,1,3,,0,1,Night · Top-10 opponent
v3.0,2022,2022-10-15,Florida,LSU,home,35,45,-2.0,2.1,-10,0,0,-12.1,AS EXPECTED,graded,pbp,59,70,-0.1236,0.0299,-7,ok,0,7,1,1,4,,0,1,Night
v3.0,2022,2022-10-15,Georgia,Vanderbilt,home,55,0,-37.5,29.7,31,24,0,1.3,AS EXPECTED,graded,pbp,50,28,0.6876,0.5608,4,ok,0,21,4,0,0,17,1,0,
v3.0,2022,2022-10-15,Iowa State,Texas,away,21,24,15.5,-15.7,-3,0,0,12.7,DAWG,graded,pbp,64,69,0.0414,-0.2318,13,ok,0,21,5,0,2,,0,2,Road · Full house · Ranked opponent
v3.0,2022,2022-10-15,Arkansas,BYU,away,52,35,1.0,-1.1,17,0,0,18.1,DAWG,graded,pbp,82,71,0.2313,-0.015,14,ok,0,21,5,5,5,7,3,1,Road · Full house
v3.0,2022,2022-10-15,Indiana,Maryland,home,33,38,11.0,-11.7,-5,0,0,6.7,AS EXPECTED,graded,pbp,79,83,-0.098,-0.1645,4,ok,0,21,5,2,4,,0,3,
v3.0,2022,2022-10-15,Notre Dame,Stanford,home,14,16,-16.5,16.4,-2,0,0,-18.4,SOFT,graded,pbp,61,81,-0.0613,0.2468,-16,ok,0,7,7,0,2,,0,2,Night
v3.0,2022,2022-10-15,Kentucky,Mississippi State,home,27,17,3.5,-3.7,10,0,0,13.7,DAWG,graded,pbp,74,47,0.1719,-0.0523,10,ok,0,10,5,2,3,0,1,2,Night
v3.0,2022,2022-10-15,LSU,Florida,away,45,35,2.0,-2.1,10,0,0,12.1,AS EXPECTED,graded,pbp,70,59,0.1236,-0.0299,7,ok,0,21,3,4,4,-4,1,0,Road · Night · Full house
v3.0,2022,2022-10-20,Virginia,Georgia Tech,away,16,9,3.5,-3.7,7,0,0,10.7,AS EXPECTED,graded,pbp,72,73,0.1676,-0.0523,12,ok,0,10,13,1,1,,2,4,Road · Night
v3.0,2022,2022-10-20,Georgia Tech,Virginia,home,9,16,-3.5,3.7,-7,0,0,-10.7,AS EXPECTED,graded,pbp,73,72,-0.1676,0.0523,-12,ok,0,3,10,0,3,,4,2,Night
v3.0,2022,2022-10-22,Boston College,Wake Forest,away,15,43,20.0,-18.8,-28,0,0,-9.2,AS EXPECTED,graded,pbp,59,68,-0.1508,-0.2991,7,ok,0,3,3,0,1,,1,0,Road · Ranked opponent
v3.0,2022,2022-10-22,Maryland,Northwestern,home,31,24,-14.5,14.9,7,0,0,-7.9,AS EXPECTED,graded,pbp,78,70,0.1076,0.2169,-6,ok,0,14,6,2,2,,2,0,
v3.0,2022,2022-10-22,Minnesota,Penn State,away,17,45,5.0,-5.3,-35,7,0,-29.7,CERTIFIED SOFT,graded,pbp,46,63,-0.4456,-0.0748,-15,ok,0,10,4,0,2,,1,1,Road · Night · Full house · Ranked opponent
v3.0,2022,2022-10-22,Missouri,Vanderbilt,home,17,14,-14.0,14.5,3,0,0,-11.5,AS EXPECTED,graded,pbp,64,72,0.0025,0.2094,-10,ok,0,10,10,0,1,-11,1,3,
v3.0,2022,2022-10-22,Ole Miss,LSU,away,20,45,0.0,0.0,-25,0,0,-25.0,CERTIFIED SOFT,graded,pbp,66,76,-0.5041,-0.0,-26,ok,0,3,2,2,4,-36,0,0,Road · Full house
v3.0,2022,2022-10-22,Duke,Miami,away,45,21,10.0,-10.7,24,0,0,34.7,CERTIFIED DAWG,graded,pbp,62,63,0.4071,-0.1496,25,ok,0,24,8,1,3,14,7,2,Road
v3.0,2022,2022-10-22,Wake Forest,Boston College,home,43,15,-20.0,18.8,28,0,0,9.2,AS EXPECTED,graded,pbp,68,59,0.1508,0.2991,-7,ok,0,28,6,2,2,17,0,1,
v3.0,2022,2022-10-22,Rutgers,Indiana,home,24,17,-3.0,3.2,7,0,0,3.8,AS EXPECTED,graded,pbp,74,59,0.3054,0.0449,13,ok,0,14,9,0,1,-3,1,0,
v3.0,2022,2022-10-22,Syracuse,Clemson,away,21,27,14.0,-14.5,-6,0,0,8.5,AS EXPECTED,graded,pbp,54,84,-0.1188,-0.2094,5,ok,0,7,6,1,4,-20,4,1,Road · Full house · Top-10 opponent
v3.0,2022,2022-10-22,Ohio State,Iowa,home,54,10,-29.5,25.6,30,14,0,4.4,AS EXPECTED,graded,pbp,45,41,0.9403,0.4412,16,ok,0,26,8,1,2,21,6,2,
v3.0,2022,2022-10-22,Oklahoma State,Texas,home,41,34,6.5,-6.9,7,0,0,13.9,DAWG,graded,pbp,98,81,0.1781,-0.0972,18,ok,0,17,11,1,3,,4,1,Ranked opponent
v3.0,2022,2022-10-22,UCF,East Carolina,away,13,34,-5.5,5.8,-21,0,0,-26.8,CERTIFIED SOFT,graded,pbp,68,68,-0.2853,0.0823,-18,ok,0,3,2,0,1,,0,3,Road · Night · Group of 5 opponent
v3.0,2022,2022-10-22,Penn State,Minnesota,home,45,17,-5.0,5.3,35,0,7,29.7,CERTIFIED DAWG,graded,pbp,63,46,0.4456,0.0748,15,ok,0,35,8,1,1,21,1,1,Night
v3.0,2022,2022-10-22,Cincinnati,SMU,away,29,27,-3.5,3.7,2,0,0,-1.7,AS EXPECTED,graded,pbp,76,66,0.034,0.0523,-1,ok,0,23,9,0,1,-8,1,0,Road
v3.0,2022,2022-10-22,Pittsburgh,Louisville,away,10,24,1.5,-1.6,-14,0,0,-12.4,SOFT,graded,pbp,65,57,-0.0972,-0.0224,-3,ok,0,10,7,0,3,,1,4,Road · Night
v3.0,2022,2022-10-22,Clemson,Syracuse,home,27,21,-14.0,14.5,6,0,0,-8.5,AS EXPECTED,graded,pbp,84,54,0.1188,0.2094,-5,ok,0,24,8,0,2,,1,4,Ranked opponent
v3.0,2022,2022-10-22,Iowa,Ohio State,away,10,54,29.5,-25.6,-30,0,14,-4.4,AS EXPECTED,graded,pbp,41,45,-0.9403,-0.4412,-16,ok,0,0,3,0,3,,2,6,Road · Full house · Top-10 opponent
v3.0,2022,2022-10-22,Kansas,Baylor,away,23,35,10.5,-11.2,-12,0,0,-0.8,AS EXPECTED,graded,pbp,50,83,0.0163,-0.157,8,ok,0,14,3,0,1,,3,2,Road · Full house
v3.0,2022,2022-10-22,Kansas State,TCU,away,28,38,3.5,-3.7,-10,0,0,-6.3,AS EXPECTED,graded,pbp,53,82,-0.0446,-0.0523,0,ok,0,14,5,2,4,-21,0,2,Road · Night · Top-10 opponent
v3.0,2022,2022-10-22,Vanderbilt,Missouri,away,14,17,14.0,-14.5,-3,0,0,11.5,AS EXPECTED,graded,pbp,72,64,-0.0025,-0.2094,10,ok,0,7,8,0,1,,3,1,Road · Full house
v3.0,2022,2022-10-22,Baylor,Kansas,home,35,23,-10.5,11.2,12,0,0,0.8,AS EXPECTED,graded,pbp,83,50,-0.0163,0.157,-8,ok,0,21,4,1,1,-2,2,3,
v3.0,2022,2022-10-22,Miami,Duke,home,21,45,-10.0,10.7,-24,0,0,-34.7,CERTIFIED SOFT,graded,pbp,63,62,-0.4071,0.1496,-25,ok,0,14,7,0,3,,2,7,
v3.0,2022,2022-10-22,Stanford,Arizona State,home,15,14,-3.0,3.2,1,0,0,-2.2,AS EXPECTED,graded,pbp,81,60,0.0208,0.0449,-1,ok,0,12,7,1,2,,1,1,
v3.0,2022,2022-10-22,Texas A&M,South Carolina,away,24,30,-3.0,3.2,-6,0,0,-9.2,AS EXPECTED,graded,pbp,77,59,0.1151,0.0449,3,ok,0,20,8,0,3,,2,2,Road · Night · Full house
v3.0,2022,2022-10-22,Houston,Navy,away,38,20,-3.0,3.2,24,0,6,20.8,DAWG,graded,pbp,63,56,0.3077,0.0449,11,ok,0,21,7,2,2,10,2,3,Road · Group of 5 opponent
v3.0,2022,2022-10-22,Oregon,UCLA,home,45,30,-7.0,7.4,15,0,0,7.6,AS EXPECTED,graded,pbp,75,69,0.0537,0.1047,-3,ok,0,0,1,2,2,1,1,0,Top-10 opponent
v3.0,2022,2022-10-22,California,Washington,home,21,28,7.5,-8.0,-7,0,0,1.0,AS EXPECTED,graded,pbp,65,83,-0.0739,-0.1122,2,ok,0,7,5,1,4,,0,0,Night
v3.0,2022,2022-10-22,Purdue,Wisconsin,away,24,35,1.5,-1.6,-18,7,0,-16.4,SOFT,graded,pbp,69,49,-0.1929,-0.0224,-7,ok,0,10,4,0,1,,0,3,Road
v3.0,2022,2022-10-22,Texas,Oklahoma State,away,34,41,-6.5,6.9,-7,0,0,-13.9,SOFT,graded,pbp,81,98,-0.1781,0.0972,-18,ok,0,24,10,2,7,-18,1,4,Road · Full house · Ranked opponent
v3.0,2022,2022-10-22,BYU,Liberty,away,14,41,-7.0,7.4,-27,0,0,-34.4,CERTIFIED SOFT,graded,pbp,36,69,-0.4947,0.1047,-23,ok,0,7,2,1,4,-38,2,0,Road · Full house · Group of 5 opponent
v3.0,2022,2022-10-22,SMU,Cincinnati,home,27,29,3.5,-3.7,-2,0,0,1.7,AS EXPECTED,graded,pbp,66,76,-0.034,-0.0523,1,ok,0,21,5,0,1,,0,1,Ranked opponent
v3.0,2022,2022-10-22,South Carolina,Texas A&M,home,30,24,3.0,-3.2,6,0,0,9.2,AS EXPECTED,graded,pbp,59,77,-0.1151,-0.0449,-3,ok,0,24,9,0,4,-4,2,2,Night
v3.0,2022,2022-10-22,UCLA,Oregon,away,30,45,7.0,-7.4,-15,0,0,-7.6,AS EXPECTED,graded,pbp,69,75,-0.0537,-0.1047,3,ok,0,7,1,3,3,,0,1,Road · Full house · Top-10 opponent
v3.0,2022,2022-10-22,TCU,Kansas State,home,38,28,-3.5,3.7,10,0,0,6.3,AS EXPECTED,graded,pbp,82,53,0.0446,0.0523,0,ok,0,28,6,1,2,0,2,0,Night · Ranked opponent
v3.0,2022,2022-10-22,Tennessee,UT Martin,home,65,24,-38.5,30.1,45,13,17,14.9,DAWG,graded,pbp,49,33,0.9386,0.5758,11,ok,0,31,5,1,1,31,2,1,FCS opponent
v3.0,2022,2022-10-22,Washington,California,away,28,21,-7.5,8.0,7,0,0,-1.0,AS EXPECTED,graded,pbp,83,65,0.0739,0.1122,-2,ok,0,10,6,2,3,-7,0,0,Road · Night
v3.0,2022,2022-10-22,Texas Tech,West Virginia,home,48,10,-5.0,5.3,28,10,0,22.7,DAWG,graded,pbp,78,58,0.1899,0.0748,6,ok,0,28,6,0,0,14,4,0,
v3.0,2022,2022-10-22,Wisconsin,Purdue,home,35,24,-1.5,1.6,18,0,7,16.4,DAWG,graded,pbp,49,69,0.1929,0.0224,7,ok,0,14,5,0,0,4,3,0,
v3.0,2022,2022-10-22,West Virginia,Texas Tech,away,10,48,5.0,-5.3,-28,0,10,-22.7,SOFT,graded,pbp,58,78,-0.1899,-0.0748,-6,ok,0,0,3,0,1,,0,4,Road · Full house
v3.0,2022,2022-10-22,Alabama,Mississippi State,home,30,6,-21.0,19.5,24,6,6,4.5,AS EXPECTED,graded,pbp,49,65,0.1531,0.3141,-7,ok,0,24,8,0,0,10,0,1,Night · Ranked opponent
v3.0,2022,2022-10-22,Mississippi State,Alabama,away,6,30,21.0,-19.5,-24,6,6,-4.5,AS EXPECTED,graded,pbp,65,49,-0.1531,-0.3141,7,ok,0,0,3,0,1,,1,0,Road · Night · Full house · Top-10 opponent
v3.0,2022,2022-10-22,Colorado,Oregon State,away,9,42,23.0,-20.9,-32,6,7,-11.1,AS EXPECTED,graded,pbp,31,42,-0.8615,-0.344,-14,ok,0,0,2,0,1,,1,4,Road · Night · Group of 5 opponent
v3.0,2022,2022-10-22,Northwestern,Maryland,away,24,31,14.5,-14.9,-7,0,0,7.9,AS EXPECTED,graded,pbp,70,78,-0.1076,-0.2169,6,ok,0,14,4,1,4,-17,0,2,Road
v3.0,2022,2022-10-22,Indiana,Rutgers,away,17,24,3.0,-3.2,-7,0,0,-3.8,AS EXPECTED,graded,pbp,59,74,-0.3054,-0.0449,-13,ok,0,3,7,0,3,-21,0,1,Road
v3.0,2022,2022-10-22,Notre Dame,UNLV,home,44,21,-26.0,23.2,30,0,7,6.8,AS EXPECTED,graded,pbp,73,45,0.0632,0.3888,-14,ok,0,30,10,0,1,20,1,2,Group of 5 opponent
v3.0,2022,2022-10-22,Arizona State,Stanford,away,14,15,3.0,-3.2,-1,0,0,2.2,AS EXPECTED,graded,pbp,60,81,-0.0208,-0.0449,1,ok,0,0,5,2,5,,1,1,Road
v3.0,2022,2022-10-22,Louisville,Pittsburgh,home,24,10,-1.5,1.6,14,0,0,12.4,DAWG,graded,pbp,57,65,0.0972,0.0224,3,ok,0,10,9,1,2,0,4,1,Night
v3.0,2022,2022-10-22,LSU,Ole Miss,home,45,20,0.0,0.0,25,0,0,25.0,CERTIFIED DAWG,graded,pbp,76,66,0.5041,-0.0,26,ok,0,35,5,1,2,14,0,0,Top-10 opponent
v3.0,2022,2022-10-27,NC State,Virginia Tech,home,22,21,-13.5,14.1,1,0,0,-13.1,SOFT,graded,pbp,77,48,0.0767,0.2019,-6,ok,0,14,8,0,1,,2,0,Night
v3.0,2022,2022-10-27,Utah,Washington State,away,21,17,-7.0,7.4,4,0,0,-3.4,AS EXPECTED,graded,pbp,69,49,0.0058,0.1047,-4,ok,0,7,6,1,2,-10,0,1,Road · Night · Group of 5 opponent
v3.0,2022,2022-10-27,Virginia Tech,NC State,away,21,22,13.5,-14.1,-1,0,0,13.1,DAWG,graded,pbp,48,77,-0.0767,-0.2019,6,ok,0,14,8,0,2,-12,0,2,Road · Night · Full house · Ranked opponent
v3.0,2022,2022-10-28,BYU,East Carolina,home,24,27,-3.5,3.7,-3,0,0,-6.7,AS EXPECTED,graded,pbp,67,58,-0.1357,0.0523,-9,ok,0,10,4,1,4,,0,0,Group of 5 opponent
v3.0,2022,2022-10-29,Boston College,UConn,away,3,13,-8.0,8.5,-10,0,0,-18.5,SOFT,graded,espn,,,,,,no_pbp,0,0,0,0,0,,0,0,Road · Group of 5 opponent
v3.0,2022,2022-10-29,Arizona,USC,home,37,45,14.0,-14.5,-8,0,0,6.5,AS EXPECTED,graded,pbp,69,77,-0.0412,-0.2094,9,ok,0,7,3,3,5,,0,1,Top-10 opponent
v3.0,2022,2022-10-29,Michigan State,Michigan,away,7,29,22.5,-20.6,-22,0,0,-1.4,AS EXPECTED,graded,pbp,53,78,-0.2892,-0.3365,2,ok,0,0,2,1,2,,1,1,Road · Night · Full house · Top-10 opponent
v3.0,2022,2022-10-29,Michigan,Michigan State,home,29,7,-22.5,20.6,22,0,0,1.4,AS EXPECTED,graded,pbp,78,53,0.2892,0.3365,-2,ok,0,19,7,1,1,13,1,1,Night
v3.0,2022,2022-10-29,Minnesota,Rutgers,home,31,0,-14.0,14.5,24,7,0,9.5,AS EXPECTED,graded,pbp,72,41,0.4545,0.2094,10,ok,0,31,8,0,0,10,3,0,
v3.0,2022,2022-10-29,Missouri,South Carolina,away,23,10,3.5,-3.7,13,0,0,16.7,DAWG,graded,pbp,68,53,0.3546,-0.0523,18,ok,0,20,8,1,1,-1,2,0,Road · Full house · Ranked opponent
v3.0,2022,2022-10-29,Ole Miss,Texas A&M,away,31,28,-3.0,3.2,3,0,0,-0.2,AS EXPECTED,graded,pbp,83,73,-0.0474,0.0449,-5,ok,0,17,6,1,4,-7,1,0,Road · Night · Full house
v3.0,2022,2022-10-29,North Carolina,Pittsburgh,home,42,24,-2.5,2.6,18,0,0,15.4,DAWG,graded,pbp,75,61,0.2718,0.0374,12,ok,0,28,6,0,2,7,1,0,Night
v3.0,2022,2022-10-29,Wake Forest,Louisville,away,21,48,-3.0,3.2,-34,7,0,-37.2,CERTIFIED SOFT,graded,pbp,66,56,-0.5959,0.0449,-28,ok,0,7,3,0,3,,0,8,Road
v3.0,2022,2022-10-29,Nebraska,Illinois,home,9,26,7.5,-8.0,-17,0,0,-9.0,AS EXPECTED,graded,pbp,49,70,-0.3146,-0.1122,-9,ok,0,10,7,0,2,,1,4,Ranked opponent
v3.0,2022,2022-10-29,Rutgers,Minnesota,away,0,31,14.0,-14.5,-24,0,7,-9.5,AS EXPECTED,graded,pbp,41,72,-0.4545,-0.2094,-10,ok,0,0,4,0,1,,0,3,Road · Full house
v3.0,2022,2022-10-29,Syracuse,Notre Dame,home,24,41,1.0,-1.1,-17,0,0,-15.9,SOFT,graded,pbp,61,75,-0.1787,-0.015,-8,ok,0,7,7,1,2,,2,2,
v3.0,2022,2022-10-29,Ohio State,Penn State,away,44,31,-15.5,15.7,13,0,0,-2.7,AS EXPECTED,graded,pbp,60,80,0.201,0.2318,-2,ok,0,17,6,3,4,3,4,0,Road · Full house · Ranked opponent
v3.0,2022,2022-10-29,Oklahoma State,Kansas State,away,0,48,2.5,-2.6,-35,0,13,-32.4,CERTIFIED SOFT,graded,pbp,28,41,-0.9414,-0.0374,-23,ok,0,0,2,0,1,,0,2,Road · Full house · Ranked opponent
v3.0,2022,2022-10-29,Auburn,Arkansas,home,27,41,4.0,-4.2,-21,7,0,-16.8,SOFT,graded,pbp,64,69,-0.1709,-0.0598,-5,ok,0,13,4,0,2,,1,0,
v3.0,2022,2022-10-29,Oklahoma,Iowa State,away,27,13,-1.5,1.6,14,0,0,12.4,DAWG,graded,pbp,73,84,0.1206,0.0224,6,ok,0,20,9,1,3,4,3,1,Road · Full house
v3.0,2022,2022-10-29,UCF,Cincinnati,home,25,21,-1.5,1.6,4,0,0,2.4,AS EXPECTED,graded,pbp,84,63,0.0094,0.0224,-1,ok,0,17,6,1,3,-6,0,2,Ranked opponent
v3.0,2022,2022-10-29,Penn State,Ohio State,home,31,44,15.5,-15.7,-13,0,0,2.7,AS EXPECTED,graded,pbp,80,60,-0.201,-0.2318,2,ok,0,14,4,1,4,,0,4,Top-10 opponent
v3.0,2022,2022-10-29,Cincinnati,UCF,away,21,25,1.5,-1.6,-4,0,0,-2.4,AS EXPECTED,graded,pbp,63,84,-0.0094,-0.0224,1,ok,0,13,7,2,4,,2,0,Road · Full house
v3.0,2022,2022-10-29,Pittsburgh,North Carolina,away,24,42,2.5,-2.6,-18,0,0,-15.4,SOFT,graded,pbp,61,75,-0.2718,-0.0374,-12,ok,0,17,5,0,4,-28,0,1,Road · Night · Full house · Ranked opponent
v3.0,2022,2022-10-29,Iowa,Northwestern,home,33,13,-11.5,12.2,26,0,6,13.8,DAWG,graded,pbp,66,52,0.3143,0.172,6,ok,0,27,6,0,0,16,1,0,
v3.0,2022,2022-10-29,Kansas State,Oklahoma State,home,48,0,-2.5,2.6,35,13,0,32.4,CERTIFIED DAWG,graded,pbp,41,28,0.9414,0.0374,23,ok,0,21,5,0,0,21,2,0,Top-10 opponent
v3.0,2022,2022-10-29,Baylor,Texas Tech,away,45,17,1.5,-1.6,28,0,0,29.6,CERTIFIED DAWG,graded,pbp,89,70,0.2914,-0.0224,18,ok,0,24,8,2,2,14,5,1,Road · Night · Full house
v3.0,2022,2022-10-29,Miami,Virginia,away,14,12,-3.0,3.2,2,0,0,-1.2,AS EXPECTED,graded,pbp,64,53,-0.091,0.0449,-6,ok,0,6,7,2,4,,0,0,Road
v3.0,2022,2022-10-29,Stanford,UCLA,away,13,38,16.5,-16.4,-25,7,7,-8.6,AS EXPECTED,graded,pbp,42,65,-0.5995,-0.2468,-14,ok,0,0,2,0,1,,0,2,Road · Night · Ranked opponent
v3.0,2022,2022-10-29,Texas A&M,Ole Miss,home,28,31,3.0,-3.2,-3,0,0,0.2,AS EXPECTED,graded,pbp,73,83,0.0474,-0.0449,5,ok,0,21,6,1,3,,0,1,Night · Ranked opponent
v3.0,2022,2022-10-29,Houston,South Florida,home,42,27,-17.5,17.1,15,0,0,-2.1,AS EXPECTED,graded,pbp,62,65,0.2175,0.2617,-2,ok,0,28,5,2,3,1,0,0,Group of 5 opponent
v3.0,2022,2022-10-29,Oregon,California,away,42,24,-16.5,16.4,32,0,14,15.6,DAWG,graded,pbp,76,54,0.3464,0.2468,5,ok,0,28,8,0,2,21,2,2,Road
v3.0,2022,2022-10-29,California,Oregon,home,24,42,16.5,-16.4,-32,14,0,-15.6,SOFT,graded,pbp,54,76,-0.3464,-0.2468,-5,ok,0,3,5,1,2,,2,2,Top-10 opponent
v3.0,2022,2022-10-29,SMU,Tulsa,away,45,34,-1.0,1.1,18,0,7,16.9,DAWG,graded,pbp,81,65,-0.1142,0.015,-7,ok,0,17,6,0,1,4,2,1,Road · Group of 5 opponent
v3.0,2022,2022-10-29,South Carolina,Missouri,home,10,23,-3.5,3.7,-13,0,0,-16.7,SOFT,graded,pbp,53,68,-0.3546,0.0523,-18,ok,0,3,4,0,1,,0,2,
v3.0,2022,2022-10-29,Virginia,Miami,home,12,14,3.0,-3.2,-2,0,0,1.2,AS EXPECTED,graded,pbp,53,64,0.091,-0.0449,6,ok,0,3,8,3,3,,0,0,
v3.0,2022,2022-10-29,UCLA,Stanford,home,38,13,-16.5,16.4,25,7,7,8.6,AS EXPECTED,graded,pbp,65,42,0.5995,0.2468,14,ok,0,24,5,1,1,14,2,0,Night
v3.0,2022,2022-10-29,TCU,West Virginia,away,41,31,-7.0,7.4,10,0,0,2.6,AS EXPECTED,graded,pbp,55,79,0.3122,0.1047,10,ok,0,20,4,3,5,0,3,1,Road
v3.0,2022,2022-10-29,Tennessee,Kentucky,home,44,6,-10.5,11.2,31,7,0,19.8,DAWG,graded,pbp,55,40,0.5401,0.157,13,ok,0,24,7,1,1,17,3,0,Night · Ranked opponent
v3.0,2022,2022-10-29,Texas Tech,Baylor,home,17,45,-1.5,1.6,-28,0,0,-29.6,CERTIFIED SOFT,graded,pbp,70,89,-0.2914,0.0224,-18,ok,0,10,6,0,2,,1,5,Night
v3.0,2022,2022-10-29,West Virginia,TCU,home,31,41,7.0,-7.4,-10,0,0,-2.6,AS EXPECTED,graded,pbp,79,55,-0.3122,-0.1047,-10,ok,0,7,3,2,4,,1,3,Top-10 opponent
v3.0,2022,2022-10-29,USC,Arizona,away,45,37,-14.0,14.5,8,0,0,-6.5,AS EXPECTED,graded,pbp,77,69,0.0412,0.2094,-9,ok,0,14,3,4,6,-7,1,0,Road
v3.0,2022,2022-10-29,Illinois,Nebraska,away,26,9,-7.5,8.0,17,0,0,9.0,AS EXPECTED,graded,pbp,70,49,0.3146,0.1122,9,ok,0,20,9,0,2,6,4,1,Road · Full house
v3.0,2022,2022-10-29,Colorado,Arizona State,home,34,42,13.0,-13.6,-8,0,0,5.6,AS EXPECTED,graded,pbp,67,75,-0.1302,-0.1944,3,ok,0,17,5,1,1,,1,1,
v3.0,2022,2022-10-29,Florida State,Georgia Tech,home,41,16,-23.5,21.3,24,7,6,2.7,AS EXPECTED,graded,pbp,70,37,0.3319,0.3514,-1,ok,0,27,8,1,1,13,0,2,
v3.0,2022,2022-10-29,Florida,Georgia,neutral,20,42,23.0,-20.9,-22,0,0,-1.1,AS EXPECTED,graded,pbp,71,78,-0.232,-0.344,6,ok,0,13,7,0,1,,3,0,Top-10 opponent
v3.0,2022,2022-10-29,Georgia Tech,Florida State,away,16,41,23.5,-21.3,-24,6,7,-2.7,AS EXPECTED,graded,pbp,37,70,-0.3319,-0.3514,1,ok,0,3,3,0,1,,2,0,Road
v3.0,2022,2022-10-29,Georgia,Florida,neutral,42,20,-23.0,20.9,22,0,0,1.1,AS EXPECTED,graded,pbp,78,71,0.232,0.344,-6,ok,0,35,8,1,1,8,0,3,
v3.0,2022,2022-10-29,Iowa State,Oklahoma,home,13,27,1.5,-1.6,-14,0,0,-12.4,SOFT,graded,pbp,84,73,-0.1206,-0.0224,-6,ok,0,10,8,1,2,,1,3,
v3.0,2022,2022-10-29,Northwestern,Iowa,away,13,33,11.5,-12.2,-26,6,0,-13.8,SOFT,graded,pbp,52,66,-0.3143,-0.172,-6,ok,0,7,1,0,1,,0,1,Road · Full house
v3.0,2022,2022-10-29,Arkansas,Auburn,away,41,27,-4.0,4.2,21,0,7,16.8,DAWG,graded,pbp,69,64,0.1709,0.0598,5,ok,0,28,7,2,2,10,0,1,Road · Full house
v3.0,2022,2022-10-29,Notre Dame,Syracuse,away,41,24,-1.0,1.1,17,0,0,15.9,DAWG,graded,pbp,75,61,0.1787,0.015,8,ok,0,31,8,0,2,3,2,2,Road · Full house · Ranked opponent
v3.0,2022,2022-10-29,Arizona State,Colorado,away,42,34,-13.0,13.6,8,0,0,-5.6,AS EXPECTED,graded,pbp,75,67,0.1302,0.1944,-3,ok,0,21,6,3,3,-3,1,1,Road
v3.0,2022,2022-10-29,Kentucky,Tennessee,away,6,44,10.5,-11.2,-31,0,7,-19.8,SOFT,graded,pbp,40,55,-0.5401,-0.157,-13,ok,0,7,3,0,2,,0,3,Road · Night · Full house · Top-10 opponent
v3.0,2022,2022-10-29,Louisville,Wake Forest,home,48,21,3.0,-3.2,34,0,7,37.2,CERTIFIED DAWG,graded,pbp,56,66,0.5959,-0.0449,28,ok,0,31,7,0,2,21,8,0,Top-10 opponent
v3.0,2022,2022-11-04,Boston College,Duke,home,31,38,11.5,-12.2,-7,0,0,5.2,AS EXPECTED,graded,pbp,73,65,-0.0142,-0.172,8,ok,0,17,6,0,2,,0,0,Night
v3.0,2022,2022-11-04,Duke,Boston College,away,38,31,-11.5,12.2,7,0,0,-5.2,AS EXPECTED,graded,pbp,65,73,0.0142,0.172,-8,ok,0,21,8,1,1,-3,0,0,Road · Night
v3.0,2022,2022-11-04,Washington,Oregon State,home,24,21,-4.5,4.8,3,0,0,-1.8,AS EXPECTED,graded,pbp,76,59,0.1673,0.0673,5,ok,0,17,6,1,3,,1,1,Night · Ranked opponent · Group of 5 opponent
v3.0,2022,2022-11-05,Arizona,Utah,away,20,45,17.5,-17.1,-28,10,7,-10.9,AS EXPECTED,graded,pbp,41,71,-0.2026,-0.2617,2,ok,0,0,3,1,2,,2,2,Road · Full house · Ranked opponent
v3.0,2022,2022-11-05,Maryland,Wisconsin,away,10,23,5.0,-5.3,-13,0,0,-7.7,AS EXPECTED,graded,pbp,64,62,-0.1019,-0.0748,-1,ok,0,3,8,0,1,,0,1,Road · Full house
v3.0,2022,2022-11-05,Michigan State,Illinois,away,23,15,16.0,-16.1,8,0,0,24.1,CERTIFIED DAWG,graded,pbp,58,84,0.0931,-0.2393,17,ok,0,21,8,1,1,-1,2,1,Road · Full house · Ranked opponent
v3.0,2022,2022-11-05,Michigan,Rutgers,away,52,17,-26.5,23.6,25,10,0,1.4,AS EXPECTED,graded,pbp,59,36,0.728,0.3963,11,ok,0,21,6,1,3,14,3,0,Road · Night · Full house
v3.0,2022,2022-11-05,Minnesota,Nebraska,away,20,13,-14.5,14.9,7,0,0,-7.9,AS EXPECTED,graded,pbp,64,60,0.2401,0.2169,1,ok,0,17,6,0,2,-3,1,0,Road · Full house
v3.0,2022,2022-11-05,Missouri,Kentucky,home,17,21,-1.0,1.1,-4,0,0,-5.1,AS EXPECTED,graded,pbp,60,59,-0.0998,0.015,-5,ok,0,14,8,1,2,,0,2,
v3.0,2022,2022-11-05,NC State,Wake Forest,home,30,21,3.0,-3.2,9,0,0,12.2,AS EXPECTED,graded,pbp,69,73,-0.0158,-0.0449,1,ok,0,13,7,3,3,-1,3,0,Night · Ranked opponent
v3.0,2022,2022-11-05,North Carolina,Virginia,away,31,28,-7.5,8.0,3,0,0,-5.0,AS EXPECTED,graded,pbp,77,74,-0.0572,0.1122,-9,ok,0,14,5,2,4,-7,1,0,Road
v3.0,2022,2022-11-05,Wake Forest,NC State,away,21,30,-3.0,3.2,-9,0,0,-12.2,AS EXPECTED,graded,pbp,73,69,0.0158,0.0449,-1,ok,0,14,5,1,3,,0,3,Road · Night · Full house · Ranked opponent
v3.0,2022,2022-11-05,Nebraska,Minnesota,home,13,20,14.5,-14.9,-7,0,0,7.9,AS EXPECTED,graded,pbp,60,64,-0.2401,-0.2169,-1,ok,0,3,6,0,3,-17,0,1,
v3.0,2022,2022-11-05,Rutgers,Michigan,home,17,52,26.5,-23.6,-25,0,10,-1.4,AS EXPECTED,graded,pbp,36,59,-0.728,-0.3963,-11,ok,0,7,4,1,3,,0,3,Night · Top-10 opponent
v3.0,2022,2022-11-05,Syracuse,Pittsburgh,away,9,19,3.5,-3.7,-10,0,0,-6.3,AS EXPECTED,graded,pbp,47,72,-0.2587,-0.0523,-9,ok,0,9,9,0,1,,2,0,Road
v3.0,2022,2022-11-05,Ohio State,Northwestern,away,21,7,-37.5,29.7,14,0,0,-15.7,SOFT,graded,pbp,61,76,0.1459,0.5608,-21,ok,0,21,10,0,1,0,0,0,Road · Full house
v3.0,2022,2022-11-05,Oklahoma State,Kansas,away,16,37,3.0,-3.2,-27,6,0,-23.8,SOFT,graded,pbp,66,70,-0.2944,-0.0449,-12,ok,0,0,2,0,1,,0,4,Road · Full house
v3.0,2022,2022-11-05,Auburn,Mississippi State,away,33,39,12.5,-13.2,-6,0,0,7.2,AS EXPECTED,graded,pbp,65,77,0.1369,-0.1869,17,ok,4,24,10,1,3,,3,0,Road · Night · Full house
v3.0,2022,2022-11-05,Oklahoma,Baylor,home,35,38,-3.0,3.2,-3,0,0,-6.2,AS EXPECTED,graded,pbp,26,26,-0.1123,0.0449,-3,ok,0,7,5,1,3,,1,3,
v3.0,2022,2022-11-05,UCF,Memphis,away,35,28,-3.0,3.2,7,0,0,3.8,AS EXPECTED,graded,pbp,71,75,0.0352,0.0449,-1,ok,0,21,7,1,3,-7,2,1,Road · Group of 5 opponent
v3.0,2022,2022-11-05,Penn State,Indiana,away,45,14,-13.5,14.1,24,14,7,9.9,AS EXPECTED,graded,pbp,68,46,0.4791,0.2019,11,ok,0,38,10,0,1,10,4,1,Road
v3.0,2022,2022-11-05,Cincinnati,Navy,home,20,10,-18.5,17.8,10,0,0,-7.8,AS EXPECTED,graded,pbp,52,57,0.0308,0.2767,-10,ok,0,17,5,0,0,-3,0,0,Group of 5 opponent
v3.0,2022,2022-11-05,Pittsburgh,Syracuse,home,19,9,-3.5,3.7,10,0,0,6.3,AS EXPECTED,graded,pbp,72,47,0.2587,0.0523,9,ok,0,10,8,1,3,-1,0,2,Ranked opponent
v3.0,2022,2022-11-05,Clemson,Notre Dame,away,14,35,-3.5,3.7,-35,14,0,-38.7,CERTIFIED SOFT,graded,espn,,,,,,pbp_conflict,0,0,6,0,1,,0,2,Road · Night · Full house
v3.0,2022,2022-11-05,Iowa,Purdue,away,24,3,3.5,-3.7,21,0,0,24.7,CERTIFIED DAWG,graded,pbp,58,73,0.3216,-0.0523,18,ok,0,24,12,0,0,7,2,0,Road · Full house
v3.0,2022,2022-11-05,Kansas,Oklahoma State,home,37,16,-3.0,3.2,27,0,6,23.8,DAWG,graded,pbp,70,66,0.2944,0.0449,12,ok,0,17,6,1,1,17,4,0,Ranked opponent
v3.0,2022,2022-11-05,Kansas State,Texas,home,27,34,3.0,-3.2,-7,0,0,-3.8,AS EXPECTED,graded,pbp,71,71,0.0145,-0.0449,3,ok,0,14,5,2,2,,2,2,Night · Ranked opponent
v3.0,2022,2022-11-05,Vanderbilt,South Carolina,home,27,38,6.5,-6.9,-11,0,0,-4.1,AS EXPECTED,graded,pbp,70,59,-0.2211,-0.0972,-6,ok,0,14,6,1,2,,1,4,Night
v3.0,2022,2022-11-05,Baylor,Oklahoma,away,38,35,3.0,-3.2,3,0,0,6.2,AS EXPECTED,graded,pbp,26,26,0.1123,-0.0449,3,ok,0,31,7,1,4,-7,3,1,Road · Full house
v3.0,2022,2022-11-05,Miami,Florida State,home,3,45,6.5,-6.9,-28,0,14,-21.1,SOFT,graded,pbp,41,47,-0.4983,-0.0972,-13,ok,0,0,2,1,1,,1,4,Night
v3.0,2022,2022-11-05,Stanford,Washington State,home,14,52,3.0,-3.2,-38,7,7,-34.8,CERTIFIED SOFT,graded,pbp,37,54,-0.4037,-0.0449,-12,ok,0,0,3,0,1,,0,4,Group of 5 opponent
v3.0,2022,2022-11-05,Texas A&M,Florida,home,24,41,-1.5,1.6,-17,0,0,-18.6,SOFT,graded,pbp,70,78,-0.2427,0.0224,-14,ok,0,7,5,3,5,,0,2,
v3.0,2022,2022-11-05,Houston,SMU,away,63,77,3.5,-3.7,-14,0,0,-10.3,AS EXPECTED,graded,pbp,70,82,0.1145,-0.0523,9,ok,0,7,1,3,4,,0,3,Road · Night
v3.0,2022,2022-11-05,Oregon,Colorado,away,49,10,-31.0,26.5,32,7,0,5.5,AS EXPECTED,graded,pbp,52,44,0.3788,0.4636,-3,ok,0,28,4,0,0,18,3,0,Road
v3.0,2022,2022-11-05,California,USC,away,35,41,21.0,-19.5,-6,0,0,13.5,DAWG,graded,pbp,72,69,-0.0615,-0.3141,13,ok,0,7,5,0,2,,0,1,Road · Night · Top-10 opponent
v3.0,2022,2022-11-05,Purdue,Iowa,home,3,24,-3.5,3.7,-21,0,0,-24.7,CERTIFIED SOFT,graded,pbp,73,58,-0.3216,0.0523,-18,ok,0,0,8,0,1,,0,2,
v3.0,2022,2022-11-05,Texas,Kansas State,away,34,27,-3.0,3.2,7,0,0,3.8,AS EXPECTED,graded,pbp,71,71,-0.0145,0.0449,-3,ok,0,10,5,3,4,-4,2,2,Road · Night · Full house · Ranked opponent
v3.0,2022,2022-11-05,BYU,Boise State,away,31,28,9.5,-10.1,3,0,0,13.1,DAWG,graded,espn,,,,,,no_pbp,0,0,0,0,0,,0,0,Road · Night · Full house · Group of 5 opponent
v3.0,2022,2022-11-05,Utah,Arizona,home,45,20,-17.5,17.1,28,7,10,10.9,AS EXPECTED,graded,pbp,71,41,0.2026,0.2617,-2,ok,0,24,7,1,1,14,2,2,
v3.0,2022,2022-11-05,SMU,Houston,home,77,63,-3.5,3.7,14,0,0,10.3,AS EXPECTED,graded,pbp,82,70,-0.1145,0.0523,-9,ok,0,14,3,3,3,0,3,0,Night
v3.0,2022,2022-11-05,South Carolina,Vanderbilt,away,38,27,-6.5,6.9,11,0,0,4.1,AS EXPECTED,graded,pbp,59,70,0.2211,0.0972,6,ok,0,17,7,2,2,1,4,1,Road · Night
v3.0,2022,2022-11-05,Virginia,North Carolina,home,28,31,7.5,-8.0,-3,0,0,5.0,AS EXPECTED,graded,pbp,74,77,0.0572,-0.1122,9,ok,0,7,4,2,4,,0,1,Ranked opponent
v3.0,2022,2022-11-05,Virginia Tech,Georgia Tech,home,27,28,-4.0,4.2,-1,0,0,-5.2,AS EXPECTED,graded,pbp,66,78,-0.0638,0.0598,-6,ok,0,14,5,0,3,-10,0,3,
v3.0,2022,2022-11-05,UCLA,Arizona State,away,50,36,-11.0,11.7,14,0,0,2.3,AS EXPECTED,graded,pbp,62,81,0.141,0.1645,-1,ok,0,21,4,3,3,3,1,2,Road · Night · Full house
v3.0,2022,2022-11-05,TCU,Texas Tech,home,34,24,-8.5,9.1,10,0,0,0.9,AS EXPECTED,graded,pbp,74,71,0.0516,0.1271,-4,ok,0,24,8,0,1,0,1,0,
v3.0,2022,2022-11-05,Tennessee,Georgia,away,13,27,10.0,-10.7,-14,0,0,-3.3,AS EXPECTED,graded,pbp,75,62,-0.126,-0.1496,1,ok,0,10,6,0,1,,2,2,Road · Full house · Top-10 opponent
v3.0,2022,2022-11-05,Texas Tech,TCU,away,24,34,8.5,-9.1,-10,0,0,-0.9,AS EXPECTED,graded,pbp,71,74,-0.0516,-0.1271,4,ok,0,24,7,0,3,,0,1,Road · Top-10 opponent
v3.0,2022,2022-11-05,Wisconsin,Maryland,home,23,10,-5.0,5.3,13,0,0,7.7,AS EXPECTED,graded,pbp,62,64,0.1019,0.0748,1,ok,0,23,11,0,0,-1,1,0,
v3.0,2022,2022-11-05,West Virginia,Iowa State,away,14,31,6.5,-6.9,-24,7,0,-17.1,SOFT,graded,pbp,41,73,-0.4014,-0.0972,-13,ok,0,7,6,0,1,,0,1,Road · Full house
v3.0,2022,2022-11-05,USC,California,home,41,35,-21.0,19.5,6,0,0,-13.5,SOFT,graded,pbp,69,72,0.0615,0.3141,-13,ok,0,28,7,2,2,-7,1,0,Night
v3.0,2022,2022-11-05,Alabama,LSU,away,31,32,-13.5,14.1,-1,0,0,-15.1,SOFT,graded,pbp,74,65,-0.0013,0.2019,-10,ok,8,7,5,3,4,,0,1,Road · Night · Full house · Top-10 opponent
v3.0,2022,2022-11-05,Mississippi State,Auburn,home,39,33,-12.5,13.2,6,0,0,-7.2,AS EXPECTED,graded,pbp,77,65,-0.1369,0.1869,-17,ok,4,21,9,0,2,-4,0,3,Night
v3.0,2022,2022-11-05,Illinois,Michigan State,home,15,23,-16.0,16.1,-8,0,0,-24.1,CERTIFIED SOFT,graded,pbp,84,58,-0.0931,0.2393,-17,ok,0,7,6,0,2,,1,2,
v3.0,2022,2022-11-05,Colorado,Oregon,home,10,49,31.0,-26.5,-32,0,7,-5.5,AS EXPECTED,graded,pbp,44,52,-0.3788,-0.4636,3,ok,0,0,2,0,1,,0,3,Top-10 opponent
v3.0,2022,2022-11-05,Florida State,Miami,away,45,3,-6.5,6.9,28,14,0,21.1,DAWG,graded,pbp,47,41,0.4983,0.0972,13,ok,0,14,4,1,1,17,4,1,Road · Night · Full house
v3.0,2022,2022-11-05,Florida,Texas A&M,away,41,24,1.5,-1.6,17,0,0,18.6,DAWG,graded,pbp,78,70,0.2427,-0.0224,14,ok,0,21,8,3,3,7,2,0,Road
v3.0,2022,2022-11-05,Georgia Tech,Virginia Tech,away,28,27,4.0,-4.2,1,0,0,5.2,AS EXPECTED,graded,pbp,78,66,0.0638,-0.0598,6,ok,0,20,7,1,2,,3,0,Road · Full house
v3.0,2022,2022-11-05,Georgia,Tennessee,home,27,13,-10.0,10.7,14,0,0,3.3,AS EXPECTED,graded,pbp,62,75,0.126,0.1496,-1,ok,0,20,7,1,1,3,2,2,Top-10 opponent
v3.0,2022,2022-11-05,Iowa State,West Virginia,home,31,14,-6.5,6.9,24,0,7,17.1,DAWG,graded,pbp,73,41,0.4014,0.0972,13,ok,0,31,10,0,0,14,1,0,
v3.0,2022,2022-11-05,Northwestern,Ohio State,home,7,21,37.5,-29.7,-14,0,0,15.7,DAWG,graded,pbp,76,61,-0.1459,-0.5608,21,ok,0,7,8,0,1,,0,0,Top-10 opponent
v3.0,2022,2022-11-05,Arkansas,Liberty,home,19,21,-14.5,14.9,-2,0,0,-16.9,SOFT,graded,pbp,78,63,0.0229,0.2169,-10,ok,0,14,9,0,1,,1,2,Group of 5 opponent
v3.0,2022,2022-11-05,Indiana,Penn State,home,14,45,13.5,-14.1,-24,7,14,-9.9,AS EXPECTED,graded,pbp,46,68,-0.4791,-0.2019,-11,ok,0,0,6,1,2,,1,4,Ranked opponent
v3.0,2022,2022-11-05,Notre Dame,Clemson,home,35,14,3.5,-3.7,35,0,14,38.7,CERTIFIED DAWG,graded,espn,,,,,,pbp_conflict,0,14,7,0,0,21,2,0,Night · Top-10 opponent
v3.0,2022,2022-11-05,Arizona State,UCLA,home,36,50,11.0,-11.7,-14,0,0,-2.3,AS EXPECTED,graded,pbp,81,62,-0.141,-0.1645,1,ok,0,13,4,1,2,,2,1,Night · Ranked opponent
v3.0,2022,2022-11-05,Kentucky,Missouri,away,21,17,1.0,-1.1,4,0,0,5.1,AS EXPECTED,graded,pbp,59,60,0.0998,-0.015,5,ok,0,14,8,1,3,-7,2,0,Road · Full house
v3.0,2022,2022-11-05,Louisville,James Madison,home,34,10,-6.5,6.9,24,0,0,17.1,DAWG,graded,pbp,57,45,0.5676,0.0972,17,ok,0,21,7,2,2,14,0,0,Night · Group of 5 opponent
v3.0,2022,2022-11-05,LSU,Alabama,home,32,31,13.5,-14.1,1,0,0,15.1,DAWG,graded,pbp,65,74,0.0013,-0.2019,10,ok,8,7,5,4,5,,1,0,Night · Top-10 opponent
v3.0,2022,2022-11-11,Cincinnati,East Carolina,home,27,25,-4.5,4.8,2,0,0,-2.8,AS EXPECTED,graded,pbp,56,79,-0.1267,0.0673,-10,ok,0,17,8,2,4,-7,0,2,Night · Group of 5 opponent
v3.0,2022,2022-11-11,USC,Colorado,home,55,17,-34.5,28.3,31,14,7,2.7,AS EXPECTED,graded,pbp,56,38,0.3297,0.516,-6,ok,0,24,6,1,1,18,2,1,Night
v3.0,2022,2022-11-11,Colorado,USC,away,17,55,34.5,-28.3,-31,7,14,-2.7,AS EXPECTED,graded,pbp,38,56,-0.3297,-0.516,6,ok,0,10,4,1,2,,1,2,Road · Night · Top-10 opponent
v3.0,2022,2022-11-12,Boston College,NC State,away,21,20,18.0,-17.5,1,0,0,18.5,DAWG,graded,pbp,70,68,0.1701,-0.2692,22,ok,0,7,9,0,1,,4,2,Road · Full house · Ranked opponent
v3.0,2022,2022-11-12,Arizona,UCLA,away,34,28,20.0,-18.8,6,0,0,24.8,CERTIFIED DAWG,graded,pbp,65,76,0.0301,-0.2991,17,ok,0,17,4,3,4,-8,0,0,Road · Night · Ranked opponent
v3.0,2022,2022-11-12,Maryland,Penn State,away,0,30,10.5,-11.2,-30,0,0,-18.8,SOFT,graded,pbp,30,54,-0.7633,-0.157,-18,ok,0,0,2,0,1,,1,0,Road · Full house · Ranked opponent
v3.0,2022,2022-11-12,Michigan State,Rutgers,home,27,21,-10.0,10.7,6,0,0,-4.7,AS EXPECTED,graded,pbp,68,76,-0.2276,0.1496,-20,ok,0,20,7,1,2,-8,0,0,
v3.0,2022,2022-11-12,Michigan,Nebraska,home,34,3,-30.5,26.2,28,3,0,1.8,AS EXPECTED,graded,pbp,61,38,0.3853,0.4561,-3,ok,0,28,6,0,0,14,0,0,
v3.0,2022,2022-11-12,Minnesota,Northwestern,home,31,3,-17.0,16.8,28,0,0,11.2,AS EXPECTED,graded,pbp,66,43,0.4763,0.2542,9,ok,0,31,9,0,0,14,2,1,
v3.0,2022,2022-11-12,Missouri,Tennessee,away,24,66,19.5,-18.5,-25,0,17,-6.5,AS EXPECTED,graded,pbp,54,62,-0.269,-0.2916,1,ok,0,17,3,0,2,,0,1,Road · Full house · Top-10 opponent
v3.0,2022,2022-11-12,Ole Miss,Alabama,home,24,30,11.0,-11.7,-6,0,0,5.7,AS EXPECTED,graded,pbp,80,68,-0.0662,-0.1645,5,ok,0,17,6,1,5,-16,1,1,Top-10 opponent
v3.0,2022,2022-11-12,Duke,Virginia Tech,home,24,7,-10.0,10.7,17,0,0,6.3,AS EXPECTED,graded,pbp,72,54,0.3289,0.1496,8,ok,0,24,8,0,1,7,1,1,
v3.0,2022,2022-11-12,NC State,Boston College,home,20,21,-18.0,17.5,-1,0,0,-18.5,SOFT,graded,pbp,68,70,-0.1701,0.2692,-22,ok,0,17,10,0,3,-15,2,4,
v3.0,2022,2022-11-12,North Carolina,Wake Forest,away,36,34,4.5,-4.8,2,0,0,6.8,AS EXPECTED,graded,pbp,86,71,-0.1077,-0.0673,-2,ok,0,17,5,3,5,-12,1,0,Road · Night · Full house
v3.0,2022,2022-11-12,Wake Forest,North Carolina,home,34,36,-4.5,4.8,-2,0,0,-6.8,AS EXPECTED,graded,pbp,71,86,0.1077,0.0673,2,ok,0,14,4,1,4,,0,1,Night · Ranked opponent
v3.0,2022,2022-11-12,Nebraska,Michigan,away,3,34,30.5,-26.2,-28,0,3,-1.8,AS EXPECTED,graded,pbp,38,61,-0.3853,-0.4561,3,ok,0,0,3,0,1,,0,0,Road · Full house
v3.0,2022,2022-11-12,Rutgers,Michigan State,away,21,27,10.0,-10.7,-6,0,0,4.7,AS EXPECTED,graded,pbp,76,68,0.2276,-0.1496,20,ok,0,14,5,0,1,,0,0,Road
v3.0,2022,2022-11-12,Syracuse,Florida State,home,3,38,7.0,-7.4,-35,0,0,-27.6,CERTIFIED SOFT,graded,pbp,26,51,-0.8221,-0.1047,-20,ok,0,0,3,0,1,,1,1,Night · Ranked opponent
v3.0,2022,2022-11-12,Ohio State,Indiana,home,56,14,-40.5,30.9,35,14,7,4.1,AS EXPECTED,graded,pbp,49,46,0.4886,0.6057,-4,ok,0,35,8,0,0,21,2,0,
v3.0,2022,2022-11-12,Oklahoma State,Iowa State,home,20,14,2.5,-2.6,6,0,0,8.6,AS EXPECTED,graded,pbp,60,79,0.0317,-0.0374,3,ok,0,13,13,1,2,,5,2,
v3.0,2022,2022-11-12,Auburn,Texas A&M,home,13,10,-1.5,1.6,3,0,0,1.4,AS EXPECTED,graded,pbp,67,59,0.1374,0.0224,5,ok,0,13,10,0,1,-7,1,3,Night
v3.0,2022,2022-11-12,Oklahoma,West Virginia,away,20,23,-8.5,,,,,,,unverified_scoring,,,,,,,pbp_conflict,0,10,8,1,2,,1,0,Road
v3.0,2022,2022-11-12,UCF,Tulane,away,38,31,1.0,-1.1,7,0,0,8.1,AS EXPECTED,graded,pbp,84,66,0.0027,-0.015,1,ok,0,21,4,2,3,-3,1,1,Road · Full house · Ranked opponent · Group of 5 opponent
v3.0,2022,2022-11-12,Penn State,Maryland,home,30,0,-10.5,11.2,30,0,0,18.8,DAWG,graded,pbp,54,30,0.7633,0.157,18,ok,0,27,7,0,0,16,0,1,
v3.0,2022,2022-11-12,Pittsburgh,Virginia,away,37,7,-5.5,5.8,31,6,7,25.2,CERTIFIED DAWG,graded,pbp,50,37,0.6394,0.0823,18,ok,0,17,3,0,0,17,2,0,Road
v3.0,2022,2022-11-12,Clemson,Louisville,home,31,16,-7.0,7.4,15,0,0,7.6,AS EXPECTED,graded,pbp,73,67,0.1343,0.1047,2,ok,0,24,10,0,1,5,2,3,
v3.0,2022,2022-11-12,Iowa,Wisconsin,home,24,10,1.5,-1.6,14,0,0,15.6,DAWG,graded,pbp,68,65,0.0507,-0.0224,4,ok,0,17,11,0,1,3,3,1,
v3.0,2022,2022-11-12,Kansas,Texas Tech,away,28,43,3.5,-3.7,-15,0,0,-11.3,AS EXPECTED,graded,pbp,65,80,0.1136,-0.0523,9,ok,0,14,4,1,3,,0,2,Road · Night · Full house
v3.0,2022,2022-11-12,Kansas State,Baylor,away,31,3,2.5,-2.6,28,0,0,30.6,CERTIFIED DAWG,graded,pbp,59,48,0.3801,-0.0374,16,ok,0,31,6,0,0,18,2,0,Road · Night · Full house
v3.0,2022,2022-11-12,Vanderbilt,Kentucky,away,24,21,17.0,-16.8,3,0,0,19.8,DAWG,graded,pbp,64,53,-0.0793,-0.2542,7,ok,0,7,3,3,5,,0,2,Road · Full house · Ranked opponent
v3.0,2022,2022-11-12,Baylor,Kansas State,home,3,31,-2.5,2.6,-28,0,0,-30.6,CERTIFIED SOFT,graded,pbp,48,59,-0.3801,0.0374,-16,ok,0,0,2,0,1,,0,2,Night · Ranked opponent
v3.0,2022,2022-11-12,Miami,Georgia Tech,away,35,14,2.0,-2.1,28,0,7,30.1,CERTIFIED DAWG,graded,pbp,61,54,0.5329,-0.0299,24,ok,0,21,8,0,0,14,4,0,Road
v3.0,2022,2022-11-12,Stanford,Utah,away,7,42,24.0,-21.7,-28,0,7,-6.3,AS EXPECTED,graded,pbp,33,60,-0.5876,-0.3589,-8,ok,0,7,2,0,2,,1,0,Road · Night · Full house · Ranked opponent
v3.0,2022,2022-11-12,Texas A&M,Auburn,away,10,13,1.5,-1.6,-3,0,0,-1.4,AS EXPECTED,graded,pbp,59,67,-0.1374,-0.0224,-5,ok,0,3,8,0,1,,3,1,Road · Night · Full house
v3.0,2022,2022-11-12,Houston,Temple,home,43,36,-20.0,18.8,7,0,0,-11.8,AS EXPECTED,graded,pbp,66,83,0.0454,0.2991,-14,ok,0,14,2,2,6,-2,0,2,Group of 5 opponent
v3.0,2022,2022-11-12,Oregon,Washington,home,34,37,-12.0,12.7,-3,0,0,-15.7,SOFT,graded,pbp,79,55,-0.1236,0.1795,-15,ok,0,10,2,3,6,,1,1,Ranked opponent
v3.0,2022,2022-11-12,California,Oregon State,away,10,38,11.5,-12.2,-31,3,0,-18.8,SOFT,graded,pbp,38,63,-0.4519,-0.172,-10,ok,0,0,3,0,1,,1,1,Road · Night · Group of 5 opponent
v3.0,2022,2022-11-12,Purdue,Illinois,away,31,24,6.0,-6.4,7,0,0,13.4,DAWG,graded,pbp,74,63,0.0965,-0.0897,9,ok,0,24,8,1,3,-3,1,1,Road · Ranked opponent
v3.0,2022,2022-11-12,Texas,TCU,home,10,17,-7.5,8.0,-7,0,0,-15.0,SOFT,graded,pbp,61,73,-0.245,0.1122,-17,ok,0,0,8,0,1,,0,1,Night · Top-10 opponent
v3.0,2022,2022-11-12,Utah,Stanford,home,42,7,-24.0,21.7,28,7,0,6.3,AS EXPECTED,graded,pbp,60,33,0.5876,0.3589,8,ok,0,28,6,1,1,14,0,1,Night
v3.0,2022,2022-11-12,SMU,South Florida,away,41,23,-17.5,17.1,24,0,6,6.9,AS EXPECTED,graded,pbp,68,61,0.2733,0.2617,1,ok,0,34,7,1,2,14,1,0,Road · Group of 5 opponent
v3.0,2022,2022-11-12,South Carolina,Florida,away,6,38,8.0,-8.5,-25,0,7,-16.5,SOFT,graded,pbp,36,61,-0.4353,-0.1196,-11,ok,0,0,4,0,1,,1,3,Road · Full house
v3.0,2022,2022-11-12,Virginia,Pittsburgh,home,7,37,5.5,-5.8,-31,7,6,-25.2,CERTIFIED SOFT,graded,pbp,37,50,-0.6394,-0.0823,-18,ok,0,0,1,0,1,,0,2,
v3.0,2022,2022-11-12,Virginia Tech,Duke,away,7,24,10.0,-10.7,-17,0,0,-6.3,AS EXPECTED,graded,pbp,54,72,-0.3289,-0.1496,-8,ok,0,7,5,0,2,,1,1,Road
v3.0,2022,2022-11-12,UCLA,Arizona,home,28,34,-20.0,18.8,-6,0,0,-24.8,CERTIFIED SOFT,graded,pbp,76,65,-0.0301,0.2991,-17,ok,0,14,3,1,5,,0,0,Night
v3.0,2022,2022-11-12,TCU,Texas,away,17,10,7.5,-8.0,7,0,0,15.0,DAWG,graded,pbp,73,61,0.245,-0.1122,17,ok,0,17,10,1,1,-3,1,0,Road · Night · Full house · Ranked opponent
v3.0,2022,2022-11-12,Tennessee,Missouri,home,66,24,-19.5,18.5,25,17,0,6.5,AS EXPECTED,graded,pbp,62,54,0.269,0.2916,-1,ok,0,28,6,3,3,11,1,0,
v3.0,2022,2022-11-12,Washington,Oregon,away,37,34,12.0,-12.7,3,0,0,15.7,DAWG,graded,pbp,55,79,0.1236,-0.1795,15,ok,0,3,2,5,6,,1,1,Road · Full house · Top-10 opponent
v3.0,2022,2022-11-12,Texas Tech,Kansas,home,43,28,-3.5,3.7,15,0,0,11.3,AS EXPECTED,graded,pbp,80,65,-0.1136,0.0523,-9,ok,0,31,7,2,3,5,2,0,Night
v3.0,2022,2022-11-12,Wisconsin,Iowa,away,10,24,-1.5,1.6,-14,0,0,-15.6,SOFT,graded,pbp,65,68,-0.0507,0.0224,-4,ok,0,3,10,0,1,,1,3,Road · Full house
v3.0,2022,2022-11-12,West Virginia,Oklahoma,home,23,20,8.5,,,,,,,unverified_scoring,,,,,,,pbp_conflict,0,10,8,1,2,,0,1,
v3.0,2022,2022-11-12,Alabama,Ole Miss,away,30,24,-11.0,11.7,6,0,0,-5.7,AS EXPECTED,graded,pbp,68,80,0.0662,0.1645,-5,ok,0,13,7,1,2,,1,1,Road · Full house · Ranked opponent
v3.0,2022,2022-11-12,Mississippi State,Georgia,home,19,45,16.5,-16.4,-26,0,0,-9.6,AS EXPECTED,graded,pbp,60,70,-0.5207,-0.2468,-13,ok,0,0,2,0,1,,2,0,Night · Top-10 opponent
v3.0,2022,2022-11-12,Illinois,Purdue,home,24,31,-6.0,6.4,-7,0,0,-13.4,SOFT,graded,pbp,63,74,-0.0965,0.0897,-9,ok,0,7,7,2,3,,1,1,
v3.0,2022,2022-11-12,Florida State,Syracuse,away,38,3,-7.0,7.4,35,0,0,27.6,CERTIFIED DAWG,graded,pbp,51,26,0.8221,0.1047,20,ok,0,24,6,0,0,21,1,1,Road · Night
v3.0,2022,2022-11-12,Florida,South Carolina,home,38,6,-8.0,8.5,25,7,0,16.5,DAWG,graded,pbp,61,36,0.4353,0.1196,11,ok,0,31,9,0,0,11,3,1,
v3.0,2022,2022-11-12,Georgia Tech,Miami,home,14,35,-2.0,2.1,-28,7,0,-30.1,CERTIFIED SOFT,graded,pbp,54,61,-0.5329,0.0299,-24,ok,0,7,5,0,1,,0,4,
v3.0,2022,2022-11-12,Georgia,Mississippi State,away,45,19,-16.5,16.4,26,0,0,9.6,AS EXPECTED,graded,pbp,70,60,0.5207,0.2468,13,ok,0,17,5,1,1,16,0,2,Road · Night · Full house
v3.0,2022,2022-11-12,Iowa State,Oklahoma State,away,14,20,-2.5,2.6,-6,0,0,-8.6,AS EXPECTED,graded,pbp,79,60,-0.0317,0.0374,-3,ok,0,7,12,0,4,,2,5,Road · Full house
v3.0,2022,2022-11-12,Northwestern,Minnesota,away,3,31,17.0,-16.8,-28,0,0,-11.2,AS EXPECTED,graded,pbp,43,66,-0.4763,-0.2542,-9,ok,0,3,5,0,1,,1,2,Road
v3.0,2022,2022-11-12,Arkansas,LSU,home,10,13,3.5,-3.7,-3,0,0,0.7,AS EXPECTED,graded,pbp,68,66,-0.0431,-0.0523,0,ok,0,10,9,0,2,,2,2,Top-10 opponent
v3.0,2022,2022-11-12,Indiana,Ohio State,away,14,56,40.5,-30.9,-35,7,14,-4.1,AS EXPECTED,graded,pbp,46,49,-0.4886,-0.6057,4,ok,0,0,4,0,1,,0,2,Road · Full house · Top-10 opponent
v3.0,2022,2022-11-12,Notre Dame,Navy,neutral,35,32,-17.0,16.8,3,0,0,-13.8,SOFT,graded,pbp,55,59,-0.093,0.2542,-14,ok,0,21,6,1,2,-11,1,1,Group of 5 opponent
v3.0,2022,2022-11-12,Arizona State,Washington State,away,18,28,9.5,-10.1,-10,0,0,0.1,AS EXPECTED,graded,pbp,67,72,0.0782,-0.1421,11,ok,0,14,6,0,1,,0,1,Road · Group of 5 opponent
v3.0,2022,2022-11-12,Kentucky,Vanderbilt,home,21,24,-17.0,16.8,-3,0,0,-19.8,SOFT,graded,pbp,53,64,0.0793,0.2542,-7,ok,0,10,5,3,4,,2,0,
v3.0,2022,2022-11-12,Louisville,Clemson,away,16,31,7.0,-7.4,-15,0,0,-7.6,AS EXPECTED,graded,pbp,67,73,-0.1343,-0.1047,-2,ok,0,0,8,0,1,,3,2,Road · Full house · Top-10 opponent
v3.0,2022,2022-11-12,LSU,Arkansas,away,13,10,-3.5,3.7,3,0,0,-0.7,AS EXPECTED,graded,pbp,66,68,0.0431,0.0523,0,ok,0,13,9,0,2,-7,2,2,Road · Full house
v3.0,2022,2022-11-17,SMU,Tulane,away,24,59,3.5,-3.7,-35,17,17,-31.3,CERTIFIED SOFT,graded,pbp,59,39,-0.4661,-0.0523,-15,ok,0,0,2,0,1,,1,5,Road · Night · Ranked opponent · Group of 5 opponent
v3.0,2022,2022-11-19,Boston College,Notre Dame,away,0,44,20.0,-18.8,-37,0,7,-18.2,SOFT,graded,pbp,26,41,-1.1044,-0.2991,-20,ok,0,0,0,0,1,,0,5,Road · Full house · Ranked opponent
v3.0,2022,2022-11-19,Arizona,Washington State,home,20,31,4.0,-4.2,-18,7,0,-13.8,SOFT,graded,pbp,60,68,-0.1913,-0.0598,-6,ok,0,7,6,0,1,,1,4,Group of 5 opponent
v3.0,2022,2022-11-19,Maryland,Ohio State,home,30,43,26.0,-23.2,-13,0,0,10.2,AS EXPECTED,graded,pbp,68,73,0.0107,-0.3888,20,ok,0,3,3,2,4,,0,0,Top-10 opponent
v3.0,2022,2022-11-19,Michigan State,Indiana,home,31,39,-12.0,12.7,-8,0,0,-20.7,SOFT,graded,pbp,81,45,-0.0111,0.1795,-9,ok,13,28,7,1,3,-25,0,1,
v3.0,2022,2022-11-19,Michigan,Illinois,home,19,17,-17.0,16.8,2,0,0,-14.8,SOFT,graded,pbp,74,64,-0.0529,0.2542,-15,ok,0,12,7,0,3,,0,1,
v3.0,2022,2022-11-19,Minnesota,Iowa,home,10,13,-2.0,2.1,-3,0,0,-5.1,AS EXPECTED,graded,pbp,65,52,0.092,0.0299,3,ok,0,3,5,0,2,,0,2,
v3.0,2022,2022-11-19,Missouri,New Mexico State,home,45,14,-29.0,25.3,28,10,7,2.7,AS EXPECTED,graded,pbp,57,41,0.4358,0.4337,0,ok,0,21,4,0,0,14,2,1,Night · Group of 5 opponent
v3.0,2022,2022-11-19,Ole Miss,Arkansas,away,27,42,-1.0,1.1,-22,14,7,-23.1,SOFT,graded,pbp,56,47,-0.2453,0.015,-10,ok,0,10,3,0,1,,0,3,Road · Night · Full house
v3.0,2022,2022-11-19,Duke,Pittsburgh,away,26,28,7.0,-7.4,-2,0,0,5.4,AS EXPECTED,graded,pbp,71,65,0.297,-0.1047,20,ok,0,14,7,1,3,,2,1,Road
v3.0,2022,2022-11-19,NC State,Louisville,away,10,25,4.0,-4.2,-15,0,0,-10.8,AS EXPECTED,graded,pbp,72,63,-0.1566,-0.0598,-5,ok,0,7,6,1,4,,0,1,Road
v3.0,2022,2022-11-19,North Carolina,Georgia Tech,home,17,21,-21.0,19.5,-4,0,0,-23.5,SOFT,graded,pbp,63,72,-0.1875,0.3141,-25,ok,0,17,7,0,2,-14,1,1,
v3.0,2022,2022-11-19,Wake Forest,Syracuse,home,45,35,-9.5,10.1,17,0,7,6.9,AS EXPECTED,graded,pbp,93,55,0.0227,0.1421,-6,ok,0,28,5,1,2,7,1,0,Night
v3.0,2022,2022-11-19,Nebraska,Wisconsin,home,14,15,10.0,-10.7,-1,0,0,9.7,AS EXPECTED,graded,pbp,49,70,-0.1522,-0.1496,0,ok,0,7,5,1,2,-12,1,0,
v3.0,2022,2022-11-19,Rutgers,Penn State,home,10,55,18.5,-17.8,-35,0,10,-17.2,SOFT,graded,espn,,,,,,no_pbp,0,0,0,0,0,,0,0,Ranked opponent
v3.0,2022,2022-11-19,Syracuse,Wake Forest,away,35,45,9.5,-10.1,-17,7,0,-6.9,AS EXPECTED,graded,pbp,55,93,-0.0227,-0.1421,6,ok,0,14,5,1,3,-28,0,1,Road · Night
v3.0,2022,2022-11-19,Ohio State,Maryland,away,43,30,-26.0,23.2,13,0,0,-10.2,AS EXPECTED,graded,pbp,73,68,-0.0107,0.3888,-20,ok,0,23,5,1,5,-1,0,0,Road
v3.0,2022,2022-11-19,Oklahoma State,Oklahoma,away,13,28,7.0,-7.4,-15,0,0,-7.6,AS EXPECTED,graded,pbp,102,74,0.0364,-0.1047,9,ok,0,3,7,0,1,,2,4,Road · Night · Full house
v3.0,2022,2022-11-19,Auburn,Western Kentucky,home,41,17,-5.0,5.3,24,0,0,18.7,DAWG,graded,pbp,61,76,0.2184,0.0748,7,ok,0,27,8,1,3,14,2,0,Group of 5 opponent
v3.0,2022,2022-11-19,Oklahoma,Oklahoma State,home,28,13,-7.0,7.4,15,0,0,7.6,AS EXPECTED,graded,pbp,74,102,-0.0364,0.1047,-9,ok,0,21,8,0,0,1,4,2,Night · Ranked opponent
v3.0,2022,2022-11-19,UCF,Navy,home,14,17,-15.5,15.7,-3,0,0,-18.7,SOFT,graded,pbp,57,64,-0.0117,0.2318,-11,ok,0,6,6,0,3,,0,2,Group of 5 opponent
v3.0,2022,2022-11-19,Penn State,Rutgers,away,55,10,-18.5,17.8,35,10,0,17.2,DAWG,graded,espn,,,,,,no_pbp,0,0,0,0,0,24,0,0,Road · Full house
v3.0,2022,2022-11-19,Cincinnati,Temple,away,23,3,-17.0,16.8,20,0,0,3.2,AS EXPECTED,graded,pbp,77,55,0.3698,0.2542,6,ok,0,23,9,0,0,6,4,0,Road · Group of 5 opponent
v3.0,2022,2022-11-19,Pittsburgh,Duke,home,28,26,-7.0,7.4,2,0,0,-5.4,AS EXPECTED,graded,pbp,65,71,-0.297,0.1047,-20,ok,0,6,7,1,3,-12,1,2,
v3.0,2022,2022-11-19,Clemson,Miami,home,40,10,-19.0,18.1,30,7,7,11.9,AS EXPECTED,graded,pbp,76,35,0.591,0.2841,12,ok,0,28,8,0,0,16,3,3,
v3.0,2022,2022-11-19,Iowa,Minnesota,away,13,10,2.0,-2.1,3,0,0,5.1,AS EXPECTED,graded,pbp,52,65,-0.092,-0.0299,-3,ok,0,13,5,0,2,-7,2,0,Road
v3.0,2022,2022-11-19,Kansas,Texas,home,14,55,9.0,-9.6,-31,14,24,-21.4,SOFT,graded,pbp,30,43,-0.6591,-0.1346,-14,ok,0,0,1,0,1,,0,1,
v3.0,2022,2022-11-19,Kansas State,West Virginia,away,48,31,-8.0,8.5,23,0,6,14.5,DAWG,graded,pbp,68,54,-0.0567,0.1196,-8,ok,0,17,5,3,4,9,2,1,Road
v3.0,2022,2022-11-19,Vanderbilt,Florida,home,31,24,14.0,-14.5,7,0,0,21.5,DAWG,graded,pbp,61,64,-0.3178,-0.2094,-5,ok,0,17,4,0,3,-2,1,3,
v3.0,2022,2022-11-19,Baylor,TCU,home,28,29,2.0,-2.1,-1,0,0,1.1,AS EXPECTED,graded,pbp,76,63,-0.0773,-0.0299,-2,ok,0,7,6,2,4,,2,1,Top-10 opponent
v3.0,2022,2022-11-19,Miami,Clemson,away,10,40,19.0,-18.1,-30,7,7,-11.9,AS EXPECTED,graded,pbp,35,76,-0.591,-0.2841,-12,ok,0,10,7,0,1,,3,3,Road · Full house · Top-10 opponent
v3.0,2022,2022-11-19,Stanford,California,away,20,27,5.0,-5.3,-7,0,0,-1.7,AS EXPECTED,graded,pbp,79,64,0.0,-0.0748,4,ok,0,7,8,1,4,-18,2,2,Road · Full house
v3.0,2022,2022-11-19,Texas A&M,Massachusetts,home,20,3,-32.0,27.0,17,0,0,-10.0,AS EXPECTED,graded,pbp,60,65,0.1314,0.4786,-16,ok,0,17,11,0,1,7,1,3,Group of 5 opponent
v3.0,2022,2022-11-19,Houston,East Carolina,away,42,3,6.0,-6.4,32,7,0,38.4,CERTIFIED DAWG,graded,pbp,47,36,0.6796,-0.0897,23,ok,0,21,5,0,0,18,0,1,Road · Group of 5 opponent
v3.0,2022,2022-11-19,Oregon,Utah,home,20,17,-1.0,1.1,3,0,0,1.9,AS EXPECTED,graded,pbp,62,74,0.1058,0.015,4,ok,0,17,7,0,1,-8,3,2,Night · Top-10 opponent
v3.0,2022,2022-11-19,California,Stanford,home,27,20,-5.0,5.3,7,0,0,1.7,AS EXPECTED,graded,pbp,64,79,-0.0,0.0748,-4,ok,0,14,9,2,2,-3,2,2,
v3.0,2022,2022-11-19,Purdue,Northwestern,home,17,9,-17.5,17.1,8,0,0,-9.1,AS EXPECTED,graded,pbp,65,64,0.1303,0.2617,-6,ok,0,14,7,1,2,-3,2,0,
v3.0,2022,2022-11-19,Texas,Kansas,away,55,14,-9.0,9.6,31,24,14,21.4,DAWG,graded,pbp,43,30,0.6591,0.1346,14,ok,0,31,5,0,0,17,1,0,Road
v3.0,2022,2022-11-19,BYU,Utah Tech,home,52,26,-37.5,29.7,32,0,6,2.3,AS EXPECTED,graded,pbp,74,58,0.326,0.5608,-11,ok,0,31,9,2,4,17,1,2,FCS opponent
v3.0,2022,2022-11-19,Utah,Oregon,away,17,20,1.0,-1.1,-3,0,0,-1.9,AS EXPECTED,graded,pbp,74,62,-0.1058,-0.015,-4,ok,0,10,6,0,1,,2,3,Road · Night · Full house · Ranked opponent
v3.0,2022,2022-11-19,South Carolina,Tennessee,home,63,38,22.5,-20.6,25,7,7,45.6,CERTIFIED DAWG,graded,pbp,65,65,0.2307,-0.3365,27,ok,0,21,4,3,3,11,1,0,Night · Top-10 opponent
v3.0,2022,2022-11-19,Virginia Tech,Liberty,away,23,22,10.5,-11.2,1,0,0,12.2,AS EXPECTED,graded,pbp,76,62,0.2517,-0.157,20,ok,0,17,8,1,3,-9,2,0,Road · Full house · Group of 5 opponent
v3.0,2022,2022-11-19,UCLA,USC,home,45,48,2.5,-2.6,-3,0,0,-0.4,AS EXPECTED,graded,pbp,75,81,-0.0988,-0.0374,-3,ok,0,14,5,4,7,-17,1,4,Night · Top-10 opponent
v3.0,2022,2022-11-19,TCU,Baylor,away,29,28,-2.0,2.1,1,0,0,-1.1,AS EXPECTED,graded,pbp,63,76,0.0773,0.0299,2,ok,0,21,5,1,4,,1,2,Road
v3.0,2022,2022-11-19,Tennessee,South Carolina,away,38,63,-22.5,20.6,-25,7,7,-45.6,CERTIFIED SOFT,graded,pbp,65,65,-0.2307,0.3365,-27,ok,0,7,1,1,2,,0,1,Road · Night · Full house
v3.0,2022,2022-11-19,Washington,Colorado,home,54,7,-30.5,26.2,33,21,7,6.8,AS EXPECTED,graded,pbp,42,23,0.7538,0.4561,7,ok,0,21,4,0,0,19,1,1,Night
v3.0,2022,2022-11-19,Texas Tech,Iowa State,away,14,10,3.5,-3.7,4,0,0,7.7,AS EXPECTED,graded,pbp,40,45,0.1341,-0.0523,6,ok,0,7,7,1,2,,0,1,Road · Night
v3.0,2022,2022-11-19,Wisconsin,Nebraska,away,15,14,-10.0,10.7,1,0,0,-9.7,AS EXPECTED,graded,pbp,70,49,0.1522,0.1496,0,ok,0,10,6,0,1,,0,1,Road · Full house
v3.0,2022,2022-11-19,West Virginia,Kansas State,home,31,48,8.0,-8.5,-23,6,0,-14.5,SOFT,graded,pbp,54,68,0.0567,-0.1196,8,ok,0,0,3,0,2,,1,2,Ranked opponent
v3.0,2022,2022-11-19,USC,UCLA,away,48,45,-2.5,2.6,3,0,0,0.4,AS EXPECTED,graded,pbp,81,75,0.0988,0.0374,3,ok,0,10,4,3,5,-7,4,1,Road · Night · Ranked opponent
v3.0,2022,2022-11-19,Alabama,Austin Peay,home,34,0,-45.0,32.7,27,7,0,-5.7,AS EXPECTED,graded,pbp,51,49,0.5835,0.673,-3,ok,0,20,6,0,0,13,4,2,FCS opponent
v3.0,2022,2022-11-19,Mississippi State,East Tennessee State,home,56,7,-39.0,30.3,35,21,7,4.7,AS EXPECTED,graded,pbp,30,30,1.0627,0.5833,10,ok,0,14,2,0,0,21,3,1,FCS opponent
v3.0,2022,2022-11-19,Illinois,Michigan,away,17,19,17.0,-16.8,-2,0,0,14.8,DAWG,graded,pbp,64,74,0.0529,-0.2542,15,ok,0,10,5,1,4,,1,0,Road · Full house · Top-10 opponent
v3.0,2022,2022-11-19,Colorado,Washington,away,7,54,30.5,-26.2,-33,7,21,-6.8,AS EXPECTED,graded,pbp,23,42,-0.7538,-0.4561,-7,ok,0,0,1,0,1,,1,1,Road · Night · Full house · Ranked opponent
v3.0,2022,2022-11-19,Florida State,Louisiana,home,49,17,-25.0,22.4,32,14,14,9.6,AS EXPECTED,graded,pbp,43,34,0.7205,0.3739,10,ok,0,21,4,0,0,18,1,0,Group of 5 opponent
v3.0,2022,2022-11-19,Florida,Vanderbilt,away,24,31,-14.0,14.5,-7,0,0,-21.5,SOFT,graded,pbp,64,61,0.3178,0.2094,5,ok,0,10,4,2,4,,3,1,Road
v3.0,2022,2022-11-19,Georgia Tech,North Carolina,away,21,17,21.0,-19.5,4,0,0,23.5,DAWG,graded,pbp,72,63,0.1875,-0.3141,25,ok,0,14,6,0,1,,1,1,Road · Ranked opponent
v3.0,2022,2022-11-19,Georgia,Kentucky,away,16,6,-22.5,20.6,10,0,0,-10.6,AS EXPECTED,graded,pbp,65,56,0.1195,0.3365,-10,ok,0,16,6,0,0,1,1,1,Road · Full house
v3.0,2022,2022-11-19,Iowa State,Texas Tech,home,10,14,-3.5,3.7,-4,0,0,-7.7,AS EXPECTED,graded,pbp,45,40,-0.1341,0.0523,-6,ok,0,7,8,1,2,,1,0,Night
v3.0,2022,2022-11-19,Northwestern,Purdue,away,9,17,17.5,-17.1,-8,0,0,9.1,AS EXPECTED,graded,pbp,64,65,-0.1303,-0.2617,6,ok,0,7,6,1,2,,0,2,Road
v3.0,2022,2022-11-19,Arkansas,Ole Miss,home,42,27,1.0,-1.1,22,7,14,23.1,DAWG,graded,pbp,47,56,0.2453,-0.015,10,ok,0,21,5,0,0,8,3,0,Night · Ranked opponent
v3.0,2022,2022-11-19,Indiana,Michigan State,away,39,31,12.0,-12.7,8,0,0,20.7,DAWG,graded,pbp,45,81,0.0111,-0.1795,9,ok,13,14,6,0,2,,1,0,Road
v3.0,2022,2022-11-19,Notre Dame,Boston College,home,44,0,-20.0,18.8,37,7,0,18.2,DAWG,graded,pbp,41,26,1.1044,0.2991,20,ok,0,27,5,0,0,27,5,0,
v3.0,2022,2022-11-19,Arizona State,Oregon State,home,7,31,7.5,-8.0,-24,0,0,-16.0,SOFT,graded,pbp,53,54,-0.1548,-0.1122,-2,ok,0,7,2,0,2,,0,0,Ranked opponent · Group of 5 opponent
v3.0,2022,2022-11-19,Kentucky,Georgia,home,6,16,22.5,-20.6,-10,0,0,10.6,AS EXPECTED,graded,pbp,56,65,-0.1195,-0.3365,10,ok,0,7,4,0,2,,1,1,Top-10 opponent
v3.0,2022,2022-11-19,Louisville,NC State,home,25,10,-4.0,4.2,15,0,0,10.8,AS EXPECTED,graded,pbp,63,72,0.1566,0.0598,5,ok,0,19,9,1,2,4,1,0,Ranked opponent
v3.0,2022,2022-11-19,LSU,UAB,home,41,10,-15.0,15.3,24,7,0,8.7,AS EXPECTED,graded,pbp,52,45,0.5878,0.2243,13,ok,0,21,4,1,2,13,0,2,Night · Group of 5 opponent
v3.0,2022,2022-11-24,Ole Miss,Mississippi State,home,22,24,-2.5,2.6,-2,0,0,-4.6,AS EXPECTED,graded,pbp,78,77,0.052,0.0374,1,ok,0,20,9,0,3,-11,3,1,Night
v3.0,2022,2022-11-24,Mississippi State,Ole Miss,away,24,22,2.5,-2.6,2,0,0,4.6,AS EXPECTED,graded,pbp,77,78,-0.052,-0.0374,-1,ok,0,10,8,1,3,,1,3,Road · Night · Ranked opponent
v3.0,2022,2022-11-25,Arizona,Arizona State,home,38,35,-4.0,4.2,3,0,0,-1.2,AS EXPECTED,graded,pbp,51,83,0.1499,0.0598,4,ok,0,14,4,2,5,-7,4,1,
v3.0,2022,2022-11-25,Missouri,Arkansas,home,29,27,3.5,-3.7,2,0,0,5.7,AS EXPECTED,graded,pbp,65,65,0.0589,-0.0523,5,ok,0,13,5,2,5,-8,2,0,
v3.0,2022,2022-11-25,NC State,North Carolina,away,30,27,6.5,-6.9,3,0,0,9.9,AS EXPECTED,graded,pbp,57,81,-0.0781,-0.0972,1,ok,17,24,9,2,5,-8,1,1,Road · Full house · Ranked opponent
v3.0,2022,2022-11-25,North Carolina,NC State,home,27,30,-6.5,6.9,-3,0,0,-9.9,AS EXPECTED,graded,pbp,81,57,0.0781,0.0972,-1,ok,17,17,9,1,5,,1,1,
v3.0,2022,2022-11-25,Nebraska,Iowa,away,24,17,10.5,-11.2,7,0,0,18.2,DAWG,graded,pbp,63,70,-0.0428,-0.157,6,ok,0,17,7,0,1,-3,2,1,Road · Full house
v3.0,2022,2022-11-25,Cincinnati,Tulane,home,24,27,1.0,-1.1,-3,0,0,-1.9,AS EXPECTED,graded,pbp,69,70,0.1061,-0.015,6,ok,0,7,5,2,3,,0,1,Ranked opponent · Group of 5 opponent
v3.0,2022,2022-11-25,Iowa,Nebraska,home,17,24,-10.5,11.2,-7,0,0,-18.2,SOFT,graded,pbp,70,63,0.0428,0.157,-6,ok,0,10,7,0,1,,1,2,
v3.0,2022,2022-11-25,Baylor,Texas,away,27,38,10.0,-10.7,-11,0,0,-0.3,AS EXPECTED,graded,pbp,75,63,-0.3744,-0.1496,-11,ok,0,7,3,1,4,-20,1,1,Road · Ranked opponent
v3.0,2022,2022-11-25,California,UCLA,home,28,35,11.5,-12.2,-7,0,0,5.2,AS EXPECTED,graded,pbp,52,93,0.1012,-0.172,14,ok,0,14,4,2,5,-18,0,1,Ranked opponent
v3.0,2022,2022-11-25,Texas,Baylor,home,38,27,-10.0,10.7,11,0,0,0.3,AS EXPECTED,graded,pbp,63,75,0.3744,0.1496,11,ok,0,28,7,2,2,0,1,1,
v3.0,2022,2022-11-25,UCLA,California,away,35,28,-11.5,12.2,7,0,0,-5.2,AS EXPECTED,graded,pbp,93,52,-0.1012,0.172,-14,ok,0,14,5,2,3,,1,0,Road
v3.0,2022,2022-11-25,Florida State,Florida,home,45,38,-10.0,10.7,7,0,0,-3.7,AS EXPECTED,graded,pbp,74,73,0.1094,0.1496,-2,ok,0,24,5,3,6,-7,1,1,Night
v3.0,2022,2022-11-25,Florida,Florida State,away,38,45,10.0,-10.7,-7,0,0,3.7,AS EXPECTED,graded,pbp,73,74,-0.1094,-0.1496,2,ok,0,21,4,2,6,,1,1,Road · Night · Full house · Ranked opponent
v3.0,2022,2022-11-25,Arkansas,Missouri,away,27,29,-3.5,3.7,-2,0,0,-5.7,AS EXPECTED,graded,pbp,65,65,-0.0589,0.0523,-5,ok,0,3,4,2,4,,0,2,Road
v3.0,2022,2022-11-25,Arizona State,Arizona,away,35,38,4.0,-4.2,-3,0,0,1.2,AS EXPECTED,graded,pbp,83,51,-0.1499,-0.0598,-4,ok,0,14,3,1,4,,1,4,Road · Full house
v3.0,2022,2022-11-26,Boston College,Syracuse,home,23,32,10.5,-11.2,-9,0,0,2.2,AS EXPECTED,graded,pbp,74,70,-0.3221,-0.157,-9,ok,0,10,4,1,4,-19,1,2,Night
v3.0,2022,2022-11-26,Maryland,Rutgers,home,37,0,-14.5,14.9,30,7,0,15.1,DAWG,graded,pbp,68,34,0.584,0.2169,14,ok,0,20,8,0,0,16,0,2,
v3.0,2022,2022-11-26,Michigan State,Penn State,away,16,35,19.0,-18.1,-19,0,0,-0.9,AS EXPECTED,graded,pbp,69,70,-0.3031,-0.2841,-1,ok,0,10,5,0,1,,0,2,Road · Full house · Ranked opponent
v3.0,2022,2022-11-26,Michigan,Ohio State,away,45,23,9.0,-9.6,22,0,0,31.6,CERTIFIED DAWG,graded,pbp,60,77,0.3137,-0.1346,22,ok,0,21,7,3,5,11,2,0,Road · Full house · Top-10 opponent
v3.0,2022,2022-11-26,Minnesota,Wisconsin,away,23,16,3.0,-3.2,7,0,0,10.2,AS EXPECTED,graded,pbp,66,66,0.0686,-0.0449,5,ok,0,10,5,1,4,,1,0,Road · Full house
v3.0,2022,2022-11-26,Duke,Wake Forest,home,34,31,3.0,-3.2,3,0,0,6.2,AS EXPECTED,graded,pbp,71,74,-0.0485,-0.0449,0,ok,0,21,4,2,5,-7,1,1,
v3.0,2022,2022-11-26,Wake Forest,Duke,away,31,34,-3.0,3.2,-3,0,0,-6.2,AS EXPECTED,graded,pbp,74,71,0.0485,0.0449,0,ok,0,10,4,1,3,,1,1,Road
v3.0,2022,2022-11-26,Rutgers,Maryland,away,0,37,14.5,-14.9,-30,0,7,-15.1,SOFT,graded,pbp,34,68,-0.584,-0.2169,-14,ok,0,0,4,0,1,,2,0,Road
v3.0,2022,2022-11-26,Syracuse,Boston College,away,32,23,-10.5,11.2,9,0,0,-2.2,AS EXPECTED,graded,pbp,70,74,0.3221,0.157,9,ok,0,27,6,0,1,-6,2,1,Road · Night
v3.0,2022,2022-11-26,Ohio State,Michigan,home,23,45,-9.0,9.6,-22,0,0,-31.6,CERTIFIED SOFT,graded,pbp,77,60,-0.3137,0.1346,-22,ok,0,3,5,3,4,,0,2,Top-10 opponent
v3.0,2022,2022-11-26,Oklahoma State,West Virginia,home,19,24,-5.5,5.8,-5,0,0,-10.8,AS EXPECTED,graded,pbp,83,64,-0.0255,0.0823,-6,ok,0,17,10,0,3,,1,1,
v3.0,2022,2022-11-26,Auburn,Alabama,away,27,49,22.0,-20.2,-22,0,0,-1.8,AS EXPECTED,graded,pbp,66,64,-0.2158,-0.329,5,ok,0,13,3,0,2,,2,2,Road · Full house · Top-10 opponent
v3.0,2022,2022-11-26,Oklahoma,Texas Tech,away,48,51,-1.5,1.6,-3,0,0,-4.6,AS EXPECTED,graded,pbp,80,92,0.0392,0.0224,1,ok,7,34,8,2,5,-17,2,1,Road · Night
v3.0,2022,2022-11-26,UCF,South Florida,away,46,39,-20.0,18.8,7,0,0,-11.8,AS EXPECTED,graded,pbp,76,63,-0.0564,0.2991,-18,ok,0,31,5,1,3,-7,3,3,Road · Night · Group of 5 opponent
v3.0,2022,2022-11-26,Penn State,Michigan State,home,35,16,-19.0,18.1,19,0,0,0.9,AS EXPECTED,graded,pbp,70,69,0.3031,0.2841,1,ok,0,21,7,1,1,5,2,0,
v3.0,2022,2022-11-26,Pittsburgh,Miami,away,42,16,-4.0,4.2,32,7,13,27.8,CERTIFIED DAWG,graded,pbp,47,44,0.4942,0.0598,14,ok,0,28,8,0,0,18,3,2,Road · Night
v3.0,2022,2022-11-26,Clemson,South Carolina,home,30,31,-14.0,14.5,-1,0,0,-15.5,SOFT,graded,pbp,66,69,0.0271,0.2094,-9,ok,0,14,7,1,5,-15,3,1,
v3.0,2022,2022-11-26,Kansas,Kansas State,away,27,47,12.0,-12.7,-20,0,0,-7.3,AS EXPECTED,graded,pbp,62,62,-0.0525,-0.1795,6,ok,0,0,3,1,2,,1,1,Road · Night · Full house · Ranked opponent
v3.0,2022,2022-11-26,Kansas State,Kansas,home,47,27,-12.0,12.7,20,0,0,7.3,AS EXPECTED,graded,pbp,62,62,0.0525,0.1795,-6,ok,0,14,4,1,1,9,1,1,Night
v3.0,2022,2022-11-26,Vanderbilt,Tennessee,home,0,56,14.0,-14.5,-35,0,21,-20.5,SOFT,graded,pbp,42,38,-0.6593,-0.2094,-13,ok,0,0,3,0,1,,0,1,Night · Top-10 opponent
v3.0,2022,2022-11-26,Miami,Pittsburgh,home,16,42,4.0,-4.2,-32,13,7,-27.8,CERTIFIED SOFT,graded,pbp,44,47,-0.4942,-0.0598,-14,ok,0,0,4,0,1,,2,3,Night
v3.0,2022,2022-11-26,Stanford,BYU,home,26,35,6.5,-6.9,-17,8,0,-10.1,AS EXPECTED,graded,pbp,53,62,-0.1258,-0.0972,-1,ok,0,7,2,1,1,,0,0,Night
v3.0,2022,2022-11-26,Texas A&M,LSU,home,38,23,10.0,-10.7,15,0,0,25.7,CERTIFIED DAWG,graded,pbp,67,68,0.0098,-0.1496,8,ok,0,21,3,3,5,1,0,0,Night · Top-10 opponent
v3.0,2022,2022-11-26,Houston,Tulsa,home,30,37,-13.0,13.6,-7,0,0,-20.6,SOFT,graded,pbp,69,73,-0.0441,0.1944,-12,ok,0,3,4,3,3,-18,0,1,Night · Group of 5 opponent
v3.0,2022,2022-11-26,Oregon,Oregon State,away,34,38,1.0,-1.1,-4,0,0,-2.9,AS EXPECTED,graded,pbp,83,56,-0.1591,-0.015,-7,ok,0,24,6,1,4,-15,3,1,Road · Ranked opponent · Group of 5 opponent
v3.0,2022,2022-11-26,Purdue,Indiana,away,30,16,-10.0,10.7,14,0,0,3.3,AS EXPECTED,graded,pbp,51,87,0.2335,0.1496,4,ok,0,14,7,1,2,4,1,0,Road · Full house
v3.0,2022,2022-11-26,BYU,Stanford,away,35,26,-6.5,6.9,17,0,8,10.1,AS EXPECTED,graded,pbp,62,53,0.1258,0.0972,1,ok,0,14,3,1,1,6,0,0,Road · Night
v3.0,2022,2022-11-26,Utah,Colorado,away,63,21,-29.5,25.6,42,21,21,16.4,DAWG,graded,pbp,37,26,1.1566,0.4412,16,ok,0,28,6,0,0,28,0,1,Road
v3.0,2022,2022-11-26,SMU,Memphis,home,34,31,-4.5,4.8,3,0,0,-1.8,AS EXPECTED,graded,pbp,75,76,0.0637,0.0673,0,ok,0,20,4,2,5,-8,1,0,Group of 5 opponent
v3.0,2022,2022-11-26,South Carolina,Clemson,away,31,30,14.0,-14.5,1,0,0,15.5,DAWG,graded,pbp,69,66,-0.0271,-0.2094,9,ok,0,17,9,0,1,,1,3,Road · Full house · Top-10 opponent
v3.0,2022,2022-11-26,TCU,Iowa State,home,62,14,-9.5,10.1,34,21,7,23.9,DAWG,graded,pbp,45,49,0.2686,0.1421,4,ok,0,17,5,0,0,24,4,0,
v3.0,2022,2022-11-26,Tennessee,Vanderbilt,away,56,0,-14.0,14.5,35,21,0,20.5,DAWG,graded,pbp,38,42,0.6593,0.2094,13,ok,0,21,6,0,0,21,1,0,Road · Night · Full house
v3.0,2022,2022-11-26,Washington,Washington State,away,51,33,-2.5,2.6,18,0,0,15.4,DAWG,graded,pbp,66,86,0.4624,0.0374,23,ok,0,24,5,4,6,7,0,2,Road · Night · Full house · Group of 5 opponent
v3.0,2022,2022-11-26,Texas Tech,Oklahoma,home,51,48,1.5,-1.6,3,0,0,4.6,AS EXPECTED,graded,pbp,92,80,-0.0392,-0.0224,-1,ok,7,27,8,2,5,,1,2,Night
v3.0,2022,2022-11-26,Wisconsin,Minnesota,home,16,23,-3.0,3.2,-7,0,0,-10.2,AS EXPECTED,graded,pbp,66,66,-0.0686,0.0449,-5,ok,0,10,6,1,4,,0,1,
v3.0,2022,2022-11-26,West Virginia,Oklahoma State,away,24,19,5.5,-5.8,5,0,0,10.8,AS EXPECTED,graded,pbp,64,83,0.0255,-0.0823,6,ok,0,17,10,0,3,-6,1,1,Road · Full house
v3.0,2022,2022-11-26,USC,Notre Dame,home,38,27,-4.5,4.8,11,0,0,6.2,AS EXPECTED,graded,pbp,61,52,0.0464,0.0673,-1,ok,0,17,4,1,1,1,2,0,Ranked opponent
v3.0,2022,2022-11-26,Alabama,Auburn,home,49,27,-22.0,20.2,22,0,0,1.8,AS EXPECTED,graded,pbp,64,66,0.2158,0.329,-5,ok,0,14,4,2,2,8,2,2,
v3.0,2022,2022-11-26,Illinois,Northwestern,away,41,3,-14.5,14.9,34,7,3,19.1,DAWG,graded,pbp,38,54,0.3408,0.2169,4,ok,0,20,6,0,0,24,6,1,Road
v3.0,2022,2022-11-26,Colorado,Utah,home,21,63,29.5,-25.6,-42,21,21,-16.4,SOFT,graded,pbp,26,37,-1.1566,-0.4412,-16,ok,0,0,2,0,1,,1,0,Ranked opponent
v3.0,2022,2022-11-26,Georgia Tech,Georgia,away,14,37,36.5,-29.2,-23,7,7,6.2,AS EXPECTED,graded,pbp,49,49,-0.456,-0.5459,3,ok,0,0,2,0,3,,1,1,Road · Full house · Top-10 opponent
v3.0,2022,2022-11-26,Georgia,Georgia Tech,home,37,14,-36.5,29.2,23,7,7,-6.2,AS EXPECTED,graded,pbp,49,49,0.456,0.5459,-3,ok,0,34,7,0,1,10,1,1,
v3.0,2022,2022-11-26,Iowa State,TCU,away,14,62,9.5,-10.1,-34,7,21,-23.9,SOFT,graded,pbp,49,45,-0.2686,-0.1421,-4,ok,0,0,2,0,1,,0,4,Road · Top-10 opponent
v3.0,2022,2022-11-26,Northwestern,Illinois,home,3,41,14.5,-14.9,-34,3,7,-19.1,SOFT,graded,pbp,54,38,-0.3408,-0.2169,-4,ok,0,0,3,0,1,,1,6,
v3.0,2022,2022-11-26,Indiana,Purdue,home,16,30,10.0,-10.7,-14,0,0,-3.3,AS EXPECTED,graded,pbp,87,51,-0.2335,-0.1496,-4,ok,0,3,5,1,2,,0,1,
v3.0,2022,2022-11-26,Notre Dame,USC,away,27,38,4.5,-4.8,-11,0,0,-6.2,AS EXPECTED,graded,pbp,52,61,-0.0464,-0.0673,1,ok,0,7,2,0,1,,0,2,Road · Full house · Top-10 opponent
v3.0,2022,2022-11-26,Kentucky,Louisville,home,26,13,-3.5,3.7,13,0,0,9.3,AS EXPECTED,graded,pbp,59,63,0.1401,0.0523,4,ok,0,26,7,0,0,3,3,0,Ranked opponent
v3.0,2022,2022-11-26,Louisville,Kentucky,away,13,26,3.5,-3.7,-13,0,0,-9.3,AS EXPECTED,graded,pbp,63,59,-0.1401,-0.0523,-4,ok,0,7,3,0,1,,0,3,Road · Full house
v3.0,2022,2022-11-26,LSU,Texas A&M,away,23,38,-10.0,10.7,-15,0,0,-25.7,CERTIFIED SOFT,graded,pbp,68,67,-0.0098,0.1496,-8,ok,0,14,3,3,5,,0,0,Road · Night
v3.0,2022,2022-12-02,Utah,USC,neutral,47,24,2.5,-2.6,23,0,0,25.6,CERTIFIED DAWG,graded,pbp,69,62,0.3839,-0.0374,20,ok,0,38,7,2,2,13,2,1,Night · Top-10 opponent
v3.0,2022,2022-12-02,USC,Utah,neutral,24,47,-2.5,2.6,-23,0,0,-25.6,CERTIFIED SOFT,graded,pbp,62,69,-0.3839,0.0374,-20,ok,0,3,4,1,3,-34,1,2,Night · Ranked opponent
v3.0,2022,2022-12-03,Michigan,Purdue,neutral,43,22,-16.0,16.1,21,0,0,4.9,AS EXPECTED,graded,pbp,55,84,0.3015,0.2393,3,ok,0,21,4,1,3,6,2,1,Night
v3.0,2022,2022-12-03,North Carolina,Clemson,neutral,10,39,7.5,-8.0,-29,0,0,-21.0,SOFT,graded,pbp,60,40,-0.4464,-0.1122,-12,ok,0,7,3,0,2,,0,3,Night · Top-10 opponent
v3.0,2022,2022-12-03,UCF,Tulane,away,28,45,3.5,-3.7,-17,0,0,-13.3,SOFT,graded,pbp,96,64,-0.2139,-0.0523,-9,ok,0,21,6,0,1,,3,1,Road · Full house · Ranked opponent · Group of 5 opponent
v3.0,2022,2022-12-03,Clemson,North Carolina,neutral,39,10,-7.5,8.0,29,0,0,21.0,DAWG,graded,pbp,40,60,0.4464,0.1122,12,ok,0,28,5,0,1,15,3,0,Night · Ranked opponent
v3.0,2022,2022-12-03,Kansas State,TCU,neutral,31,28,-1.0,1.1,3,0,0,1.9,AS EXPECTED,graded,pbp,71,68,0.0653,0.015,3,ok,10,31,8,0,4,-8,3,0,Top-10 opponent
v3.0,2022,2022-12-03,Purdue,Michigan,neutral,22,43,16.0,-16.1,-21,0,0,-4.9,AS EXPECTED,graded,pbp,84,55,-0.3015,-0.2393,-3,ok,0,9,4,2,3,,1,2,Night · Top-10 opponent
v3.0,2022,2022-12-03,TCU,Kansas State,neutral,28,31,1.0,-1.1,-3,0,0,-1.9,AS EXPECTED,graded,pbp,68,71,-0.0653,-0.015,-3,ok,10,17,7,0,2,,0,3,Top-10 opponent
v3.0,2022,2022-12-03,Georgia,LSU,neutral,50,30,-17.5,17.1,27,0,7,9.9,AS EXPECTED,graded,pbp,70,58,0.0753,0.2617,-9,ok,0,28,7,2,4,13,3,1,Ranked opponent
v3.0,2022,2022-12-03,LSU,Georgia,neutral,30,50,17.5,-17.1,-27,7,0,-9.9,AS EXPECTED,graded,pbp,58,70,-0.0753,-0.2617,9,ok,0,21,6,0,3,,1,3,Top-10 opponent
v3.0,2022,2022-12-17,Cincinnati,Louisville,neutral,7,24,2.5,-2.6,-17,0,0,-14.4,SOFT,graded,pbp,53,72,-0.3655,-0.0374,-15,ok,0,0,7,1,2,,4,2,Postseason
v3.0,2022,2022-12-17,BYU,SMU,neutral,24,23,4.5,-4.8,1,0,0,5.8,AS EXPECTED,graded,pbp,54,87,-0.047,-0.0673,1,ok,0,10,4,1,3,-13,1,1,Postseason
v3.0,2022,2022-12-17,SMU,BYU,neutral,23,24,-4.5,4.8,-1,0,0,-5.8,AS EXPECTED,graded,pbp,87,54,0.047,0.0673,-1,ok,0,7,5,1,3,,1,1,Postseason
v3.0,2022,2022-12-17,Florida,Oregon State,neutral,3,30,7.5,-8.0,-23,3,7,-15.0,SOFT,graded,pbp,36,56,-0.4861,-0.1122,-12,ok,0,0,2,0,1,,0,0,Ranked opponent · Postseason · Group of 5 opponent
v3.0,2022,2022-12-17,Louisville,Cincinnati,neutral,24,7,-2.5,2.6,17,0,0,14.4,DAWG,graded,pbp,72,53,0.3655,0.0374,15,ok,0,17,9,1,1,3,2,4,Postseason
v3.0,2022,2022-12-22,Baylor,Air Force,neutral,15,30,-3.5,3.7,-23,8,0,-26.7,CERTIFIED SOFT,graded,pbp,40,64,-0.4331,0.0523,-18,ok,0,14,4,0,1,,0,0,Night · Postseason · Group of 5 opponent
v3.0,2022,2022-12-23,Missouri,Wake Forest,neutral,17,27,2.5,-2.6,-10,0,0,-7.4,AS EXPECTED,graded,pbp,81,72,-0.0706,-0.0374,-2,ok,0,14,6,1,2,,2,0,Night · Postseason
v3.0,2022,2022-12-23,Wake Forest,Missouri,neutral,27,17,-2.5,2.6,10,0,0,7.4,AS EXPECTED,graded,pbp,72,81,0.0706,0.0374,2,ok,0,21,7,1,3,-1,0,2,Night · Postseason
v3.0,2022,2022-12-23,Houston,Louisiana,neutral,23,16,-5.0,5.3,7,0,0,1.7,AS EXPECTED,graded,pbp,66,65,0.2283,0.0748,7,ok,0,10,5,0,1,,3,0,Postseason · Group of 5 opponent
v3.0,2022,2022-12-27,Oklahoma State,Wisconsin,neutral,17,24,5.0,-5.3,-7,0,0,-1.7,AS EXPECTED,graded,pbp,57,73,0.0279,-0.0748,5,ok,0,17,9,0,2,,2,2,Night · Postseason
v3.0,2022,2022-12-27,Wisconsin,Oklahoma State,neutral,24,17,-5.0,5.3,7,0,0,1.7,AS EXPECTED,graded,pbp,73,57,-0.0279,0.0748,-5,ok,0,24,9,0,2,-3,2,2,Night · Postseason
v3.0,2022,2022-12-28,Ole Miss,Texas Tech,neutral,25,42,-4.0,4.2,-17,0,0,-21.2,SOFT,graded,pbp,84,88,-0.0185,0.0598,-5,ok,0,14,6,1,2,,3,5,Night · Postseason
v3.0,2022,2022-12-28,Duke,UCF,neutral,30,13,-3.5,3.7,17,0,0,13.3,DAWG,graded,pbp,69,71,0.1737,0.0523,6,ok,0,24,6,0,2,7,3,0,Postseason
v3.0,2022,2022-12-28,North Carolina,Oregon,neutral,27,28,13.0,-13.6,-1,0,0,12.6,DAWG,graded,pbp,69,62,-0.0389,-0.1944,7,ok,0,10,5,3,3,-11,1,0,Night · Ranked opponent · Postseason
v3.0,2022,2022-12-28,UCF,Duke,neutral,13,30,3.5,-3.7,-17,0,0,-13.3,SOFT,graded,pbp,71,69,-0.1737,-0.0523,-6,ok,0,7,4,1,2,,0,3,Postseason
v3.0,2022,2022-12-28,Kansas,Arkansas,neutral,53,55,1.0,-1.1,-2,0,0,-0.9,AS EXPECTED,graded,pbp,81,77,0.1035,-0.015,7,ok,15,17,7,3,4,,2,2,Postseason
v3.0,2022,2022-12-28,Oregon,North Carolina,neutral,28,27,-13.0,13.6,1,0,0,-12.6,SOFT,graded,pbp,62,69,0.0389,0.1944,-7,ok,0,14,4,1,3,,0,1,Night · Postseason
v3.0,2022,2022-12-28,Texas Tech,Ole Miss,neutral,42,25,4.0,-4.2,17,0,0,21.2,DAWG,graded,pbp,88,84,0.0185,-0.0598,5,ok,0,34,9,1,1,7,5,3,Night · Postseason
v3.0,2022,2022-12-28,Arkansas,Kansas,neutral,55,53,-1.0,1.1,2,0,0,0.9,AS EXPECTED,graded,pbp,77,81,-0.1035,0.015,-7,ok,15,28,8,1,2,-8,2,2,Postseason
v3.0,2022,2022-12-29,Minnesota,Syracuse,neutral,28,20,-10.5,11.2,8,0,0,-3.2,AS EXPECTED,graded,pbp,50,85,-0.155,0.157,-15,ok,0,14,6,1,2,-6,1,0,Postseason
v3.0,2022,2022-12-29,Syracuse,Minnesota,neutral,20,28,10.5,-11.2,-8,0,0,3.2,AS EXPECTED,graded,pbp,85,50,0.155,-0.157,15,ok,0,14,6,0,1,,0,1,Postseason
v3.0,2022,2022-12-29,Oklahoma,Florida State,neutral,32,35,10.5,-11.2,-3,0,0,8.2,AS EXPECTED,graded,pbp,84,72,-0.1168,-0.157,2,ok,0,17,6,2,6,-14,1,1,Ranked opponent · Postseason
v3.0,2022,2022-12-29,Texas,Washington,neutral,20,27,-3.5,3.7,-7,0,0,-10.7,AS EXPECTED,graded,pbp,65,83,0.0297,0.0523,-1,ok,0,3,4,1,3,,1,0,Night · Ranked opponent · Postseason
v3.0,2022,2022-12-29,Washington,Texas,neutral,27,20,3.5,-3.7,7,0,0,10.7,AS EXPECTED,graded,pbp,83,65,-0.0297,-0.0523,1,ok,0,10,4,2,4,-3,0,1,Night · Ranked opponent · Postseason
v3.0,2022,2022-12-29,Florida State,Oklahoma,neutral,35,32,-10.5,11.2,3,0,0,-8.2,AS EXPECTED,graded,pbp,72,84,0.1168,0.157,-2,ok,0,21,6,2,4,,1,1,Postseason
v3.0,2022,2022-12-30,Maryland,NC State,neutral,16,12,2.0,-2.1,4,0,0,6.1,AS EXPECTED,graded,pbp,79,66,0.127,-0.0299,8,ok,0,10,9,2,3,,2,2,Ranked opponent · Postseason
v3.0,2022,2022-12-30,NC State,Maryland,neutral,12,16,-2.0,2.1,-4,0,0,-6.1,AS EXPECTED,graded,pbp,66,79,-0.127,0.0299,-8,ok,0,9,9,1,4,,2,2,Postseason
v3.0,2022,2022-12-30,Pittsburgh,UCLA,neutral,37,35,8.5,-9.1,2,0,0,11.1,AS EXPECTED,graded,pbp,91,60,-0.0981,-0.1271,2,ok,0,17,7,2,4,,4,2,Postseason
v3.0,2022,2022-12-30,Clemson,Tennessee,neutral,14,31,-4.5,4.8,-17,0,0,-21.8,SOFT,graded,pbp,101,66,-0.1113,0.0673,-11,ok,0,0,7,0,1,,0,2,Night · Top-10 opponent · Postseason
v3.0,2022,2022-12-30,South Carolina,Notre Dame,neutral,38,45,5.0,-5.3,-7,0,0,-1.7,AS EXPECTED,graded,pbp,71,80,-0.1633,-0.0748,-5,ok,0,0,5,2,6,-21,3,2,Postseason
v3.0,2022,2022-12-30,UCLA,Pittsburgh,neutral,35,37,-8.5,9.1,-2,0,0,-11.1,AS EXPECTED,graded,pbp,60,91,0.0981,0.1271,-2,ok,0,7,5,3,8,-16,2,4,Postseason
v3.0,2022,2022-12-30,Tennessee,Clemson,neutral,31,14,4.5,-4.8,17,0,0,21.8,DAWG,graded,pbp,66,101,0.1113,-0.0673,11,ok,0,24,9,1,2,3,2,0,Night · Top-10 opponent · Postseason
v3.0,2022,2022-12-30,Notre Dame,South Carolina,neutral,45,38,-5.0,5.3,7,0,0,1.7,AS EXPECTED,graded,pbp,80,71,0.1633,0.0748,5,ok,0,28,7,1,4,,2,3,Postseason
v3.0,2022,2022-12-31,Michigan,TCU,neutral,45,51,-8.0,8.5,-6,0,0,-14.5,SOFT,graded,pbp,75,70,-0.0618,0.1196,-10,ok,0,24,8,0,1,,3,3,Top-10 opponent · Postseason
v3.0,2022,2022-12-31,Ohio State,Georgia,neutral,41,42,5.5,-5.8,-1,0,0,4.8,AS EXPECTED,graded,pbp,66,60,-0.1925,-0.0823,-5,ok,0,24,5,3,6,-15,1,0,Night · Top-10 opponent · Postseason
v3.0,2022,2022-12-31,Iowa,Kentucky,neutral,21,0,-3.0,3.2,21,0,0,17.8,DAWG,graded,pbp,48,69,0.0461,0.0449,0,ok,0,7,10,0,0,7,2,0,Postseason
v3.0,2022,2022-12-31,Kansas State,Alabama,neutral,20,45,7.5,-8.0,-29,7,3,-21.0,SOFT,graded,pbp,58,42,-0.5187,-0.1122,-15,ok,0,10,3,0,2,-39,0,2,Top-10 opponent · Postseason
v3.0,2022,2022-12-31,TCU,Michigan,neutral,51,45,8.0,-8.5,6,0,0,14.5,DAWG,graded,pbp,70,75,0.0618,-0.1196,10,ok,0,17,7,2,2,-8,3,3,Top-10 opponent · Postseason
v3.0,2022,2022-12-31,Alabama,Kansas State,neutral,45,20,-7.5,8.0,29,3,7,21.0,DAWG,graded,pbp,42,58,0.5187,0.1122,15,ok,0,28,5,0,1,18,2,0,Top-10 opponent · Postseason
v3.0,2022,2022-12-31,Georgia,Ohio State,neutral,42,41,-5.5,5.8,1,0,0,-4.8,AS EXPECTED,graded,pbp,60,66,0.1925,0.0823,5,ok,0,17,5,2,3,,0,1,Night · Top-10 opponent · Postseason
v3.0,2022,2022-12-31,Kentucky,Iowa,neutral,0,21,3.0,-3.2,-21,0,0,-17.8,SOFT,graded,pbp,69,48,-0.0461,-0.0449,0,ok,0,0,10,0,1,,0,2,Postseason
v3.0,2022,2023-01-02,Penn State,Utah,neutral,35,21,-1.5,1.6,14,0,0,12.4,DAWG,graded,pbp,53,83,0.2273,0.0224,10,ok,0,28,8,1,2,0,2,0,Top-10 opponent · Postseason
v3.0,2022,2023-01-02,Purdue,LSU,neutral,7,63,15.5,-15.7,-35,7,28,-19.3,SOFT,graded,pbp,35,39,-0.8039,-0.2318,-15,ok,0,0,1,0,1,,1,3,Ranked opponent · Postseason
v3.0,2022,2023-01-02,Utah,Penn State,neutral,21,35,1.5,-1.6,-14,0,0,-12.4,SOFT,graded,pbp,83,53,-0.2273,-0.0224,-10,ok,0,7,5,2,3,,0,2,Ranked opponent · Postseason
v3.0,2022,2023-01-02,USC,Tulane,neutral,45,46,-1.5,1.6,-1,0,0,-2.6,AS EXPECTED,graded,pbp,83,52,-0.3324,0.0224,-17,ok,0,17,3,3,6,-15,1,1,Ranked opponent · Postseason · Group of 5 opponent
v3.0,2022,2023-01-02,Mississippi State,Illinois,neutral,19,10,-3.5,3.7,9,0,0,5.3,AS EXPECTED,graded,pbp,67,63,0.1267,0.0523,4,ok,0,3,7,2,2,0,0,2,Postseason
v3.0,2022,2023-01-02,Illinois,Mississippi State,neutral,10,19,3.5,-3.7,-9,0,0,-5.3,AS EXPECTED,graded,pbp,63,67,-0.1267,-0.0523,-4,ok,0,10,7,0,2,,2,0,Ranked opponent · Postseason
v3.0,2022,2023-01-02,LSU,Purdue,neutral,63,7,-15.5,15.7,35,28,7,19.3,DAWG,graded,pbp,39,35,0.8039,0.2318,15,ok,0,28,4,0,0,21,3,1,Postseason
v3.0,2022,2023-01-09,TCU,Georgia,neutral,7,65,13.5,-14.1,-31,0,27,-16.9,SOFT,graded,pbp,26,38,-1.0065,-0.2019,-19,ok,0,0,0,0,1,,0,3,Night · Top-10 opponent · Postseason
v3.0,2022,2023-01-09,Georgia,TCU,neutral,65,7,-13.5,14.1,31,27,0,16.9,DAWG,graded,pbp,38,26,1.0065,0.2019,19,ok,0,31,5,1,1,21,3,0,Night · Top-10 opponent · Postseason
v3.0,2023,2023-08-26,Vanderbilt,Hawai'i,home,35,28,-17.5,16.9,7,0,0,-9.9,AS EXPECTED,graded,pbp,56,59,-0.1748,0.2615,-18,ok,0,14,2,1,4,-2,3,0,Night · Group of 5 opponent
v3.0,2023,2023-08-26,USC,San José State,home,56,28,-30.5,26.3,28,7,7,1.7,AS EXPECTED,graded,pbp,51,51,0.3541,0.4557,-4,ok,0,7,1,0,2,14,0,0,Group of 5 opponent
v3.0,2023,2023-08-26,Notre Dame,Navy,neutral,42,3,-20.0,18.5,35,7,3,16.5,DAWG,graded,pbp,39,30,0.6676,0.2988,9,ok,0,21,3,0,0,21,0,0,Group of 5 opponent
v3.0,2023,2023-08-31,Minnesota,Nebraska,home,13,10,-7.0,7.5,3,0,0,-4.5,AS EXPECTED,graded,pbp,67,56,0.0535,0.1046,-2,ok,0,13,6,0,2,,4,1,Night
v3.0,2023,2023-08-31,Missouri,South Dakota,home,35,10,-27.0,23.8,32,0,7,8.2,AS EXPECTED,graded,pbp,61,52,0.5533,0.4034,6,ok,0,28,5,0,0,18,0,1,Night · FCS opponent
v3.0,2023,2023-08-31,NC State,UConn,away,24,14,-16.5,16.2,10,0,0,-6.2,AS EXPECTED,graded,pbp,72,53,0.0431,0.2465,-9,ok,0,10,6,2,2,0,1,0,Road · Night · Full house · Group of 5 opponent
v3.0,2023,2023-08-31,Wake Forest,Elon,home,37,17,-33.0,27.7,23,0,3,-4.7,AS EXPECTED,graded,pbp,65,50,0.2005,0.493,-12,ok,0,31,9,0,0,13,2,1,Night · FCS opponent
v3.0,2023,2023-08-31,Nebraska,Minnesota,away,10,13,7.0,-7.5,-3,0,0,4.5,AS EXPECTED,graded,pbp,56,67,-0.0535,-0.1046,2,ok,0,3,6,0,2,,1,4,Road · Night · Full house
v3.0,2023,2023-08-31,UCF,Kent State,home,56,6,-33.5,28.0,32,21,3,4.0,AS EXPECTED,graded,pbp,51,38,0.4837,0.5005,-1,ok,0,21,4,0,0,18,1,1,Night · Group of 5 opponent
v3.0,2023,2023-08-31,Utah,Florida,home,24,11,-8.0,8.6,13,0,0,4.4,AS EXPECTED,graded,pbp,53,65,-0.0572,0.1195,-8,ok,0,24,8,0,1,2,1,0,
v3.0,2023,2023-08-31,Florida,Utah,away,11,24,8.0,-8.6,-13,0,0,-4.4,AS EXPECTED,graded,pbp,65,53,0.0572,-0.1195,8,ok,0,10,6,0,1,,0,1,Road · Full house · Ranked opponent
v3.0,2023,2023-08-31,Arizona State,Southern Utah,home,24,21,-34.0,28.2,3,0,0,-25.2,CERTIFIED SOFT,graded,pbp,63,47,0.1209,0.508,-15,ok,0,21,7,1,3,-11,0,0,Night · FCS opponent
v3.0,2023,2023-09-01,Michigan State,Central Michigan,home,31,7,-15.0,15.1,24,0,0,8.9,AS EXPECTED,graded,pbp,56,48,0.4333,0.2241,8,ok,0,24,10,1,1,14,1,0,Night · Group of 5 opponent
v3.0,2023,2023-09-01,Kansas,Missouri State,home,48,17,-32.5,27.4,24,7,0,-3.4,AS EXPECTED,graded,pbp,57,43,0.3421,0.4856,-5,ok,0,27,6,1,2,10,2,1,Night · Group of 5 opponent
v3.0,2023,2023-09-01,Miami,Miami (OH),home,38,3,-17.0,16.5,28,7,0,11.5,AS EXPECTED,graded,pbp,50,33,0.6407,0.254,12,ok,0,20,7,0,0,18,0,1,Night · Group of 5 opponent
v3.0,2023,2023-09-01,Stanford,Hawai'i,away,37,24,-7.0,7.5,13,0,0,5.5,AS EXPECTED,graded,pbp,67,67,0.0485,0.1046,-3,ok,0,24,7,1,1,-1,0,0,Road · Night · Full house · Group of 5 opponent
v3.0,2023,2023-09-01,Georgia Tech,Louisville,neutral,34,39,8.0,-8.6,-5,0,0,3.6,AS EXPECTED,graded,espn,,,,,,no_pbp,0,0,0,0,0,-20,0,0,Night
v3.0,2023,2023-09-01,Louisville,Georgia Tech,neutral,39,34,-8.0,8.6,5,0,0,-3.6,AS EXPECTED,graded,espn,,,,,,no_pbp,0,0,0,0,0,-6,0,0,Night
v3.0,2023,2023-09-02,Boston College,Northern Illinois,home,24,27,-10.0,10.7,-3,0,0,-13.7,SOFT,graded,pbp,56,69,-0.0021,0.1494,-7,ok,6,14,7,0,1,,1,1,Group of 5 opponent
v3.0,2023,2023-09-02,Arizona,Northern Arizona,home,38,3,-28.5,24.9,32,3,0,7.1,AS EXPECTED,graded,pbp,38,46,0.5362,0.4258,3,ok,0,14,5,0,0,18,1,2,Night · FCS opponent
v3.0,2023,2023-09-02,Maryland,Towson,home,38,6,-38.5,30.3,32,3,3,1.7,AS EXPECTED,graded,pbp,52,32,0.5295,0.5752,-1,ok,0,21,4,0,0,18,0,0,FCS opponent
v3.0,2023,2023-09-02,Michigan,East Carolina,home,30,3,-34.5,28.5,30,0,3,1.5,AS EXPECTED,graded,pbp,42,29,0.6474,0.5154,3,ok,0,24,5,0,0,16,1,0,Group of 5 opponent
v3.0,2023,2023-09-02,Ole Miss,Mercer,home,73,7,-35.0,28.7,31,35,0,2.3,AS EXPECTED,graded,pbp,39,33,0.43,0.5229,-2,ok,0,17,4,1,1,17,2,1,FCS opponent
v3.0,2023,2023-09-02,North Carolina,South Carolina,neutral,31,17,-2.5,2.7,14,0,0,11.3,AS EXPECTED,graded,pbp,71,70,0.2589,0.0374,11,ok,0,24,7,1,2,4,0,2,Night
v3.0,2023,2023-09-02,Syracuse,Colgate,home,65,0,-40.0,30.9,37,28,0,6.1,AS EXPECTED,graded,pbp,42,33,1.068,0.5976,13,ok,0,24,5,0,0,23,3,3,FCS opponent
v3.0,2023,2023-09-02,Ohio State,Indiana,away,23,3,-27.5,24.2,20,0,0,-4.2,AS EXPECTED,graded,pbp,71,56,0.2431,0.4109,-8,ok,0,23,8,0,1,10,0,1,Road
v3.0,2023,2023-09-02,Oklahoma State,Central Arkansas,home,27,13,-25.5,22.7,14,0,0,-8.7,AS EXPECTED,graded,pbp,79,63,0.0106,0.381,-19,ok,0,27,8,0,1,4,1,1,Night · FCS opponent
v3.0,2023,2023-09-02,Auburn,Massachusetts,home,59,14,-39.0,30.5,31,21,7,0.5,AS EXPECTED,graded,pbp,42,28,0.5725,0.5827,0,ok,0,21,4,1,1,21,2,0,Group of 5 opponent
v3.0,2023,2023-09-02,Oklahoma,Arkansas State,home,73,0,-33.0,27.7,42,31,0,14.3,DAWG,graded,pbp,39,22,0.7247,0.493,5,ok,0,21,3,0,0,28,2,0,Group of 5 opponent
v3.0,2023,2023-09-02,Penn State,West Virginia,home,38,15,-20.5,18.8,31,0,8,12.2,AS EXPECTED,graded,espn,,,,,,no_pbp,0,0,0,0,0,17,0,0,Night
v3.0,2023,2023-09-02,Cincinnati,Eastern Kentucky,home,66,13,-21.5,19.5,35,24,6,15.5,DAWG,graded,pbp,42,24,0.6384,0.3212,8,ok,0,21,3,0,0,21,3,1,FCS opponent
v3.0,2023,2023-09-02,Pittsburgh,Wofford,home,45,7,-37.5,29.9,35,10,7,5.1,AS EXPECTED,graded,pbp,45,23,0.9611,0.5603,10,ok,0,28,5,0,0,21,1,0,FCS opponent
v3.0,2023,2023-09-02,Iowa,Utah State,home,24,14,-23.0,20.7,10,0,0,-10.7,AS EXPECTED,graded,pbp,66,72,-0.0897,0.3436,-22,ok,0,17,8,0,0,-4,1,0,Group of 5 opponent
v3.0,2023,2023-09-02,Kansas State,Southeast Missouri State,home,45,0,-28.5,24.9,35,10,0,10.1,AS EXPECTED,graded,pbp,44,34,0.832,0.4258,11,ok,0,28,5,0,0,21,0,1,Night · FCS opponent
v3.0,2023,2023-09-02,Vanderbilt,Alabama A&M,home,47,13,-35.0,28.7,23,14,3,-5.7,AS EXPECTED,graded,pbp,57,49,0.238,0.5229,-11,ok,0,28,7,1,2,14,1,1,Night · FCS opponent
v3.0,2023,2023-09-02,Baylor,Texas State,home,31,42,-25.5,22.7,-11,0,0,-33.7,CERTIFIED SOFT,graded,pbp,76,69,-0.0347,0.381,-22,ok,0,9,5,0,2,,2,2,Night · Group of 5 opponent
v3.0,2023,2023-09-02,Texas A&M,New Mexico,home,52,10,-38.0,30.1,32,10,0,1.9,AS EXPECTED,graded,pbp,46,42,0.4339,0.5677,-4,ok,0,28,4,1,1,18,1,0,Night · Group of 5 opponent
v3.0,2023,2023-09-02,Houston,UTSA,home,17,14,0.0,-0.0,3,0,0,3.0,AS EXPECTED,graded,pbp,72,71,-0.2051,-0.0,-11,ok,0,17,9,0,1,-7,3,0,Night · Group of 5 opponent
v3.0,2023,2023-09-02,Oregon,Portland State,home,81,7,-48.0,34.1,43,31,0,8.9,AS EXPECTED,graded,pbp,36,34,0.9608,0.7171,6,ok,0,21,3,1,1,28,0,0,FCS opponent
v3.0,2023,2023-09-02,California,North Texas,away,58,21,-9.0,9.6,27,10,0,17.4,DAWG,graded,pbp,74,43,0.4791,0.1345,15,ok,0,35,7,1,3,14,3,2,Road · Group of 5 opponent
v3.0,2023,2023-09-02,Purdue,Fresno State,home,35,39,-5.5,5.9,-4,0,0,-9.9,AS EXPECTED,graded,pbp,60,81,-0.1005,0.0822,-9,ok,0,21,6,1,4,-15,1,0,Group of 5 opponent
v3.0,2023,2023-09-02,Texas,Rice,home,37,10,-35.0,28.7,34,0,7,5.3,AS EXPECTED,graded,espn,,,,,,pbp_conflict,0,23,7,1,1,24,3,0,Group of 5 opponent
v3.0,2023,2023-09-02,BYU,Sam Houston,home,14,0,-22.5,20.3,14,0,0,-6.3,AS EXPECTED,graded,pbp,65,57,0.2965,0.3362,-2,ok,0,14,12,0,0,0,3,0,Night · Group of 5 opponent
v3.0,2023,2023-09-02,SMU,Louisiana Tech,home,38,14,-18.5,17.5,31,7,14,13.5,DAWG,graded,pbp,58,36,0.6943,0.2764,14,ok,0,31,9,0,0,17,1,0,Group of 5 opponent
v3.0,2023,2023-09-02,South Carolina,North Carolina,neutral,17,31,2.5,-2.7,-14,0,0,-11.3,AS EXPECTED,graded,pbp,70,71,-0.2589,-0.0374,-11,ok,0,3,5,2,3,,2,0,Night · Ranked opponent
v3.0,2023,2023-09-02,Virginia,Tennessee,neutral,13,49,28.0,-24.6,-32,10,14,-7.4,AS EXPECTED,graded,pbp,37,69,-0.7344,-0.4183,-12,ok,0,0,4,0,1,,0,1,Ranked opponent
v3.0,2023,2023-09-02,Virginia Tech,Old Dominion,home,36,17,-14.0,14.4,19,0,0,4.6,AS EXPECTED,graded,pbp,72,65,0.156,0.2092,-3,ok,0,20,7,2,3,10,3,0,Night · Group of 5 opponent
v3.0,2023,2023-09-02,UCLA,Coastal Carolina,home,27,13,-16.0,15.9,14,0,0,-1.9,AS EXPECTED,graded,pbp,60,77,0.0774,0.239,-8,ok,0,20,7,0,2,3,3,3,Night · Group of 5 opponent
v3.0,2023,2023-09-02,TCU,Colorado,home,42,45,-20.0,18.5,-3,0,0,-21.5,SOFT,graded,pbp,78,82,0.0066,0.2988,-17,ok,0,21,5,3,6,,1,2,
v3.0,2023,2023-09-02,Tennessee,Virginia,neutral,49,13,-28.0,24.6,32,14,10,7.4,AS EXPECTED,graded,pbp,69,37,0.7344,0.4183,12,ok,0,14,6,0,0,18,1,0,
v3.0,2023,2023-09-02,Washington,Boise State,home,56,19,-14.5,14.8,23,14,0,8.2,AS EXPECTED,graded,pbp,48,53,0.4149,0.2166,7,ok,0,28,7,1,2,11,2,0,Group of 5 opponent
v3.0,2023,2023-09-02,Texas Tech,Wyoming,away,33,35,-13.5,14.0,-2,0,0,-16.0,SOFT,graded,pbp,70,65,0.0696,0.2017,-6,ok,20,20,7,1,4,-16,2,1,Road · Night · Full house · Group of 5 opponent
v3.0,2023,2023-09-02,Wisconsin,Buffalo,home,38,17,-24.0,21.5,21,0,0,-0.5,AS EXPECTED,graded,pbp,69,69,0.2045,0.3586,-8,ok,0,31,10,0,1,10,0,2,Group of 5 opponent
v3.0,2023,2023-09-02,West Virginia,Penn State,away,15,38,20.5,-18.8,-31,8,0,-12.2,AS EXPECTED,graded,espn,,,,,,no_pbp,0,0,0,0,0,,0,0,Road · Night · Full house · Top-10 opponent
v3.0,2023,2023-09-02,USC,Nevada,home,66,14,-38.0,30.1,35,24,7,4.9,AS EXPECTED,graded,pbp,37,40,0.7273,0.5677,4,ok,0,28,4,0,1,21,1,1,Group of 5 opponent
v3.0,2023,2023-09-02,Alabama,Middle Tennessee,home,56,7,-39.0,30.5,35,21,7,4.5,AS EXPECTED,graded,pbp,41,35,0.5614,0.5827,-1,ok,0,28,6,0,0,21,2,0,Night · Group of 5 opponent
v3.0,2023,2023-09-02,Mississippi State,SE Louisiana,home,48,7,-31.5,26.9,27,14,0,0.1,AS EXPECTED,graded,pbp,56,40,0.4036,0.4706,-2,ok,0,20,6,1,1,17,1,0,FCS opponent
v3.0,2023,2023-09-02,Illinois,Toledo,home,30,28,-10.0,10.7,2,0,0,-8.7,AS EXPECTED,graded,pbp,61,83,0.1067,0.1494,-2,ok,0,14,2,1,5,,1,1,Night · Group of 5 opponent
v3.0,2023,2023-09-02,Colorado,TCU,away,45,42,20.0,-18.5,3,0,0,21.5,DAWG,graded,pbp,82,78,-0.0066,-0.2988,17,ok,0,7,5,5,6,-7,2,1,Road · Full house · Ranked opponent
v3.0,2023,2023-09-02,Georgia,UT Martin,home,48,7,-50.0,34.9,31,17,7,-3.9,AS EXPECTED,graded,pbp,56,33,0.5114,0.747,-8,ok,0,31,8,0,0,17,1,0,FCS opponent
v3.0,2023,2023-09-02,Iowa State,Northern Iowa,home,30,9,-7.0,7.5,30,0,9,22.5,DAWG,graded,pbp,40,55,0.3721,0.1046,9,ok,0,17,8,0,0,16,2,0,FCS opponent
v3.0,2023,2023-09-02,Arkansas,Western Carolina,home,56,13,-38.0,30.1,39,14,10,8.9,AS EXPECTED,graded,pbp,45,30,0.9564,0.5677,11,ok,0,28,6,0,0,25,5,0,FCS opponent
v3.0,2023,2023-09-02,Indiana,Ohio State,home,3,23,27.5,-24.2,-20,0,0,4.2,AS EXPECTED,graded,pbp,56,71,-0.2431,-0.4109,8,ok,0,3,4,0,1,,1,0,Top-10 opponent
v3.0,2023,2023-09-02,Notre Dame,Tennessee State,home,56,3,-48.5,34.3,32,21,0,-2.3,AS EXPECTED,graded,pbp,36,31,0.9735,0.7246,6,ok,0,21,3,1,1,21,2,0,FCS opponent
v3.0,2023,2023-09-02,Kentucky,Ball State,home,44,14,-26.5,23.5,23,7,0,-0.5,AS EXPECTED,graded,espn,,,,,,pbp_conflict,0,20,7,1,3,13,1,0,Group of 5 opponent
v3.0,2023,2023-09-03,Rutgers,Northwestern,home,24,7,-7.0,7.5,24,0,7,16.5,DAWG,graded,pbp,65,37,0.5506,0.1046,16,ok,0,17,9,0,0,10,2,0,
v3.0,2023,2023-09-03,Florida State,LSU,neutral,45,24,2.5,-2.7,28,0,7,30.7,CERTIFIED DAWG,graded,pbp,66,63,0.3434,-0.0374,18,ok,0,35,7,1,2,14,1,2,Night · Top-10 opponent
v3.0,2023,2023-09-03,Northwestern,Rutgers,away,7,24,7.0,-7.5,-24,7,0,-16.5,SOFT,graded,pbp,37,65,-0.5506,-0.1046,-16,ok,0,0,5,0,1,,0,2,Road · Full house
v3.0,2023,2023-09-03,LSU,Florida State,neutral,24,45,-2.5,2.7,-28,7,0,-30.7,CERTIFIED SOFT,graded,pbp,63,66,-0.3434,0.0374,-18,ok,0,7,3,1,2,,2,1,Night · Top-10 opponent
v3.0,2023,2023-09-04,Duke,Clemson,home,28,7,12.5,-13.1,21,0,0,34.1,CERTIFIED DAWG,graded,pbp,64,83,0.232,-0.1868,22,ok,0,20,9,0,1,7,4,1,Night · Top-10 opponent
v3.0,2023,2023-09-04,Clemson,Duke,away,7,28,-12.5,13.1,-21,0,0,-34.1,CERTIFIED SOFT,graded,pbp,83,64,-0.232,0.1868,-22,ok,0,0,5,0,3,,1,4,Road · Night
v3.0,2023,2023-09-07,Louisville,Murray State,home,56,0,-43.5,32.3,35,21,0,2.7,AS EXPECTED,graded,pbp,39,40,0.7396,0.6499,3,ok,0,28,6,0,0,21,3,2,Night · FCS opponent
v3.0,2023,2023-09-08,Kansas,Illinois,home,34,23,-3.5,3.8,11,0,0,7.2,AS EXPECTED,graded,pbp,72,53,-0.0673,0.0523,-5,ok,0,17,5,0,0,-3,2,2,Night
v3.0,2023,2023-09-08,Illinois,Kansas,away,23,34,3.5,-3.8,-11,0,0,-7.2,AS EXPECTED,graded,pbp,53,72,0.0673,-0.0523,5,ok,0,7,3,0,1,,2,2,Road · Night · Full house
v3.0,2023,2023-09-08,Indiana,Indiana State,home,41,7,-31.0,26.6,24,10,0,-2.6,AS EXPECTED,graded,pbp,55,36,0.7628,0.4632,10,ok,0,35,7,0,0,10,1,1,Night · FCS opponent
v3.0,2023,2023-09-09,Boston College,Holy Cross,home,31,28,-10.0,10.7,3,0,0,-7.7,AS EXPECTED,graded,pbp,68,53,-0.1335,0.1494,-12,ok,0,14,3,2,4,-11,1,0,FCS opponent
v3.0,2023,2023-09-09,Arizona,Mississippi State,away,24,31,9.0,-9.6,-7,0,0,2.6,AS EXPECTED,graded,pbp,67,52,0.0919,-0.1345,10,ok,5,17,6,0,3,,1,5,Road · Night
v3.0,2023,2023-09-09,Maryland,Charlotte,home,38,20,-24.5,21.9,24,0,6,2.1,AS EXPECTED,graded,pbp,69,45,0.4402,0.366,3,ok,0,30,8,0,1,14,2,2,Night · Group of 5 opponent
v3.0,2023,2023-09-09,Michigan State,Richmond,home,45,14,-29.0,25.3,31,14,14,5.7,AS EXPECTED,graded,pbp,37,36,0.4486,0.4333,0,ok,0,17,5,0,0,17,0,2,FCS opponent
v3.0,2023,2023-09-09,Michigan,UNLV,home,35,7,-38.0,30.1,35,0,7,4.9,AS EXPECTED,graded,pbp,50,35,0.8535,0.5677,9,ok,0,28,5,0,0,21,0,1,Group of 5 opponent
v3.0,2023,2023-09-09,Minnesota,Eastern Michigan,home,25,6,-19.5,18.1,19,0,0,0.9,AS EXPECTED,graded,pbp,70,42,0.4136,0.2913,5,ok,0,13,6,2,2,5,1,2,Night · Group of 5 opponent
v3.0,2023,2023-09-09,Missouri,Middle Tennessee,home,23,19,-21.0,19.2,4,0,0,-15.2,SOFT,graded,pbp,62,64,0.1091,0.3138,-9,ok,0,10,5,2,4,-9,0,0,Night · Group of 5 opponent
v3.0,2023,2023-09-09,Ole Miss,Tulane,away,37,20,-13.0,13.5,17,0,0,3.5,AS EXPECTED,graded,pbp,62,81,0.2545,0.1942,3,ok,0,17,6,1,3,7,2,1,Road · Full house · Ranked opponent · Group of 5 opponent
v3.0,2023,2023-09-09,Duke,Lafayette,home,42,7,-42.5,31.9,28,7,0,-3.9,AS EXPECTED,graded,pbp,45,45,0.609,0.635,-1,ok,0,28,5,0,1,14,2,1,FCS opponent
v3.0,2023,2023-09-09,NC State,Notre Dame,home,24,45,7.0,-7.5,-28,7,0,-20.5,SOFT,graded,pbp,69,61,-0.2789,-0.1046,-8,ok,0,10,8,0,1,,1,3,Top-10 opponent
v3.0,2023,2023-09-09,North Carolina,Appalachian State,home,40,34,-18.0,17.2,6,0,0,-11.2,AS EXPECTED,graded,pbp,69,81,0.0749,0.2689,-11,ok,0,3,3,5,6,,1,0,Group of 5 opponent
v3.0,2023,2023-09-09,Wake Forest,Vanderbilt,home,36,20,-9.5,10.2,16,0,0,5.8,AS EXPECTED,graded,pbp,74,63,0.0859,0.1419,-3,ok,0,17,6,2,4,6,2,2,
v3.0,2023,2023-09-09,Nebraska,Colorado,away,14,36,2.5,-2.7,-29,7,0,-26.3,CERTIFIED SOFT,graded,pbp,51,68,-0.4036,-0.0374,-16,ok,0,7,5,0,1,,1,4,Road · Full house · Ranked opponent
v3.0,2023,2023-09-09,Rutgers,Temple,home,36,7,-7.5,8.0,29,0,0,21.0,DAWG,graded,pbp,71,59,0.3321,0.1121,10,ok,0,30,9,1,1,19,2,1,Night · Group of 5 opponent
v3.0,2023,2023-09-09,Syracuse,Western Michigan,home,48,7,-24.5,21.9,38,3,0,16.1,DAWG,graded,pbp,6,9,,,,few_plays,0,28,4,1,1,28,0,0,Group of 5 opponent
v3.0,2023,2023-09-09,Ohio State,Youngstown State,home,35,7,-45.5,33.1,28,0,0,-5.1,AS EXPECTED,graded,pbp,48,45,0.6059,0.6798,-2,ok,0,28,6,0,1,14,1,0,FCS opponent
v3.0,2023,2023-09-09,Oklahoma State,Arizona State,away,27,15,-2.5,2.7,12,0,0,9.3,AS EXPECTED,graded,pbp,62,63,0.258,0.0374,10,ok,0,24,8,1,2,0,1,0,Road · Night
v3.0,2023,2023-09-09,Auburn,California,away,14,10,-5.0,5.4,4,0,0,-1.4,AS EXPECTED,graded,pbp,54,77,-0.141,0.0747,-10,ok,0,14,9,0,2,,3,4,Road · Night
v3.0,2023,2023-09-09,Oklahoma,SMU,home,28,11,-16.0,15.9,17,0,0,1.1,AS EXPECTED,graded,pbp,31,52,0.6794,0.239,13,ok,0,21,7,1,2,6,2,0,
v3.0,2023,2023-09-09,UCF,Boise State,away,18,16,-3.0,3.2,2,0,0,-1.2,AS EXPECTED,graded,pbp,55,56,-0.1314,0.0448,-7,ok,0,13,6,2,3,,1,2,Road · Night · Full house · Group of 5 opponent
v3.0,2023,2023-09-09,Penn State,Delaware,home,63,7,-44.0,32.5,35,21,0,2.5,AS EXPECTED,graded,pbp,60,22,0.5652,0.6574,-3,ok,0,28,5,1,1,21,2,0,Group of 5 opponent
v3.0,2023,2023-09-09,Cincinnati,Pittsburgh,away,27,21,6.5,-7.0,6,0,0,13.0,DAWG,graded,pbp,69,60,0.1737,-0.0971,13,ok,0,27,7,0,2,-4,1,1,Road
v3.0,2023,2023-09-09,Pittsburgh,Cincinnati,home,21,27,-6.5,7.0,-6,0,0,-13.0,SOFT,graded,pbp,60,69,-0.1737,0.0971,-13,ok,0,14,6,0,1,,1,1,
v3.0,2023,2023-09-09,Clemson,Charleston Southern,home,66,17,-50.5,35.1,35,14,0,-0.1,AS EXPECTED,graded,pbp,65,35,0.7377,0.7545,-1,ok,0,24,6,1,3,21,1,2,FCS opponent
v3.0,2023,2023-09-09,Iowa,Iowa State,away,20,13,-3.5,3.8,7,0,0,3.2,AS EXPECTED,graded,pbp,51,75,-0.0966,0.0523,-7,ok,0,13,7,0,1,-3,1,1,Road · Full house
v3.0,2023,2023-09-09,Kansas State,Troy,home,42,13,-15.0,15.1,29,0,0,13.9,DAWG,graded,pbp,68,59,0.3842,0.2241,7,ok,0,21,8,1,1,15,2,1,Group of 5 opponent
v3.0,2023,2023-09-09,Vanderbilt,Wake Forest,away,20,36,9.5,-10.2,-16,0,0,-5.8,AS EXPECTED,graded,pbp,63,74,-0.0859,-0.1419,3,ok,0,0,2,1,4,,2,2,Road
v3.0,2023,2023-09-09,Baylor,Utah,home,13,20,7.0,-7.5,-7,0,0,0.5,AS EXPECTED,graded,pbp,57,73,-0.1693,-0.1046,-3,ok,0,3,6,1,3,-17,1,2,Ranked opponent
v3.0,2023,2023-09-09,Miami,Texas A&M,home,48,33,3.0,-3.2,15,0,0,18.2,DAWG,graded,pbp,54,82,0.3547,-0.0448,20,ok,0,20,5,2,4,4,4,0,Ranked opponent
v3.0,2023,2023-09-09,Stanford,USC,away,10,56,28.5,-24.9,-39,7,14,-14.1,SOFT,graded,espn,,,,,,pbp_conflict,0,0,1,0,1,,0,3,Road · Night · Top-10 opponent
v3.0,2023,2023-09-09,Texas A&M,Miami,away,33,48,-3.0,3.2,-15,0,0,-18.2,SOFT,graded,pbp,82,54,-0.3547,0.0448,-20,ok,0,10,4,0,3,-25,0,4,Road
v3.0,2023,2023-09-09,Houston,Rice,away,41,43,-7.5,,,,,,,unverified_scoring,,,,,,,pbp_conflict,0,21,5,2,3,,2,1,Road · Night · Group of 5 opponent
v3.0,2023,2023-09-09,Oregon,Texas Tech,away,38,30,-4.5,4.8,8,0,0,3.2,AS EXPECTED,graded,pbp,74,69,0.246,0.0672,9,ok,0,13,5,2,4,,4,0,Road · Night · Full house
v3.0,2023,2023-09-09,California,Auburn,home,10,14,5.0,-5.4,-4,0,0,1.4,AS EXPECTED,graded,pbp,77,54,0.141,-0.0747,10,ok,0,10,10,0,2,,4,3,Night
v3.0,2023,2023-09-09,Purdue,Virginia Tech,away,24,17,0.0,-0.0,7,0,0,7.0,AS EXPECTED,graded,pbp,80,61,0.1809,-0.0,9,ok,0,17,9,0,1,-3,2,0,Road · Full house
v3.0,2023,2023-09-09,Texas,Alabama,away,34,24,7.0,-7.5,10,0,0,17.5,DAWG,graded,pbp,75,62,0.0997,-0.1046,10,ok,0,13,6,3,4,0,2,0,Road · Night · Full house · Top-10 opponent
v3.0,2023,2023-09-09,BYU,Southern Utah,home,41,16,-30.5,26.3,24,7,6,-2.3,AS EXPECTED,graded,pbp,46,41,0.186,0.4557,-8,ok,0,35,6,0,1,14,1,1,FCS opponent
v3.0,2023,2023-09-09,Utah,Baylor,away,20,13,-7.0,7.5,7,0,0,-0.5,AS EXPECTED,graded,pbp,73,57,0.1693,0.1046,3,ok,0,17,6,1,2,,2,1,Road
v3.0,2023,2023-09-09,SMU,Oklahoma,away,11,28,16.0,-15.9,-17,0,0,-1.1,AS EXPECTED,graded,pbp,52,31,-0.6794,-0.239,-13,ok,0,7,6,1,1,,0,2,Road · Full house · Ranked opponent
v3.0,2023,2023-09-09,South Carolina,Furman,home,47,21,-18.0,17.2,26,7,7,8.8,AS EXPECTED,graded,pbp,62,47,0.4605,0.2689,8,ok,0,28,7,2,2,13,1,1,Night · FCS opponent
v3.0,2023,2023-09-09,Virginia,James Madison,home,35,36,6.0,-6.4,-1,0,0,5.4,AS EXPECTED,graded,pbp,59,65,0.109,-0.0896,9,ok,0,14,7,1,4,-12,0,1,Group of 5 opponent
v3.0,2023,2023-09-09,Virginia Tech,Purdue,home,17,24,0.0,-0.0,-7,0,0,-7.0,AS EXPECTED,graded,pbp,61,80,-0.1809,-0.0,-9,ok,0,17,8,0,2,,0,2,
v3.0,2023,2023-09-09,UCLA,San Diego State,away,35,10,-13.0,13.5,25,0,0,11.5,AS EXPECTED,graded,pbp,50,54,0.4962,0.1942,11,ok,0,28,7,1,1,11,3,2,Road · Night · Full house · Group of 5 opponent
v3.0,2023,2023-09-09,TCU,Nicholls,home,41,6,-41.5,31.5,25,10,0,-6.5,AS EXPECTED,graded,pbp,15,14,,,,few_plays,0,35,10,1,2,11,2,2,Night · FCS opponent
v3.0,2023,2023-09-09,Tennessee,Austin Peay,home,30,13,-48.0,34.1,17,0,0,-17.1,SOFT,graded,pbp,65,74,0.2332,0.7171,-24,ok,0,10,7,1,2,3,1,1,FCS opponent
v3.0,2023,2023-09-09,Washington,Tulsa,home,43,10,-33.0,27.7,33,7,7,5.3,AS EXPECTED,graded,pbp,49,51,0.6079,0.493,4,ok,0,14,4,1,1,22,1,2,Group of 5 opponent
v3.0,2023,2023-09-09,Texas Tech,Oregon,home,30,38,4.5,-4.8,-8,0,0,-3.2,AS EXPECTED,graded,pbp,69,74,-0.246,-0.0672,-9,ok,0,14,5,2,7,-17,0,4,Night · Ranked opponent
v3.0,2023,2023-09-09,Wisconsin,Washington State,away,22,31,-5.0,5.4,-9,0,0,-14.4,SOFT,graded,pbp,68,68,-0.0375,0.0747,-6,ok,0,14,6,1,1,,0,3,Road · Night · Full house · Group of 5 opponent
v3.0,2023,2023-09-09,West Virginia,Duquesne,home,56,17,-38.5,30.3,32,14,7,1.7,AS EXPECTED,graded,pbp,58,45,0.6372,0.5752,2,ok,0,28,5,1,2,21,2,1,FCS opponent
v3.0,2023,2023-09-09,USC,Stanford,home,56,10,-28.5,24.9,39,14,7,14.1,DAWG,graded,espn,,,,,,pbp_conflict,0,14,3,0,0,25,3,0,Night
v3.0,2023,2023-09-09,Alabama,Texas,home,24,34,-7.0,7.5,-10,0,0,-17.5,SOFT,graded,pbp,62,75,-0.0997,0.1046,-10,ok,0,7,4,1,3,,0,2,Night · Ranked opponent
v3.0,2023,2023-09-09,Mississippi State,Arizona,home,31,24,-9.0,9.6,7,0,0,-2.6,AS EXPECTED,graded,pbp,52,67,-0.0919,0.1345,-10,ok,5,21,7,1,2,-7,5,1,Night
v3.0,2023,2023-09-09,Colorado,Nebraska,home,36,14,-2.5,2.7,29,0,7,26.3,CERTIFIED DAWG,graded,pbp,68,51,0.4036,0.0374,16,ok,0,30,10,1,1,19,4,1,
v3.0,2023,2023-09-09,Florida State,Southern Miss,home,66,13,-31.0,26.6,35,28,10,8.4,AS EXPECTED,graded,pbp,51,25,0.7519,0.4632,8,ok,0,14,3,0,0,21,1,0,Night · Group of 5 opponent
v3.0,2023,2023-09-09,Florida,McNeese,home,49,7,-48.5,34.3,33,16,7,-1.3,AS EXPECTED,graded,pbp,48,21,0.8736,0.7246,4,ok,0,21,3,0,0,20,0,1,Night · FCS opponent
v3.0,2023,2023-09-09,Georgia Tech,South Carolina State,home,48,13,-44.0,32.5,39,3,7,6.5,AS EXPECTED,graded,pbp,51,40,0.574,0.6574,-3,ok,0,28,6,0,0,25,2,2,FCS opponent
v3.0,2023,2023-09-09,Georgia,Ball State,home,45,3,-42.0,31.7,31,14,3,-0.7,AS EXPECTED,graded,pbp,39,26,0.9041,0.6275,7,ok,0,31,7,0,0,17,3,1,Group of 5 opponent
v3.0,2023,2023-09-09,Iowa State,Iowa,home,13,20,3.5,-3.8,-7,0,0,-3.2,AS EXPECTED,graded,pbp,75,51,0.0966,-0.0523,7,ok,0,10,7,0,1,,1,1,
v3.0,2023,2023-09-09,Northwestern,UTEP,home,38,7,-1.0,1.1,28,3,0,26.9,CERTIFIED DAWG,graded,pbp,54,51,0.4456,0.0149,16,ok,0,21,7,1,1,14,3,0,Group of 5 opponent
v3.0,2023,2023-09-09,Arkansas,Kent State,home,28,6,-38.0,30.1,22,0,0,-8.1,AS EXPECTED,graded,pbp,68,56,0.3798,0.5677,-8,ok,0,14,4,1,2,7,1,0,Group of 5 opponent
v3.0,2023,2023-09-09,Notre Dame,NC State,away,45,24,-7.0,7.5,28,0,7,20.5,DAWG,graded,pbp,61,69,0.2789,0.1046,8,ok,0,31,11,2,3,18,3,1,Road · Full house
v3.0,2023,2023-09-09,Arizona State,Oklahoma State,home,15,27,2.5,-2.7,-12,0,0,-9.3,AS EXPECTED,graded,pbp,63,62,-0.258,-0.0374,-10,ok,0,7,5,1,4,,0,1,Night
v3.0,2023,2023-09-09,Kentucky,Eastern Kentucky,home,28,17,-35.0,28.7,11,0,0,-17.7,SOFT,graded,pbp,59,55,0.1363,0.5229,-16,ok,0,14,6,2,3,0,2,1,FCS opponent
v3.0,2023,2023-09-09,LSU,Grambling,home,72,10,-56.5,37.5,32,30,0,-5.5,AS EXPECTED,graded,pbp,45,33,0.348,0.8441,-14,ok,0,14,2,2,2,21,2,0,Night · FCS opponent
v3.0,2023,2023-09-14,Miami,Bethune-Cookman,home,48,7,-54.0,36.5,34,14,7,-2.5,AS EXPECTED,graded,pbp,43,21,0.8179,0.8068,0,ok,0,21,3,0,0,20,0,1,Night · FCS opponent
v3.0,2023,2023-09-15,Maryland,Virginia,home,42,14,-16.5,16.2,28,0,0,11.8,AS EXPECTED,graded,pbp,58,59,0.4653,0.2465,9,ok,0,35,8,0,1,14,4,0,Night
v3.0,2023,2023-09-15,Virginia,Maryland,away,14,42,16.5,-16.2,-28,0,0,-11.8,AS EXPECTED,graded,pbp,59,58,-0.4653,-0.2465,-9,ok,0,14,4,0,2,-42,0,4,Road · Night
v3.0,2023,2023-09-16,Boston College,Florida State,home,29,31,25.5,-22.7,-2,0,0,20.7,DAWG,graded,pbp,75,57,-0.0819,-0.381,14,ok,0,14,4,1,3,,1,3,Top-10 opponent
v3.0,2023,2023-09-16,Arizona,UTEP,home,31,10,-18.0,17.2,28,0,7,10.8,AS EXPECTED,graded,pbp,59,47,0.4115,0.2689,5,ok,0,24,7,1,1,17,1,1,Night · Group of 5 opponent
v3.0,2023,2023-09-16,Michigan State,Washington,home,7,41,15.0,-15.1,-35,7,6,-19.9,SOFT,graded,pbp,38,32,-1.0327,-0.2241,-20,ok,0,0,1,0,1,,1,1,Top-10 opponent
v3.0,2023,2023-09-16,Michigan,Bowling Green,home,31,6,-40.5,31.1,25,0,0,-6.1,AS EXPECTED,graded,pbp,40,39,0.5818,0.6051,-1,ok,0,31,7,0,2,10,3,3,Night · Group of 5 opponent
v3.0,2023,2023-09-16,Minnesota,North Carolina,away,13,31,7.0,-7.5,-18,0,0,-10.5,AS EXPECTED,graded,pbp,61,77,-0.2465,-0.1046,-7,ok,0,3,5,0,1,,2,2,Road · Ranked opponent
v3.0,2023,2023-09-16,Missouri,Kansas State,home,30,27,3.5,-3.8,3,0,0,6.8,AS EXPECTED,graded,pbp,63,74,0.0503,-0.0523,5,ok,0,13,7,3,5,,1,0,Ranked opponent
v3.0,2023,2023-09-16,Ole Miss,Georgia Tech,home,48,23,-17.0,16.5,31,0,6,14.5,DAWG,graded,espn,,,,,,no_pbp,0,0,0,0,0,21,0,0,Night
v3.0,2023,2023-09-16,Duke,Northwestern,home,38,14,-17.0,16.5,24,7,7,7.5,AS EXPECTED,graded,pbp,49,46,0.3533,0.254,3,ok,0,31,7,0,0,10,0,0,
v3.0,2023,2023-09-16,NC State,VMI,home,45,7,-44.5,32.7,38,7,7,5.3,AS EXPECTED,graded,pbp,44,24,0.7544,0.6649,2,ok,0,31,5,0,0,24,1,0,FCS opponent
v3.0,2023,2023-09-16,North Carolina,Minnesota,home,31,13,-7.0,7.5,18,0,0,10.5,AS EXPECTED,graded,pbp,77,61,0.2465,0.1046,7,ok,0,24,7,0,1,4,2,2,
v3.0,2023,2023-09-16,Wake Forest,Old Dominion,away,27,24,-13.5,14.0,3,0,0,-11.0,AS EXPECTED,graded,pbp,83,62,0.3502,0.2017,8,ok,0,24,11,0,1,,2,3,Road · Group of 5 opponent
v3.0,2023,2023-09-16,Nebraska,Northern Illinois,home,35,11,-11.5,12.2,25,7,8,12.8,DAWG,graded,pbp,62,43,0.5175,0.1718,13,ok,0,28,9,0,1,14,1,1,Night · Group of 5 opponent
v3.0,2023,2023-09-16,Rutgers,Virginia Tech,home,35,16,-6.5,7.0,19,0,0,12.0,AS EXPECTED,graded,pbp,50,71,0.1478,0.0971,2,ok,0,21,8,2,2,8,2,0,
v3.0,2023,2023-09-16,Syracuse,Purdue,away,35,20,-1.0,1.1,15,0,0,13.9,DAWG,graded,pbp,76,77,0.1589,0.0149,8,ok,0,28,7,1,3,1,3,1,Road · Night · Full house
v3.0,2023,2023-09-16,Ohio State,Western Kentucky,home,63,10,-29.5,25.6,32,21,0,6.4,AS EXPECTED,graded,pbp,32,45,0.9709,0.4407,15,ok,0,14,3,2,2,21,3,2,Group of 5 opponent
v3.0,2023,2023-09-16,Oklahoma State,South Alabama,home,7,33,-7.0,7.5,-33,7,0,-40.5,CERTIFIED SOFT,graded,pbp,50,55,-0.3615,0.1046,-18,ok,0,7,4,0,1,,0,1,Night · Group of 5 opponent
v3.0,2023,2023-09-16,Auburn,Samford,home,45,13,-37.5,29.9,25,7,0,-4.9,AS EXPECTED,graded,pbp,71,46,0.4311,0.5603,-5,ok,0,31,8,0,0,11,2,2,Night · FCS opponent
v3.0,2023,2023-09-16,Oklahoma,Tulsa,away,66,17,-28.0,24.6,35,14,0,10.4,AS EXPECTED,graded,pbp,49,56,0.5163,0.4183,4,ok,0,21,3,0,0,21,5,1,Road · Full house · Group of 5 opponent
v3.0,2023,2023-09-16,UCF,Villanova,home,48,14,-27.0,23.8,34,14,14,10.2,AS EXPECTED,graded,pbp,49,23,1.0194,0.4034,16,ok,0,28,6,0,0,24,1,0,FCS opponent
v3.0,2023,2023-09-16,Penn State,Illinois,away,30,13,-14.0,14.4,23,0,6,8.6,AS EXPECTED,graded,pbp,67,54,0.2493,0.2092,2,ok,0,30,12,0,1,10,5,0,Road
v3.0,2023,2023-09-16,Cincinnati,Miami (OH),home,24,31,-14.5,14.8,-7,0,0,-21.8,SOFT,graded,pbp,84,46,0.0242,0.2166,-9,ok,0,6,5,3,4,,2,1,Night · Group of 5 opponent
v3.0,2023,2023-09-16,Pittsburgh,West Virginia,away,6,17,2.5,-2.7,-11,0,0,-8.3,AS EXPECTED,graded,pbp,56,62,-0.2174,-0.0374,-8,ok,0,3,7,1,2,,1,3,Road · Night · Full house
v3.0,2023,2023-09-16,Clemson,Florida Atlantic,home,48,14,-24.5,21.9,34,14,14,12.1,AS EXPECTED,graded,pbp,36,35,0.9397,0.366,15,ok,0,21,4,0,0,21,4,0,Night · Group of 5 opponent
v3.0,2023,2023-09-16,Iowa,Western Michigan,home,41,10,-28.5,24.9,24,7,0,-0.9,AS EXPECTED,graded,pbp,58,48,0.2232,0.4258,-8,ok,0,38,10,0,2,10,1,2,Group of 5 opponent
v3.0,2023,2023-09-16,Kansas,Nevada,away,31,24,-28.5,24.9,7,0,0,-17.9,SOFT,graded,pbp,69,60,0.0973,0.4258,-15,ok,0,7,4,3,3,,0,0,Road · Night · Full house · Group of 5 opponent
v3.0,2023,2023-09-16,Kansas State,Missouri,away,27,30,-3.5,3.8,-3,0,0,-6.8,AS EXPECTED,graded,pbp,74,63,-0.0503,0.0523,-5,ok,0,17,6,1,5,,0,1,Road · Full house
v3.0,2023,2023-09-16,Vanderbilt,UNLV,away,37,40,-4.5,4.8,-3,0,0,-7.8,AS EXPECTED,graded,pbp,75,79,-0.0909,0.0672,-9,ok,0,16,7,1,5,-13,2,4,Road · Night · Group of 5 opponent
v3.0,2023,2023-09-16,Baylor,Long Island University,home,30,7,-44.0,32.5,23,0,0,-9.5,AS EXPECTED,graded,pbp,73,34,0.321,0.6574,-13,ok,0,28,5,0,0,9,1,1,FCS opponent
v3.0,2023,2023-09-16,Stanford,Sacramento State,home,23,30,-7.0,7.5,-7,0,0,-14.5,SOFT,graded,espn,,,,,,no_pbp,0,0,0,0,0,-18,0,0,Group of 5 opponent
v3.0,2023,2023-09-16,Texas A&M,UL Monroe,home,47,3,-36.5,29.4,34,10,0,4.6,AS EXPECTED,graded,pbp,54,27,0.5345,0.5453,0,ok,0,20,4,1,1,24,0,0,Group of 5 opponent
v3.0,2023,2023-09-16,Houston,TCU,home,13,36,7.5,-8.0,-23,0,0,-15.0,SOFT,graded,pbp,54,86,-0.4188,-0.1121,-16,ok,0,0,6,1,2,,1,1,Night
v3.0,2023,2023-09-16,Oregon,Hawai'i,home,55,10,-37.5,29.9,31,21,7,1.1,AS EXPECTED,graded,pbp,39,31,0.9169,0.5603,9,ok,0,31,5,0,0,21,1,0,Group of 5 opponent
v3.0,2023,2023-09-16,California,Idaho,home,31,17,-14.5,14.8,14,0,0,-0.8,AS EXPECTED,graded,pbp,66,71,0.2745,0.2166,3,ok,0,17,7,0,1,3,3,0,FCS opponent
v3.0,2023,2023-09-16,Purdue,Syracuse,home,20,35,1.0,-1.1,-15,0,0,-13.9,SOFT,graded,pbp,77,76,-0.1589,-0.0149,-8,ok,0,7,6,0,1,,1,3,Night
v3.0,2023,2023-09-16,Texas,Wyoming,home,31,10,-30.0,26.0,21,0,0,-5.0,AS EXPECTED,graded,pbp,52,66,0.2848,0.4482,-7,ok,0,17,7,1,2,7,1,1,Night · Group of 5 opponent
v3.0,2023,2023-09-16,BYU,Arkansas,away,38,31,9.0,-9.6,7,0,0,16.6,DAWG,graded,pbp,56,73,-0.0036,-0.1345,6,ok,0,38,10,0,3,,2,1,Road · Night · Full house
v3.0,2023,2023-09-16,Utah,Weber State,home,31,7,-27.0,23.8,24,0,0,0.2,AS EXPECTED,graded,pbp,58,31,0.611,0.4034,7,ok,0,10,7,1,1,14,2,0,FCS opponent
v3.0,2023,2023-09-16,SMU,Prairie View A&M,home,69,0,-42.5,31.9,42,27,0,10.1,AS EXPECTED,graded,pbp,30,33,0.7525,0.635,3,ok,0,21,4,0,0,28,0,1,Night · FCS opponent
v3.0,2023,2023-09-16,South Carolina,Georgia,away,14,24,26.0,-23.1,-10,0,0,13.1,DAWG,graded,pbp,58,78,-0.167,-0.3885,11,ok,0,7,5,0,3,-21,0,2,Road · Full house · Top-10 opponent
v3.0,2023,2023-09-16,Virginia Tech,Rutgers,away,16,35,6.5,-7.0,-19,0,0,-12.0,AS EXPECTED,graded,pbp,71,50,-0.1478,-0.0971,-2,ok,0,17,7,0,1,,0,2,Road · Full house
v3.0,2023,2023-09-16,UCLA,North Carolina Central,home,59,7,-35.5,29.0,45,14,7,16.0,DAWG,graded,pbp,27,27,1.3449,0.5304,16,ok,0,21,3,0,0,31,2,1,FCS opponent
v3.0,2023,2023-09-16,TCU,Houston,away,36,13,-7.5,8.0,23,0,0,15.0,DAWG,graded,pbp,86,54,0.4188,0.1121,16,ok,0,23,9,0,1,13,1,1,Road · Night
v3.0,2023,2023-09-16,Tennessee,Florida,away,16,29,-5.0,5.4,-13,0,0,-18.4,SOFT,graded,pbp,64,67,-0.1535,0.0747,-11,ok,0,7,4,0,2,,0,1,Road · Night · Full house
v3.0,2023,2023-09-16,Washington,Michigan State,away,41,7,-15.0,15.1,35,6,7,19.9,DAWG,graded,pbp,32,38,1.0327,0.2241,20,ok,0,28,5,0,0,21,1,1,Road · Full house
v3.0,2023,2023-09-16,Texas Tech,Tarleton State,home,41,3,-36.5,29.4,34,7,3,4.6,AS EXPECTED,graded,pbp,55,53,0.4355,0.5453,-4,ok,0,20,7,0,0,20,3,1,Night · FCS opponent
v3.0,2023,2023-09-16,Wisconsin,Georgia Southern,home,35,14,-20.5,18.8,21,0,0,2.2,AS EXPECTED,graded,pbp,69,78,0.3101,0.3063,0,ok,0,28,10,1,2,7,6,0,Group of 5 opponent
v3.0,2023,2023-09-16,West Virginia,Pittsburgh,home,17,6,-2.5,2.7,11,0,0,8.3,AS EXPECTED,graded,pbp,62,56,0.2174,0.0374,8,ok,0,17,8,0,1,0,3,1,Night
v3.0,2023,2023-09-16,Alabama,South Florida,away,17,3,-34.5,28.5,14,0,0,-14.5,SOFT,graded,pbp,65,74,0.2491,0.5154,-13,ok,0,17,9,0,1,0,3,0,Road · Full house · Group of 5 opponent
v3.0,2023,2023-09-16,Mississippi State,LSU,home,14,41,9.5,-10.2,-27,7,7,-16.8,SOFT,graded,pbp,34,62,-0.5642,-0.1419,-15,ok,0,0,1,0,1,,0,0,Ranked opponent
v3.0,2023,2023-09-16,Illinois,Penn State,home,13,30,14.0,-14.4,-23,6,0,-8.6,AS EXPECTED,graded,pbp,54,67,-0.2493,-0.2092,-2,ok,0,14,8,0,2,,0,5,Top-10 opponent
v3.0,2023,2023-09-16,Colorado,Colorado State,home,43,35,-23.0,20.7,8,0,0,-12.7,SOFT,graded,pbp,64,75,0.1433,0.3436,-10,ok,19,10,7,2,4,,3,2,Night · Group of 5 opponent
v3.0,2023,2023-09-16,Florida State,Boston College,away,31,29,-25.5,22.7,2,0,0,-20.7,SOFT,graded,pbp,57,75,0.0819,0.381,-14,ok,0,14,5,2,4,-12,3,1,Road · Full house
v3.0,2023,2023-09-16,Florida,Tennessee,home,29,16,5.0,-5.4,13,0,0,18.4,DAWG,graded,pbp,67,64,0.1535,-0.0747,11,ok,0,24,6,1,1,1,1,0,Night · Ranked opponent
v3.0,2023,2023-09-16,Georgia Tech,Ole Miss,away,23,48,17.0,-16.5,-31,6,0,-14.5,SOFT,graded,espn,,,,,,no_pbp,0,0,0,0,0,,0,0,Road · Night · Full house · Ranked opponent
v3.0,2023,2023-09-16,Georgia,South Carolina,home,24,14,-26.0,23.1,10,0,0,-13.1,SOFT,graded,pbp,78,58,0.167,0.3885,-11,ok,0,14,7,1,1,0,2,0,
v3.0,2023,2023-09-16,Iowa State,Ohio,away,7,10,-1.5,1.6,-3,0,0,-4.6,AS EXPECTED,graded,pbp,47,69,0.0621,0.0224,2,ok,0,7,7,0,1,,0,2,Road · Group of 5 opponent
v3.0,2023,2023-09-16,Northwestern,Duke,away,14,38,17.0,-16.5,-24,7,7,-7.5,AS EXPECTED,graded,pbp,46,49,-0.3533,-0.254,-3,ok,0,0,2,0,1,,0,0,Road · Ranked opponent
v3.0,2023,2023-09-16,Arkansas,BYU,home,31,38,-9.0,9.6,-7,0,0,-16.6,SOFT,graded,pbp,73,56,0.0036,0.1345,-6,ok,0,17,7,0,6,-21,1,2,Night
v3.0,2023,2023-09-16,Indiana,Louisville,neutral,14,21,10.0,-10.7,-7,0,0,3.7,AS EXPECTED,graded,pbp,61,61,-0.2114,-0.1494,-3,ok,0,7,5,0,1,,1,1,
v3.0,2023,2023-09-16,Notre Dame,Central Michigan,home,41,17,-35.0,28.7,24,0,0,-4.7,AS EXPECTED,graded,pbp,59,50,0.345,0.5229,-7,ok,0,24,7,1,1,10,0,0,Group of 5 opponent
v3.0,2023,2023-09-16,Arizona State,Fresno State,home,0,29,4.0,-4.3,-26,0,3,-21.7,SOFT,graded,pbp,41,67,-0.5563,-0.0598,-19,ok,0,0,3,0,1,,0,8,Night · Group of 5 opponent
v3.0,2023,2023-09-16,Kentucky,Akron,home,35,3,-25.0,22.3,25,7,0,2.7,AS EXPECTED,graded,pbp,40,38,0.3686,0.3735,0,ok,0,14,5,0,0,11,0,2,Night · Group of 5 opponent
v3.0,2023,2023-09-16,Louisville,Indiana,neutral,21,14,-10.0,10.7,7,0,0,-3.7,AS EXPECTED,graded,pbp,61,61,0.2114,0.1494,3,ok,0,21,6,0,1,-7,1,1,
v3.0,2023,2023-09-16,LSU,Mississippi State,away,41,14,-9.5,10.2,27,7,7,16.8,DAWG,graded,pbp,62,34,0.5642,0.1419,15,ok,0,31,6,0,0,17,0,0,Road · Full house
v3.0,2023,2023-09-22,NC State,Virginia,away,24,21,-8.5,9.1,3,0,0,-6.1,AS EXPECTED,graded,pbp,66,70,-0.1457,0.127,-13,ok,0,14,8,2,4,,2,1,Road · Night
v3.0,2023,2023-09-22,Purdue,Wisconsin,home,17,38,6.0,-6.4,-21,0,0,-14.6,SOFT,graded,pbp,69,71,-0.1625,-0.0896,-4,ok,0,0,3,0,1,,1,3,Night
v3.0,2023,2023-09-22,Virginia,NC State,home,21,24,8.5,-9.1,-3,0,0,6.1,AS EXPECTED,graded,pbp,70,66,0.1457,-0.127,13,ok,0,13,9,1,2,,1,2,Night
v3.0,2023,2023-09-22,Wisconsin,Purdue,away,38,17,-6.0,6.4,21,0,0,14.6,DAWG,graded,pbp,71,69,0.1625,0.0896,4,ok,0,24,7,0,0,7,3,1,Road · Night · Full house
v3.0,2023,2023-09-23,Boston College,Louisville,away,28,56,14.0,-14.4,-42,14,0,-27.6,CERTIFIED SOFT,graded,pbp,38,39,-0.6312,-0.2092,-12,ok,0,0,0,0,1,,0,0,Road
v3.0,2023,2023-09-23,Arizona,Stanford,away,21,20,-13.0,13.5,1,0,0,-12.5,SOFT,graded,pbp,67,66,-0.0613,0.1942,-12,ok,0,21,5,0,4,,0,0,Road
v3.0,2023,2023-09-23,Maryland,Michigan State,away,31,9,-7.0,7.5,22,0,0,14.5,DAWG,graded,pbp,65,74,0.1904,0.1046,4,ok,0,31,8,0,0,8,4,1,Road · Full house
v3.0,2023,2023-09-23,Michigan State,Maryland,home,9,31,7.0,-7.5,-22,0,0,-14.5,SOFT,graded,pbp,74,65,-0.1904,-0.1046,-4,ok,0,7,5,0,1,,1,4,
v3.0,2023,2023-09-23,Michigan,Rutgers,home,31,7,-24.0,21.5,24,0,0,2.5,AS EXPECTED,graded,pbp,51,34,0.4688,0.3586,3,ok,0,24,5,0,1,14,1,0,
v3.0,2023,2023-09-23,Minnesota,Northwestern,away,34,37,-12.0,12.6,-3,0,0,-15.6,SOFT,graded,pbp,56,81,-0.043,0.1793,-11,ok,6,28,8,1,2,-17,1,0,Road · Night
v3.0,2023,2023-09-23,Missouri,Memphis,neutral,34,27,-6.5,7.0,7,0,0,0.0,AS EXPECTED,graded,pbp,60,77,0.0663,0.0971,-2,ok,0,27,6,1,4,-4,1,1,Night · Group of 5 opponent
v3.0,2023,2023-09-23,Ole Miss,Alabama,away,10,24,7.0,-7.5,-14,0,0,-6.5,AS EXPECTED,graded,pbp,63,65,-0.0006,-0.1046,5,ok,0,0,4,1,3,,1,1,Road · Full house · Ranked opponent
v3.0,2023,2023-09-23,Duke,UConn,away,41,7,-22.0,19.9,34,7,7,14.1,DAWG,graded,pbp,48,35,0.517,0.3287,6,ok,0,27,7,0,0,24,2,0,Road · Group of 5 opponent
v3.0,2023,2023-09-23,North Carolina,Pittsburgh,away,41,24,-7.0,7.5,17,0,0,9.5,AS EXPECTED,graded,pbp,68,59,0.127,0.1046,1,ok,0,17,6,2,3,6,3,0,Road · Night
v3.0,2023,2023-09-23,Wake Forest,Georgia Tech,home,16,30,-3.5,3.8,-14,0,0,-17.8,SOFT,graded,pbp,81,59,0.0004,0.0523,-3,ok,0,3,5,0,1,,1,4,
v3.0,2023,2023-09-23,Nebraska,Louisiana Tech,home,28,14,-20.5,18.8,14,0,0,-4.8,AS EXPECTED,graded,pbp,64,62,0.1461,0.3063,-7,ok,0,21,8,0,1,0,1,0,Group of 5 opponent
v3.0,2023,2023-09-23,Rutgers,Michigan,away,7,31,24.0,-21.5,-24,0,0,-2.5,AS EXPECTED,graded,pbp,34,51,-0.4688,-0.3586,-3,ok,0,0,2,0,2,,0,1,Road · Full house · Top-10 opponent
v3.0,2023,2023-09-23,Syracuse,Army,home,29,16,-13.0,13.5,13,0,0,-0.5,AS EXPECTED,graded,pbp,63,66,0.2405,0.1942,2,ok,0,30,8,0,2,4,2,1,Group of 5 opponent
v3.0,2023,2023-09-23,Ohio State,Notre Dame,away,17,14,-3.0,3.2,3,0,0,-0.2,AS EXPECTED,graded,pbp,64,64,-0.0491,0.0448,-4,ok,0,17,5,0,2,-7,0,0,Road · Night · Full house · Top-10 opponent
v3.0,2023,2023-09-23,Oklahoma State,Iowa State,away,27,34,3.5,-3.8,-7,0,0,-3.2,AS EXPECTED,graded,pbp,72,71,-0.0515,-0.0523,0,ok,0,14,8,2,4,,0,1,Road · Full house
v3.0,2023,2023-09-23,Auburn,Texas A&M,away,10,27,10.0,-10.7,-17,0,0,-6.3,AS EXPECTED,graded,pbp,64,58,-0.4226,-0.1494,-12,ok,0,0,4,0,2,,0,0,Road · Full house
v3.0,2023,2023-09-23,Oklahoma,Cincinnati,away,20,6,-13.5,14.0,14,0,0,0.0,AS EXPECTED,graded,pbp,70,79,0.2614,0.2017,3,ok,0,13,8,1,2,3,1,1,Road · Full house
v3.0,2023,2023-09-23,UCF,Kansas State,away,31,44,6.0,-6.4,-13,0,0,-6.6,AS EXPECTED,graded,pbp,59,81,-0.07,-0.0896,1,ok,0,14,3,1,4,,1,2,Road · Night · Full house
v3.0,2023,2023-09-23,Penn State,Iowa,home,31,0,-14.0,14.4,24,7,0,9.6,AS EXPECTED,graded,pbp,76,25,0.8441,0.2092,23,ok,0,17,7,0,0,14,3,0,Night · Ranked opponent
v3.0,2023,2023-09-23,Cincinnati,Oklahoma,home,6,20,13.5,-14.0,-14,0,0,-0.0,AS EXPECTED,graded,pbp,79,70,-0.2614,-0.2017,-3,ok,0,6,6,0,2,,1,1,Ranked opponent
v3.0,2023,2023-09-23,Pittsburgh,North Carolina,home,24,41,7.0,-7.5,-17,0,0,-9.5,AS EXPECTED,graded,pbp,59,68,-0.127,-0.1046,-1,ok,0,0,4,2,3,,0,3,Night · Ranked opponent
v3.0,2023,2023-09-23,Clemson,Florida State,home,24,31,2.0,-2.1,-7,0,0,-4.9,AS EXPECTED,graded,pbp,74,55,0.1898,-0.0299,10,ok,6,17,6,1,3,-17,0,1,Top-10 opponent
v3.0,2023,2023-09-23,Iowa,Penn State,away,0,31,14.0,-14.4,-24,0,7,-9.6,AS EXPECTED,graded,pbp,25,76,-0.8441,-0.2092,-23,ok,0,0,3,0,1,,0,3,Road · Night · Full house · Top-10 opponent
v3.0,2023,2023-09-23,Kansas,BYU,home,38,27,-9.5,10.2,11,0,0,0.8,AS EXPECTED,graded,pbp,56,72,0.0663,0.1419,-4,ok,0,7,2,3,4,-4,3,0,
v3.0,2023,2023-09-23,Kansas State,UCF,home,44,31,-6.0,6.4,13,0,0,6.6,AS EXPECTED,graded,pbp,81,59,0.07,0.0896,-1,ok,0,28,6,2,4,2,2,1,Night
v3.0,2023,2023-09-23,Vanderbilt,Kentucky,home,28,45,13.0,-13.5,-32,15,0,-18.5,SOFT,graded,pbp,51,59,-0.3748,-0.1942,-7,ok,0,10,7,0,1,,2,3,
v3.0,2023,2023-09-23,Baylor,Texas,home,6,38,17.5,-16.9,-32,0,0,-15.1,SOFT,graded,pbp,48,44,-0.7527,-0.2615,-16,ok,0,0,2,1,1,,0,3,Night · Top-10 opponent
v3.0,2023,2023-09-23,Miami,Temple,away,41,7,-23.0,20.7,31,3,0,10.3,AS EXPECTED,graded,pbp,48,41,0.5586,0.3436,7,ok,0,31,7,0,0,17,3,0,Road · Group of 5 opponent
v3.0,2023,2023-09-23,Stanford,Arizona,home,20,21,13.0,-13.5,-1,0,0,12.5,DAWG,graded,pbp,66,67,0.0613,-0.1942,12,ok,0,10,6,2,3,,0,0,
v3.0,2023,2023-09-23,Texas A&M,Auburn,home,27,10,-10.0,10.7,17,0,0,6.3,AS EXPECTED,graded,pbp,58,64,0.4226,0.1494,12,ok,0,24,8,0,0,7,0,0,
v3.0,2023,2023-09-23,Houston,Sam Houston,home,38,7,-11.5,12.2,24,7,0,11.8,AS EXPECTED,graded,pbp,69,30,0.6545,0.1718,17,ok,0,28,8,1,1,14,2,0,Night · Group of 5 opponent
v3.0,2023,2023-09-23,Oregon,Colorado,home,42,6,-21.5,19.5,35,7,6,15.5,DAWG,graded,pbp,47,24,0.9257,0.3212,16,ok,0,21,4,0,0,22,1,1,Ranked opponent
v3.0,2023,2023-09-23,California,Washington,away,32,59,20.5,-18.8,-33,20,14,-14.2,SOFT,graded,pbp,44,30,-0.7166,-0.3063,-11,ok,0,7,2,0,2,,1,3,Road · Night · Full house · Top-10 opponent
v3.0,2023,2023-09-23,Texas,Baylor,away,38,6,-17.5,16.9,32,0,0,15.1,DAWG,graded,pbp,44,48,0.7527,0.2615,16,ok,0,28,5,0,1,21,3,0,Road · Night · Full house
v3.0,2023,2023-09-23,BYU,Kansas,away,27,38,9.5,-10.2,-11,0,0,-0.8,AS EXPECTED,graded,pbp,72,56,-0.0663,-0.1419,4,ok,0,3,3,3,4,,0,3,Road · Full house
v3.0,2023,2023-09-23,Utah,UCLA,home,14,7,-3.5,3.8,7,0,0,3.2,AS EXPECTED,graded,pbp,65,66,0.0383,0.0523,-1,ok,0,7,10,0,1,-7,2,1,Ranked opponent
v3.0,2023,2023-09-23,SMU,TCU,away,17,34,7.0,-7.5,-17,0,0,-9.5,AS EXPECTED,graded,pbp,72,77,-0.1355,-0.1046,-2,ok,0,7,4,0,2,,0,2,Road · Full house
v3.0,2023,2023-09-23,South Carolina,Mississippi State,home,37,30,-6.0,6.4,7,0,0,0.6,AS EXPECTED,graded,pbp,67,71,0.0293,0.0896,-3,ok,0,21,6,3,5,-7,2,1,Night
v3.0,2023,2023-09-23,Virginia Tech,Marshall,away,17,24,6.5,-7.0,-7,0,0,-0.0,AS EXPECTED,graded,pbp,65,71,-0.0776,-0.0971,1,ok,0,7,8,1,3,,2,1,Road · Full house · Group of 5 opponent
v3.0,2023,2023-09-23,UCLA,Utah,away,7,14,3.5,-3.8,-7,0,0,-3.2,AS EXPECTED,graded,pbp,66,65,-0.0383,-0.0523,1,ok,0,7,11,0,1,,1,2,Road · Full house · Ranked opponent
v3.0,2023,2023-09-23,TCU,SMU,home,34,17,-7.0,7.5,17,0,0,9.5,AS EXPECTED,graded,pbp,77,72,0.1355,0.1046,2,ok,0,24,6,0,2,6,2,0,
v3.0,2023,2023-09-23,Tennessee,UTSA,home,45,14,-20.5,18.8,31,7,7,12.2,AS EXPECTED,graded,pbp,56,46,0.3982,0.3063,3,ok,0,35,6,0,0,17,3,0,Group of 5 opponent
v3.0,2023,2023-09-23,Washington,California,home,59,32,-20.5,18.8,33,14,20,14.2,DAWG,graded,pbp,30,44,0.7166,0.3063,11,ok,0,24,4,1,1,19,3,1,Night
v3.0,2023,2023-09-23,Texas Tech,West Virginia,away,13,20,-6.0,6.4,-7,0,0,-13.4,SOFT,graded,pbp,81,64,0.0798,0.0896,-1,ok,0,10,8,0,2,,2,0,Road
v3.0,2023,2023-09-23,West Virginia,Texas Tech,home,20,13,6.0,-6.4,7,0,0,13.4,DAWG,graded,pbp,64,81,-0.0798,-0.0896,1,ok,0,6,8,2,3,-3,0,2,
v3.0,2023,2023-09-23,USC,Arizona State,away,42,28,-34.5,28.5,14,0,0,-14.5,SOFT,graded,pbp,59,70,0.2522,0.5154,-12,ok,0,10,5,4,5,3,2,1,Road · Night · Full house
v3.0,2023,2023-09-23,Alabama,Ole Miss,home,24,10,-7.0,7.5,14,0,0,6.5,AS EXPECTED,graded,pbp,65,63,0.0006,0.1046,-5,ok,0,13,6,1,2,4,1,1,Ranked opponent
v3.0,2023,2023-09-23,Mississippi State,South Carolina,away,30,37,6.0,-6.4,-7,0,0,-0.6,AS EXPECTED,graded,pbp,71,67,-0.0293,-0.0896,3,ok,0,13,5,1,3,,1,2,Road · Night · Full house
v3.0,2023,2023-09-23,Illinois,Florida Atlantic,home,23,17,-16.0,15.9,6,0,0,-9.9,AS EXPECTED,graded,pbp,76,70,0.0658,0.239,-9,ok,0,17,8,0,1,-4,1,2,Group of 5 opponent
v3.0,2023,2023-09-23,Colorado,Oregon,away,6,42,21.5,-19.5,-35,6,7,-15.5,SOFT,graded,pbp,24,47,-0.9257,-0.3212,-16,ok,0,0,1,0,1,,1,1,Road · Full house · Top-10 opponent
v3.0,2023,2023-09-23,Florida State,Clemson,away,31,24,-2.0,2.1,7,0,0,4.9,AS EXPECTED,graded,pbp,55,74,-0.1898,0.0299,-10,ok,6,0,5,0,2,,1,0,Road · Full house
v3.0,2023,2023-09-23,Florida,Charlotte,home,22,7,-28.0,24.6,15,0,0,-9.6,AS EXPECTED,graded,pbp,58,52,0.1289,0.4183,-12,ok,0,22,8,0,0,5,0,1,Night · Group of 5 opponent
v3.0,2023,2023-09-23,Georgia Tech,Wake Forest,away,30,16,3.5,-3.8,14,0,0,17.8,DAWG,graded,pbp,59,81,-0.0004,-0.0523,3,ok,0,20,7,1,2,3,4,1,Road · Full house
v3.0,2023,2023-09-23,Georgia,UAB,home,49,21,-40.0,30.9,28,7,7,-2.9,AS EXPECTED,graded,pbp,59,57,0.4058,0.5976,-8,ok,0,28,6,1,1,14,1,1,Night · Group of 5 opponent
v3.0,2023,2023-09-23,Iowa State,Oklahoma State,home,34,27,-3.5,3.8,7,0,0,3.2,AS EXPECTED,graded,pbp,71,72,0.0515,0.0523,0,ok,0,17,9,3,5,-3,1,0,
v3.0,2023,2023-09-23,Northwestern,Minnesota,home,37,34,12.0,-12.6,3,0,0,15.6,DAWG,graded,pbp,81,56,0.043,-0.1793,11,ok,6,17,7,1,2,,0,1,Night
v3.0,2023,2023-09-23,Arkansas,LSU,away,31,34,17.5,-16.9,-3,0,0,13.9,DAWG,graded,pbp,68,58,-0.1003,-0.2615,7,ok,0,6,3,4,5,-13,1,2,Road · Night · Full house · Ranked opponent
v3.0,2023,2023-09-23,Indiana,Akron,home,29,27,-16.5,16.2,2,0,0,-14.2,SOFT,graded,pbp,53,71,-0.1795,0.2465,-19,ok,0,10,9,1,4,,3,1,Night · Group of 5 opponent
v3.0,2023,2023-09-23,Notre Dame,Ohio State,home,14,17,3.0,-3.2,-3,0,0,0.2,AS EXPECTED,graded,pbp,64,64,0.0491,-0.0448,4,ok,0,7,5,0,0,,0,0,Night · Top-10 opponent
v3.0,2023,2023-09-23,Arizona State,USC,home,28,42,34.5,-28.5,-14,0,0,14.5,DAWG,graded,pbp,70,59,-0.2522,-0.5154,12,ok,0,7,3,1,3,,1,2,Night · Top-10 opponent
v3.0,2023,2023-09-23,Kentucky,Vanderbilt,away,45,28,-13.0,13.5,32,0,15,18.5,DAWG,graded,pbp,59,51,0.3748,0.1942,7,ok,0,31,8,0,0,18,3,2,Road
v3.0,2023,2023-09-23,Louisville,Boston College,home,56,28,-14.0,14.4,42,0,14,27.6,CERTIFIED DAWG,graded,pbp,39,38,0.6312,0.2092,12,ok,0,28,4,0,0,28,0,0,
v3.0,2023,2023-09-23,LSU,Arkansas,home,34,31,-17.5,16.9,3,0,0,-13.9,SOFT,graded,pbp,58,68,0.1003,0.2615,-7,ok,0,0,2,4,5,,2,1,Night
v3.0,2023,2023-09-29,NC State,Louisville,home,10,13,3.5,-3.8,-3,0,0,0.8,AS EXPECTED,graded,pbp,56,64,-0.1108,-0.0523,-3,ok,0,7,8,0,3,-13,3,3,Night
v3.0,2023,2023-09-29,Cincinnati,BYU,away,27,35,0.0,-0.0,-8,0,0,-8.0,AS EXPECTED,graded,pbp,84,53,0.0226,-0.0,1,ok,0,17,6,0,1,,0,1,Road · Night · Full house
v3.0,2023,2023-09-29,BYU,Cincinnati,home,35,27,0.0,-0.0,8,0,0,8.0,AS EXPECTED,graded,pbp,53,84,-0.0226,-0.0,-1,ok,0,7,5,2,4,-3,1,0,Night
v3.0,2023,2023-09-29,Utah,Oregon State,away,7,21,4.0,-4.3,-14,0,0,-9.7,AS EXPECTED,graded,pbp,61,62,-0.2605,-0.0598,-9,ok,0,7,7,0,1,,1,1,Road · Night · Ranked opponent · Group of 5 opponent
v3.0,2023,2023-09-29,Louisville,NC State,away,13,10,-3.5,3.8,3,0,0,-0.8,AS EXPECTED,graded,pbp,64,56,0.1108,0.0523,3,ok,0,13,10,0,1,,3,3,Road · Night · Full house
v3.0,2023,2023-09-30,Boston College,Virginia,home,27,24,-5.0,5.4,3,0,0,-2.4,AS EXPECTED,graded,pbp,80,68,0.0168,0.0747,-3,ok,0,21,8,1,2,,1,3,
v3.0,2023,2023-09-30,Arizona,Washington,home,24,31,19.5,-18.1,-7,0,0,11.1,AS EXPECTED,graded,pbp,67,64,-0.0489,-0.2913,11,ok,0,7,3,0,1,,1,1,Night · Top-10 opponent
v3.0,2023,2023-09-30,Maryland,Indiana,home,44,17,-14.5,14.8,34,7,14,19.2,DAWG,graded,pbp,38,53,0.6042,0.2166,13,ok,0,21,5,0,1,23,1,0,
v3.0,2023,2023-09-30,Michigan State,Iowa,away,16,26,10.0,-10.7,-10,0,0,0.7,AS EXPECTED,graded,pbp,75,57,-0.0313,-0.1494,6,ok,0,9,8,0,5,,2,4,Road · Night · Full house
v3.0,2023,2023-09-30,Michigan,Nebraska,away,45,7,-17.5,16.9,35,10,7,18.1,DAWG,graded,pbp,45,27,0.5134,0.2615,7,ok,0,21,4,0,0,21,1,0,Road · Full house
v3.0,2023,2023-09-30,Minnesota,Louisiana,home,35,24,-9.5,10.2,11,0,0,0.8,AS EXPECTED,graded,pbp,63,50,0.1461,0.1419,0,ok,0,21,5,1,3,0,2,1,Group of 5 opponent
v3.0,2023,2023-09-30,Missouri,Vanderbilt,away,38,21,-14.0,14.4,17,0,0,2.6,AS EXPECTED,graded,pbp,75,51,0.225,0.2092,1,ok,0,17,7,1,1,7,1,1,Road
v3.0,2023,2023-09-30,Ole Miss,LSU,home,55,49,3.0,-3.2,6,0,0,9.2,AS EXPECTED,graded,pbp,88,75,-0.096,-0.0448,-3,ok,0,14,4,6,7,-8,1,0,Ranked opponent
v3.0,2023,2023-09-30,Duke,Notre Dame,home,14,21,5.5,-5.9,-7,0,0,-1.1,AS EXPECTED,graded,pbp,67,63,-0.0626,-0.0822,1,ok,0,7,7,0,2,,0,2,Night · Ranked opponent
v3.0,2023,2023-09-30,Nebraska,Michigan,home,7,45,17.5,-16.9,-35,7,10,-18.1,SOFT,graded,pbp,27,45,-0.5134,-0.2615,-7,ok,0,0,1,0,1,,0,1,Top-10 opponent
v3.0,2023,2023-09-30,Rutgers,Wagner,home,52,3,-46.0,33.3,35,14,0,1.7,AS EXPECTED,graded,pbp,52,27,0.6979,0.6873,0,ok,0,24,4,0,0,25,0,0,FCS opponent
v3.0,2023,2023-09-30,Syracuse,Clemson,home,14,31,7.0,-7.5,-17,0,0,-9.5,AS EXPECTED,graded,pbp,65,72,-0.1333,-0.1046,-1,ok,0,7,7,0,1,,1,3,
v3.0,2023,2023-09-30,Auburn,Georgia,home,20,27,14.0,-14.4,-7,0,0,7.4,AS EXPECTED,graded,pbp,64,63,-0.238,-0.2092,-1,ok,0,17,5,1,5,-17,2,0,Top-10 opponent
v3.0,2023,2023-09-30,Oklahoma,Iowa State,home,50,20,-19.5,18.1,27,3,0,8.9,AS EXPECTED,graded,pbp,69,52,0.445,0.2913,7,ok,0,13,6,1,1,16,1,1,Night
v3.0,2023,2023-09-30,UCF,Baylor,home,35,36,-8.0,8.6,7,0,8,-1.6,AS EXPECTED,graded,pbp,60,66,0.0127,0.1195,-5,ok,0,21,4,0,2,-7,1,2,
v3.0,2023,2023-09-30,Penn State,Northwestern,away,41,13,-27.0,23.8,28,0,0,4.2,AS EXPECTED,graded,pbp,71,57,0.5642,0.4034,7,ok,0,41,8,0,2,18,1,0,Road
v3.0,2023,2023-09-30,Pittsburgh,Virginia Tech,away,21,38,-3.0,3.2,-17,0,0,-20.2,SOFT,graded,pbp,45,73,-0.2839,0.0448,-14,ok,0,0,5,1,2,,1,1,Road · Night · Full house
v3.0,2023,2023-09-30,Clemson,Syracuse,away,31,14,-7.0,7.5,17,0,0,9.5,AS EXPECTED,graded,pbp,72,65,0.1333,0.1046,1,ok,0,28,11,0,1,3,3,1,Road
v3.0,2023,2023-09-30,Iowa,Michigan State,home,26,16,-10.0,10.7,10,0,0,-0.7,AS EXPECTED,graded,pbp,57,75,0.0313,0.1494,-6,ok,0,16,10,0,4,0,4,2,Night
v3.0,2023,2023-09-30,Kansas,Texas,away,14,40,15.5,-15.5,-26,0,0,-10.5,AS EXPECTED,graded,pbp,36,81,-0.438,-0.2316,-9,ok,0,0,2,0,2,,1,1,Road · Full house · Top-10 opponent
v3.0,2023,2023-09-30,Vanderbilt,Missouri,home,21,38,14.0,-14.4,-17,0,0,-2.6,AS EXPECTED,graded,pbp,51,75,-0.225,-0.2092,-1,ok,0,7,4,1,2,,1,1,Ranked opponent
v3.0,2023,2023-09-30,Baylor,UCF,away,36,35,8.0,-8.6,-7,8,0,1.6,AS EXPECTED,graded,pbp,66,60,-0.0127,-0.1195,5,ok,0,10,4,0,1,,2,1,Road · Full house
v3.0,2023,2023-09-30,Stanford,Oregon,home,6,42,27.0,-23.8,-29,0,7,-5.2,AS EXPECTED,graded,pbp,52,47,-0.6325,-0.4034,-8,ok,0,3,2,0,2,,0,0,Top-10 opponent
v3.0,2023,2023-09-30,Texas A&M,Arkansas,neutral,34,22,-6.5,7.0,12,0,0,5.0,AS EXPECTED,graded,pbp,67,56,0.263,0.0971,7,ok,0,7,6,3,4,1,1,3,
v3.0,2023,2023-09-30,Houston,Texas Tech,away,28,49,9.0,-9.6,-21,0,0,-11.4,AS EXPECTED,graded,pbp,75,58,-0.1348,-0.1345,0,ok,0,0,3,2,5,,0,0,Road
v3.0,2023,2023-09-30,Oregon,Stanford,away,42,6,-27.0,23.8,29,7,0,5.2,AS EXPECTED,graded,pbp,47,52,0.6325,0.4034,8,ok,0,28,5,0,2,14,0,0,Road
v3.0,2023,2023-09-30,California,Arizona State,home,24,21,-13.0,13.5,3,0,0,-10.5,AS EXPECTED,graded,pbp,76,71,0.0782,0.1942,-6,ok,0,24,8,0,4,-7,2,0,
v3.0,2023,2023-09-30,Purdue,Illinois,home,44,19,0.0,-0.0,31,0,6,31.0,CERTIFIED DAWG,graded,pbp,64,45,0.189,-0.0,7,ok,0,17,6,2,3,21,1,1,
v3.0,2023,2023-09-30,Texas,Kansas,home,40,14,-15.5,15.5,26,0,0,10.5,AS EXPECTED,graded,pbp,81,36,0.438,0.2316,9,ok,0,31,7,1,2,16,1,1,Ranked opponent
v3.0,2023,2023-09-30,SMU,Charlotte,home,34,16,-22.5,20.3,18,0,0,-2.3,AS EXPECTED,graded,pbp,61,73,0.1265,0.3362,-10,ok,0,17,6,0,0,4,1,1,Night · Group of 5 opponent
v3.0,2023,2023-09-30,South Carolina,Tennessee,away,20,41,12.0,-12.6,-21,0,0,-8.4,AS EXPECTED,graded,pbp,62,71,-0.2679,-0.1793,-4,ok,0,14,5,3,6,,2,0,Road · Night · Full house · Ranked opponent
v3.0,2023,2023-09-30,Virginia,Boston College,away,24,27,5.0,-5.4,-3,0,0,2.4,AS EXPECTED,graded,pbp,68,80,-0.0168,-0.0747,3,ok,0,10,7,1,4,-17,3,1,Road · Full house
v3.0,2023,2023-09-30,Virginia Tech,Pittsburgh,home,38,21,3.0,-3.2,17,0,0,20.2,DAWG,graded,pbp,73,45,0.2839,-0.0448,14,ok,0,38,8,0,2,3,1,1,Night
v3.0,2023,2023-09-30,TCU,West Virginia,home,21,24,-14.0,14.4,-3,0,0,-17.4,SOFT,graded,pbp,78,64,0.0569,0.2092,-8,ok,0,14,8,1,4,,0,0,Night
v3.0,2023,2023-09-30,Tennessee,South Carolina,home,41,20,-12.0,12.6,21,0,0,8.4,AS EXPECTED,graded,pbp,71,62,0.2679,0.1793,4,ok,0,13,6,2,4,7,0,2,Night
v3.0,2023,2023-09-30,Washington,Arizona,away,31,24,-19.5,18.1,7,0,0,-11.1,AS EXPECTED,graded,pbp,64,67,0.0489,0.2913,-11,ok,0,21,5,1,1,-7,1,1,Road · Night · Full house
v3.0,2023,2023-09-30,Texas Tech,Houston,home,49,28,-9.0,9.6,21,0,0,11.4,AS EXPECTED,graded,pbp,58,75,0.1348,0.1345,0,ok,0,14,6,2,2,7,0,0,
v3.0,2023,2023-09-30,West Virginia,TCU,away,24,21,14.0,-14.4,3,0,0,17.4,DAWG,graded,pbp,64,78,-0.0569,-0.2092,8,ok,0,17,8,1,3,,0,0,Road · Night
v3.0,2023,2023-09-30,USC,Colorado,away,48,41,-22.5,20.3,7,0,0,-13.3,SOFT,graded,pbp,65,89,-0.0783,0.3362,-23,ok,0,35,8,0,0,-7,1,1,Road · Full house
v3.0,2023,2023-09-30,Alabama,Mississippi State,away,40,17,-16.5,16.2,23,0,0,6.8,AS EXPECTED,graded,pbp,52,55,0.2568,0.2465,0,ok,0,20,6,1,1,9,4,0,Road · Night · Full house
v3.0,2023,2023-09-30,Mississippi State,Alabama,home,17,40,16.5,-16.2,-23,0,0,-6.8,AS EXPECTED,graded,pbp,55,52,-0.2568,-0.2465,0,ok,0,0,3,0,1,,0,4,Night · Ranked opponent
v3.0,2023,2023-09-30,Illinois,Purdue,away,19,44,0.0,-0.0,-31,6,0,-31.0,CERTIFIED SOFT,graded,pbp,45,64,-0.189,-0.0,-7,ok,0,7,4,1,3,,1,1,Road · Full house
v3.0,2023,2023-09-30,Colorado,USC,home,41,48,22.5,-20.3,-7,0,0,13.3,DAWG,graded,pbp,89,65,0.0783,-0.3362,23,ok,0,14,6,0,1,,1,1,Top-10 opponent
v3.0,2023,2023-09-30,Florida,Kentucky,away,14,33,1.0,-1.1,-19,0,0,-17.9,SOFT,graded,pbp,59,56,-0.1547,-0.0149,-6,ok,0,7,3,0,1,,0,1,Road · Full house
v3.0,2023,2023-09-30,Georgia Tech,Bowling Green,home,27,38,-21.0,19.2,-11,0,0,-30.2,CERTIFIED SOFT,graded,pbp,55,75,-0.1803,0.3138,-23,ok,0,14,4,0,3,-25,0,2,Group of 5 opponent
v3.0,2023,2023-09-30,Georgia,Auburn,away,27,20,-14.0,14.4,7,0,0,-7.4,AS EXPECTED,graded,pbp,63,64,0.238,0.2092,1,ok,0,13,6,1,3,,0,2,Road · Full house
v3.0,2023,2023-09-30,Iowa State,Oklahoma,away,20,50,19.5,-18.1,-27,0,3,-8.9,AS EXPECTED,graded,pbp,52,69,-0.445,-0.2913,-7,ok,0,3,3,2,4,,1,1,Road · Night · Full house · Ranked opponent
v3.0,2023,2023-09-30,Northwestern,Penn State,home,13,41,27.0,-23.8,-28,0,0,-4.2,AS EXPECTED,graded,pbp,57,71,-0.5642,-0.4034,-7,ok,0,7,4,0,3,,0,1,Top-10 opponent
v3.0,2023,2023-09-30,Arkansas,Texas A&M,neutral,22,34,6.5,-7.0,-12,0,0,-5.0,AS EXPECTED,graded,pbp,56,67,-0.263,-0.0971,-7,ok,0,10,6,1,3,,3,1,
v3.0,2023,2023-09-30,Indiana,Maryland,away,17,44,14.5,-14.8,-34,14,7,-19.2,SOFT,graded,pbp,53,38,-0.6042,-0.2166,-13,ok,0,0,3,1,1,,0,1,Road
v3.0,2023,2023-09-30,Notre Dame,Duke,away,21,14,-5.5,5.9,7,0,0,1.1,AS EXPECTED,graded,pbp,63,67,0.0626,0.0822,-1,ok,0,13,8,0,2,-3,2,0,Road · Night · Full house · Ranked opponent
v3.0,2023,2023-09-30,Arizona State,California,away,21,24,13.0,-13.5,-3,0,0,10.5,AS EXPECTED,graded,pbp,71,76,-0.0782,-0.1942,6,ok,0,3,8,1,2,,0,2,Road
v3.0,2023,2023-09-30,Kentucky,Florida,home,33,14,-1.0,1.1,19,0,0,17.9,DAWG,graded,pbp,56,59,0.1547,0.0149,6,ok,0,27,7,0,0,9,1,0,Ranked opponent
v3.0,2023,2023-09-30,LSU,Ole Miss,away,49,55,-3.0,3.2,-6,0,0,-9.2,AS EXPECTED,graded,pbp,75,88,0.096,0.0448,3,ok,0,7,3,1,4,-15,0,1,Road · Full house · Ranked opponent
v3.0,2023,2023-10-06,Nebraska,Illinois,away,20,7,3.5,-3.8,13,0,0,16.8,DAWG,graded,pbp,73,66,0.1723,-0.0523,11,ok,0,13,9,0,0,3,2,3,Road · Night
v3.0,2023,2023-10-06,Oklahoma State,Kansas State,home,29,21,10.0,-10.7,8,0,0,18.7,DAWG,graded,pbp,76,72,0.0098,-0.1494,9,ok,0,19,7,0,2,-2,4,0,Night
v3.0,2023,2023-10-06,Kansas State,Oklahoma State,away,21,29,-10.0,10.7,-8,0,0,-18.7,SOFT,graded,pbp,72,76,-0.0098,0.1494,-9,ok,0,0,5,0,2,,0,4,Road · Night · Full house
v3.0,2023,2023-10-06,Illinois,Nebraska,home,7,20,-3.5,3.8,-13,0,0,-16.8,SOFT,graded,pbp,66,73,-0.1723,0.0523,-11,ok,0,7,8,0,1,,3,2,Night
v3.0,2023,2023-10-07,Boston College,Army,away,27,24,4.0,-4.3,3,0,0,7.3,AS EXPECTED,graded,pbp,68,46,0.0543,-0.0598,5,ok,0,14,4,2,4,-7,1,1,Road · Group of 5 opponent
v3.0,2023,2023-10-07,Arizona,USC,away,41,43,22.0,-19.9,-2,0,0,17.9,DAWG,graded,pbp,71,52,0.1137,-0.3287,20,ok,13,17,6,2,5,-12,1,1,Road · Night · Top-10 opponent
v3.0,2023,2023-10-07,Maryland,Ohio State,away,17,37,17.5,-16.9,-20,0,0,-3.1,AS EXPECTED,graded,pbp,74,60,-0.3544,-0.2615,-5,ok,0,10,5,0,3,-30,0,2,Road · Full house · Top-10 opponent
v3.0,2023,2023-10-07,Michigan,Minnesota,away,52,10,-20.0,18.5,35,7,0,16.5,DAWG,graded,pbp,43,42,0.8418,0.2988,17,ok,0,38,7,2,3,25,0,0,Road · Night · Full house
v3.0,2023,2023-10-07,Minnesota,Michigan,home,10,52,20.0,-18.5,-35,0,7,-16.5,SOFT,graded,pbp,42,43,-0.8418,-0.2988,-17,ok,0,0,2,2,4,,0,0,Night · Top-10 opponent
v3.0,2023,2023-10-07,Missouri,LSU,home,39,49,6.5,-7.0,-10,0,0,-3.0,AS EXPECTED,graded,pbp,68,66,-0.2923,-0.0971,-9,ok,0,14,4,3,5,-25,0,2,Ranked opponent
v3.0,2023,2023-10-07,Ole Miss,Arkansas,home,27,20,-10.5,11.2,7,0,0,-4.2,AS EXPECTED,graded,pbp,67,68,0.0512,0.1569,-5,ok,0,17,6,2,4,-3,2,0,Night
v3.0,2023,2023-10-07,NC State,Marshall,home,48,41,-6.0,6.4,7,0,0,0.6,AS EXPECTED,graded,pbp,63,89,0.0124,0.0896,-4,ok,0,31,10,3,7,-7,3,3,Group of 5 opponent
v3.0,2023,2023-10-07,North Carolina,Syracuse,home,40,7,-9.0,9.6,30,3,0,20.4,DAWG,graded,pbp,71,38,0.1486,0.1345,1,ok,0,31,5,0,0,20,2,1,
v3.0,2023,2023-10-07,Wake Forest,Clemson,away,12,17,20.0,-18.5,-5,0,0,13.5,DAWG,graded,pbp,63,69,-0.1938,-0.2988,5,ok,0,3,7,1,2,,1,1,Road · Full house
v3.0,2023,2023-10-07,Rutgers,Wisconsin,away,13,24,13.0,-13.5,-11,0,0,2.5,AS EXPECTED,graded,pbp,60,77,-0.0767,-0.1942,6,ok,0,14,8,0,1,,2,1,Road · Full house
v3.0,2023,2023-10-07,Syracuse,North Carolina,away,7,40,9.0,-9.6,-30,0,3,-20.4,SOFT,graded,pbp,38,71,-0.1486,-0.1345,-1,ok,0,0,0,0,1,,1,2,Road · Full house · Ranked opponent
v3.0,2023,2023-10-07,Ohio State,Maryland,home,37,17,-17.5,16.9,20,0,0,3.1,AS EXPECTED,graded,pbp,60,74,0.3544,0.2615,5,ok,0,16,6,1,2,10,2,0,
v3.0,2023,2023-10-07,Oklahoma,Texas,neutral,34,30,5.0,-5.4,4,0,0,9.4,AS EXPECTED,graded,pbp,81,78,0.0117,-0.0747,5,ok,0,10,5,2,5,-6,3,0,Top-10 opponent
v3.0,2023,2023-10-07,UCF,Kansas,away,22,51,3.0,-3.2,-51,22,0,-47.8,CERTIFIED SOFT,graded,espn,,,,,,pbp_conflict,0,0,1,0,1,,0,1,Road · Full house
v3.0,2023,2023-10-07,Clemson,Wake Forest,home,17,12,-20.0,18.5,5,0,0,-13.5,SOFT,graded,pbp,69,63,0.1938,0.2988,-5,ok,0,10,8,1,2,-6,1,1,
v3.0,2023,2023-10-07,Iowa,Purdue,home,20,14,-3.5,3.8,6,0,0,2.2,AS EXPECTED,graded,pbp,54,78,-0.1284,0.0523,-9,ok,0,20,11,0,1,-4,2,1,
v3.0,2023,2023-10-07,Kansas,UCF,home,51,22,-3.0,3.2,51,0,22,47.8,CERTIFIED DAWG,graded,espn,,,,,,pbp_conflict,0,24,5,0,0,41,1,0,
v3.0,2023,2023-10-07,Vanderbilt,Florida,away,14,38,18.5,-17.5,-24,0,0,-6.5,AS EXPECTED,graded,pbp,49,62,-0.377,-0.2764,-4,ok,0,7,4,0,2,,1,0,Road · Full house
v3.0,2023,2023-10-07,Baylor,Texas Tech,home,14,39,-1.0,1.1,-25,0,0,-26.1,CERTIFIED SOFT,graded,pbp,68,66,-0.2437,0.0149,-13,ok,0,3,5,0,1,,2,1,Night
v3.0,2023,2023-10-07,Miami,Georgia Tech,home,20,23,-20.0,18.5,-3,0,0,-21.5,SOFT,graded,pbp,81,52,-0.012,0.2988,-15,ok,0,13,8,1,4,-13,2,5,Night
v3.0,2023,2023-10-07,Texas A&M,Alabama,home,20,26,1.5,-1.6,-6,0,0,-4.4,AS EXPECTED,graded,pbp,59,59,0.0353,-0.0224,2,ok,0,20,7,0,4,,2,1,Ranked opponent
v3.0,2023,2023-10-07,California,Oregon State,home,40,52,10.0,-10.7,-12,0,0,-1.3,AS EXPECTED,graded,pbp,65,71,-0.0951,-0.1494,3,ok,0,10,2,0,2,,1,2,Night · Ranked opponent · Group of 5 opponent
v3.0,2023,2023-10-07,Purdue,Iowa,away,14,20,3.5,-3.8,-6,0,0,-2.2,AS EXPECTED,graded,pbp,78,54,0.1284,-0.0523,9,ok,0,14,9,0,2,,1,2,Road · Full house
v3.0,2023,2023-10-07,Texas,Oklahoma,neutral,30,34,-5.0,5.4,-4,0,0,-9.4,AS EXPECTED,graded,pbp,78,81,-0.0117,0.0747,-5,ok,0,13,5,2,4,,0,3,Ranked opponent
v3.0,2023,2023-10-07,Virginia,William & Mary,home,27,13,-8.5,9.1,14,0,0,4.9,AS EXPECTED,graded,pbp,71,58,0.2031,0.127,4,ok,0,17,5,1,2,0,1,2,FCS opponent
v3.0,2023,2023-10-07,Virginia Tech,Florida State,away,17,39,25.5,-22.7,-22,0,0,0.7,AS EXPECTED,graded,pbp,62,61,-0.3558,-0.381,1,ok,0,10,4,0,1,,0,1,Road · Full house · Top-10 opponent
v3.0,2023,2023-10-07,UCLA,Washington State,home,25,17,-3.5,3.8,8,0,0,4.2,AS EXPECTED,graded,pbp,96,58,0.3804,0.0523,18,ok,0,27,13,0,3,,4,2,Ranked opponent · Group of 5 opponent
v3.0,2023,2023-10-07,TCU,Iowa State,away,14,27,-6.5,7.0,-13,0,0,-20.0,SOFT,graded,pbp,73,64,-0.0921,0.0971,-9,ok,0,7,7,1,2,,0,4,Road · Night · Full house
v3.0,2023,2023-10-07,Texas Tech,Baylor,away,39,14,1.0,-1.1,25,0,0,26.1,CERTIFIED DAWG,graded,pbp,66,68,0.2437,-0.0149,13,ok,0,21,8,0,0,11,1,2,Road · Night
v3.0,2023,2023-10-07,Wisconsin,Rutgers,home,24,13,-13.0,13.5,11,0,0,-2.5,AS EXPECTED,graded,pbp,77,60,0.0767,0.1942,-6,ok,0,7,9,0,0,1,1,2,
v3.0,2023,2023-10-07,USC,Arizona,home,43,41,-22.0,19.9,2,0,0,-17.9,SOFT,graded,pbp,52,71,-0.1137,0.3287,-20,ok,13,21,5,3,5,,1,1,Night
v3.0,2023,2023-10-07,Alabama,Texas A&M,away,26,20,-1.5,1.6,6,0,0,4.4,AS EXPECTED,graded,pbp,59,59,-0.0353,0.0224,-2,ok,0,21,7,1,4,-3,1,2,Road · Full house
v3.0,2023,2023-10-07,Mississippi State,Western Michigan,home,41,28,-21.5,19.5,13,0,0,-6.5,AS EXPECTED,graded,pbp,65,77,-0.0323,0.3212,-18,ok,0,34,8,0,0,3,1,0,Group of 5 opponent
v3.0,2023,2023-10-07,Colorado,Arizona State,away,27,24,-3.0,3.2,3,0,0,-0.2,AS EXPECTED,graded,pbp,68,78,-0.001,0.0448,-2,ok,0,24,8,1,4,,0,0,Road · Full house
v3.0,2023,2023-10-07,Florida State,Virginia Tech,home,39,17,-25.5,22.7,22,0,0,-0.7,AS EXPECTED,graded,pbp,61,62,0.3558,0.381,-1,ok,0,24,7,1,1,7,1,0,
v3.0,2023,2023-10-07,Florida,Vanderbilt,home,38,14,-18.5,17.5,24,0,0,6.5,AS EXPECTED,graded,pbp,62,49,0.377,0.2764,4,ok,0,35,7,0,1,10,0,1,
v3.0,2023,2023-10-07,Georgia Tech,Miami,away,23,20,20.0,-18.5,3,0,0,21.5,DAWG,graded,pbp,52,81,0.012,-0.2988,15,ok,0,17,8,0,3,,5,2,Road · Night · Ranked opponent
v3.0,2023,2023-10-07,Georgia,Kentucky,home,51,13,-15.0,15.1,31,7,0,15.9,DAWG,graded,pbp,58,38,0.3738,0.2241,5,ok,0,28,5,0,0,17,0,1,Night · Ranked opponent
v3.0,2023,2023-10-07,Iowa State,TCU,home,27,14,6.5,-7.0,13,0,0,20.0,DAWG,graded,pbp,64,73,0.0921,-0.0971,9,ok,0,27,10,0,1,3,4,0,Night
v3.0,2023,2023-10-07,Northwestern,Howard,home,23,20,-23.0,20.7,3,0,0,-17.7,SOFT,graded,pbp,61,64,-0.173,0.3436,-23,ok,0,7,5,0,0,-6,0,0,FCS opponent
v3.0,2023,2023-10-07,Arkansas,Ole Miss,away,20,27,10.5,-11.2,-7,0,0,4.2,AS EXPECTED,graded,pbp,68,67,-0.0512,-0.1569,5,ok,0,20,6,0,4,,0,2,Road · Night · Full house · Ranked opponent
v3.0,2023,2023-10-07,Notre Dame,Louisville,away,20,33,-7.0,7.5,-13,0,0,-20.5,SOFT,graded,pbp,66,64,-0.2999,0.1046,-19,ok,0,10,5,1,3,,1,5,Road · Night · Full house · Ranked opponent
v3.0,2023,2023-10-07,Arizona State,Colorado,home,24,27,3.0,-3.2,-3,0,0,0.2,AS EXPECTED,graded,pbp,78,68,0.001,-0.0448,2,ok,0,14,7,1,4,,0,0,
v3.0,2023,2023-10-07,Kentucky,Georgia,away,13,51,15.0,-15.1,-31,0,7,-15.9,SOFT,graded,pbp,38,58,-0.3738,-0.2241,-5,ok,0,7,1,0,1,,1,0,Road · Night · Full house · Top-10 opponent
v3.0,2023,2023-10-07,Louisville,Notre Dame,home,33,20,7.0,-7.5,13,0,0,20.5,DAWG,graded,pbp,64,66,0.2999,-0.1046,19,ok,0,23,9,2,3,2,5,1,Night · Top-10 opponent
v3.0,2023,2023-10-07,LSU,Missouri,away,49,39,-6.5,7.0,10,0,0,3.0,AS EXPECTED,graded,pbp,66,68,0.2923,0.0971,9,ok,0,24,5,2,4,0,2,0,Road · Full house · Ranked opponent
v3.0,2023,2023-10-12,Houston,West Virginia,home,41,39,3.0,-3.2,2,0,0,5.2,AS EXPECTED,graded,pbp,53,82,0.0131,-0.0448,3,ok,0,21,5,0,2,-9,1,0,Night
v3.0,2023,2023-10-12,SMU,East Carolina,away,31,10,-11.5,12.2,21,0,0,8.8,AS EXPECTED,graded,pbp,61,77,0.2069,0.1718,2,ok,0,24,11,0,1,7,2,0,Road · Night · Group of 5 opponent
v3.0,2023,2023-10-12,West Virginia,Houston,away,39,41,-3.0,3.2,-2,0,0,-5.2,AS EXPECTED,graded,pbp,82,53,-0.0131,0.0448,-3,ok,0,10,6,2,3,,0,1,Road · Night
v3.0,2023,2023-10-13,Stanford,Colorado,away,46,43,13.5,-14.0,-3,6,0,11.0,AS EXPECTED,graded,pbp,77,61,-0.0506,-0.2017,8,ok,16,24,4,2,3,,1,0,Road · Night · Full house
v3.0,2023,2023-10-13,Colorado,Stanford,home,43,46,-13.5,14.0,3,0,6,-11.0,AS EXPECTED,graded,pbp,61,77,0.0506,0.2017,-8,ok,16,28,4,1,4,-11,0,1,Night
v3.0,2023,2023-10-14,Arizona,Washington State,away,44,6,7.5,-8.0,24,14,0,32.0,CERTIFIED DAWG,graded,pbp,62,40,0.379,-0.1121,18,ok,0,27,7,1,1,13,3,0,Road · Night · Ranked opponent · Group of 5 opponent
v3.0,2023,2023-10-14,Maryland,Illinois,home,24,27,-13.5,14.0,-3,0,0,-17.0,SOFT,graded,pbp,68,66,0.1252,0.2017,-4,ok,0,17,7,0,2,,1,1,
v3.0,2023,2023-10-14,Michigan State,Rutgers,away,24,27,4.0,-4.3,-3,0,0,1.3,AS EXPECTED,graded,pbp,68,64,-0.182,-0.0598,-6,ok,0,10,5,0,4,-14,2,3,Road · Full house
v3.0,2023,2023-10-14,Michigan,Indiana,home,52,7,-33.0,27.7,31,14,0,3.3,AS EXPECTED,graded,pbp,45,37,0.5637,0.493,2,ok,0,21,5,1,1,17,3,0,
v3.0,2023,2023-10-14,Missouri,Kentucky,away,38,21,1.5,-1.6,17,0,0,18.6,DAWG,graded,pbp,67,56,0.3042,-0.0224,15,ok,0,23,7,1,2,3,3,1,Road · Night · Full house · Ranked opponent
v3.0,2023,2023-10-14,Duke,NC State,home,24,3,-4.0,4.3,21,0,0,16.7,DAWG,graded,pbp,42,70,0.1096,0.0598,2,ok,0,24,9,0,1,7,1,1,Night
v3.0,2023,2023-10-14,NC State,Duke,away,3,24,4.0,-4.3,-21,0,0,-16.7,SOFT,graded,pbp,70,42,-0.1096,-0.0598,-2,ok,0,3,6,0,2,,1,1,Road · Night · Ranked opponent
v3.0,2023,2023-10-14,North Carolina,Miami,home,41,31,-3.0,3.2,10,0,0,6.8,AS EXPECTED,graded,pbp,76,76,0.1138,0.0448,4,ok,0,24,8,1,2,-1,4,0,Night · Ranked opponent
v3.0,2023,2023-10-14,Wake Forest,Virginia Tech,away,13,30,1.5,-1.6,-17,0,0,-15.4,SOFT,graded,pbp,68,65,-0.4854,-0.0224,-22,ok,0,0,6,0,1,,1,3,Road · Full house
v3.0,2023,2023-10-14,Rutgers,Michigan State,home,27,24,-4.0,4.3,3,0,0,-1.3,AS EXPECTED,graded,pbp,64,68,0.182,0.0598,6,ok,0,10,4,1,2,,3,2,
v3.0,2023,2023-10-14,Syracuse,Florida State,away,3,41,18.5,-17.5,-24,0,14,-6.5,AS EXPECTED,graded,pbp,47,62,-0.248,-0.2764,1,ok,0,0,5,0,1,,0,2,Road · Full house · Top-10 opponent
v3.0,2023,2023-10-14,Ohio State,Purdue,away,41,7,-17.0,16.5,34,7,7,17.5,DAWG,graded,pbp,53,41,0.4905,0.254,8,ok,0,21,5,0,0,21,0,2,Road · Full house
v3.0,2023,2023-10-14,Oklahoma State,Kansas,home,39,32,3.0,-3.2,7,0,0,10.2,AS EXPECTED,graded,pbp,79,63,0.042,-0.0448,4,ok,0,27,7,1,4,-7,2,0,Ranked opponent
v3.0,2023,2023-10-14,Auburn,LSU,away,18,48,11.0,-11.7,-31,8,7,-19.3,SOFT,graded,pbp,49,59,-0.4068,-0.1643,-9,ok,0,0,2,0,1,,1,0,Road · Night · Full house · Ranked opponent
v3.0,2023,2023-10-14,Penn State,Massachusetts,home,63,0,-42.0,31.7,35,28,0,3.3,AS EXPECTED,graded,pbp,42,27,0.8086,0.6275,5,ok,0,21,4,0,0,21,1,1,Group of 5 opponent
v3.0,2023,2023-10-14,Cincinnati,Iowa State,home,10,30,-4.0,4.3,-20,0,0,-24.3,CERTIFIED SOFT,graded,pbp,61,63,-0.3043,0.0598,-16,ok,0,0,3,1,2,,0,2,
v3.0,2023,2023-10-14,Pittsburgh,Louisville,home,38,21,7.0,-7.5,17,0,0,24.5,CERTIFIED DAWG,graded,pbp,59,84,0.2675,-0.1046,19,ok,0,31,9,0,2,7,3,0,Ranked opponent
v3.0,2023,2023-10-14,Iowa,Wisconsin,away,15,6,8.5,-9.1,9,0,0,18.1,DAWG,graded,pbp,62,77,-0.0786,-0.127,2,ok,0,13,10,0,2,0,2,0,Road · Full house
v3.0,2023,2023-10-14,Kansas,Oklahoma State,away,32,39,-3.0,3.2,-7,0,0,-10.2,AS EXPECTED,graded,pbp,63,79,-0.042,0.0448,-4,ok,0,7,4,1,5,,0,2,Road · Full house
v3.0,2023,2023-10-14,Kansas State,Texas Tech,away,38,21,1.0,-1.1,17,0,0,18.1,DAWG,graded,pbp,64,78,0.2376,-0.0149,13,ok,0,28,8,1,2,7,3,0,Road · Night · Full house
v3.0,2023,2023-10-14,Vanderbilt,Georgia,home,20,37,32.5,-27.4,-17,0,0,10.4,AS EXPECTED,graded,pbp,43,77,-0.0659,-0.4856,18,ok,0,7,2,0,2,,2,1,Top-10 opponent
v3.0,2023,2023-10-14,Miami,North Carolina,away,31,41,3.0,-3.2,-10,0,0,-6.8,AS EXPECTED,graded,pbp,76,76,-0.1138,-0.0448,-4,ok,0,14,5,0,3,,0,4,Road · Night · Full house · Ranked opponent
v3.0,2023,2023-10-14,Texas A&M,Tennessee,away,13,20,3.0,-3.2,-7,0,0,-3.8,AS EXPECTED,graded,pbp,66,76,-0.0003,-0.0448,2,ok,0,7,7,1,3,,1,2,Road · Full house · Ranked opponent
v3.0,2023,2023-10-14,Oregon,Washington,away,33,36,3.0,-3.2,-3,0,0,0.2,AS EXPECTED,graded,pbp,84,61,-0.0871,-0.0448,-2,ok,0,14,5,3,4,,1,0,Road · Full house · Top-10 opponent
v3.0,2023,2023-10-14,California,Utah,away,14,34,9.5,-10.2,-20,0,0,-9.8,AS EXPECTED,graded,pbp,55,75,-0.3377,-0.1419,-9,ok,0,14,4,0,1,,0,2,Road · Full house · Ranked opponent
v3.0,2023,2023-10-14,Purdue,Ohio State,home,7,41,17.0,-16.5,-34,7,7,-17.5,SOFT,graded,pbp,41,53,-0.4905,-0.254,-8,ok,0,0,2,0,1,,2,0,Top-10 opponent
v3.0,2023,2023-10-14,BYU,TCU,away,11,44,5.0,-5.4,-33,3,3,-27.6,CERTIFIED SOFT,graded,pbp,36,63,-0.6598,-0.0747,-21,ok,0,0,3,0,1,,2,3,Road
v3.0,2023,2023-10-14,Utah,California,home,34,14,-9.5,10.2,20,0,0,9.8,AS EXPECTED,graded,pbp,75,55,0.3377,0.1419,9,ok,0,31,7,0,1,10,2,0,
v3.0,2023,2023-10-14,South Carolina,Florida,home,39,41,0.0,-0.0,-2,0,0,-2.0,AS EXPECTED,graded,pbp,63,78,0.0599,-0.0,3,ok,0,14,3,3,7,-12,0,1,
v3.0,2023,2023-10-14,Virginia Tech,Wake Forest,home,30,13,-1.5,1.6,17,0,0,15.4,DAWG,graded,pbp,65,68,0.4854,0.0224,22,ok,0,20,9,0,0,7,3,1,
v3.0,2023,2023-10-14,UCLA,Oregon State,away,24,36,3.5,-3.8,-12,0,0,-8.2,AS EXPECTED,graded,pbp,83,54,-0.1565,-0.0523,-5,ok,0,3,4,0,3,,1,3,Road · Night · Ranked opponent · Group of 5 opponent
v3.0,2023,2023-10-14,TCU,BYU,home,44,11,-5.0,5.4,33,3,3,27.6,CERTIFIED DAWG,graded,pbp,63,36,0.6598,0.0747,21,ok,0,17,6,0,0,19,3,2,
v3.0,2023,2023-10-14,Tennessee,Texas A&M,home,20,13,-3.0,3.2,7,0,0,3.8,AS EXPECTED,graded,pbp,76,66,0.0003,0.0448,-2,ok,0,13,6,0,3,,2,1,
v3.0,2023,2023-10-14,Washington,Oregon,home,36,33,-3.0,3.2,3,0,0,-0.2,AS EXPECTED,graded,pbp,61,84,0.0871,0.0448,2,ok,0,21,4,2,5,-8,0,1,Top-10 opponent
v3.0,2023,2023-10-14,Texas Tech,Kansas State,home,21,38,-1.0,1.1,-17,0,0,-18.1,SOFT,graded,pbp,78,64,-0.2376,0.0149,-13,ok,0,7,5,0,2,,0,3,Night
v3.0,2023,2023-10-14,Wisconsin,Iowa,home,6,15,-8.5,9.1,-9,0,0,-18.1,SOFT,graded,pbp,77,62,0.0786,0.127,-2,ok,0,3,10,0,3,,0,2,
v3.0,2023,2023-10-14,USC,Notre Dame,away,20,48,3.0,-3.2,-28,0,0,-24.8,CERTIFIED SOFT,graded,pbp,70,45,-0.2442,-0.0448,-8,ok,0,17,5,0,2,,0,4,Road · Night · Full house · Ranked opponent
v3.0,2023,2023-10-14,Alabama,Arkansas,home,24,21,-19.0,17.8,3,0,0,-14.8,SOFT,graded,pbp,64,60,0.0994,0.2839,-8,ok,0,17,6,1,3,-12,0,0,
v3.0,2023,2023-10-14,Illinois,Maryland,away,27,24,13.5,-14.0,3,0,0,17.0,DAWG,graded,pbp,66,68,-0.1252,-0.2017,4,ok,0,17,7,1,4,-7,1,1,Road
v3.0,2023,2023-10-14,Florida State,Syracuse,home,41,3,-18.5,17.5,24,14,0,6.5,AS EXPECTED,graded,pbp,62,47,0.248,0.2764,-1,ok,0,27,10,1,1,14,2,0,
v3.0,2023,2023-10-14,Florida,South Carolina,away,41,39,0.0,-0.0,2,0,0,2.0,AS EXPECTED,graded,pbp,78,63,-0.0599,-0.0,-3,ok,0,17,5,3,5,,1,0,Road · Full house
v3.0,2023,2023-10-14,Georgia,Vanderbilt,away,37,20,-32.5,27.4,17,0,0,-10.4,AS EXPECTED,graded,pbp,77,43,0.0659,0.4856,-18,ok,0,24,5,0,1,7,1,2,Road
v3.0,2023,2023-10-14,Iowa State,Cincinnati,away,30,10,4.0,-4.3,20,0,0,24.3,CERTIFIED DAWG,graded,pbp,63,61,0.3043,-0.0598,16,ok,0,20,7,1,1,10,2,0,Road · Full house
v3.0,2023,2023-10-14,Arkansas,Alabama,away,21,24,19.0,-17.8,-3,0,0,14.8,DAWG,graded,pbp,60,64,-0.0994,-0.2839,8,ok,0,20,6,0,2,,0,0,Road · Full house · Ranked opponent
v3.0,2023,2023-10-14,Indiana,Michigan,away,7,52,33.0,-27.7,-31,0,14,-3.3,AS EXPECTED,graded,pbp,37,45,-0.5637,-0.493,-2,ok,0,7,2,0,2,,0,3,Road · Full house · Top-10 opponent
v3.0,2023,2023-10-14,Notre Dame,USC,home,48,20,-3.0,3.2,28,0,0,24.8,CERTIFIED DAWG,graded,pbp,45,70,0.2442,0.0448,8,ok,0,24,8,1,1,14,4,0,Night · Top-10 opponent
v3.0,2023,2023-10-14,Kentucky,Missouri,home,21,38,-1.5,1.6,-17,0,0,-18.6,SOFT,graded,pbp,56,67,-0.3042,0.0224,-15,ok,0,21,5,0,3,-31,1,3,Night
v3.0,2023,2023-10-14,Louisville,Pittsburgh,away,21,38,-7.0,7.5,-17,0,0,-24.5,CERTIFIED SOFT,graded,pbp,84,59,-0.2675,0.1046,-19,ok,0,7,7,2,4,,0,3,Road
v3.0,2023,2023-10-14,LSU,Auburn,home,48,18,-11.0,11.7,31,7,8,19.3,DAWG,graded,pbp,59,49,0.4068,0.1643,9,ok,0,24,6,0,0,21,0,1,Night
v3.0,2023,2023-10-20,SMU,Temple,away,55,0,-24.0,21.5,31,24,0,9.5,AS EXPECTED,graded,pbp,52,33,0.5978,0.3586,7,ok,0,24,6,0,0,17,1,1,Road · Night · Group of 5 opponent
v3.0,2023,2023-10-21,Boston College,Georgia Tech,away,38,23,6.0,-6.4,15,0,0,21.4,DAWG,graded,pbp,70,66,0.2812,-0.0896,18,ok,0,17,6,2,4,0,3,1,Road
v3.0,2023,2023-10-21,Michigan State,Michigan,home,0,49,25.5,-22.7,-35,0,14,-12.3,SOFT,graded,pbp,30,48,-0.8338,-0.381,-13,ok,0,0,1,0,1,,0,2,Night · Top-10 opponent
v3.0,2023,2023-10-21,Michigan,Michigan State,away,49,0,-25.5,22.7,35,14,0,12.3,DAWG,graded,pbp,48,30,0.8338,0.381,13,ok,0,21,4,0,0,21,2,0,Road · Night · Full house
v3.0,2023,2023-10-21,Minnesota,Iowa,away,12,10,3.5,-3.8,2,0,0,5.8,AS EXPECTED,graded,pbp,70,56,0.295,-0.0523,16,ok,0,9,11,0,2,,3,0,Road · Full house · Ranked opponent
v3.0,2023,2023-10-21,Missouri,South Carolina,home,34,12,-7.5,8.0,22,0,0,14.0,DAWG,graded,pbp,65,68,0.2963,0.1121,9,ok,0,34,6,0,0,8,1,0,
v3.0,2023,2023-10-21,Ole Miss,Auburn,away,28,21,-6.5,7.0,7,0,0,0.0,AS EXPECTED,graded,pbp,74,56,0.1049,0.0971,0,ok,0,21,9,1,2,-7,3,2,Road · Night
v3.0,2023,2023-10-21,Duke,Florida State,away,20,38,14.0,-14.4,-18,0,0,-3.6,AS EXPECTED,graded,pbp,57,68,-0.3783,-0.2092,-8,ok,0,10,3,1,3,-28,0,1,Road · Night · Full house · Top-10 opponent
v3.0,2023,2023-10-21,North Carolina,Virginia,home,27,31,-24.0,21.5,-4,0,0,-25.5,CERTIFIED SOFT,graded,pbp,77,82,-0.0309,0.3586,-22,ok,0,17,8,2,5,-14,2,1,
v3.0,2023,2023-10-21,Wake Forest,Pittsburgh,home,21,17,3.0,-3.2,4,0,0,7.2,AS EXPECTED,graded,pbp,62,76,-0.0832,-0.0448,-2,ok,0,21,9,0,3,,0,2,
v3.0,2023,2023-10-21,Nebraska,Northwestern,home,17,9,-10.5,11.2,8,0,0,-3.2,AS EXPECTED,graded,pbp,56,60,-0.0071,0.1569,-7,ok,0,7,8,2,3,-3,1,2,
v3.0,2023,2023-10-21,Rutgers,Indiana,away,31,14,-6.0,6.4,17,0,0,10.6,AS EXPECTED,graded,pbp,66,60,0.1246,0.0896,2,ok,0,7,5,1,2,7,0,0,Road
v3.0,2023,2023-10-21,Ohio State,Penn State,home,20,12,-4.0,4.3,8,0,0,3.7,AS EXPECTED,graded,pbp,76,68,0.2334,0.0598,9,ok,0,20,9,0,2,-6,1,0,Top-10 opponent
v3.0,2023,2023-10-21,Oklahoma State,West Virginia,away,48,34,3.0,-3.2,14,0,0,17.2,DAWG,graded,pbp,69,74,0.2818,-0.0448,17,ok,0,24,5,3,6,4,3,2,Road
v3.0,2023,2023-10-21,Auburn,Ole Miss,home,21,28,6.5,-7.0,-7,0,0,-0.0,AS EXPECTED,graded,pbp,56,74,-0.1049,-0.0971,0,ok,0,14,8,1,3,,2,3,Night · Ranked opponent
v3.0,2023,2023-10-21,Oklahoma,UCF,home,31,29,-17.0,16.5,2,0,0,-14.5,SOFT,graded,pbp,84,71,0.0599,0.254,-11,ok,0,21,7,2,5,,0,1,
v3.0,2023,2023-10-21,UCF,Oklahoma,away,29,31,17.0,-16.5,-2,0,0,14.5,DAWG,graded,pbp,71,84,-0.0599,-0.254,11,ok,0,16,8,3,5,,1,0,Road · Full house · Top-10 opponent
v3.0,2023,2023-10-21,Penn State,Ohio State,away,12,20,4.0,-4.3,-8,0,0,-3.7,AS EXPECTED,graded,pbp,68,76,-0.2334,-0.0598,-9,ok,0,10,8,1,3,,0,1,Road · Full house · Top-10 opponent
v3.0,2023,2023-10-21,Cincinnati,Baylor,home,29,32,-2.5,2.7,-3,0,0,-5.7,AS EXPECTED,graded,pbp,74,69,0.2332,0.0374,10,ok,0,0,4,3,5,,0,0,
v3.0,2023,2023-10-21,Pittsburgh,Wake Forest,away,17,21,-3.0,3.2,-4,0,0,-7.2,AS EXPECTED,graded,pbp,76,62,0.0832,0.0448,2,ok,0,3,10,1,1,,2,0,Road · Full house
v3.0,2023,2023-10-21,Clemson,Miami,away,20,28,-6.0,6.4,-8,0,0,-14.4,SOFT,graded,pbp,54,62,-0.0987,0.0896,-8,ok,8,17,6,0,5,,1,3,Road · Night
v3.0,2023,2023-10-21,Iowa,Minnesota,home,10,12,-3.5,3.8,-2,0,0,-5.8,AS EXPECTED,graded,pbp,56,70,-0.295,0.0523,-16,ok,0,7,9,0,4,,0,3,
v3.0,2023,2023-10-21,Kansas State,TCU,home,41,3,-5.5,5.9,31,7,0,25.1,CERTIFIED DAWG,graded,pbp,61,40,0.4482,0.0822,13,ok,0,20,5,0,0,17,1,0,Night
v3.0,2023,2023-10-21,Baylor,Cincinnati,away,32,29,2.5,-2.7,3,0,0,5.7,AS EXPECTED,graded,pbp,69,74,-0.2332,-0.0374,-10,ok,0,9,5,2,4,-14,0,0,Road · Full house
v3.0,2023,2023-10-21,Miami,Clemson,home,28,20,6.0,-6.4,8,0,0,14.4,DAWG,graded,pbp,62,54,0.0987,-0.0896,8,ok,8,10,6,1,3,,3,1,Night
v3.0,2023,2023-10-21,Stanford,UCLA,home,7,42,17.0,-16.5,-35,7,7,-18.5,SOFT,graded,pbp,44,67,-0.4203,-0.254,-7,ok,0,0,3,0,1,,0,2,Night · Ranked opponent
v3.0,2023,2023-10-21,Houston,Texas,home,24,31,23.5,-21.1,-7,0,0,14.1,DAWG,graded,pbp,64,69,-0.0127,-0.3511,16,ok,0,17,5,0,3,,0,2,Top-10 opponent
v3.0,2023,2023-10-21,Oregon,Washington State,home,38,24,-19.5,18.1,14,0,0,-4.1,AS EXPECTED,graded,pbp,57,71,0.3716,0.2913,4,ok,0,21,6,3,3,3,0,0,Group of 5 opponent
v3.0,2023,2023-10-21,Texas,Houston,away,31,24,-23.5,21.1,7,0,0,-14.1,SOFT,graded,pbp,69,64,0.0127,0.3511,-16,ok,0,17,6,1,2,-7,2,0,Road · Full house
v3.0,2023,2023-10-21,BYU,Texas Tech,home,27,14,3.0,-3.2,13,0,0,16.2,DAWG,graded,pbp,56,77,-0.1687,-0.0448,-6,ok,0,3,8,1,1,-1,4,0,
v3.0,2023,2023-10-21,Utah,USC,away,34,32,7.5,-8.0,2,0,0,10.0,AS EXPECTED,graded,pbp,69,58,-0.1666,-0.1121,-3,ok,0,14,5,3,5,-12,1,1,Road · Ranked opponent
v3.0,2023,2023-10-21,South Carolina,Missouri,away,12,34,7.5,-8.0,-22,0,0,-14.0,SOFT,graded,pbp,68,65,-0.2963,-0.1121,-9,ok,0,3,4,0,1,,0,1,Road · Full house · Ranked opponent
v3.0,2023,2023-10-21,Virginia,North Carolina,away,31,27,24.0,-21.5,4,0,0,25.5,CERTIFIED DAWG,graded,pbp,82,77,0.0309,-0.3586,22,ok,0,17,8,1,4,,1,2,Road · Full house · Top-10 opponent
v3.0,2023,2023-10-21,UCLA,Stanford,away,42,7,-17.0,16.5,35,7,7,18.5,DAWG,graded,pbp,67,44,0.4203,0.254,7,ok,0,21,6,0,0,21,2,0,Road · Night
v3.0,2023,2023-10-21,TCU,Kansas State,away,3,41,5.5,-5.9,-31,0,7,-25.1,CERTIFIED SOFT,graded,pbp,40,61,-0.4482,-0.0822,-13,ok,0,0,1,0,1,,0,1,Road · Night · Full house
v3.0,2023,2023-10-21,Tennessee,Alabama,away,20,34,8.5,-9.1,-14,0,0,-4.9,AS EXPECTED,graded,pbp,78,63,-0.0942,-0.127,2,ok,0,13,6,0,5,-24,2,1,Road · Full house · Ranked opponent
v3.0,2023,2023-10-21,Washington,Arizona State,home,15,7,-28.0,24.6,8,0,0,-16.6,SOFT,graded,pbp,54,77,-0.0702,0.4183,-23,ok,0,6,8,1,1,,1,4,Night
v3.0,2023,2023-10-21,Texas Tech,BYU,away,14,27,-3.0,3.2,-13,0,0,-16.2,SOFT,graded,pbp,77,56,0.1687,0.0448,6,ok,0,14,6,0,1,,0,4,Road · Full house
v3.0,2023,2023-10-21,Wisconsin,Illinois,away,25,21,-3.0,3.2,4,0,0,0.8,AS EXPECTED,graded,pbp,79,68,0.0703,0.0448,1,ok,0,14,6,0,1,,0,1,Road
v3.0,2023,2023-10-21,West Virginia,Oklahoma State,home,34,48,-3.0,3.2,-14,0,0,-17.2,SOFT,graded,pbp,74,69,-0.2818,0.0448,-17,ok,0,3,3,3,5,,2,3,
v3.0,2023,2023-10-21,USC,Utah,home,32,34,-7.5,8.0,-2,0,0,-10.0,AS EXPECTED,graded,pbp,58,69,0.1666,0.1121,3,ok,0,14,4,2,4,,1,1,Ranked opponent
v3.0,2023,2023-10-21,Alabama,Tennessee,home,34,20,-8.5,9.1,14,0,0,4.9,AS EXPECTED,graded,pbp,63,78,0.0942,0.127,-2,ok,0,20,8,0,1,0,1,2,Ranked opponent
v3.0,2023,2023-10-21,Mississippi State,Arkansas,away,7,3,7.0,-7.5,4,0,0,11.5,AS EXPECTED,graded,pbp,48,68,0.0749,-0.1046,8,ok,0,7,9,0,1,,2,1,Road · Full house
v3.0,2023,2023-10-21,Illinois,Wisconsin,home,21,25,3.0,-3.2,-4,0,0,-0.8,AS EXPECTED,graded,pbp,68,79,-0.0703,-0.0448,-1,ok,0,21,6,0,2,-18,1,0,
v3.0,2023,2023-10-21,Florida State,Duke,home,38,20,-14.0,14.4,18,0,0,3.6,AS EXPECTED,graded,pbp,68,57,0.3783,0.2092,8,ok,0,24,6,0,1,7,1,0,Night · Ranked opponent
v3.0,2023,2023-10-21,Georgia Tech,Boston College,home,23,38,-6.0,6.4,-15,0,0,-21.4,SOFT,graded,pbp,66,70,-0.2812,0.0896,-18,ok,0,17,6,1,4,,1,3,
v3.0,2023,2023-10-21,Northwestern,Nebraska,away,9,17,10.5,-11.2,-8,0,0,3.2,AS EXPECTED,graded,pbp,60,56,0.0071,-0.1569,7,ok,0,6,9,0,2,,2,1,Road · Full house
v3.0,2023,2023-10-21,Arkansas,Mississippi State,home,3,7,-7.0,7.5,-4,0,0,-11.5,AS EXPECTED,graded,pbp,68,48,-0.0749,0.1046,-8,ok,0,3,9,0,1,,1,2,
v3.0,2023,2023-10-21,Indiana,Rutgers,home,14,31,6.0,-6.4,-17,0,0,-10.6,AS EXPECTED,graded,pbp,60,66,-0.1246,-0.0896,-2,ok,0,7,4,0,3,,0,0,
v3.0,2023,2023-10-21,Arizona State,Washington,away,7,15,28.0,-24.6,-8,0,0,16.6,DAWG,graded,pbp,77,54,0.0702,-0.4183,23,ok,0,7,7,0,2,,4,1,Road · Night · Full house · Top-10 opponent
v3.0,2023,2023-10-21,LSU,Army,home,62,0,-33.0,27.7,38,24,0,10.3,AS EXPECTED,graded,pbp,29,35,1.2252,0.493,17,ok,0,21,4,0,0,24,4,0,Night · Group of 5 opponent
v3.0,2023,2023-10-26,Syracuse,Virginia Tech,away,10,38,2.5,-2.7,-32,7,3,-29.3,CERTIFIED SOFT,graded,pbp,27,59,-0.5878,-0.0374,-17,ok,0,0,0,0,1,,0,0,Road · Night · Full house
v3.0,2023,2023-10-26,Virginia Tech,Syracuse,home,38,10,-2.5,2.7,32,3,7,29.3,CERTIFIED DAWG,graded,pbp,59,27,0.5878,0.0374,17,ok,0,23,5,0,0,22,0,0,Night
v3.0,2023,2023-10-28,Boston College,UConn,home,21,14,-14.5,14.8,7,0,0,-7.8,AS EXPECTED,graded,pbp,84,46,0.0486,0.2166,-8,ok,0,14,5,1,2,-7,0,2,Group of 5 opponent
v3.0,2023,2023-10-28,Arizona,Oregon State,home,27,24,3.0,-3.2,3,0,0,6.2,AS EXPECTED,graded,pbp,62,62,-0.0317,-0.0448,1,ok,0,21,4,1,3,-7,0,2,Night · Ranked opponent · Group of 5 opponent
v3.0,2023,2023-10-28,Maryland,Northwestern,away,27,33,-14.0,14.4,-6,0,0,-20.4,SOFT,graded,pbp,73,61,-0.1683,0.2092,-18,ok,0,3,4,1,3,,0,2,Road
v3.0,2023,2023-10-28,Michigan State,Minnesota,away,12,27,6.5,-7.0,-15,0,0,-8.0,AS EXPECTED,graded,pbp,55,70,-0.1517,-0.0971,-2,ok,0,6,7,0,1,,3,2,Road
v3.0,2023,2023-10-28,Minnesota,Michigan State,home,27,12,-6.5,7.0,15,0,0,8.0,AS EXPECTED,graded,pbp,70,55,0.1517,0.0971,2,ok,0,20,8,1,3,4,2,3,
v3.0,2023,2023-10-28,Ole Miss,Vanderbilt,home,33,7,-24.0,21.5,26,0,0,4.5,AS EXPECTED,graded,pbp,60,50,0.4796,0.3586,5,ok,0,27,5,0,0,16,2,1,Night
v3.0,2023,2023-10-28,Duke,Louisville,away,0,23,4.5,-4.8,-23,0,0,-18.2,SOFT,graded,pbp,36,51,-0.5333,-0.0672,-15,ok,0,0,4,0,1,,0,1,Road · Ranked opponent
v3.0,2023,2023-10-28,NC State,Clemson,home,24,17,10.0,-10.7,7,0,0,17.7,DAWG,graded,pbp,46,79,-0.2348,-0.1494,-4,ok,0,17,9,0,2,-3,2,0,
v3.0,2023,2023-10-28,North Carolina,Georgia Tech,away,42,46,-12.0,12.6,-4,0,0,-16.6,SOFT,graded,pbp,71,78,-0.008,0.1793,-10,ok,0,21,5,3,7,-18,1,1,Road · Night
v3.0,2023,2023-10-28,Wake Forest,Florida State,home,16,41,21.0,-19.2,-25,0,0,-5.8,AS EXPECTED,graded,pbp,56,59,-0.2693,-0.3138,2,ok,0,7,6,0,1,,0,0,Top-10 opponent
v3.0,2023,2023-10-28,Nebraska,Purdue,home,31,14,1.5,-1.6,23,0,6,24.6,CERTIFIED DAWG,graded,pbp,54,54,0.3624,-0.0224,15,ok,0,17,10,0,0,9,3,3,
v3.0,2023,2023-10-28,Ohio State,Wisconsin,away,24,10,-14.5,14.8,14,0,0,-0.8,AS EXPECTED,graded,pbp,66,64,0.2025,0.2166,-1,ok,0,17,9,2,2,4,1,2,Road · Night · Full house
v3.0,2023,2023-10-28,Oklahoma State,Cincinnati,home,45,13,-7.0,7.5,31,7,6,23.5,DAWG,graded,pbp,55,54,0.4294,0.1046,13,ok,0,31,11,0,1,21,2,2,Night
v3.0,2023,2023-10-28,Auburn,Mississippi State,home,27,13,-6.5,7.0,14,0,0,7.0,AS EXPECTED,graded,pbp,62,66,0.0862,0.0971,-1,ok,0,10,6,1,1,3,1,0,
v3.0,2023,2023-10-28,Oklahoma,Kansas,away,33,38,-7.5,8.0,-5,0,0,-13.0,SOFT,graded,pbp,74,73,-0.0093,0.1121,-6,ok,0,14,5,1,4,,2,2,Road · Full house
v3.0,2023,2023-10-28,UCF,West Virginia,home,28,41,-6.5,7.0,-13,0,0,-20.0,SOFT,graded,pbp,69,73,-0.0443,0.0971,-7,ok,0,0,2,1,2,,1,4,
v3.0,2023,2023-10-28,Penn State,Indiana,home,33,24,-31.0,26.6,9,0,0,-17.6,SOFT,graded,pbp,73,51,-0.0852,0.4632,-25,ok,0,10,7,1,4,-1,1,1,
v3.0,2023,2023-10-28,Cincinnati,Oklahoma State,away,13,45,7.0,-7.5,-31,6,7,-23.5,SOFT,graded,pbp,54,55,-0.4294,-0.1046,-13,ok,0,14,6,0,2,,2,2,Road · Night · Full house
v3.0,2023,2023-10-28,Pittsburgh,Notre Dame,away,7,58,21.0,-19.2,-31,7,27,-11.8,AS EXPECTED,graded,pbp,34,37,-0.5936,-0.3138,-7,ok,0,0,4,0,1,,3,4,Road · Full house · Ranked opponent
v3.0,2023,2023-10-28,Clemson,NC State,away,17,24,-10.0,10.7,-7,0,0,-17.7,SOFT,graded,pbp,79,46,0.2348,0.1494,4,ok,0,3,9,0,1,,0,2,Road · Full house
v3.0,2023,2023-10-28,Kansas,Oklahoma,home,38,33,7.5,-8.0,5,0,0,13.0,DAWG,graded,pbp,73,74,0.0093,-0.1121,6,ok,0,17,4,3,5,-9,2,2,Top-10 opponent
v3.0,2023,2023-10-28,Kansas State,Houston,home,41,0,-17.5,16.9,35,6,0,18.1,DAWG,graded,pbp,54,39,0.4441,0.2615,6,ok,0,21,4,0,0,21,1,1,
v3.0,2023,2023-10-28,Vanderbilt,Ole Miss,away,7,33,24.0,-21.5,-26,0,0,-4.5,AS EXPECTED,graded,pbp,50,60,-0.4796,-0.3586,-5,ok,0,0,1,0,1,,1,2,Road · Night · Ranked opponent
v3.0,2023,2023-10-28,Baylor,Iowa State,home,18,30,3.0,-3.2,-12,0,0,-8.8,AS EXPECTED,graded,pbp,66,65,-0.0713,-0.0448,-1,ok,0,14,5,0,1,,2,2,
v3.0,2023,2023-10-28,Miami,Virginia,home,29,26,-18.5,17.5,3,0,0,-14.5,SOFT,graded,pbp,53,80,-0.0806,0.2764,-17,ok,4,10,4,2,5,,1,2,
v3.0,2023,2023-10-28,Stanford,Washington,home,33,42,27.5,-24.2,-9,0,0,15.2,DAWG,graded,pbp,80,63,-0.0197,-0.4109,20,ok,0,24,7,1,5,,2,0,Top-10 opponent
v3.0,2023,2023-10-28,Texas A&M,South Carolina,home,30,17,-17.0,16.5,13,0,0,-3.5,AS EXPECTED,graded,pbp,70,61,0.2705,0.254,1,ok,0,27,7,1,2,-1,1,0,
v3.0,2023,2023-10-28,Houston,Kansas State,away,0,41,17.5,-16.9,-35,0,6,-18.1,SOFT,graded,pbp,39,54,-0.4441,-0.2615,-6,ok,0,0,1,0,1,,1,1,Road · Full house
v3.0,2023,2023-10-28,Oregon,Utah,away,35,6,-6.5,7.0,29,0,0,22.0,DAWG,graded,pbp,43,44,0.7448,0.0971,20,ok,0,21,6,1,1,18,2,1,Road · Full house · Ranked opponent
v3.0,2023,2023-10-28,California,USC,home,49,50,10.0,-10.7,-1,0,0,9.7,AS EXPECTED,graded,pbp,79,79,-0.0924,-0.1494,3,ok,0,21,8,1,5,-12,1,3,Ranked opponent
v3.0,2023,2023-10-28,Purdue,Nebraska,away,14,31,-1.5,1.6,-23,6,0,-24.6,CERTIFIED SOFT,graded,pbp,54,54,-0.3624,0.0224,-15,ok,0,7,7,0,1,,3,3,Road · Full house
v3.0,2023,2023-10-28,Texas,BYU,home,35,6,-20.5,18.8,29,0,0,10.2,AS EXPECTED,graded,pbp,60,62,0.3753,0.3063,3,ok,0,21,8,1,2,15,3,2,
v3.0,2023,2023-10-28,BYU,Texas,away,6,35,20.5,-18.8,-29,0,0,-10.2,AS EXPECTED,graded,pbp,62,60,-0.3753,-0.3063,-3,ok,0,6,7,0,1,,2,3,Road · Full house · Top-10 opponent
v3.0,2023,2023-10-28,Utah,Oregon,home,6,35,6.5,-7.0,-29,0,0,-22.0,SOFT,graded,pbp,44,43,-0.7448,-0.0971,-20,ok,0,6,3,0,1,,1,2,Top-10 opponent
v3.0,2023,2023-10-28,SMU,Tulsa,home,69,10,-20.5,18.8,42,24,7,23.2,DAWG,graded,pbp,30,29,1.1979,0.3063,19,ok,0,7,1,0,0,28,2,0,Group of 5 opponent
v3.0,2023,2023-10-28,South Carolina,Texas A&M,away,17,30,17.0,-16.5,-13,0,0,3.5,AS EXPECTED,graded,pbp,61,70,-0.2705,-0.254,-1,ok,0,7,5,0,2,,0,1,Road
v3.0,2023,2023-10-28,Virginia,Miami,away,26,29,18.5,-17.5,-3,0,0,14.5,DAWG,graded,pbp,80,53,0.0806,-0.2764,17,ok,4,17,6,2,4,-13,2,1,Road
v3.0,2023,2023-10-28,UCLA,Colorado,home,28,16,-14.0,14.4,12,0,0,-2.4,AS EXPECTED,graded,pbp,72,67,0.2179,0.2092,0,ok,0,14,7,1,3,0,0,4,
v3.0,2023,2023-10-28,Tennessee,Kentucky,away,33,27,-4.0,4.3,6,0,0,1.7,AS EXPECTED,graded,pbp,67,63,-0.0401,0.0598,-5,ok,0,20,4,3,4,-4,0,0,Road · Night · Full house
v3.0,2023,2023-10-28,Washington,Stanford,away,42,33,-27.5,24.2,9,0,0,-15.2,SOFT,graded,pbp,63,80,0.0197,0.4109,-20,ok,0,28,7,2,5,-5,0,2,Road
v3.0,2023,2023-10-28,Wisconsin,Ohio State,home,10,24,14.5,-14.8,-14,0,0,0.8,AS EXPECTED,graded,pbp,64,66,-0.2025,-0.2166,1,ok,0,3,7,0,2,,2,1,Night · Top-10 opponent
v3.0,2023,2023-10-28,West Virginia,UCF,away,41,28,6.5,-7.0,13,0,0,20.0,DAWG,graded,pbp,73,69,0.0443,-0.0971,7,ok,0,31,6,1,3,3,4,1,Road · Full house
v3.0,2023,2023-10-28,USC,California,away,50,49,-10.0,10.7,1,0,0,-9.7,AS EXPECTED,graded,pbp,79,79,0.0924,0.1494,-3,ok,0,28,9,1,4,-9,3,1,Road
v3.0,2023,2023-10-28,Mississippi State,Auburn,away,13,27,6.5,-7.0,-14,0,0,-7.0,AS EXPECTED,graded,pbp,66,62,-0.0862,-0.0971,1,ok,0,0,5,1,1,,0,1,Road · Full house
v3.0,2023,2023-10-28,Colorado,UCLA,away,16,28,14.0,-14.4,-12,0,0,2.4,AS EXPECTED,graded,pbp,67,72,-0.2179,-0.2092,0,ok,0,6,6,0,2,,4,0,Road · Ranked opponent
v3.0,2023,2023-10-28,Florida State,Wake Forest,away,41,16,-21.0,19.2,25,0,0,5.8,AS EXPECTED,graded,pbp,59,56,0.2693,0.3138,-2,ok,0,20,9,1,1,15,0,0,Road · Full house
v3.0,2023,2023-10-28,Florida,Georgia,neutral,20,43,14.0,-14.4,-29,13,7,-14.6,SOFT,graded,pbp,41,54,-0.5598,-0.2092,-12,ok,0,0,3,0,2,,0,1,Top-10 opponent
v3.0,2023,2023-10-28,Georgia Tech,North Carolina,home,46,42,12.0,-12.6,4,0,0,16.6,DAWG,graded,pbp,78,71,0.008,-0.1793,10,ok,0,28,5,1,2,,1,1,Night · Ranked opponent
v3.0,2023,2023-10-28,Georgia,Florida,neutral,43,20,-14.0,14.4,29,7,13,14.6,DAWG,graded,pbp,54,41,0.5598,0.2092,12,ok,0,31,6,1,1,19,1,0,
v3.0,2023,2023-10-28,Iowa State,Baylor,away,30,18,-3.0,3.2,12,0,0,8.8,AS EXPECTED,graded,pbp,65,66,0.0713,0.0448,1,ok,0,20,8,1,1,2,2,2,Road
v3.0,2023,2023-10-28,Northwestern,Maryland,home,33,27,14.0,-14.4,6,0,0,20.4,DAWG,graded,pbp,61,73,0.1683,-0.2092,18,ok,0,23,6,1,4,-4,2,0,
v3.0,2023,2023-10-28,Indiana,Penn State,away,24,33,31.0,-26.6,-9,0,0,17.6,DAWG,graded,pbp,51,73,0.0852,-0.4632,25,ok,0,24,7,0,4,,1,1,Road · Full house · Top-10 opponent
v3.0,2023,2023-10-28,Notre Dame,Pittsburgh,home,58,7,-21.0,19.2,31,27,7,11.8,AS EXPECTED,graded,pbp,37,34,0.5936,0.3138,7,ok,0,24,7,0,0,17,4,3,
v3.0,2023,2023-10-28,Arizona State,Washington State,home,38,27,4.5,-4.8,11,0,0,15.8,DAWG,graded,pbp,64,70,0.2728,-0.0672,16,ok,0,7,3,4,4,1,0,0,Group of 5 opponent
v3.0,2023,2023-10-28,Kentucky,Tennessee,home,27,33,4.0,-4.3,-6,0,0,-1.7,AS EXPECTED,graded,pbp,63,67,0.0401,-0.0598,5,ok,0,0,2,0,1,,0,0,Night · Ranked opponent
v3.0,2023,2023-10-28,Louisville,Duke,home,23,0,-4.5,4.8,23,0,0,18.2,DAWG,graded,pbp,51,36,0.5333,0.0672,15,ok,0,20,8,0,0,9,1,0,Ranked opponent
v3.0,2023,2023-11-02,Duke,Wake Forest,home,24,21,-6.5,7.0,3,0,0,-4.0,AS EXPECTED,graded,pbp,58,66,-0.1761,0.0971,-12,ok,0,17,9,1,3,,2,2,Night
v3.0,2023,2023-11-02,Wake Forest,Duke,away,21,24,6.5,-7.0,-3,0,0,4.0,AS EXPECTED,graded,pbp,66,58,0.1761,-0.0971,12,ok,0,21,9,0,2,,2,2,Road · Night
v3.0,2023,2023-11-02,TCU,Texas Tech,away,28,35,2.5,-2.7,-7,0,0,-4.3,AS EXPECTED,graded,pbp,76,77,0.056,-0.0374,5,ok,0,14,5,1,3,,0,2,Road · Night
v3.0,2023,2023-11-02,Texas Tech,TCU,home,35,28,-2.5,2.7,7,0,0,4.3,AS EXPECTED,graded,pbp,77,76,-0.056,0.0374,-5,ok,0,31,6,1,4,-3,2,0,Night
v3.0,2023,2023-11-03,Boston College,Syracuse,away,17,10,-1.5,1.6,7,0,0,5.4,AS EXPECTED,graded,pbp,94,50,0.2095,0.0224,10,ok,0,17,8,0,2,,4,2,Road · Night
v3.0,2023,2023-11-03,Syracuse,Boston College,home,10,17,1.5,-1.6,-7,0,0,-5.4,AS EXPECTED,graded,pbp,50,94,-0.2095,-0.0224,-10,ok,0,10,8,0,3,,2,4,Night
v3.0,2023,2023-11-04,Arizona,UCLA,home,27,10,2.5,-2.7,17,0,0,19.7,DAWG,graded,pbp,68,62,0.1427,-0.0374,8,ok,0,17,6,2,2,3,0,1,Night · Ranked opponent
v3.0,2023,2023-11-04,Maryland,Penn State,home,15,51,7.5,-8.0,-31,8,13,-23.0,SOFT,graded,pbp,42,63,-0.4825,-0.1121,-14,ok,0,0,2,0,1,,0,4,Ranked opponent
v3.0,2023,2023-11-04,Michigan State,Nebraska,home,20,17,3.0,-3.2,3,0,0,6.2,AS EXPECTED,graded,pbp,55,67,0.0944,-0.0448,6,ok,0,10,9,1,2,-7,3,0,
v3.0,2023,2023-11-04,Michigan,Purdue,home,41,13,-31.0,26.6,28,7,7,1.4,AS EXPECTED,graded,pbp,58,41,0.4368,0.4632,-1,ok,0,34,8,0,0,14,1,0,Night
v3.0,2023,2023-11-04,Minnesota,Illinois,home,26,27,-2.5,2.7,-1,0,0,-3.7,AS EXPECTED,graded,pbp,57,70,0.0189,0.0374,-1,ok,0,13,7,2,4,,3,0,
v3.0,2023,2023-11-04,Missouri,Georgia,away,21,30,14.0,-14.4,-9,0,0,5.4,AS EXPECTED,graded,pbp,63,65,0.0255,-0.2092,11,ok,0,3,3,1,4,,0,2,Road · Full house · Top-10 opponent
v3.0,2023,2023-11-04,Ole Miss,Texas A&M,home,38,35,-3.0,3.2,3,0,0,-0.2,AS EXPECTED,graded,pbp,66,78,0.1031,0.0448,3,ok,0,28,5,0,0,-11,1,0,
v3.0,2023,2023-11-04,NC State,Miami,home,20,6,6.5,-7.0,14,0,0,21.0,DAWG,graded,pbp,46,70,0.1079,-0.0971,9,ok,0,20,8,0,2,3,4,2,Night
v3.0,2023,2023-11-04,North Carolina,Campbell,home,59,7,-38.0,30.1,35,17,0,4.9,AS EXPECTED,graded,pbp,47,51,0.4508,0.5677,-4,ok,0,28,5,0,1,21,3,0,FCS opponent
v3.0,2023,2023-11-04,Nebraska,Michigan State,away,17,20,-3.0,3.2,-3,0,0,-6.2,AS EXPECTED,graded,pbp,67,55,-0.0944,0.0448,-6,ok,0,17,7,0,3,,0,3,Road
v3.0,2023,2023-11-04,Rutgers,Ohio State,home,16,35,19.0,-17.8,-19,0,0,-1.2,AS EXPECTED,graded,pbp,67,55,-0.2905,-0.2839,0,ok,0,9,6,0,2,,1,1,Top-10 opponent
v3.0,2023,2023-11-04,Ohio State,Rutgers,away,35,16,-19.0,17.8,19,0,0,1.2,AS EXPECTED,graded,pbp,55,67,0.2905,0.2839,0,ok,0,21,6,2,4,7,1,1,Road · Full house
v3.0,2023,2023-11-04,Oklahoma State,Oklahoma,home,27,24,6.0,-6.4,3,0,0,9.4,AS EXPECTED,graded,pbp,81,64,-0.0389,-0.0896,3,ok,0,20,8,0,4,-7,3,2,Top-10 opponent
v3.0,2023,2023-11-04,Auburn,Vanderbilt,away,31,15,-12.5,13.1,16,0,0,2.9,AS EXPECTED,graded,pbp,63,62,0.0879,0.1868,-4,ok,0,24,10,0,1,2,0,1,Road
v3.0,2023,2023-11-04,Oklahoma,Oklahoma State,away,24,27,-6.0,6.4,-3,0,0,-9.4,AS EXPECTED,graded,pbp,64,81,0.0389,0.0896,-3,ok,0,7,8,2,4,,2,3,Road · Full house · Ranked opponent
v3.0,2023,2023-11-04,UCF,Cincinnati,away,28,26,-3.5,3.8,2,0,0,-1.8,AS EXPECTED,graded,pbp,61,69,0.0287,0.0523,-1,ok,0,14,4,2,4,-9,2,0,Road · Full house
v3.0,2023,2023-11-04,Penn State,Maryland,away,51,15,-7.5,8.0,31,13,8,23.0,DAWG,graded,pbp,63,42,0.4825,0.1121,14,ok,0,24,6,1,1,17,4,0,Road · Full house
v3.0,2023,2023-11-04,Cincinnati,UCF,home,26,28,3.5,-3.8,-2,0,0,1.8,AS EXPECTED,graded,pbp,69,61,-0.0287,-0.0523,1,ok,0,7,5,2,3,,0,2,
v3.0,2023,2023-11-04,Pittsburgh,Florida State,home,7,24,20.5,-18.8,-17,0,0,1.8,AS EXPECTED,graded,pbp,60,74,-0.2019,-0.3063,5,ok,0,7,9,0,1,,1,4,Top-10 opponent
v3.0,2023,2023-11-04,Clemson,Notre Dame,home,31,23,3.5,-3.8,8,0,0,11.8,AS EXPECTED,graded,pbp,69,61,-0.0826,-0.0523,-1,ok,0,7,8,2,4,-3,2,3,Ranked opponent
v3.0,2023,2023-11-04,Iowa,Northwestern,neutral,10,7,-6.0,6.4,3,0,0,-3.4,AS EXPECTED,graded,pbp,56,61,-0.067,0.0896,-7,ok,0,7,8,1,1,,0,1,
v3.0,2023,2023-11-04,Kansas,Iowa State,away,28,21,2.5,-2.7,7,0,0,9.7,AS EXPECTED,graded,pbp,58,56,0.171,-0.0374,9,ok,0,7,5,1,1,-7,1,0,Road · Night · Full house
v3.0,2023,2023-11-04,Kansas State,Texas,away,30,33,3.0,-3.2,-3,0,0,0.2,AS EXPECTED,graded,pbp,67,71,0.1206,-0.0448,8,ok,7,24,8,0,3,,3,2,Road · Full house · Top-10 opponent
v3.0,2023,2023-11-04,Vanderbilt,Auburn,home,15,31,12.5,-13.1,-16,0,0,-2.9,AS EXPECTED,graded,pbp,62,63,-0.0879,-0.1868,4,ok,0,7,7,0,1,,1,0,
v3.0,2023,2023-11-04,Baylor,Houston,home,24,25,-2.0,2.1,-1,0,0,-3.1,AS EXPECTED,graded,pbp,66,51,0.027,0.0299,0,ok,0,10,5,0,2,,2,1,
v3.0,2023,2023-11-04,Miami,NC State,away,6,20,-6.5,7.0,-14,0,0,-21.0,SOFT,graded,pbp,70,46,-0.1079,0.0971,-9,ok,0,3,7,1,2,,2,4,Road · Night · Full house
v3.0,2023,2023-11-04,Stanford,Washington State,away,10,7,14.0,-14.4,3,0,0,17.4,DAWG,graded,pbp,70,64,0.1021,-0.2092,15,ok,0,10,8,0,1,,1,1,Road · Night · Group of 5 opponent
v3.0,2023,2023-11-04,Texas A&M,Ole Miss,away,35,38,3.0,-3.2,-3,0,0,0.2,AS EXPECTED,graded,pbp,78,66,-0.1031,-0.0448,-3,ok,0,7,4,0,1,,0,1,Road · Full house · Top-10 opponent
v3.0,2023,2023-11-04,Houston,Baylor,away,25,24,2.0,-2.1,1,0,0,3.1,AS EXPECTED,graded,pbp,51,66,-0.027,-0.0299,0,ok,0,7,6,1,3,,1,2,Road
v3.0,2023,2023-11-04,Oregon,California,home,63,19,-26.5,23.5,23,21,0,-0.5,AS EXPECTED,graded,pbp,64,51,0.6558,0.3959,11,ok,0,42,7,1,2,9,3,2,
v3.0,2023,2023-11-04,California,Oregon,away,19,63,26.5,-23.5,-23,0,21,0.5,AS EXPECTED,graded,pbp,51,64,-0.6558,-0.3959,-11,ok,0,3,4,0,2,,2,3,Road · Top-10 opponent
v3.0,2023,2023-11-04,Purdue,Michigan,away,13,41,31.0,-26.6,-28,7,7,-1.4,AS EXPECTED,graded,pbp,41,58,-0.4368,-0.4632,1,ok,0,3,4,0,1,,0,1,Road · Night · Full house · Top-10 opponent
v3.0,2023,2023-11-04,Texas,Kansas State,home,33,30,-3.0,3.2,3,0,0,-0.2,AS EXPECTED,graded,pbp,71,67,-0.1206,0.0448,-8,ok,7,27,10,2,3,-7,2,3,Ranked opponent
v3.0,2023,2023-11-04,BYU,West Virginia,away,7,37,12.5,-13.1,-30,7,7,-16.9,SOFT,graded,pbp,35,47,-0.5562,-0.1868,-11,ok,0,0,1,0,1,,0,1,Road · Night
v3.0,2023,2023-11-04,Utah,Arizona State,home,55,3,-10.0,10.7,31,21,0,20.3,DAWG,graded,pbp,54,39,0.6963,0.1494,18,ok,0,24,5,0,0,17,1,0,
v3.0,2023,2023-11-04,SMU,Rice,away,36,31,-12.5,13.1,5,0,0,-8.1,AS EXPECTED,graded,pbp,79,56,0.1492,0.1868,-2,ok,0,24,8,3,4,-5,3,1,Road · Night · Group of 5 opponent
v3.0,2023,2023-11-04,South Carolina,Jacksonville State,home,38,28,-14.0,14.4,10,0,0,-4.4,AS EXPECTED,graded,pbp,77,83,0.169,0.2092,-2,ok,0,24,10,1,4,0,4,1,Group of 5 opponent
v3.0,2023,2023-11-04,Virginia,Georgia Tech,home,17,45,0.0,-0.0,-35,7,0,-35.0,CERTIFIED SOFT,graded,pbp,53,69,-0.488,-0.0,-22,ok,0,7,2,0,2,,0,3,
v3.0,2023,2023-11-04,Virginia Tech,Louisville,away,3,34,9.0,-9.6,-24,0,7,-14.4,SOFT,graded,pbp,38,39,-0.7144,-0.1345,-16,ok,0,3,2,0,1,,0,1,Road · Ranked opponent
v3.0,2023,2023-11-04,UCLA,Arizona,away,10,27,-2.5,2.7,-17,0,0,-19.7,SOFT,graded,pbp,62,68,-0.1427,0.0374,-8,ok,0,0,3,0,1,,1,0,Road · Night
v3.0,2023,2023-11-04,Tennessee,UConn,home,59,3,-34.5,28.5,32,24,0,3.5,AS EXPECTED,graded,pbp,29,34,0.6767,0.5154,4,ok,0,14,3,1,1,21,3,0,Group of 5 opponent
v3.0,2023,2023-11-04,Washington,USC,away,52,42,-3.0,3.2,10,0,0,6.8,AS EXPECTED,graded,pbp,72,63,0.1208,0.0448,4,ok,0,14,3,6,6,0,1,1,Road · Full house · Ranked opponent
v3.0,2023,2023-11-04,Wisconsin,Indiana,away,14,20,-7.5,8.0,-6,0,0,-14.0,SOFT,graded,pbp,71,72,0.0576,0.1121,-3,ok,0,7,7,0,2,,0,2,Road
v3.0,2023,2023-11-04,West Virginia,BYU,home,37,7,-12.5,13.1,30,7,7,16.9,DAWG,graded,pbp,47,35,0.5562,0.1868,11,ok,0,20,5,0,0,16,1,0,Night
v3.0,2023,2023-11-04,USC,Washington,home,42,52,3.0,-3.2,-10,0,0,-6.8,AS EXPECTED,graded,pbp,63,72,-0.1208,-0.0448,-4,ok,0,14,2,3,6,,1,1,Top-10 opponent
v3.0,2023,2023-11-04,Alabama,LSU,home,42,28,-3.0,3.2,14,0,0,10.8,AS EXPECTED,graded,pbp,69,57,0.1539,0.0448,5,ok,0,21,5,3,3,0,1,0,Night · Ranked opponent
v3.0,2023,2023-11-04,Mississippi State,Kentucky,home,3,24,5.5,-5.9,-21,0,0,-15.1,SOFT,graded,pbp,63,53,-0.1936,-0.0822,-5,ok,0,3,6,0,1,,0,1,Night
v3.0,2023,2023-11-04,Illinois,Minnesota,away,27,26,2.5,-2.7,1,0,0,3.7,AS EXPECTED,graded,pbp,70,57,-0.0189,-0.0374,1,ok,0,7,5,2,5,,0,3,Road
v3.0,2023,2023-11-04,Colorado,Oregon State,home,19,26,13.0,-13.5,-7,0,0,6.5,AS EXPECTED,graded,pbp,58,71,-0.0717,-0.1942,6,ok,0,3,6,0,1,,2,1,Night · Ranked opponent · Group of 5 opponent
v3.0,2023,2023-11-04,Florida State,Pittsburgh,away,24,7,-20.5,18.8,17,0,0,-1.8,AS EXPECTED,graded,pbp,74,60,0.2019,0.3063,-5,ok,0,17,11,1,1,7,4,1,Road
v3.0,2023,2023-11-04,Florida,Arkansas,home,36,39,-3.0,3.2,-3,0,0,-6.2,AS EXPECTED,graded,pbp,66,74,0.1102,0.0448,3,ok,6,21,6,3,6,,2,1,
v3.0,2023,2023-11-04,Georgia Tech,Virginia,away,45,17,0.0,-0.0,35,0,7,35.0,CERTIFIED DAWG,graded,pbp,69,53,0.488,-0.0,22,ok,0,28,6,1,1,25,3,0,Road
v3.0,2023,2023-11-04,Georgia,Missouri,home,30,21,-14.0,14.4,9,0,0,-5.4,AS EXPECTED,graded,pbp,65,63,-0.0255,0.2092,-11,ok,0,10,4,3,4,-2,2,0,Ranked opponent
v3.0,2023,2023-11-04,Iowa State,Kansas,home,21,28,-2.5,2.7,-7,0,0,-9.7,AS EXPECTED,graded,pbp,56,58,-0.171,0.0374,-9,ok,0,7,5,0,1,,0,1,Night · Ranked opponent
v3.0,2023,2023-11-04,Northwestern,Iowa,neutral,7,10,6.0,-6.4,-3,0,0,3.4,AS EXPECTED,graded,pbp,61,56,0.067,-0.0896,7,ok,0,7,8,0,1,,1,0,
v3.0,2023,2023-11-04,Arkansas,Florida,away,39,36,3.0,-3.2,3,0,0,6.2,AS EXPECTED,graded,pbp,74,66,-0.1102,-0.0448,-3,ok,6,6,6,4,6,-11,1,2,Road · Full house
v3.0,2023,2023-11-04,Indiana,Wisconsin,home,20,14,7.5,-8.0,6,0,0,14.0,DAWG,graded,pbp,72,71,-0.0576,-0.1121,3,ok,0,6,8,1,2,-4,2,0,
v3.0,2023,2023-11-04,Notre Dame,Clemson,away,23,31,-3.5,3.8,-8,0,0,-11.8,AS EXPECTED,graded,pbp,61,69,0.0826,0.0523,1,ok,0,7,8,1,2,,3,2,Road · Full house
v3.0,2023,2023-11-04,Arizona State,Utah,away,3,55,10.0,-10.7,-31,0,21,-20.3,SOFT,graded,pbp,39,54,-0.6963,-0.1494,-18,ok,0,0,2,0,1,,0,1,Road · Full house · Ranked opponent
v3.0,2023,2023-11-04,Kentucky,Mississippi State,away,24,3,-5.5,5.9,21,0,0,15.1,DAWG,graded,pbp,53,63,0.1936,0.0822,5,ok,0,17,9,0,1,10,1,0,Road · Night
v3.0,2023,2023-11-04,Louisville,Virginia Tech,home,34,3,-9.0,9.6,24,7,0,14.4,DAWG,graded,pbp,39,38,0.7144,0.1345,16,ok,0,28,5,0,0,10,1,0,
v3.0,2023,2023-11-04,LSU,Alabama,away,28,42,3.0,-3.2,-14,0,0,-10.8,AS EXPECTED,graded,pbp,57,69,-0.1539,-0.0448,-5,ok,0,14,3,1,5,,0,1,Road · Night · Full house · Top-10 opponent
v3.0,2023,2023-11-09,Virginia,Louisville,away,24,31,20.5,-18.8,-7,0,0,11.8,AS EXPECTED,graded,pbp,68,59,0.1175,-0.3063,19,ok,0,14,6,1,4,,1,3,Road · Night · Ranked opponent
v3.0,2023,2023-11-09,Louisville,Virginia,home,31,24,-20.5,18.8,7,0,0,-11.8,AS EXPECTED,graded,pbp,59,68,-0.1175,0.3063,-19,ok,0,14,6,2,4,-7,3,1,Night
v3.0,2023,2023-11-10,SMU,North Texas,home,45,21,-21.0,19.2,24,7,7,4.8,AS EXPECTED,graded,pbp,64,53,0.2798,0.3138,-1,ok,0,38,8,1,2,14,2,1,Night · Group of 5 opponent
v3.0,2023,2023-11-11,Boston College,Virginia Tech,home,22,48,2.5,-2.7,-31,15,10,-28.3,CERTIFIED SOFT,graded,pbp,29,54,-0.5103,-0.0374,-14,ok,0,0,1,1,2,,1,2,
v3.0,2023,2023-11-11,Arizona,Colorado,away,34,31,-8.0,8.6,3,0,0,-5.6,AS EXPECTED,graded,pbp,60,63,0.0912,0.1195,-1,ok,0,10,7,4,5,,0,0,Road · Full house
v3.0,2023,2023-11-11,Maryland,Nebraska,away,13,10,-2.0,2.1,3,0,0,0.9,AS EXPECTED,graded,pbp,63,60,0.2554,0.0299,10,ok,0,13,8,0,2,,5,3,Road · Full house
v3.0,2023,2023-11-11,Michigan State,Ohio State,away,3,38,32.5,-27.4,-32,0,3,-4.6,AS EXPECTED,graded,pbp,28,42,-0.6467,-0.4856,-4,ok,0,3,1,0,1,,0,0,Road · Night · Full house · Top-10 opponent
v3.0,2023,2023-11-11,Michigan,Penn State,away,24,15,-4.5,4.8,9,0,0,4.2,AS EXPECTED,graded,pbp,54,57,0.1155,0.0672,2,ok,0,17,7,1,1,-2,1,0,Road · Full house · Top-10 opponent
v3.0,2023,2023-11-11,Minnesota,Purdue,away,30,49,-2.0,2.1,-26,7,0,-28.1,CERTIFIED SOFT,graded,pbp,57,69,-0.3961,0.0299,-19,ok,0,7,3,2,3,,0,0,Road · Full house
v3.0,2023,2023-11-11,Missouri,Tennessee,home,36,7,2.0,-2.1,29,0,0,31.1,CERTIFIED DAWG,graded,pbp,71,44,0.4929,-0.0299,22,ok,0,23,7,1,1,17,3,1,Ranked opponent
v3.0,2023,2023-11-11,Ole Miss,Georgia,away,17,52,11.0,-11.7,-24,3,14,-12.3,SOFT,graded,pbp,48,48,-0.5831,-0.1643,-15,ok,0,0,1,1,3,,1,1,Road · Night · Full house · Top-10 opponent
v3.0,2023,2023-11-11,Duke,North Carolina,away,45,47,10.0,-10.7,-2,0,0,8.7,AS EXPECTED,graded,pbp,63,78,0.0204,-0.1494,9,ok,1,14,2,1,3,,1,0,Road · Night · Full house · Ranked opponent
v3.0,2023,2023-11-11,NC State,Wake Forest,away,26,6,-1.5,1.6,26,0,6,24.4,CERTIFIED DAWG,graded,espn,,,,,,no_pbp,0,0,0,0,0,12,0,0,Road
v3.0,2023,2023-11-11,North Carolina,Duke,home,47,45,-10.0,10.7,2,0,0,-8.7,AS EXPECTED,graded,pbp,78,63,-0.0204,0.1494,-9,ok,1,16,5,4,5,,0,1,Night
v3.0,2023,2023-11-11,Wake Forest,NC State,home,6,26,1.5,-1.6,-26,6,0,-24.4,CERTIFIED SOFT,graded,espn,,,,,,no_pbp,0,0,0,0,0,,0,0,
v3.0,2023,2023-11-11,Nebraska,Maryland,home,10,13,2.0,-2.1,-3,0,0,-0.9,AS EXPECTED,graded,pbp,60,63,-0.2554,-0.0299,-10,ok,0,10,8,0,2,,3,5,
v3.0,2023,2023-11-11,Rutgers,Iowa,away,0,22,1.5,-1.6,-22,0,0,-20.4,SOFT,graded,pbp,41,77,-0.4144,-0.0224,-17,ok,0,0,4,0,2,,1,1,Road · Full house · Ranked opponent
v3.0,2023,2023-11-11,Syracuse,Pittsburgh,neutral,28,13,3.5,-3.8,15,0,0,18.8,DAWG,graded,pbp,74,49,0.3662,-0.0523,19,ok,0,14,8,1,3,0,4,1,
v3.0,2023,2023-11-11,Ohio State,Michigan State,home,38,3,-32.5,27.4,32,3,0,4.6,AS EXPECTED,graded,pbp,42,28,0.6467,0.4856,4,ok,0,14,3,0,0,18,0,0,Night
v3.0,2023,2023-11-11,Oklahoma State,UCF,away,3,45,-2.0,2.1,-35,0,7,-37.1,CERTIFIED SOFT,graded,pbp,42,50,-0.5062,0.0299,-18,ok,0,0,3,0,1,,1,4,Road · Full house
v3.0,2023,2023-11-11,Auburn,Arkansas,away,48,10,2.5,-2.7,31,14,7,33.7,CERTIFIED DAWG,graded,pbp,48,34,0.4582,-0.0374,15,ok,0,27,7,0,0,17,2,2,Road · Full house
v3.0,2023,2023-11-11,Oklahoma,West Virginia,home,59,20,-13.0,13.5,25,14,0,11.5,AS EXPECTED,graded,espn,,,,,,pbp_conflict,0,38,7,1,1,15,2,0,Night
v3.0,2023,2023-11-11,UCF,Oklahoma State,home,45,3,2.0,-2.1,35,7,0,37.1,CERTIFIED DAWG,graded,pbp,50,42,0.5062,-0.0299,18,ok,0,24,6,0,0,21,4,1,Ranked opponent
v3.0,2023,2023-11-11,Penn State,Michigan,home,15,24,4.5,-4.8,-9,0,0,-4.2,AS EXPECTED,graded,pbp,57,54,-0.1155,-0.0672,-2,ok,0,3,5,0,2,,0,1,Top-10 opponent
v3.0,2023,2023-11-11,Cincinnati,Houston,away,24,14,3.0,-3.2,10,0,0,13.2,DAWG,graded,pbp,71,51,0.0816,-0.0448,6,ok,0,17,6,0,1,0,3,0,Road · Night
v3.0,2023,2023-11-11,Pittsburgh,Syracuse,neutral,13,28,-3.5,3.8,-15,0,0,-18.8,SOFT,graded,pbp,49,74,-0.3662,0.0523,-19,ok,0,13,7,0,3,,1,4,
v3.0,2023,2023-11-11,Clemson,Georgia Tech,home,42,21,-14.5,14.8,28,7,14,13.2,DAWG,graded,pbp,73,36,0.6288,0.2166,16,ok,0,28,9,1,1,14,4,1,
v3.0,2023,2023-11-11,Iowa,Rutgers,home,22,0,-1.5,1.6,22,0,0,20.4,DAWG,graded,pbp,77,41,0.4144,0.0224,17,ok,0,23,9,0,0,10,1,1,
v3.0,2023,2023-11-11,Kansas,Texas Tech,home,13,16,-4.0,4.3,-3,0,0,-7.3,AS EXPECTED,graded,pbp,72,71,0.0213,0.0598,-2,ok,0,13,6,0,1,,1,1,
v3.0,2023,2023-11-11,Kansas State,Baylor,home,59,25,-21.0,19.2,33,7,6,13.8,DAWG,graded,pbp,57,48,0.3068,0.3138,0,ok,0,17,4,1,1,19,3,0,
v3.0,2023,2023-11-11,Vanderbilt,South Carolina,away,6,47,13.5,-14.0,-34,6,13,-20.0,SOFT,graded,pbp,56,50,-0.5107,-0.2017,-12,ok,0,0,5,0,1,,1,2,Road · Full house
v3.0,2023,2023-11-11,Baylor,Kansas State,away,25,59,21.0,-19.2,-33,6,7,-13.8,SOFT,graded,pbp,48,57,-0.3068,-0.3138,0,ok,0,0,0,1,2,,0,3,Road · Full house · Ranked opponent
v3.0,2023,2023-11-11,Miami,Florida State,away,20,27,14.5,-14.8,-7,0,0,7.8,AS EXPECTED,graded,pbp,64,62,0.0079,-0.2166,10,ok,0,14,6,0,2,,0,2,Road · Full house · Top-10 opponent
v3.0,2023,2023-11-11,Stanford,Oregon State,away,17,62,21.5,-19.5,-31,7,21,-11.5,AS EXPECTED,graded,pbp,34,43,-0.6032,-0.3212,-8,ok,0,7,1,0,1,,0,4,Road · Ranked opponent · Group of 5 opponent
v3.0,2023,2023-11-11,Texas A&M,Mississippi State,home,51,10,-16.5,16.2,31,10,0,14.8,DAWG,graded,pbp,39,31,0.6476,0.2465,10,ok,0,20,5,0,0,21,4,0,Night
v3.0,2023,2023-11-11,Houston,Cincinnati,home,14,24,-3.0,3.2,-10,0,0,-13.2,SOFT,graded,pbp,51,71,-0.0816,0.0448,-6,ok,0,7,5,0,2,,0,3,Night
v3.0,2023,2023-11-11,Oregon,USC,home,36,27,-16.5,16.2,9,0,0,-7.2,AS EXPECTED,graded,pbp,63,58,0.1665,0.2465,-4,ok,0,24,5,1,1,-3,1,0,Night
v3.0,2023,2023-11-11,California,Washington State,home,42,39,-2.0,2.1,3,0,0,0.9,AS EXPECTED,graded,pbp,56,95,-0.1441,0.0299,-10,ok,0,21,5,1,4,-11,4,2,Group of 5 opponent
v3.0,2023,2023-11-11,Purdue,Minnesota,home,49,30,2.0,-2.1,26,0,7,28.1,CERTIFIED DAWG,graded,pbp,69,57,0.3961,-0.0299,19,ok,0,21,5,3,3,11,0,0,
v3.0,2023,2023-11-11,Texas,TCU,away,29,26,-13.0,13.5,3,0,0,-10.5,AS EXPECTED,graded,pbp,74,64,-0.1426,0.1942,-17,ok,0,17,6,1,2,-10,1,1,Road · Night · Full house
v3.0,2023,2023-11-11,BYU,Iowa State,home,13,45,7.5,-8.0,-32,0,0,-24.0,CERTIFIED SOFT,graded,pbp,35,46,-0.4366,-0.1121,-10,ok,0,7,2,1,1,,0,2,Night
v3.0,2023,2023-11-11,Utah,Washington,away,28,35,9.0,-9.6,-7,0,0,2.6,AS EXPECTED,graded,pbp,54,75,0.0172,-0.1345,7,ok,0,0,4,4,7,,0,2,Road · Full house · Top-10 opponent
v3.0,2023,2023-11-11,South Carolina,Vanderbilt,home,47,6,-13.5,14.0,34,13,6,20.0,DAWG,graded,pbp,50,56,0.5107,0.2017,12,ok,0,28,7,0,0,21,2,1,
v3.0,2023,2023-11-11,Virginia Tech,Boston College,away,48,22,-2.5,2.7,31,10,15,28.3,CERTIFIED DAWG,graded,pbp,54,29,0.5103,0.0374,14,ok,0,24,5,0,1,21,2,1,Road
v3.0,2023,2023-11-11,UCLA,Arizona State,home,7,17,-14.0,14.4,-10,0,0,-24.4,CERTIFIED SOFT,graded,pbp,55,68,-0.1589,0.2092,-16,ok,0,7,7,0,1,,1,1,Night
v3.0,2023,2023-11-11,TCU,Texas,home,26,29,13.0,-13.5,-3,0,0,10.5,AS EXPECTED,graded,pbp,64,74,0.1426,-0.1942,17,ok,0,17,5,1,3,,1,1,Night · Top-10 opponent
v3.0,2023,2023-11-11,Tennessee,Missouri,away,7,36,-2.0,2.1,-29,0,0,-31.1,CERTIFIED SOFT,graded,pbp,44,71,-0.4929,0.0299,-22,ok,0,0,3,1,3,,1,3,Road · Full house · Ranked opponent
v3.0,2023,2023-11-11,Washington,Utah,home,35,28,-9.0,9.6,7,0,0,-2.6,AS EXPECTED,graded,pbp,75,54,-0.0172,0.1345,-7,ok,0,17,5,3,4,,2,0,Ranked opponent
v3.0,2023,2023-11-11,Texas Tech,Kansas,away,16,13,4.0,-4.3,3,0,0,7.3,AS EXPECTED,graded,pbp,71,72,-0.0213,-0.0598,2,ok,0,13,7,1,3,-7,1,1,Road · Full house · Ranked opponent
v3.0,2023,2023-11-11,Wisconsin,Northwestern,home,10,24,-11.0,11.7,-14,0,0,-25.7,CERTIFIED SOFT,graded,pbp,69,63,-0.0966,0.1643,-12,ok,0,7,5,0,1,,0,1,
v3.0,2023,2023-11-11,West Virginia,Oklahoma,away,20,59,13.0,-13.5,-25,0,14,-11.5,AS EXPECTED,graded,espn,,,,,,pbp_conflict,0,7,2,0,2,,0,2,Road · Night · Full house · Ranked opponent
v3.0,2023,2023-11-11,USC,Oregon,away,27,36,16.5,-16.2,-9,0,0,7.2,AS EXPECTED,graded,pbp,58,63,-0.1665,-0.2465,4,ok,0,7,2,1,2,,0,1,Road · Night · Full house · Top-10 opponent
v3.0,2023,2023-11-11,Alabama,Kentucky,away,49,21,-10.5,11.2,28,7,7,16.8,DAWG,graded,pbp,49,46,0.5598,0.1569,14,ok,0,28,6,0,0,14,2,1,Road · Full house
v3.0,2023,2023-11-11,Mississippi State,Texas A&M,away,10,51,16.5,-16.2,-31,0,10,-14.8,SOFT,graded,pbp,31,39,-0.6476,-0.2465,-10,ok,0,0,1,0,1,,0,4,Road · Night · Full house
v3.0,2023,2023-11-11,Illinois,Indiana,home,48,45,-4.5,4.8,3,0,0,-1.8,AS EXPECTED,graded,pbp,67,72,0.3636,0.0672,15,ok,0,24,6,3,4,,2,1,
v3.0,2023,2023-11-11,Colorado,Arizona,home,31,34,8.0,-8.6,-3,0,0,5.6,AS EXPECTED,graded,pbp,63,60,-0.0912,-0.1195,1,ok,0,21,6,2,5,,0,0,Ranked opponent
v3.0,2023,2023-11-11,Florida State,Miami,home,27,20,-14.5,14.8,7,0,0,-7.8,AS EXPECTED,graded,pbp,62,64,-0.0079,0.2166,-10,ok,0,24,8,1,2,-3,2,0,
v3.0,2023,2023-11-11,Florida,LSU,away,35,52,16.5,-16.2,-17,0,0,-0.8,AS EXPECTED,graded,pbp,79,60,-0.4541,-0.2465,-10,ok,0,0,2,1,3,,0,1,Road · Night · Full house · Ranked opponent
v3.0,2023,2023-11-11,Georgia Tech,Clemson,away,21,42,14.5,-14.8,-28,14,7,-13.2,SOFT,graded,pbp,36,73,-0.6288,-0.2166,-16,ok,0,7,5,0,2,,1,4,Road · Full house
v3.0,2023,2023-11-11,Georgia,Ole Miss,home,52,17,-11.0,11.7,24,14,3,12.3,DAWG,graded,pbp,48,48,0.5831,0.1643,15,ok,0,31,6,2,2,10,1,1,Night · Top-10 opponent
v3.0,2023,2023-11-11,Iowa State,BYU,away,45,13,-7.5,8.0,32,0,0,24.0,CERTIFIED DAWG,graded,pbp,46,35,0.4366,0.1121,10,ok,0,35,5,0,1,22,2,0,Road · Night · Full house
v3.0,2023,2023-11-11,Northwestern,Wisconsin,away,24,10,11.0,-11.7,14,0,0,25.7,CERTIFIED DAWG,graded,pbp,63,69,0.0966,-0.1643,12,ok,0,17,7,1,1,3,1,0,Road · Full house
v3.0,2023,2023-11-11,Arkansas,Auburn,home,10,48,-2.5,2.7,-31,7,14,-33.7,CERTIFIED SOFT,graded,pbp,34,48,-0.4582,0.0374,-15,ok,0,3,3,0,1,,2,2,
v3.0,2023,2023-11-11,Indiana,Illinois,away,45,48,4.5,-4.8,-3,0,0,1.8,AS EXPECTED,graded,pbp,72,67,-0.3636,-0.0672,-15,ok,0,14,4,2,5,,1,2,Road
v3.0,2023,2023-11-11,Arizona State,UCLA,away,17,7,14.0,-14.4,10,0,0,24.4,CERTIFIED DAWG,graded,pbp,68,55,0.1589,-0.2092,16,ok,0,10,9,1,1,0,1,1,Road · Night
v3.0,2023,2023-11-11,Kentucky,Alabama,home,21,49,10.5,-11.2,-28,7,7,-16.8,SOFT,graded,pbp,46,49,-0.5598,-0.1569,-14,ok,0,0,3,0,1,,1,2,Top-10 opponent
v3.0,2023,2023-11-11,LSU,Florida,home,52,35,-16.5,16.2,17,0,0,0.8,AS EXPECTED,graded,pbp,60,79,0.4541,0.2465,10,ok,0,31,6,3,5,7,1,0,Night
v3.0,2023,2023-11-16,Boston College,Pittsburgh,away,16,24,2.5,-2.7,-8,0,0,-5.3,AS EXPECTED,graded,pbp,66,52,-0.1842,-0.0374,-6,ok,0,13,5,0,4,,0,1,Road · Night
v3.0,2023,2023-11-16,Pittsburgh,Boston College,home,24,16,-2.5,2.7,8,0,0,5.3,AS EXPECTED,graded,pbp,52,66,0.1842,0.0374,6,ok,0,7,5,3,3,,1,0,Night
v3.0,2023,2023-11-17,Colorado,Washington State,away,14,56,3.5,-3.8,-35,7,14,-31.2,CERTIFIED SOFT,graded,pbp,33,36,-0.5196,-0.0523,-12,ok,0,7,2,0,1,,2,3,Road · Night · Group of 5 opponent
v3.0,2023,2023-11-18,Arizona,Utah,home,42,18,-2.5,2.7,32,0,8,29.3,CERTIFIED DAWG,graded,pbp,54,61,0.4351,0.0374,17,ok,0,21,4,0,0,18,2,0,Ranked opponent
v3.0,2023,2023-11-18,Maryland,Michigan,home,24,31,18.0,-17.2,-7,0,0,10.2,AS EXPECTED,graded,pbp,61,67,0.1808,-0.2689,21,ok,0,3,5,0,1,,1,3,Top-10 opponent
v3.0,2023,2023-11-18,Michigan State,Indiana,away,24,21,3.5,-3.8,3,0,0,6.8,AS EXPECTED,graded,pbp,72,79,-0.0974,-0.0523,-2,ok,0,10,6,1,3,,0,2,Road
v3.0,2023,2023-11-18,Michigan,Maryland,away,31,24,-18.0,17.2,7,0,0,-10.2,AS EXPECTED,graded,pbp,67,61,-0.1808,0.2689,-21,ok,0,14,4,1,3,-4,3,1,Road · Full house
v3.0,2023,2023-11-18,Minnesota,Ohio State,away,3,37,27.5,-24.2,-30,3,7,-5.8,AS EXPECTED,graded,pbp,29,43,-0.6631,-0.4109,-7,ok,0,0,1,0,1,,0,2,Road · Full house · Top-10 opponent
v3.0,2023,2023-11-18,Missouri,Florida,home,33,31,-12.5,13.1,2,0,0,-11.1,AS EXPECTED,graded,pbp,66,64,0.0331,0.1868,-7,ok,0,17,5,3,5,-7,2,0,Night
v3.0,2023,2023-11-18,Ole Miss,UL Monroe,home,35,3,-36.5,29.4,25,7,0,-4.4,AS EXPECTED,graded,pbp,62,47,0.5931,0.5453,2,ok,0,28,7,1,1,14,1,0,Group of 5 opponent
v3.0,2023,2023-11-18,Duke,Virginia,away,27,30,-3.0,3.2,-3,0,0,-6.2,AS EXPECTED,graded,pbp,71,70,-0.0204,0.0448,-3,ok,0,10,5,0,3,,0,2,Road
v3.0,2023,2023-11-18,NC State,Virginia Tech,away,35,28,2.5,-2.7,7,0,0,9.7,AS EXPECTED,graded,pbp,74,46,-0.095,-0.0374,-3,ok,0,14,7,1,2,-7,1,0,Road · Full house
v3.0,2023,2023-11-18,North Carolina,Clemson,away,20,31,7.5,-8.0,-11,0,0,-3.0,AS EXPECTED,graded,pbp,67,89,-0.0437,-0.1121,4,ok,0,7,9,0,1,,2,3,Road · Full house
v3.0,2023,2023-11-18,Wake Forest,Notre Dame,away,7,45,24.0,-21.5,-24,0,14,-2.5,AS EXPECTED,graded,pbp,44,48,-0.3681,-0.3586,0,ok,0,0,3,1,2,,1,1,Road · Full house · Ranked opponent
v3.0,2023,2023-11-18,Nebraska,Wisconsin,away,17,24,7.0,-7.5,-7,0,0,0.5,AS EXPECTED,graded,pbp,57,59,0.0534,-0.1046,7,ok,1,10,6,0,4,-21,0,1,Road · Night
v3.0,2023,2023-11-18,Rutgers,Penn State,away,6,27,19.5,-18.1,-21,0,0,-2.9,AS EXPECTED,graded,pbp,58,53,-0.3141,-0.2913,-1,ok,0,6,4,0,3,,1,3,Road · Full house · Ranked opponent
v3.0,2023,2023-11-18,Syracuse,Georgia Tech,away,22,31,6.0,-6.4,-9,0,0,-2.6,AS EXPECTED,graded,pbp,57,53,-0.003,-0.0896,3,ok,0,14,6,1,2,,2,1,Road · Night
v3.0,2023,2023-11-18,Ohio State,Minnesota,home,37,3,-27.5,24.2,30,7,3,5.8,AS EXPECTED,graded,pbp,43,29,0.6631,0.4109,7,ok,0,20,5,0,0,20,2,0,
v3.0,2023,2023-11-18,Oklahoma State,Houston,away,43,30,-6.5,7.0,13,0,0,6.0,AS EXPECTED,graded,pbp,75,57,0.1466,0.0971,2,ok,0,27,8,2,2,3,1,1,Road
v3.0,2023,2023-11-18,Auburn,New Mexico State,home,10,31,-25.0,22.3,-21,0,0,-43.3,CERTIFIED SOFT,graded,pbp,44,65,-0.3205,0.3735,-27,ok,0,7,2,0,1,,0,0,Group of 5 opponent
v3.0,2023,2023-11-18,Oklahoma,BYU,away,31,24,-25.5,22.7,7,0,0,-15.7,SOFT,graded,pbp,64,63,0.2242,0.381,-7,ok,0,21,5,1,4,,3,0,Road · Full house
v3.0,2023,2023-11-18,UCF,Texas Tech,away,23,24,2.0,-2.1,-1,0,0,1.1,AS EXPECTED,graded,pbp,70,63,0.0696,-0.0299,5,ok,0,7,5,2,3,-15,1,1,Road
v3.0,2023,2023-11-18,Penn State,Rutgers,home,27,6,-19.5,18.1,21,0,0,2.9,AS EXPECTED,graded,pbp,53,58,0.3141,0.2913,1,ok,0,20,7,1,2,7,3,1,
v3.0,2023,2023-11-18,Cincinnati,West Virginia,away,21,42,5.0,-5.4,-35,14,0,-29.6,CERTIFIED SOFT,graded,pbp,42,60,-0.4589,-0.0747,-14,ok,0,0,2,0,1,,1,0,Road
v3.0,2023,2023-11-18,Clemson,North Carolina,home,31,20,-7.5,8.0,11,0,0,3.0,AS EXPECTED,graded,pbp,89,67,0.0437,0.1121,-4,ok,0,24,11,1,2,-3,3,2,Ranked opponent
v3.0,2023,2023-11-18,Iowa,Illinois,home,15,13,-3.0,3.2,2,0,0,-1.2,AS EXPECTED,graded,pbp,65,69,0.0451,0.0448,0,ok,0,7,6,1,3,,0,0,
v3.0,2023,2023-11-18,Kansas,Kansas State,home,27,31,7.0,-7.5,-4,0,0,3.5,AS EXPECTED,graded,pbp,57,62,0.0873,-0.1046,8,ok,0,14,3,1,4,-15,1,2,Night · Ranked opponent
v3.0,2023,2023-11-18,Kansas State,Kansas,away,31,27,-7.0,7.5,4,0,0,-3.5,AS EXPECTED,graded,pbp,62,57,-0.0873,0.1046,-8,ok,0,7,3,1,2,,2,1,Road · Night · Full house · Ranked opponent
v3.0,2023,2023-11-18,Baylor,TCU,away,17,42,13.0,-13.5,-25,0,0,-11.5,AS EXPECTED,graded,pbp,58,56,-0.531,-0.1942,-14,ok,0,7,2,1,2,,1,0,Road
v3.0,2023,2023-11-18,Miami,Louisville,home,31,38,0.0,-0.0,-7,0,0,-7.0,AS EXPECTED,graded,pbp,65,71,-0.1662,-0.0,-8,ok,0,21,5,2,5,,1,0,Top-10 opponent
v3.0,2023,2023-11-18,Stanford,California,home,15,27,6.5,-7.0,-12,0,0,-5.0,AS EXPECTED,graded,pbp,57,83,-0.1311,-0.0971,-2,ok,0,6,6,1,1,,1,0,
v3.0,2023,2023-11-18,Texas A&M,Abilene Christian,home,38,10,-42.0,31.7,28,0,0,-3.7,AS EXPECTED,graded,pbp,66,57,0.2527,0.6275,-17,ok,0,24,10,1,1,18,0,1,FCS opponent
v3.0,2023,2023-11-18,Houston,Oklahoma State,home,30,43,6.5,-7.0,-13,0,0,-6.0,AS EXPECTED,graded,pbp,57,75,-0.1466,-0.0971,-2,ok,0,0,3,2,5,-24,1,1,Ranked opponent
v3.0,2023,2023-11-18,Oregon,Arizona State,away,49,13,-24.5,21.9,42,7,13,20.1,DAWG,graded,pbp,41,31,0.8417,0.366,12,ok,0,21,3,0,0,28,1,2,Road
v3.0,2023,2023-11-18,California,Stanford,away,27,15,-6.5,7.0,12,0,0,5.0,AS EXPECTED,graded,pbp,83,57,0.1311,0.0971,2,ok,0,14,6,2,4,1,0,1,Road · Full house
v3.0,2023,2023-11-18,Purdue,Northwestern,away,15,23,2.5,-2.7,-8,0,0,-5.3,AS EXPECTED,graded,pbp,77,58,-0.0271,-0.0374,1,ok,0,7,7,0,1,,1,3,Road
v3.0,2023,2023-11-18,Texas,Iowa State,away,26,16,-7.0,7.5,10,0,0,2.5,AS EXPECTED,graded,pbp,65,53,-0.011,0.1046,-5,ok,0,20,6,1,3,0,1,1,Road · Night · Full house
v3.0,2023,2023-11-18,BYU,Oklahoma,home,24,31,25.5,-22.7,-7,0,0,15.7,DAWG,graded,pbp,63,64,-0.2242,-0.381,7,ok,0,0,5,4,5,,0,3,Ranked opponent
v3.0,2023,2023-11-18,Utah,Arizona,away,18,42,2.5,-2.7,-32,8,0,-29.3,CERTIFIED SOFT,graded,pbp,61,54,-0.4351,-0.0374,-17,ok,0,3,3,0,1,,0,2,Road · Full house · Ranked opponent
v3.0,2023,2023-11-18,SMU,Memphis,away,38,34,-9.5,10.2,4,0,0,-6.2,AS EXPECTED,graded,pbp,66,72,0.0787,0.1419,-3,ok,0,21,4,2,5,-6,1,0,Road · Group of 5 opponent
v3.0,2023,2023-11-18,South Carolina,Kentucky,home,17,14,-2.0,2.1,3,0,0,0.9,AS EXPECTED,graded,pbp,60,60,0.1296,0.0299,4,ok,0,17,8,0,2,-7,3,0,Night
v3.0,2023,2023-11-18,Virginia,Duke,home,30,27,3.0,-3.2,3,0,0,6.2,AS EXPECTED,graded,pbp,70,71,0.0204,-0.0448,3,ok,0,24,7,3,3,-11,2,0,
v3.0,2023,2023-11-18,Virginia Tech,NC State,home,28,35,-2.5,2.7,-7,0,0,-9.7,AS EXPECTED,graded,pbp,46,74,0.095,0.0374,3,ok,0,14,6,0,1,,0,1,
v3.0,2023,2023-11-18,UCLA,USC,away,38,20,5.0,-5.4,25,0,7,30.4,CERTIFIED DAWG,graded,pbp,76,54,0.1513,-0.0747,11,ok,0,21,7,0,1,11,3,0,Road · Full house
v3.0,2023,2023-11-18,TCU,Baylor,home,42,17,-13.0,13.5,25,0,0,11.5,AS EXPECTED,graded,pbp,56,58,0.531,0.1942,14,ok,0,28,5,1,2,14,0,1,
v3.0,2023,2023-11-18,Tennessee,Georgia,home,10,38,9.0,-9.6,-28,0,0,-18.4,SOFT,graded,pbp,36,58,-0.409,-0.1345,-9,ok,0,0,2,0,2,,1,0,Top-10 opponent
v3.0,2023,2023-11-18,Washington,Oregon State,away,22,20,1.0,-1.1,2,0,0,3.1,AS EXPECTED,graded,pbp,53,72,-0.0679,-0.0149,-2,ok,0,7,3,1,4,-7,2,1,Road · Night · Ranked opponent · Group of 5 opponent
v3.0,2023,2023-11-18,Texas Tech,UCF,home,24,23,-2.0,2.1,1,0,0,-1.1,AS EXPECTED,graded,pbp,63,70,-0.0696,0.0299,-5,ok,0,14,5,1,3,,1,1,
v3.0,2023,2023-11-18,Wisconsin,Nebraska,home,24,17,-7.0,7.5,7,0,0,-0.5,AS EXPECTED,graded,pbp,59,57,-0.0534,0.1046,-7,ok,1,17,7,1,2,,1,0,Night
v3.0,2023,2023-11-18,West Virginia,Cincinnati,home,42,21,-5.0,5.4,35,0,14,29.6,CERTIFIED DAWG,graded,pbp,60,42,0.4589,0.0747,14,ok,0,28,5,0,0,21,0,1,
v3.0,2023,2023-11-18,USC,UCLA,home,20,38,-5.0,5.4,-25,7,0,-30.4,CERTIFIED SOFT,graded,pbp,54,76,-0.1513,0.0747,-11,ok,0,10,5,0,1,,0,3,
v3.0,2023,2023-11-18,Alabama,Chattanooga,home,66,10,-44.5,32.7,38,21,3,5.3,AS EXPECTED,graded,pbp,42,25,0.7431,0.6649,2,ok,0,21,4,0,0,24,1,0,FCS opponent
v3.0,2023,2023-11-18,Mississippi State,Southern Miss,home,41,20,-18.0,17.2,21,0,0,3.8,AS EXPECTED,graded,pbp,69,62,0.317,0.2689,2,ok,0,23,9,0,1,12,2,0,Group of 5 opponent
v3.0,2023,2023-11-18,Illinois,Iowa,away,13,15,3.0,-3.2,-2,0,0,1.2,AS EXPECTED,graded,pbp,69,65,-0.0451,-0.0448,0,ok,0,6,8,1,3,,0,0,Road · Full house · Ranked opponent
v3.0,2023,2023-11-18,Florida State,North Alabama,home,58,13,-47.5,33.9,25,20,0,-8.9,AS EXPECTED,graded,pbp,53,48,0.476,0.7097,-9,ok,0,42,9,0,1,14,2,0,Night · FCS opponent
v3.0,2023,2023-11-18,Florida,Missouri,away,31,33,12.5,-13.1,-2,0,0,11.1,AS EXPECTED,graded,pbp,64,66,-0.0331,-0.1868,7,ok,0,3,4,2,4,,0,2,Road · Night · Full house · Top-10 opponent
v3.0,2023,2023-11-18,Georgia Tech,Syracuse,home,31,22,-6.0,6.4,9,0,0,2.6,AS EXPECTED,graded,pbp,53,57,0.003,0.0896,-3,ok,0,10,5,1,3,-2,1,2,Night
v3.0,2023,2023-11-18,Georgia,Tennessee,away,38,10,-9.0,9.6,28,0,0,18.4,DAWG,graded,pbp,58,36,0.409,0.1345,9,ok,0,35,6,1,1,18,0,1,Road · Full house · Ranked opponent
v3.0,2023,2023-11-18,Iowa State,Texas,home,16,26,7.0,-7.5,-10,0,0,-2.5,AS EXPECTED,graded,pbp,53,65,0.011,-0.1046,5,ok,0,3,5,0,3,,1,1,Night · Top-10 opponent
v3.0,2023,2023-11-18,Northwestern,Purdue,home,23,15,-2.5,2.7,8,0,0,5.3,AS EXPECTED,graded,pbp,58,77,0.0271,0.0374,-1,ok,0,14,9,1,1,-1,3,1,
v3.0,2023,2023-11-18,Arkansas,Florida International,home,44,20,-26.5,23.5,24,0,0,0.5,AS EXPECTED,graded,pbp,74,50,0.2064,0.3959,-9,ok,0,30,8,1,2,13,2,0,Night · Group of 5 opponent
v3.0,2023,2023-11-18,Indiana,Michigan State,home,21,24,-3.5,3.8,-3,0,0,-6.8,AS EXPECTED,graded,pbp,79,72,0.0974,0.0523,2,ok,0,7,6,1,4,,2,0,
v3.0,2023,2023-11-18,Notre Dame,Wake Forest,home,45,7,-24.0,21.5,24,14,0,2.5,AS EXPECTED,graded,pbp,48,44,0.3681,0.3586,0,ok,0,31,6,1,1,14,1,1,
v3.0,2023,2023-11-18,Arizona State,Oregon,home,13,49,24.5,-21.9,-42,13,7,-20.1,SOFT,graded,pbp,31,41,-0.8417,-0.366,-12,ok,0,0,0,0,1,,2,1,Top-10 opponent
v3.0,2023,2023-11-18,Kentucky,South Carolina,away,14,17,2.0,-2.1,-3,0,0,-0.9,AS EXPECTED,graded,pbp,60,60,-0.1296,-0.0299,-4,ok,0,7,7,0,2,,0,3,Road · Night · Full house
v3.0,2023,2023-11-18,Louisville,Miami,away,38,31,0.0,-0.0,7,0,0,7.0,AS EXPECTED,graded,pbp,71,65,0.1662,-0.0,8,ok,0,21,6,2,5,,0,1,Road
v3.0,2023,2023-11-18,LSU,Georgia State,home,56,14,-32.5,27.4,28,14,0,0.6,AS EXPECTED,graded,pbp,40,48,0.6671,0.4856,6,ok,0,21,3,2,2,14,0,0,Night · Group of 5 opponent
v3.0,2023,2023-11-23,Ole Miss,Mississippi State,away,17,7,-10.0,10.7,10,0,0,-0.7,AS EXPECTED,graded,pbp,75,67,0.0635,0.1494,-4,ok,0,10,9,1,1,0,0,0,Road · Night · Full house
v3.0,2023,2023-11-23,Mississippi State,Ole Miss,home,7,17,10.0,-10.7,-10,0,0,0.7,AS EXPECTED,graded,pbp,67,75,-0.0635,-0.1494,4,ok,0,7,8,0,2,,0,0,Night · Ranked opponent
v3.0,2023,2023-11-24,Boston College,Miami,home,20,45,10.0,-10.7,-31,6,0,-20.3,SOFT,graded,pbp,40,75,-0.3952,-0.1494,-10,ok,0,7,3,0,2,,1,2,
v3.0,2023,2023-11-24,Michigan State,Penn State,home,0,42,22.5,-20.3,-28,0,14,-7.7,AS EXPECTED,graded,pbp,36,55,-0.694,-0.3362,-12,ok,0,0,1,0,2,,0,1,Night · Ranked opponent
v3.0,2023,2023-11-24,Missouri,Arkansas,away,48,14,-10.0,10.7,34,14,14,23.3,DAWG,graded,pbp,48,24,0.9968,0.1494,22,ok,0,27,7,0,0,24,4,0,Road
v3.0,2023,2023-11-24,Nebraska,Iowa,home,10,13,-2.5,2.7,-3,0,0,-5.7,AS EXPECTED,graded,pbp,58,68,-0.0102,0.0374,-2,ok,0,3,9,0,1,,1,2,Ranked opponent
v3.0,2023,2023-11-24,Oklahoma,TCU,home,69,45,-10.5,11.2,31,7,14,19.8,DAWG,graded,espn,,,,,,pbp_conflict,0,42,6,1,2,16,0,1,
v3.0,2023,2023-11-24,Penn State,Michigan State,away,42,0,-22.5,20.3,28,14,0,7.7,AS EXPECTED,graded,pbp,55,36,0.694,0.3362,12,ok,0,24,6,0,0,15,1,0,Road · Night · Full house
v3.0,2023,2023-11-24,Iowa,Nebraska,away,13,10,2.5,-2.7,3,0,0,5.7,AS EXPECTED,graded,pbp,68,58,0.0102,-0.0374,2,ok,0,13,9,0,2,-7,2,1,Road · Full house
v3.0,2023,2023-11-24,Miami,Boston College,away,45,20,-10.0,10.7,31,0,6,20.3,DAWG,graded,pbp,75,40,0.3952,0.1494,10,ok,0,24,6,1,1,17,2,1,Road
v3.0,2023,2023-11-24,Oregon,Oregon State,home,31,7,-14.0,14.4,24,0,0,9.6,AS EXPECTED,graded,pbp,58,35,0.439,0.2092,8,ok,0,17,6,1,1,10,1,0,Night · Ranked opponent · Group of 5 opponent
v3.0,2023,2023-11-24,Texas,Texas Tech,home,57,7,-15.5,15.5,29,21,0,13.5,DAWG,graded,pbp,46,43,0.3369,0.2316,3,ok,0,19,8,1,1,19,3,1,Night
v3.0,2023,2023-11-24,TCU,Oklahoma,away,45,69,10.5,-11.2,-31,14,7,-19.8,SOFT,graded,espn,,,,,,pbp_conflict,0,7,2,1,3,,1,0,Road · Full house · Ranked opponent
v3.0,2023,2023-11-24,Texas Tech,Texas,away,7,57,15.5,-15.5,-29,0,21,-13.5,SOFT,graded,pbp,43,46,-0.3369,-0.2316,-3,ok,0,0,3,0,1,,1,3,Road · Night · Full house · Top-10 opponent
v3.0,2023,2023-11-24,Arkansas,Missouri,home,14,48,10.0,-10.7,-34,14,14,-23.3,SOFT,graded,pbp,24,48,-0.9968,-0.1494,-22,ok,0,0,3,0,1,,0,4,Top-10 opponent
v3.0,2023,2023-11-25,Arizona,Arizona State,away,59,23,-13.5,14.0,31,21,16,17.0,DAWG,graded,pbp,39,32,0.8536,0.2017,17,ok,0,28,4,1,1,21,3,1,Road · Full house
v3.0,2023,2023-11-25,Maryland,Rutgers,away,42,24,-2.0,2.1,18,0,0,15.9,DAWG,graded,pbp,59,79,0.118,0.0299,4,ok,0,21,7,0,0,4,1,2,Road
v3.0,2023,2023-11-25,Michigan,Ohio State,home,30,24,-3.0,3.2,6,0,0,2.8,AS EXPECTED,graded,pbp,60,55,-0.0337,0.0448,-3,ok,0,13,5,3,4,-5,2,0,Top-10 opponent
v3.0,2023,2023-11-25,Minnesota,Wisconsin,home,14,28,3.0,-3.2,-14,0,0,-10.8,AS EXPECTED,graded,pbp,59,66,-0.3253,-0.0448,-13,ok,0,7,6,0,3,,1,2,
v3.0,2023,2023-11-25,Duke,Pittsburgh,home,30,19,-4.5,4.8,11,0,0,6.2,AS EXPECTED,graded,pbp,65,63,0.0187,0.0672,-2,ok,0,17,5,2,4,-3,1,1,
v3.0,2023,2023-11-25,NC State,North Carolina,home,39,20,2.5,-2.7,19,0,0,21.7,DAWG,graded,pbp,72,56,-0.1081,-0.0374,-3,ok,0,23,8,0,0,6,3,0,Night
v3.0,2023,2023-11-25,North Carolina,NC State,away,20,39,-2.5,2.7,-19,0,0,-21.7,SOFT,graded,pbp,56,72,0.1081,0.0374,3,ok,0,0,4,0,2,,0,3,Road · Night · Ranked opponent
v3.0,2023,2023-11-25,Wake Forest,Syracuse,away,31,35,1.5,-1.6,-4,0,0,-2.4,AS EXPECTED,graded,pbp,51,75,0.1065,-0.0224,6,ok,0,0,2,2,2,,1,0,Road
v3.0,2023,2023-11-25,Rutgers,Maryland,home,24,42,2.0,-2.1,-18,0,0,-15.9,SOFT,graded,pbp,79,59,-0.118,-0.0299,-4,ok,0,14,6,0,1,,2,1,
v3.0,2023,2023-11-25,Syracuse,Wake Forest,home,35,31,-1.5,1.6,4,0,0,2.4,AS EXPECTED,graded,pbp,75,51,-0.1065,0.0224,-6,ok,0,14,2,2,4,-7,0,1,
v3.0,2023,2023-11-25,Ohio State,Michigan,away,24,30,3.0,-3.2,-6,0,0,-2.8,AS EXPECTED,graded,pbp,55,60,0.0337,-0.0448,3,ok,0,0,3,2,4,,0,2,Road · Full house · Top-10 opponent
v3.0,2023,2023-11-25,Oklahoma State,BYU,home,40,34,-16.5,16.2,6,0,0,-10.2,AS EXPECTED,graded,pbp,80,62,0.148,0.2465,-5,ok,0,24,9,2,4,,1,2,
v3.0,2023,2023-11-25,Auburn,Alabama,home,24,27,13.5,-14.0,-3,0,0,11.0,AS EXPECTED,graded,pbp,58,64,-0.112,-0.2017,4,ok,0,17,5,1,5,,0,2,Top-10 opponent
v3.0,2023,2023-11-25,UCF,Houston,home,27,13,-16.0,15.9,14,0,0,-1.9,AS EXPECTED,graded,pbp,71,54,0.2451,0.239,0,ok,0,7,4,2,2,4,1,0,
v3.0,2023,2023-11-25,Cincinnati,Kansas,home,16,49,7.5,-8.0,-26,0,7,-18.0,SOFT,graded,pbp,63,39,-0.5685,-0.1121,-17,ok,0,7,3,0,1,,0,1,Night
v3.0,2023,2023-11-25,Pittsburgh,Duke,away,19,30,4.5,-4.8,-11,0,0,-6.2,AS EXPECTED,graded,pbp,63,65,-0.0187,-0.0672,2,ok,0,14,3,2,4,,1,1,Road
v3.0,2023,2023-11-25,Clemson,South Carolina,away,16,7,-7.5,8.0,9,0,0,1.0,AS EXPECTED,graded,pbp,73,55,0.0576,0.1121,-3,ok,0,3,8,1,1,0,2,1,Road · Night · Full house
v3.0,2023,2023-11-25,Kansas,Cincinnati,away,49,16,-7.5,8.0,26,7,0,18.0,DAWG,graded,pbp,39,63,0.5685,0.1121,17,ok,0,21,5,1,2,15,1,0,Road · Night · Full house
v3.0,2023,2023-11-25,Kansas State,Iowa State,home,35,42,-9.5,10.2,-7,0,0,-17.2,SOFT,graded,pbp,102,35,-0.6059,0.1419,-37,ok,0,6,5,3,6,,1,1,Night
v3.0,2023,2023-11-25,Vanderbilt,Tennessee,away,24,48,28.0,-24.6,-38,14,0,-13.4,SOFT,graded,pbp,44,71,-0.4759,-0.4183,-2,ok,0,0,2,1,2,,0,0,Road · Full house · Ranked opponent
v3.0,2023,2023-11-25,Baylor,West Virginia,home,31,34,13.0,-13.5,-3,0,0,10.5,AS EXPECTED,graded,pbp,57,61,-0.1007,-0.1942,4,ok,0,10,5,0,1,,0,0,Night
v3.0,2023,2023-11-25,Stanford,Notre Dame,home,23,56,26.0,-23.1,-33,7,7,-9.9,AS EXPECTED,graded,pbp,45,54,-0.7034,-0.3885,-11,ok,0,3,2,1,3,,3,2,Ranked opponent
v3.0,2023,2023-11-25,Texas A&M,LSU,away,30,42,11.0,-11.7,-12,0,0,-0.3,AS EXPECTED,graded,pbp,77,40,0.7112,-0.1643,37,ok,0,3,3,0,0,-22,0,1,Road · Full house · Ranked opponent
v3.0,2023,2023-11-25,Houston,UCF,away,13,27,16.0,-15.9,-14,0,0,1.9,AS EXPECTED,graded,pbp,54,71,-0.2451,-0.239,0,ok,0,3,3,1,2,,0,1,Road · Full house
v3.0,2023,2023-11-25,California,UCLA,away,33,7,9.5,-10.2,23,3,0,33.2,CERTIFIED DAWG,graded,pbp,48,62,0.063,-0.1419,8,ok,0,19,9,0,1,9,3,2,Road · Night
v3.0,2023,2023-11-25,Purdue,Indiana,home,35,31,-6.5,7.0,4,0,0,-3.0,AS EXPECTED,graded,pbp,81,62,0.1772,0.0971,4,ok,0,10,8,3,4,,3,0,
v3.0,2023,2023-11-25,BYU,Oklahoma State,away,34,40,16.5,-16.2,-6,0,0,10.2,AS EXPECTED,graded,pbp,62,80,-0.148,-0.2465,5,ok,0,17,7,1,4,-21,2,1,Road · Full house · Ranked opponent
v3.0,2023,2023-11-25,Utah,Colorado,home,23,17,-21.5,19.5,6,0,0,-13.5,SOFT,graded,pbp,61,42,-0.0267,0.3212,-13,ok,0,20,4,1,1,-4,1,0,
v3.0,2023,2023-11-25,SMU,Navy,home,59,14,-20.0,18.5,45,7,7,26.5,CERTIFIED DAWG,graded,pbp,47,26,1.0146,0.2988,19,ok,0,35,5,0,0,31,1,1,Group of 5 opponent
v3.0,2023,2023-11-25,South Carolina,Clemson,home,7,16,7.5,-8.0,-9,0,0,-1.0,AS EXPECTED,graded,pbp,55,73,-0.0576,-0.1121,3,ok,0,7,7,0,3,,1,2,Night · Ranked opponent
v3.0,2023,2023-11-25,Virginia,Virginia Tech,home,17,55,1.0,-1.1,-41,17,14,-39.9,CERTIFIED SOFT,graded,espn,,,,,,pbp_conflict,0,0,3,0,1,,1,1,
v3.0,2023,2023-11-25,Virginia Tech,Virginia,away,55,17,-1.0,1.1,41,14,17,39.9,CERTIFIED DAWG,graded,espn,,,,,,pbp_conflict,0,28,8,0,0,31,1,1,Road
v3.0,2023,2023-11-25,UCLA,California,home,7,33,-9.5,10.2,-23,0,3,-33.2,CERTIFIED SOFT,graded,pbp,62,48,-0.063,0.1419,-8,ok,0,7,5,0,2,,2,3,Night
v3.0,2023,2023-11-25,Tennessee,Vanderbilt,home,48,24,-28.0,24.6,38,0,14,13.4,DAWG,graded,pbp,71,44,0.4759,0.4183,2,ok,0,28,5,0,1,24,0,0,
v3.0,2023,2023-11-25,Washington,Washington State,home,24,21,-15.5,15.5,3,0,0,-12.5,SOFT,graded,pbp,62,74,-0.112,0.2316,-17,ok,0,24,9,0,2,,2,1,Group of 5 opponent
v3.0,2023,2023-11-25,Wisconsin,Minnesota,away,28,14,-3.0,3.2,14,0,0,10.8,AS EXPECTED,graded,pbp,66,59,0.3253,0.0448,13,ok,0,21,8,1,2,0,2,1,Road
v3.0,2023,2023-11-25,West Virginia,Baylor,away,34,31,-13.0,13.5,3,0,0,-10.5,AS EXPECTED,graded,pbp,61,57,0.1007,0.1942,-4,ok,0,24,5,0,0,-7,0,0,Road · Night
v3.0,2023,2023-11-25,Alabama,Auburn,away,27,24,-13.5,14.0,3,0,0,-11.0,AS EXPECTED,graded,pbp,64,58,0.112,0.2017,-4,ok,0,10,6,2,4,,2,0,Road · Full house
v3.0,2023,2023-11-25,Illinois,Northwestern,home,43,45,-6.0,6.4,-2,0,0,-8.4,AS EXPECTED,graded,pbp,67,69,0.1454,0.0896,3,ok,0,17,5,3,4,,2,2,
v3.0,2023,2023-11-25,Colorado,Utah,away,17,23,21.5,-19.5,-6,0,0,13.5,DAWG,graded,pbp,42,61,0.0267,-0.3212,13,ok,0,0,1,1,2,,0,1,Road · Full house
v3.0,2023,2023-11-25,Florida State,Florida,away,24,15,-6.5,7.0,9,0,0,2.0,AS EXPECTED,graded,pbp,54,59,0.0944,0.0971,0,ok,0,24,7,0,2,0,0,0,Road · Night · Full house
v3.0,2023,2023-11-25,Florida,Florida State,home,15,24,6.5,-7.0,-9,0,0,-2.0,AS EXPECTED,graded,pbp,59,54,-0.0944,-0.0971,0,ok,0,10,5,1,3,-19,0,0,Night · Top-10 opponent
v3.0,2023,2023-11-25,Georgia Tech,Georgia,home,23,31,24.5,-21.9,-8,0,0,13.9,DAWG,graded,pbp,63,59,-0.0647,-0.366,13,ok,0,14,3,2,3,,2,0,Night · Top-10 opponent
v3.0,2023,2023-11-25,Georgia,Georgia Tech,away,31,23,-24.5,21.9,8,0,0,-13.9,SOFT,graded,pbp,59,63,0.0647,0.366,-13,ok,0,10,4,3,3,-3,0,2,Road · Night · Full house
v3.0,2023,2023-11-25,Iowa State,Kansas State,away,42,35,9.5,-10.2,7,0,0,17.2,DAWG,graded,pbp,35,102,0.6059,-0.1419,37,ok,0,14,5,3,5,,1,1,Road · Night · Full house · Ranked opponent
v3.0,2023,2023-11-25,Northwestern,Illinois,away,45,43,6.0,-6.4,2,0,0,8.4,AS EXPECTED,graded,pbp,69,67,-0.1454,-0.0896,-3,ok,0,10,4,2,7,-9,2,2,Road
v3.0,2023,2023-11-25,Indiana,Purdue,away,31,35,6.5,-7.0,-4,0,0,3.0,AS EXPECTED,graded,pbp,62,81,-0.1772,-0.0971,-4,ok,0,14,7,1,4,-14,0,3,Road · Full house
v3.0,2023,2023-11-25,Notre Dame,Stanford,away,56,23,-26.0,23.1,33,7,7,9.9,AS EXPECTED,graded,pbp,54,45,0.7034,0.3885,11,ok,0,21,4,3,4,21,2,3,Road
v3.0,2023,2023-11-25,Arizona State,Arizona,home,23,59,13.5,-14.0,-31,16,21,-17.0,SOFT,graded,pbp,32,39,-0.8536,-0.2017,-17,ok,0,0,0,1,2,,1,3,Ranked opponent
v3.0,2023,2023-11-25,Kentucky,Louisville,away,38,31,7.5,-8.0,7,0,0,15.0,DAWG,graded,pbp,47,76,0.0891,-0.1121,9,ok,0,17,4,1,3,,3,1,Road · Full house · Top-10 opponent
v3.0,2023,2023-11-25,Louisville,Kentucky,home,31,38,-7.5,8.0,-7,0,0,-15.0,SOFT,graded,pbp,76,47,-0.0891,0.1121,-9,ok,0,14,4,1,4,-17,1,3,
v3.0,2023,2023-11-25,LSU,Texas A&M,home,42,30,-11.0,11.7,12,0,0,0.3,AS EXPECTED,graded,pbp,40,77,-0.7112,0.1643,-37,ok,0,0,1,0,1,1,1,0,
v3.0,2023,2023-12-01,Oregon,Washington,neutral,31,34,-10.0,10.7,-3,0,0,-13.7,SOFT,graded,pbp,54,78,0.0698,0.1494,-4,ok,0,10,3,0,2,,1,1,Night · Top-10 opponent
v3.0,2023,2023-12-01,Washington,Oregon,neutral,34,31,10.0,-10.7,3,0,0,13.7,DAWG,graded,pbp,78,54,-0.0698,-0.1494,4,ok,0,17,5,2,3,-7,1,1,Night · Top-10 opponent
v3.0,2023,2023-12-02,Michigan,Iowa,neutral,26,0,-21.5,19.5,23,3,0,3.5,AS EXPECTED,graded,pbp,56,44,0.4667,0.3212,5,ok,0,26,11,0,0,13,3,0,Night · Ranked opponent
v3.0,2023,2023-12-02,Oklahoma State,Texas,neutral,21,49,14.5,-14.8,-28,7,7,-13.2,SOFT,graded,pbp,46,66,-0.4358,-0.2166,-9,ok,0,7,2,0,1,,1,2,Top-10 opponent
v3.0,2023,2023-12-02,Iowa,Michigan,neutral,0,26,21.5,-19.5,-23,0,3,-3.5,AS EXPECTED,graded,pbp,44,56,-0.4667,-0.3212,-5,ok,0,0,6,0,1,,0,3,Night · Top-10 opponent
v3.0,2023,2023-12-02,Texas,Oklahoma State,neutral,49,21,-14.5,14.8,28,7,7,13.2,DAWG,graded,pbp,66,46,0.4358,0.2166,9,ok,0,28,6,1,1,14,2,1,Ranked opponent
v3.0,2023,2023-12-02,SMU,Tulane,away,26,14,2.5,-2.7,12,0,0,14.7,DAWG,graded,pbp,78,62,0.1728,-0.0374,11,ok,0,16,9,1,2,3,1,3,Road · Ranked opponent · Group of 5 opponent
v3.0,2023,2023-12-02,Alabama,Georgia,neutral,27,24,5.5,-5.9,3,0,0,8.9,AS EXPECTED,graded,pbp,64,60,-0.0305,-0.0822,2,ok,0,20,6,1,3,-7,1,0,Top-10 opponent
v3.0,2023,2023-12-02,Florida State,Louisville,neutral,16,6,0.0,-0.0,10,0,0,10.0,AS EXPECTED,graded,pbp,65,70,0.0671,-0.0,3,ok,0,9,12,1,2,0,1,0,Night · Ranked opponent
v3.0,2023,2023-12-02,Georgia,Alabama,neutral,24,27,-5.5,5.9,-3,0,0,-8.9,AS EXPECTED,graded,pbp,60,64,0.0305,0.0822,-2,ok,0,17,5,0,2,,0,1,Top-10 opponent
v3.0,2023,2023-12-02,Louisville,Florida State,neutral,6,16,0.0,-0.0,-10,0,0,-10.0,AS EXPECTED,graded,pbp,70,65,-0.0671,-0.0,-3,ok,0,6,10,0,3,,0,1,Night · Top-10 opponent
v3.0,2023,2023-12-16,California,Texas Tech,neutral,14,34,3.5,-3.8,-20,0,0,-16.2,SOFT,graded,pbp,65,81,-0.2396,-0.0523,-10,ok,0,0,7,1,3,,1,4,Night · Postseason
v3.0,2023,2023-12-16,UCLA,Boise State,neutral,35,22,-6.5,7.0,13,0,0,6.0,AS EXPECTED,graded,pbp,64,58,0.2772,0.0971,8,ok,0,28,5,1,3,1,1,0,Night · Postseason · Group of 5 opponent
v3.0,2023,2023-12-16,Texas Tech,California,neutral,34,14,-3.5,3.8,20,0,0,16.2,DAWG,graded,pbp,81,65,0.2396,0.0523,10,ok,0,27,11,1,2,10,4,1,Night · Postseason
v3.0,2023,2023-12-21,Syracuse,South Florida,neutral,0,45,-3.0,3.2,-31,0,14,-34.2,CERTIFIED SOFT,graded,pbp,35,35,-0.463,0.0448,-13,ok,0,7,8,0,2,,1,2,Night · Postseason · Group of 5 opponent
v3.0,2023,2023-12-22,UCF,Georgia Tech,neutral,17,30,-6.0,6.4,-13,0,0,-19.4,SOFT,graded,pbp,67,66,-0.1631,0.0896,-12,ok,0,7,4,0,3,-27,1,2,Night · Postseason
v3.0,2023,2023-12-22,Georgia Tech,UCF,neutral,30,17,6.0,-6.4,13,0,0,19.4,DAWG,graded,pbp,66,67,0.1631,-0.0896,12,ok,0,20,6,0,1,3,2,1,Night · Postseason
v3.0,2023,2023-12-23,Duke,Troy,neutral,17,10,6.5,-7.0,7,0,0,14.0,DAWG,graded,pbp,67,64,-0.0761,-0.0971,1,ok,0,10,7,1,2,-4,1,2,Postseason · Group of 5 opponent
v3.0,2023,2023-12-23,Utah,Northwestern,neutral,7,14,-7.0,7.5,-7,0,0,-14.5,SOFT,graded,pbp,65,70,-0.2298,0.1046,-16,ok,0,7,11,0,2,,0,3,Night · Postseason
v3.0,2023,2023-12-23,Northwestern,Utah,neutral,14,7,7.0,-7.5,7,0,0,14.5,DAWG,graded,pbp,70,65,0.2298,-0.1046,16,ok,0,14,11,0,1,,3,0,Night · Postseason
v3.0,2023,2023-12-26,Minnesota,Bowling Green,neutral,30,24,-2.5,2.7,6,0,0,3.3,AS EXPECTED,graded,pbp,60,60,-0.0283,0.0374,-3,ok,0,10,6,2,3,-7,0,1,Postseason · Group of 5 opponent
v3.0,2023,2023-12-26,Kansas,UNLV,neutral,49,36,-7.5,8.0,13,0,0,5.0,AS EXPECTED,graded,pbp,67,59,0.2749,0.1121,7,ok,0,42,7,1,3,-1,2,3,Night · Postseason · Group of 5 opponent
v3.0,2023,2023-12-27,North Carolina,West Virginia,neutral,10,30,4.5,-4.8,-20,0,0,-15.2,SOFT,graded,pbp,68,54,-0.1833,-0.0672,-5,ok,0,3,4,0,3,,2,2,Postseason
v3.0,2023,2023-12-27,Oklahoma State,Texas A&M,neutral,31,23,-4.0,4.3,8,0,0,3.7,AS EXPECTED,graded,pbp,79,60,0.1044,0.0598,2,ok,0,10,5,2,3,-3,2,2,Night · Postseason
v3.0,2023,2023-12-27,Texas A&M,Oklahoma State,neutral,23,31,4.0,-4.3,-8,0,0,-3.7,AS EXPECTED,graded,pbp,60,79,-0.1044,-0.0598,-2,ok,0,10,6,2,2,,2,2,Night · Ranked opponent · Postseason
v3.0,2023,2023-12-27,Virginia Tech,Tulane,neutral,41,20,-13.0,13.5,21,0,0,7.5,AS EXPECTED,graded,pbp,70,54,0.3847,0.1942,9,ok,0,10,5,4,4,11,2,3,Postseason · Group of 5 opponent
v3.0,2023,2023-12-27,West Virginia,North Carolina,neutral,30,10,-4.5,4.8,20,0,0,15.2,DAWG,graded,pbp,54,68,0.1833,0.0672,5,ok,0,13,7,0,1,9,2,2,Postseason
v3.0,2023,2023-12-27,USC,Louisville,neutral,42,28,5.0,-5.4,14,0,0,19.4,DAWG,graded,pbp,52,70,0.1485,-0.0747,10,ok,0,21,5,3,4,0,2,1,Night · Ranked opponent · Postseason
v3.0,2023,2023-12-27,Louisville,USC,neutral,28,42,-5.0,5.4,-14,0,0,-19.4,SOFT,graded,pbp,70,52,-0.1485,0.0747,-10,ok,0,14,4,0,2,,1,2,Night · Postseason
v3.0,2023,2023-12-28,Boston College,SMU,neutral,23,14,13.5,-14.0,9,0,0,23.0,DAWG,graded,pbp,59,79,0.1645,-0.2017,18,ok,0,14,6,0,1,0,1,1,Ranked opponent · Postseason
v3.0,2023,2023-12-28,Arizona,Oklahoma,neutral,38,24,-2.5,2.7,14,0,0,11.3,AS EXPECTED,graded,pbp,65,77,-0.0008,0.0374,-2,ok,0,27,8,0,3,4,6,1,Night · Ranked opponent · Postseason
v3.0,2023,2023-12-28,NC State,Kansas State,neutral,19,28,3.0,-3.2,-9,0,0,-5.8,AS EXPECTED,graded,pbp,62,71,0.0363,-0.0448,4,ok,0,7,6,0,1,,0,2,Ranked opponent · Postseason
v3.0,2023,2023-12-28,Rutgers,Miami,neutral,31,24,-2.5,2.7,7,0,0,4.3,AS EXPECTED,graded,pbp,60,64,0.0866,0.0374,2,ok,0,17,5,0,2,-7,1,0,Postseason
v3.0,2023,2023-12-28,Oklahoma,Arizona,neutral,24,38,2.5,-2.7,-14,0,0,-11.3,AS EXPECTED,graded,pbp,77,65,0.0008,-0.0374,2,ok,0,10,7,0,4,-25,1,6,Night · Ranked opponent · Postseason
v3.0,2023,2023-12-28,Kansas State,NC State,neutral,28,19,-3.0,3.2,9,0,0,5.8,AS EXPECTED,graded,pbp,71,62,-0.0363,0.0448,-4,ok,0,14,6,1,2,-5,2,0,Ranked opponent · Postseason
v3.0,2023,2023-12-28,Miami,Rutgers,neutral,24,31,2.5,-2.7,-7,0,0,-4.3,AS EXPECTED,graded,pbp,64,60,-0.0866,-0.0374,-2,ok,0,0,3,0,2,,0,1,Postseason
v3.0,2023,2023-12-28,SMU,Boston College,neutral,14,23,-13.5,14.0,-9,0,0,-23.0,SOFT,graded,pbp,79,59,-0.1645,0.2017,-18,ok,0,7,5,1,3,,1,1,Postseason
v3.0,2023,2023-12-29,Missouri,Ohio State,neutral,14,3,4.0,-4.3,11,0,0,15.3,DAWG,graded,pbp,71,57,0.2507,-0.0598,14,ok,0,14,8,0,1,0,1,0,Night · Top-10 opponent · Postseason
v3.0,2023,2023-12-29,Ohio State,Missouri,neutral,3,14,-4.0,4.3,-11,0,0,-15.3,SOFT,graded,pbp,57,71,-0.2507,0.0598,-14,ok,0,3,8,0,1,,0,1,Night · Top-10 opponent · Postseason
v3.0,2023,2023-12-29,Clemson,Kentucky,neutral,38,35,-3.5,3.8,3,0,0,-0.8,AS EXPECTED,graded,pbp,80,51,0.0633,0.0523,1,ok,0,24,8,2,4,,4,1,Postseason
v3.0,2023,2023-12-29,Iowa State,Memphis,neutral,26,36,-10.0,10.7,-10,0,0,-20.7,SOFT,graded,pbp,60,66,0.0325,0.1494,-5,ok,0,13,3,0,1,,0,0,Postseason · Group of 5 opponent
v3.0,2023,2023-12-29,Notre Dame,Oregon State,neutral,40,8,-5.5,5.9,24,16,8,18.1,DAWG,graded,pbp,51,31,0.7114,0.0822,19,ok,0,24,7,0,0,10,1,0,Ranked opponent · Postseason · Group of 5 opponent
v3.0,2023,2023-12-29,Kentucky,Clemson,neutral,35,38,3.5,-3.8,-3,0,0,0.8,AS EXPECTED,graded,pbp,51,80,-0.0633,-0.0523,-1,ok,0,7,6,3,7,-14,1,4,Ranked opponent · Postseason
v3.0,2023,2023-12-30,Maryland,Auburn,neutral,31,13,4.5,-4.8,24,0,6,28.8,CERTIFIED DAWG,graded,pbp,52,62,0.2215,-0.0672,12,ok,0,14,6,0,0,10,2,3,Postseason
v3.0,2023,2023-12-30,Ole Miss,Penn State,neutral,38,25,5.5,-5.9,13,0,0,18.9,DAWG,graded,pbp,88,68,-0.0086,-0.0822,4,ok,0,31,7,2,3,3,2,0,Top-10 opponent · Postseason
v3.0,2023,2023-12-30,Auburn,Maryland,neutral,13,31,-4.5,4.8,-24,6,0,-28.8,CERTIFIED SOFT,graded,pbp,62,52,-0.2215,0.0672,-12,ok,0,14,6,0,1,,3,2,Postseason
v3.0,2023,2023-12-30,Penn State,Ole Miss,neutral,25,38,-5.5,5.9,-13,0,0,-18.9,SOFT,graded,pbp,68,88,0.0086,0.0822,-4,ok,0,10,5,1,4,,0,2,Ranked opponent · Postseason
v3.0,2023,2023-12-30,Florida State,Georgia,neutral,3,63,23.5,-21.1,-39,0,21,-17.9,SOFT,graded,pbp,38,34,-0.9642,-0.3511,-16,ok,0,0,1,0,1,,0,2,Top-10 opponent · Postseason
v3.0,2023,2023-12-30,Georgia,Florida State,neutral,63,3,-23.5,21.1,39,21,0,17.9,DAWG,graded,pbp,34,38,0.9642,0.3511,16,ok,0,14,3,0,0,25,2,0,Top-10 opponent · Postseason
v3.0,2023,2024-01-01,Michigan,Alabama,neutral,27,20,-2.0,2.1,7,0,0,4.9,AS EXPECTED,graded,pbp,57,60,0.2783,0.0299,11,ok,8,7,6,2,3,,1,0,Top-10 opponent · Postseason
v3.0,2023,2024-01-01,Iowa,Tennessee,neutral,0,35,5.0,-5.4,-28,0,7,-22.6,SOFT,graded,pbp,44,59,-0.6553,-0.0747,-22,ok,0,0,6,0,1,,0,3,Ranked opponent · Postseason
v3.0,2023,2024-01-01,Oregon,Liberty,neutral,45,6,-18.5,17.5,32,7,0,14.5,DAWG,graded,pbp,44,33,0.6235,0.2764,10,ok,0,28,5,1,1,21,2,0,Ranked opponent · Postseason · Group of 5 opponent
v3.0,2023,2024-01-01,Texas,Washington,neutral,31,37,-3.5,3.8,-6,0,0,-9.8,AS EXPECTED,graded,pbp,71,70,-0.1047,0.0523,-8,ok,0,7,4,2,4,,0,2,Night · Top-10 opponent · Postseason
v3.0,2023,2024-01-01,Tennessee,Iowa,neutral,35,0,-5.0,5.4,28,7,0,22.6,DAWG,graded,pbp,59,44,0.6553,0.0747,22,ok,0,21,9,0,0,14,3,0,Ranked opponent · Postseason
v3.0,2023,2024-01-01,Washington,Texas,neutral,37,31,3.5,-3.8,6,0,0,9.8,AS EXPECTED,graded,pbp,70,71,0.1047,-0.0523,8,ok,0,27,6,1,4,-4,2,0,Night · Top-10 opponent · Postseason
v3.0,2023,2024-01-01,Wisconsin,LSU,neutral,31,35,9.5,-10.2,-4,0,0,6.2,AS EXPECTED,graded,pbp,73,71,-0.1279,-0.1419,1,ok,0,14,7,2,5,-18,1,0,Ranked opponent · Postseason
v3.0,2023,2024-01-01,Alabama,Michigan,neutral,20,27,2.0,-2.1,-7,0,0,-4.9,AS EXPECTED,graded,pbp,60,57,-0.2783,-0.0299,-11,ok,8,10,7,1,4,,0,1,Top-10 opponent · Postseason
v3.0,2023,2024-01-01,LSU,Wisconsin,neutral,35,31,-9.5,10.2,4,0,0,-6.2,AS EXPECTED,graded,pbp,71,73,0.1279,0.1419,-1,ok,0,28,6,0,3,,0,1,Postseason
v3.0,2023,2024-01-08,Michigan,Washington,neutral,34,13,-5.5,5.9,21,0,0,15.1,DAWG,graded,pbp,57,71,0.2823,0.0822,9,ok,0,20,8,1,3,10,2,0,Night · Top-10 opponent · Postseason
v3.0,2023,2024-01-08,Washington,Michigan,neutral,13,34,5.5,-5.9,-21,0,0,-15.1,SOFT,graded,pbp,71,57,-0.2823,-0.0822,-9,ok,0,7,5,1,1,,0,2,Night · Top-10 opponent · Postseason
v3.0,2024,2024-08-24,SMU,Nevada,away,29,24,-27.5,24.2,5,0,0,-19.2,SOFT,graded,pbp,69,79,0.2742,0.4125,-7,ok,0,17,6,1,2,,0,1,Road · Night · Group of 5 opponent
v3.0,2024,2024-08-24,Florida State,Georgia Tech,neutral,21,24,-10.5,11.3,-3,0,0,-14.3,SOFT,graded,pbp,58,52,-0.267,0.1575,-17,ok,0,3,3,0,1,,0,0,
v3.0,2024,2024-08-24,Georgia Tech,Florida State,neutral,24,21,10.5,-11.3,3,0,0,14.3,DAWG,graded,pbp,52,58,0.267,-0.1575,17,ok,0,7,3,2,2,,0,0,Top-10 opponent
v3.0,2024,2024-08-29,Minnesota,North Carolina,home,17,19,1.5,-1.6,-2,0,0,-0.4,AS EXPECTED,graded,pbp,55,64,0.0936,-0.0225,5,ok,0,14,5,1,5,,1,1,Night
v3.0,2024,2024-08-29,Missouri,Murray State,home,51,0,-50.5,35.0,35,16,0,-0.0,AS EXPECTED,graded,pbp,42,27,0.9535,0.7575,5,ok,0,14,2,0,0,21,2,1,Night · FCS opponent
v3.0,2024,2024-08-29,NC State,Western Carolina,home,38,21,-32.5,27.4,17,0,0,-10.4,AS EXPECTED,graded,pbp,72,61,0.1089,0.4875,-18,ok,0,21,7,2,3,7,1,1,Night · FCS opponent
v3.0,2024,2024-08-29,North Carolina,Minnesota,away,19,17,-1.5,1.6,2,0,0,0.4,AS EXPECTED,graded,pbp,64,55,-0.0936,0.0225,-5,ok,0,13,7,1,2,,1,1,Road · Night · Full house
v3.0,2024,2024-08-29,Wake Forest,North Carolina A&T,home,45,13,,,28,7,3,,,no_line,pbp,,,,,,no_line,0,24,5,1,2,14,0,0,Night · FCS opponent
v3.0,2024,2024-08-29,Rutgers,Howard,home,44,7,-38.5,30.2,24,13,0,-6.2,AS EXPECTED,graded,pbp,48,47,0.3983,0.5775,-6,ok,0,28,6,1,1,10,1,0,FCS opponent
v3.0,2024,2024-08-29,UCF,New Hampshire,home,57,3,-38.5,30.2,33,21,0,2.8,AS EXPECTED,graded,pbp,45,35,0.5997,0.5775,1,ok,0,31,8,0,0,20,2,2,Night · FCS opponent
v3.0,2024,2024-08-29,Kansas,Lindenwood,home,48,3,-48.5,34.2,34,14,3,-0.2,AS EXPECTED,graded,pbp,33,36,0.962,0.7275,6,ok,0,21,5,0,0,20,1,2,Night · FCS opponent
v3.0,2024,2024-08-29,Utah,Southern Utah,home,49,0,-37.5,29.8,35,14,0,5.2,AS EXPECTED,graded,pbp,33,29,0.8865,0.5625,7,ok,0,28,4,0,0,21,1,2,Night · FCS opponent
v3.0,2024,2024-08-29,Illinois,Eastern Illinois,home,45,0,-28.5,24.9,31,14,0,6.1,AS EXPECTED,graded,pbp,38,26,0.9236,0.4275,12,ok,0,31,6,0,0,17,4,0,Night · FCS opponent
v3.0,2024,2024-08-29,Colorado,North Dakota State,home,31,26,-9.0,9.7,5,0,0,-4.7,AS EXPECTED,graded,pbp,57,69,0.1192,0.135,-1,ok,0,14,2,2,5,-6,0,1,Group of 5 opponent
v3.0,2024,2024-08-29,Arkansas,Arkansas-Pine Bluff,neutral,70,0,-50.5,35.0,42,28,0,7.0,AS EXPECTED,graded,pbp,35,20,1.157,0.7575,8,ok,0,21,3,0,0,28,0,0,Night · FCS opponent
v3.0,2024,2024-08-30,Michigan State,Florida Atlantic,home,16,10,-12.5,13.2,6,0,0,-7.2,AS EXPECTED,graded,pbp,61,68,-0.0366,0.1875,-11,ok,0,14,8,0,1,-3,2,3,Night · Group of 5 opponent
v3.0,2024,2024-08-30,Duke,Elon,home,26,3,-24.5,21.8,26,0,3,4.2,AS EXPECTED,graded,pbp,69,51,0.4073,0.3675,2,ok,0,24,10,0,0,16,0,1,Night · FCS opponent
v3.0,2024,2024-08-30,Oklahoma,Temple,home,51,3,-43.5,32.2,34,17,3,1.8,AS EXPECTED,graded,pbp,40,31,1.0029,0.6525,9,ok,0,27,6,0,0,20,5,1,Night · Group of 5 opponent
v3.0,2024,2024-08-30,Stanford,TCU,home,27,34,8.5,-9.2,-7,0,0,2.2,AS EXPECTED,graded,pbp,73,76,-0.316,-0.1275,-10,ok,0,14,5,1,5,,2,1,Night
v3.0,2024,2024-08-30,TCU,Stanford,away,34,27,-8.5,9.2,7,0,0,-2.2,AS EXPECTED,graded,pbp,76,73,0.316,0.1275,10,ok,0,17,7,2,4,-3,1,2,Road · Night
v3.0,2024,2024-08-30,Wisconsin,Western Michigan,home,28,14,-24.5,21.8,14,0,0,-7.8,AS EXPECTED,graded,pbp,82,52,0.0605,0.3675,-15,ok,0,14,4,1,2,0,1,1,Night · Group of 5 opponent
v3.0,2024,2024-08-31,Arizona,New Mexico,home,61,39,-29.0,25.2,30,0,8,4.8,AS EXPECTED,graded,pbp,57,67,0.4395,0.435,0,ok,0,27,5,2,4,20,3,1,Night · Group of 5 opponent
v3.0,2024,2024-08-31,Maryland,UConn,home,50,7,-18.5,17.6,36,14,7,18.4,DAWG,graded,pbp,50,29,0.7027,0.2775,12,ok,0,23,7,0,0,22,2,0,Group of 5 opponent
v3.0,2024,2024-08-31,Michigan,Fresno State,home,30,10,,,20,0,0,,,no_line,pbp,,,,,,no_line,0,10,7,2,2,10,2,1,Night · Group of 5 opponent
v3.0,2024,2024-08-31,Ole Miss,Furman,home,76,0,-45.5,33.0,45,31,0,12.0,AS EXPECTED,graded,pbp,34,23,1.0747,0.6825,8,ok,0,24,4,0,0,31,1,0,Night · FCS opponent
v3.0,2024,2024-08-31,Nebraska,UTEP,home,40,7,,,30,3,0,,,no_line,pbp,,,,,,no_line,0,21,5,0,1,21,2,1,Group of 5 opponent
v3.0,2024,2024-08-31,Syracuse,Ohio,home,38,22,-17.5,17.0,16,0,0,-1.0,AS EXPECTED,graded,pbp,69,67,0.3014,0.2625,2,ok,0,17,4,3,4,1,1,1,Group of 5 opponent
v3.0,2024,2024-08-31,Ohio State,Akron,home,52,6,-48.5,34.2,32,14,0,-2.2,AS EXPECTED,graded,pbp,50,49,0.475,0.7275,-9,ok,0,17,5,1,1,18,3,0,Group of 5 opponent
v3.0,2024,2024-08-31,Oklahoma State,South Dakota State,home,44,20,-12.5,13.2,28,3,7,14.8,DAWG,graded,espn,,,,,,pbp_conflict,0,20,6,1,1,18,1,0,FCS opponent
v3.0,2024,2024-08-31,Auburn,Alabama A&M,home,73,3,-48.5,34.2,42,28,0,7.8,AS EXPECTED,graded,pbp,25,35,1.2048,0.7275,10,ok,0,21,4,0,0,28,0,2,Night · FCS opponent
v3.0,2024,2024-08-31,Penn State,West Virginia,away,34,12,-7.5,8.1,22,0,0,13.9,DAWG,graded,pbp,60,65,0.4248,0.1125,14,ok,0,14,7,1,1,9,3,1,Road · Full house
v3.0,2024,2024-08-31,Cincinnati,Towson,home,38,20,-33.5,27.9,18,0,0,-9.9,AS EXPECTED,graded,pbp,63,71,0.2833,0.5025,-11,ok,0,10,6,2,2,7,1,1,FCS opponent
v3.0,2024,2024-08-31,Pittsburgh,Kent State,home,55,24,-23.5,21.1,28,3,0,6.9,AS EXPECTED,graded,pbp,67,53,0.2592,0.3525,-4,ok,0,14,3,0,1,14,3,1,Group of 5 opponent
v3.0,2024,2024-08-31,Clemson,Georgia,neutral,3,34,13.5,-14.1,-24,0,7,-9.9,AS EXPECTED,graded,pbp,40,52,-0.3862,-0.2025,-6,ok,0,0,3,0,2,,0,1,Top-10 opponent
v3.0,2024,2024-08-31,Iowa,Illinois State,home,40,0,,,26,14,0,,,no_line,pbp,,,,,,no_line,0,20,10,0,0,14,3,0,FCS opponent
v3.0,2024,2024-08-31,Kansas State,UT Martin,home,41,6,-36.5,29.3,28,7,0,-1.3,AS EXPECTED,graded,pbp,43,41,0.4954,0.5475,-2,ok,0,24,6,0,0,14,0,1,Night · FCS opponent
v3.0,2024,2024-08-31,Vanderbilt,Virginia Tech,home,34,27,13.5,-14.1,7,0,0,21.1,DAWG,graded,pbp,60,59,-0.123,-0.2025,3,ok,9,14,4,2,4,-3,1,0,
v3.0,2024,2024-08-31,Baylor,Tarleton State,home,45,3,-33.5,27.9,32,10,0,4.1,AS EXPECTED,graded,pbp,43,33,0.5739,0.5025,2,ok,0,14,4,0,0,18,1,2,Night · FCS opponent
v3.0,2024,2024-08-31,Miami,Florida,away,41,17,-3.0,3.2,31,0,7,27.8,CERTIFIED DAWG,graded,pbp,59,39,0.5882,0.045,19,ok,0,21,5,2,2,17,2,1,Road · Full house
v3.0,2024,2024-08-31,Texas A&M,Notre Dame,home,13,23,-2.5,2.7,-10,0,0,-12.7,SOFT,graded,pbp,68,64,-0.2271,0.0375,-13,ok,0,10,6,0,4,,0,2,Night · Top-10 opponent
v3.0,2024,2024-08-31,Houston,UNLV,home,7,27,,,-24,7,3,,,no_line,pbp,,,,,,no_line,0,0,7,0,1,,1,2,Night · Group of 5 opponent
v3.0,2024,2024-08-31,Oregon,Idaho,home,24,14,,,10,0,0,,,no_line,pbp,,,,,,no_line,0,14,8,2,2,-4,2,1,FCS opponent
v3.0,2024,2024-08-31,California,UC Davis,home,31,13,-20.5,18.9,18,0,0,-0.9,AS EXPECTED,graded,espn,,,,,,unreconciled,0,7,4,0,2,7,0,1,FCS opponent
v3.0,2024,2024-08-31,Purdue,Indiana State,home,49,0,-35.5,28.9,35,14,0,6.1,AS EXPECTED,graded,pbp,44,34,0.8118,0.5325,8,ok,0,28,6,0,0,21,0,1,FCS opponent
v3.0,2024,2024-08-31,Texas,Colorado State,home,52,0,-34.5,28.4,31,21,0,2.6,AS EXPECTED,graded,pbp,40,27,0.877,0.5175,9,ok,0,31,6,0,0,21,3,1,Group of 5 opponent
v3.0,2024,2024-08-31,BYU,Southern Illinois,home,41,13,,,25,3,0,,,no_line,pbp,,,,,,no_line,0,31,7,1,1,11,1,0,FCS opponent
v3.0,2024,2024-08-31,SMU,Houston Christian,home,59,7,,,35,17,0,,,no_line,pbp,,,,,,no_line,0,21,3,0,0,22,3,1,Night · FCS opponent
v3.0,2024,2024-08-31,South Carolina,Old Dominion,home,23,19,-20.5,18.9,4,0,0,-14.9,SOFT,graded,pbp,77,71,0.0367,0.3075,-15,ok,0,17,8,1,4,-5,4,1,Group of 5 opponent
v3.0,2024,2024-08-31,Virginia,Richmond,home,34,13,,,24,0,3,,,no_line,pbp,,,,,,no_line,0,20,6,0,0,14,1,1,FCS opponent
v3.0,2024,2024-08-31,Virginia Tech,Vanderbilt,away,27,34,-13.5,14.1,-7,0,0,-21.1,SOFT,graded,pbp,59,60,0.123,0.2025,-3,ok,9,17,3,0,2,,0,1,Road
v3.0,2024,2024-08-31,UCLA,Hawai'i,away,16,13,-13.5,14.1,3,0,0,-11.1,AS EXPECTED,graded,pbp,57,70,0.0727,0.2025,-6,ok,0,13,8,1,2,,2,2,Road · Night · Full house · Group of 5 opponent
v3.0,2024,2024-08-31,Tennessee,Chattanooga,home,69,3,-38.5,30.2,45,24,3,14.8,DAWG,graded,pbp,41,22,1.1613,0.5775,13,ok,0,24,4,0,0,31,1,1,FCS opponent
v3.0,2024,2024-08-31,Washington,Weber State,home,35,3,-29.0,25.2,25,7,0,-0.2,AS EXPECTED,graded,pbp,55,48,0.472,0.435,1,ok,0,21,6,0,0,11,0,0,Night · FCS opponent
v3.0,2024,2024-08-31,Texas Tech,Abilene Christian,home,52,51,-34.5,28.4,1,0,0,-27.4,CERTIFIED SOFT,graded,pbp,68,80,-0.096,0.5175,-33,ok,11,21,4,6,6,-14,1,0,Night · FCS opponent
v3.0,2024,2024-08-31,West Virginia,Penn State,home,12,34,7.5,-8.1,-22,0,0,-13.9,SOFT,graded,pbp,65,60,-0.4248,-0.1125,-14,ok,0,10,6,0,1,,1,3,Top-10 opponent
v3.0,2024,2024-08-31,Alabama,Western Kentucky,home,63,0,-37.5,29.8,42,21,0,12.2,AS EXPECTED,graded,pbp,21,48,1.2791,0.5625,18,ok,0,28,6,0,0,28,2,1,Night · Group of 5 opponent
v3.0,2024,2024-08-31,Mississippi State,Eastern Kentucky,home,56,7,-26.5,23.4,35,14,0,11.6,AS EXPECTED,graded,pbp,39,48,0.557,0.3975,5,ok,0,21,5,0,0,21,1,0,FCS opponent
v3.0,2024,2024-08-31,Florida,Miami,home,17,41,3.0,-3.2,-31,7,0,-27.8,CERTIFIED SOFT,graded,pbp,39,59,-0.5882,-0.045,-19,ok,0,10,2,0,2,,1,2,Ranked opponent
v3.0,2024,2024-08-31,Georgia Tech,Georgia State,home,35,12,,,23,0,0,,,no_line,pbp,,,,,,no_line,0,14,5,1,1,12,1,1,Night · Group of 5 opponent
v3.0,2024,2024-08-31,Georgia,Clemson,neutral,34,3,-13.5,14.1,24,7,0,9.9,AS EXPECTED,graded,pbp,52,40,0.3862,0.2025,6,ok,0,20,8,0,0,11,1,0,Ranked opponent
v3.0,2024,2024-08-31,Iowa State,North Dakota,home,21,3,-30.5,26.2,18,0,0,-8.2,AS EXPECTED,graded,pbp,48,72,0.2489,0.4575,-9,ok,0,7,5,1,1,7,1,0,FCS opponent
v3.0,2024,2024-08-31,Northwestern,Miami (OH),home,13,6,-3.5,3.8,7,0,0,3.2,AS EXPECTED,graded,pbp,61,59,0.0269,0.0525,-1,ok,0,13,6,0,2,-3,2,2,Group of 5 opponent
v3.0,2024,2024-08-31,Indiana,Florida International,home,31,7,-25.5,22.6,24,0,0,1.4,AS EXPECTED,graded,pbp,65,57,0.4541,0.3825,3,ok,0,31,8,0,0,10,0,0,Group of 5 opponent
v3.0,2024,2024-08-31,Notre Dame,Texas A&M,away,23,13,2.5,-2.7,10,0,0,12.7,DAWG,graded,pbp,64,68,0.2271,-0.0375,13,ok,0,20,7,1,3,0,2,0,Road · Night · Ranked opponent
v3.0,2024,2024-08-31,Arizona State,Wyoming,home,48,7,-6.5,7.0,34,14,7,27.0,CERTIFIED DAWG,graded,pbp,46,25,0.9098,0.0975,21,ok,0,20,4,0,0,24,3,0,Night · Group of 5 opponent
v3.0,2024,2024-08-31,Kentucky,Southern Miss,home,31,0,-25.5,22.6,31,0,0,8.4,AS EXPECTED,graded,pbp,40,31,0.7274,0.3825,9,ok,0,31,6,0,0,21,2,1,Night · Group of 5 opponent
v3.0,2024,2024-08-31,Louisville,Austin Peay,home,62,0,-38.5,30.2,38,24,0,7.8,AS EXPECTED,graded,pbp,37,31,0.9225,0.5775,9,ok,0,28,4,0,0,28,1,0,FCS opponent
v3.0,2024,2024-09-01,USC,LSU,neutral,27,20,6.5,-7.0,7,0,0,14.0,DAWG,graded,pbp,60,64,0.0218,-0.0975,5,ok,0,17,5,2,3,,1,0,Night · Ranked opponent
v3.0,2024,2024-09-01,LSU,USC,neutral,20,27,-6.5,7.0,-7,0,0,-14.0,SOFT,graded,pbp,64,60,-0.0218,0.0975,-5,ok,0,0,4,4,5,,0,1,Night · Ranked opponent
v3.0,2024,2024-09-02,Boston College,Florida State,away,28,13,16.5,-16.3,15,0,0,31.3,CERTIFIED DAWG,graded,pbp,68,58,0.2155,-0.2475,21,ok,0,21,7,1,1,1,2,0,Road · Night · Top-10 opponent
v3.0,2024,2024-09-02,Florida State,Boston College,home,13,28,-16.5,16.3,-15,0,0,-31.3,CERTIFIED SOFT,graded,pbp,58,68,-0.2155,0.2475,-21,ok,0,13,6,0,1,,0,2,Night
v3.0,2024,2024-09-06,Duke,Northwestern,away,26,20,2.5,-2.7,6,0,0,8.7,AS EXPECTED,graded,pbp,67,63,0.0824,-0.0375,6,ok,13,13,9,1,4,,2,1,Road · Night · Full house
v3.0,2024,2024-09-06,BYU,SMU,away,18,15,12.5,-13.2,3,0,0,16.2,DAWG,graded,pbp,63,72,-0.0143,-0.1875,8,ok,0,14,7,1,5,,2,3,Road · Night
v3.0,2024,2024-09-06,SMU,BYU,home,15,18,-12.5,13.2,-3,0,0,-16.2,SOFT,graded,pbp,72,63,0.0143,0.1875,-8,ok,0,15,9,0,3,,3,2,Night
v3.0,2024,2024-09-06,Northwestern,Duke,home,20,26,-2.5,2.7,-6,0,0,-8.7,AS EXPECTED,graded,pbp,63,67,-0.0824,0.0375,-6,ok,13,3,9,0,4,,1,2,Night
v3.0,2024,2024-09-06,Indiana,Western Illinois,home,77,3,-44.5,32.6,42,35,3,9.4,AS EXPECTED,graded,pbp,37,15,,,,few_plays,0,21,3,0,0,28,3,0,Night · FCS opponent
v3.0,2024,2024-09-07,Boston College,Duquesne,home,56,0,-33.5,27.9,42,14,0,14.1,DAWG,graded,pbp,27,30,1.339,0.5025,17,ok,0,21,3,0,0,28,2,1,FCS opponent
v3.0,2024,2024-09-07,Arizona,Northern Arizona,home,22,10,-36.5,29.3,12,0,0,-17.3,SOFT,graded,pbp,55,53,0.3028,0.5475,-10,ok,0,10,7,0,2,0,1,1,Night · FCS opponent
v3.0,2024,2024-09-07,Maryland,Michigan State,home,24,27,-7.5,8.1,-3,0,0,-11.1,AS EXPECTED,graded,pbp,65,68,0.0006,0.1125,-5,ok,0,17,6,1,4,,3,1,
v3.0,2024,2024-09-07,Michigan State,Maryland,away,27,24,7.5,-8.1,3,0,0,11.1,AS EXPECTED,graded,pbp,68,65,-0.0006,-0.1125,5,ok,0,13,6,2,4,,1,3,Road
v3.0,2024,2024-09-07,Michigan,Texas,home,12,31,4.0,-4.3,-25,6,0,-20.7,SOFT,graded,pbp,36,62,-0.5771,-0.06,-18,ok,0,3,2,1,1,,0,3,Top-10 opponent
v3.0,2024,2024-09-07,Minnesota,Rhode Island,home,48,0,-27.5,24.2,31,17,0,6.8,AS EXPECTED,graded,pbp,58,23,0.7065,0.4125,9,ok,0,24,6,0,0,21,4,0,FCS opponent
v3.0,2024,2024-09-07,Missouri,Buffalo,home,38,0,-34.5,28.4,31,7,0,2.6,AS EXPECTED,graded,pbp,63,38,0.8025,0.5175,10,ok,0,31,8,0,0,21,1,1,Night · Group of 5 opponent
v3.0,2024,2024-09-07,Ole Miss,Middle Tennessee,home,52,3,-42.5,31.8,35,14,0,3.2,AS EXPECTED,graded,pbp,47,44,0.6967,0.6375,2,ok,0,28,4,0,0,25,2,0,Group of 5 opponent
v3.0,2024,2024-09-07,NC State,Tennessee,neutral,10,51,13.5,-14.1,-34,7,14,-19.9,SOFT,graded,pbp,39,50,-0.7232,-0.2025,-17,ok,0,3,2,0,2,,2,3,Night · Ranked opponent
v3.0,2024,2024-09-07,North Carolina,Charlotte,home,38,20,-21.5,19.6,25,0,7,5.4,AS EXPECTED,graded,espn,,,,,,no_pbp,0,0,0,0,0,14,0,0,Group of 5 opponent
v3.0,2024,2024-09-07,Wake Forest,Virginia,home,30,31,1.5,-1.6,-1,0,0,0.6,AS EXPECTED,graded,pbp,83,70,-0.1144,-0.0225,-5,ok,0,17,6,2,5,-15,2,1,Night
v3.0,2024,2024-09-07,Nebraska,Colorado,home,28,10,,,25,0,7,,,no_line,pbp,,,,,,no_line,0,21,6,0,0,11,2,0,Night
v3.0,2024,2024-09-07,Rutgers,Akron,home,49,17,-24.5,21.8,25,14,7,3.2,AS EXPECTED,graded,pbp,54,43,0.3383,0.3675,-1,ok,0,21,5,1,1,14,1,1,Group of 5 opponent
v3.0,2024,2024-09-07,Syracuse,Georgia Tech,home,31,28,2.5,-2.7,3,0,0,5.7,AS EXPECTED,graded,pbp,79,65,0.0095,-0.0375,2,ok,0,24,5,0,2,-11,0,0,Ranked opponent
v3.0,2024,2024-09-07,Ohio State,Western Michigan,home,56,0,-37.5,29.8,35,21,0,5.2,AS EXPECTED,graded,pbp,36,33,0.8542,0.5625,7,ok,0,28,5,0,0,21,0,0,Night · Group of 5 opponent
v3.0,2024,2024-09-07,Oklahoma State,Arkansas,home,39,31,-10.5,11.3,8,0,0,-3.3,AS EXPECTED,graded,pbp,68,83,-0.0335,0.1575,-10,ok,16,13,8,1,2,,2,2,
v3.0,2024,2024-09-07,Auburn,California,home,14,21,-11.5,12.3,-7,0,0,-19.3,SOFT,graded,pbp,56,70,-0.3015,0.1725,-22,ok,0,0,9,0,2,,0,5,
v3.0,2024,2024-09-07,Oklahoma,Houston,home,16,12,-27.5,24.2,4,0,0,-20.2,SOFT,graded,pbp,60,64,-0.129,0.4125,-24,ok,0,7,7,0,3,-7,1,1,Night
v3.0,2024,2024-09-07,UCF,Sam Houston,home,45,14,-21.5,19.6,31,7,7,11.4,AS EXPECTED,graded,pbp,50,27,0.4413,0.3225,3,ok,0,24,5,0,0,17,2,1,Night · Group of 5 opponent
v3.0,2024,2024-09-07,Penn State,Bowling Green,home,34,27,-35.5,28.9,7,0,0,-21.9,SOFT,graded,pbp,57,66,0.2075,0.5325,-15,ok,0,17,6,2,3,-3,2,1,Group of 5 opponent
v3.0,2024,2024-09-07,Cincinnati,Pittsburgh,home,27,28,2.5,-2.7,-1,0,0,1.7,AS EXPECTED,graded,pbp,74,66,-0.0767,-0.0375,-2,ok,0,20,5,1,4,-12,1,1,
v3.0,2024,2024-09-07,Pittsburgh,Cincinnati,away,28,27,-2.5,2.7,1,0,0,-1.7,AS EXPECTED,graded,pbp,66,74,0.0767,0.0375,2,ok,0,20,5,1,1,,1,1,Road · Full house
v3.0,2024,2024-09-07,Clemson,App State,home,66,20,-13.5,14.1,49,17,20,34.9,CERTIFIED DAWG,graded,pbp,32,21,1.2267,0.2025,20,ok,0,21,3,0,0,35,2,0,Night · Group of 5 opponent
v3.0,2024,2024-09-07,Iowa,Iowa State,home,19,20,-2.5,2.7,-1,0,0,-3.7,AS EXPECTED,graded,pbp,67,64,-0.1294,0.0375,-8,ok,0,13,10,1,4,-11,1,2,
v3.0,2024,2024-09-07,Kansas,Illinois,away,17,23,-4.5,4.9,-6,0,0,-10.9,AS EXPECTED,graded,pbp,65,59,-0.0081,0.0675,-3,ok,0,14,5,1,4,,1,4,Road · Night · Full house
v3.0,2024,2024-09-07,Kansas State,Tulane,away,34,27,-9.5,10.3,7,0,0,-3.3,AS EXPECTED,graded,pbp,56,65,0.1232,0.1425,-1,ok,0,13,5,1,3,,2,0,Road · Group of 5 opponent
v3.0,2024,2024-09-07,Vanderbilt,Alcorn State,home,55,0,-32.5,27.4,34,21,0,6.6,AS EXPECTED,graded,pbp,47,22,0.9681,0.4875,12,ok,0,27,5,0,0,24,2,0,Night · FCS opponent
v3.0,2024,2024-09-07,Baylor,Utah,away,12,23,14.5,-14.9,-11,0,0,3.9,AS EXPECTED,graded,pbp,61,60,-0.153,-0.2175,3,ok,0,13,8,0,1,,0,1,Road · Full house · Ranked opponent
v3.0,2024,2024-09-07,Miami,Florida A&M,home,56,9,-46.5,33.4,33,17,3,-0.4,AS EXPECTED,graded,pbp,38,33,0.7047,0.6975,0,ok,0,17,4,0,0,18,3,0,FCS opponent
v3.0,2024,2024-09-07,Stanford,Cal Poly,home,41,7,-33.5,27.9,24,10,0,-3.9,AS EXPECTED,graded,pbp,48,37,0.1312,0.5025,-11,ok,0,34,7,0,1,10,1,1,FCS opponent
v3.0,2024,2024-09-07,Texas A&M,McNeese,home,52,10,-46.5,33.4,38,14,10,4.6,AS EXPECTED,graded,pbp,40,19,,,,few_plays,0,21,3,0,0,24,2,0,FCS opponent
v3.0,2024,2024-09-07,Houston,Oklahoma,away,12,16,27.5,-24.2,-4,0,0,20.2,DAWG,graded,pbp,64,60,0.129,-0.4125,24,ok,0,3,8,1,1,,1,1,Road · Night · Full house · Ranked opponent
v3.0,2024,2024-09-07,Oregon,Boise State,home,37,34,-17.5,17.0,3,0,0,-14.0,SOFT,graded,pbp,57,72,-0.0719,0.2625,-16,ok,0,24,8,0,4,,0,2,Night · Group of 5 opponent
v3.0,2024,2024-09-07,California,Auburn,away,21,14,11.5,-12.3,7,0,0,19.3,DAWG,graded,pbp,70,56,0.3015,-0.1725,22,ok,0,14,10,1,3,-7,5,0,Road · Full house
v3.0,2024,2024-09-07,Texas,Michigan,away,31,12,-4.0,4.3,25,0,6,20.7,DAWG,graded,pbp,62,36,0.5771,0.06,18,ok,0,17,4,1,1,14,3,0,Road · Full house · Top-10 opponent
v3.0,2024,2024-09-07,Utah,Baylor,home,23,12,-14.5,14.9,11,0,0,-3.9,AS EXPECTED,graded,pbp,60,61,0.153,0.2175,-3,ok,0,17,8,0,0,-3,1,0,
v3.0,2024,2024-09-07,South Carolina,Kentucky,away,31,6,9.5,-10.3,25,0,0,35.3,CERTIFIED DAWG,graded,pbp,42,44,0.4134,-0.1425,17,ok,0,24,7,0,1,15,2,2,Road · Full house
v3.0,2024,2024-09-07,Virginia,Wake Forest,away,31,30,-1.5,1.6,1,0,0,-0.6,AS EXPECTED,graded,pbp,70,83,0.1144,0.0225,5,ok,0,17,6,0,2,,1,2,Road · Night
v3.0,2024,2024-09-07,Virginia Tech,Marshall,home,31,14,-20.5,18.9,17,0,0,-1.9,AS EXPECTED,graded,pbp,60,52,0.1062,0.3075,-8,ok,0,17,8,1,2,7,1,0,Group of 5 opponent
v3.0,2024,2024-09-07,TCU,Long Island University,home,45,0,-45.5,33.0,31,14,0,-2.0,AS EXPECTED,graded,pbp,37,31,0.8597,0.6825,4,ok,0,31,6,0,0,21,1,0,Night · FCS opponent
v3.0,2024,2024-09-07,Tennessee,NC State,neutral,51,10,-13.5,14.1,34,14,7,19.9,DAWG,graded,pbp,50,39,0.7232,0.2025,17,ok,0,17,5,1,1,20,3,2,Night · Ranked opponent
v3.0,2024,2024-09-07,Washington,Eastern Michigan,home,30,9,-25.5,22.6,24,0,3,1.4,AS EXPECTED,graded,pbp,56,54,0.4269,0.3825,2,ok,0,24,5,1,2,9,1,1,Group of 5 opponent
v3.0,2024,2024-09-07,Texas Tech,Washington State,away,16,37,-2.5,2.7,-27,6,0,-29.7,CERTIFIED SOFT,graded,pbp,76,59,-0.2363,0.0375,-13,ok,0,3,6,0,1,,1,3,Road · Night · Group of 5 opponent
v3.0,2024,2024-09-07,Wisconsin,South Dakota,home,27,13,-17.5,17.0,14,0,0,-3.0,AS EXPECTED,graded,pbp,68,51,0.1087,0.2625,-7,ok,0,14,5,1,2,0,0,0,FCS opponent
v3.0,2024,2024-09-07,West Virginia,UAlbany,home,49,14,-37.5,29.8,28,7,0,-1.8,AS EXPECTED,graded,pbp,50,49,0.3882,0.5625,-6,ok,0,28,5,1,1,14,0,1,FCS opponent
v3.0,2024,2024-09-07,USC,Utah State,home,48,0,-30.5,26.2,34,14,0,7.8,AS EXPECTED,graded,pbp,71,40,0.406,0.4575,-2,ok,0,24,5,0,0,24,1,1,Night · Group of 5 opponent
v3.0,2024,2024-09-07,Alabama,South Florida,home,42,16,-33.5,27.9,26,0,0,-1.9,AS EXPECTED,graded,pbp,68,79,0.3046,0.5025,-11,ok,0,28,12,2,4,14,0,3,Night · Group of 5 opponent
v3.0,2024,2024-09-07,Mississippi State,Arizona State,away,23,30,6.5,-7.0,-7,0,0,0.0,AS EXPECTED,graded,pbp,53,77,0.1657,-0.0975,12,ok,0,14,3,0,1,,0,1,Road · Night
v3.0,2024,2024-09-07,Illinois,Kansas,home,23,17,4.5,-4.9,6,0,0,10.9,AS EXPECTED,graded,pbp,59,65,0.0081,-0.0675,3,ok,0,13,5,1,3,,4,1,Night · Ranked opponent
v3.0,2024,2024-09-07,Colorado,Nebraska,away,10,28,,,-25,7,0,,,no_line,pbp,,,,,,no_line,0,0,4,0,1,,0,2,Road · Night · Full house
v3.0,2024,2024-09-07,Florida,Samford,home,45,7,-38.5,30.2,24,14,0,-6.2,AS EXPECTED,graded,pbp,52,51,0.4044,0.5775,-6,ok,0,24,8,0,0,10,1,1,Night · FCS opponent
v3.0,2024,2024-09-07,Georgia Tech,Syracuse,away,28,31,-2.5,2.7,-3,0,0,-5.7,AS EXPECTED,graded,pbp,65,79,-0.0095,0.0375,-2,ok,0,0,3,1,2,,0,0,Road
v3.0,2024,2024-09-07,Georgia,Tennessee Tech,home,48,3,-54.5,36.6,31,17,3,-5.6,AS EXPECTED,graded,pbp,38,27,0.7316,0.8175,-2,ok,0,24,5,0,0,17,1,0,FCS opponent
v3.0,2024,2024-09-07,Iowa State,Iowa,away,20,19,2.5,-2.7,1,0,0,3.7,AS EXPECTED,graded,pbp,64,67,0.1294,-0.0375,8,ok,0,13,10,0,1,,2,1,Road · Full house · Ranked opponent
v3.0,2024,2024-09-07,Arkansas,Oklahoma State,away,31,39,10.5,-11.3,-8,0,0,3.3,AS EXPECTED,graded,pbp,83,68,0.0335,-0.1575,10,ok,16,14,5,0,4,-22,2,2,Road · Full house · Ranked opponent
v3.0,2024,2024-09-07,Notre Dame,Northern Illinois,home,14,16,-28.5,24.9,-2,0,0,-26.9,CERTIFIED SOFT,graded,pbp,61,64,-0.13,0.4275,-25,ok,0,7,6,0,4,,0,2,Group of 5 opponent
v3.0,2024,2024-09-07,Arizona State,Mississippi State,home,30,23,-6.5,7.0,7,0,0,-0.0,AS EXPECTED,graded,pbp,77,53,-0.1657,0.0975,-12,ok,0,17,4,1,1,-3,1,0,Night
v3.0,2024,2024-09-07,Kentucky,South Carolina,home,6,31,-9.5,10.3,-25,0,0,-35.3,CERTIFIED SOFT,graded,pbp,44,42,-0.4134,0.1425,-17,ok,0,3,5,0,1,,2,2,
v3.0,2024,2024-09-07,Louisville,Jacksonville State,home,49,14,-27.5,24.2,28,7,0,3.8,AS EXPECTED,graded,pbp,64,52,0.3581,0.4125,-2,ok,0,28,7,1,1,14,1,0,Group of 5 opponent
v3.0,2024,2024-09-07,LSU,Nicholls,home,44,21,-46.5,33.4,23,0,0,-10.4,AS EXPECTED,graded,pbp,51,40,0.1893,0.6975,-17,ok,0,14,6,3,3,14,1,0,Night · FCS opponent
v3.0,2024,2024-09-12,Arizona State,Texas State,away,31,28,2.5,-2.7,3,0,0,5.7,AS EXPECTED,graded,espn,,,,,,no_pbp,0,0,0,0,0,,0,0,Road · Night · Full house · Group of 5 opponent
v3.0,2024,2024-09-13,Arizona,Kansas State,away,7,31,9.5,-10.3,-24,0,0,-13.7,SOFT,graded,pbp,47,57,-0.2216,-0.1425,-3,ok,0,0,3,0,2,,0,1,Road · Night · Full house · Ranked opponent
v3.0,2024,2024-09-13,Kansas,UNLV,home,20,23,-10.5,11.3,-3,0,0,-14.3,SOFT,graded,pbp,61,65,-0.112,0.1575,-12,ok,0,10,5,2,5,-14,0,2,Night · Group of 5 opponent
v3.0,2024,2024-09-13,Kansas State,Arizona,home,31,7,-9.5,10.3,24,0,0,13.7,DAWG,graded,pbp,57,47,0.2216,0.1425,3,ok,0,17,5,1,1,10,1,0,Night · Ranked opponent
v3.0,2024,2024-09-14,Boston College,Missouri,away,21,27,14.5,-14.9,-6,0,0,8.9,AS EXPECTED,graded,pbp,54,72,-0.063,-0.2175,7,ok,0,7,3,0,4,-17,0,2,Road · Full house · Top-10 opponent
v3.0,2024,2024-09-14,Maryland,Virginia,away,27,13,,,14,0,0,,,no_line,pbp,,,,,,no_line,0,27,9,1,3,0,4,0,Road · Night
v3.0,2024,2024-09-14,Michigan State,Prairie View A&M,home,40,0,-42.5,31.8,30,10,0,-1.8,AS EXPECTED,graded,pbp,40,30,0.663,0.6375,1,ok,0,21,4,0,0,16,1,0,FCS opponent
v3.0,2024,2024-09-14,Michigan,Arkansas State,home,28,18,,,17,0,7,,,no_line,pbp,,,,,,no_line,0,21,7,1,1,6,1,3,Group of 5 opponent
v3.0,2024,2024-09-14,Minnesota,Nevada,home,27,0,-17.5,17.0,27,0,0,10.0,AS EXPECTED,graded,pbp,42,37,0.5258,0.2625,8,ok,0,24,7,0,0,14,3,1,Group of 5 opponent
v3.0,2024,2024-09-14,Missouri,Boston College,home,27,21,-14.5,14.9,6,0,0,-8.9,AS EXPECTED,graded,pbp,72,54,0.063,0.2175,-7,ok,0,13,6,1,2,-4,2,0,Ranked opponent
v3.0,2024,2024-09-14,Ole Miss,Wake Forest,away,40,6,-20.5,18.9,24,10,0,5.1,AS EXPECTED,graded,pbp,60,56,0.5071,0.3075,8,ok,0,17,6,1,1,13,2,2,Road · Full house
v3.0,2024,2024-09-14,Duke,UConn,home,26,21,-17.5,17.0,5,0,0,-12.0,AS EXPECTED,graded,pbp,82,68,-0.1055,0.2625,-20,ok,0,27,9,0,2,-5,2,1,Group of 5 opponent
v3.0,2024,2024-09-14,NC State,Louisiana Tech,home,30,20,-20.5,18.9,10,0,0,-8.9,AS EXPECTED,graded,pbp,68,55,0.1985,0.3075,-5,ok,0,20,5,1,3,0,2,1,Group of 5 opponent
v3.0,2024,2024-09-14,North Carolina,North Carolina Central,home,45,10,-37.5,29.8,28,7,0,-1.8,AS EXPECTED,graded,pbp,67,53,0.4778,0.5625,-4,ok,0,31,8,0,2,18,1,0,FCS opponent
v3.0,2024,2024-09-14,Wake Forest,Ole Miss,home,6,40,20.5,-18.9,-24,0,10,-5.1,AS EXPECTED,graded,pbp,56,60,-0.5071,-0.3075,-8,ok,0,3,3,0,1,,2,2,Top-10 opponent
v3.0,2024,2024-09-14,Nebraska,Northern Iowa,home,34,3,-30.5,26.2,24,7,0,-2.2,AS EXPECTED,graded,pbp,44,48,0.2609,0.4575,-7,ok,0,20,6,1,1,13,1,1,Night · FCS opponent
v3.0,2024,2024-09-14,Oklahoma State,Tulsa,away,45,10,-17.5,17.0,35,10,10,18.0,DAWG,graded,pbp,48,42,0.5256,0.2625,9,ok,0,21,4,0,0,21,1,1,Road · Full house · Group of 5 opponent
v3.0,2024,2024-09-14,Auburn,New Mexico,home,45,19,-25.5,22.6,26,0,0,3.4,AS EXPECTED,graded,pbp,59,65,0.1782,0.3825,-9,ok,0,17,4,2,3,15,2,1,Night · Group of 5 opponent
v3.0,2024,2024-09-14,Oklahoma,Tulane,home,34,19,-13.5,14.1,15,0,0,0.9,AS EXPECTED,graded,pbp,75,68,0.061,0.2025,-7,ok,0,31,9,0,1,1,2,1,Group of 5 opponent
v3.0,2024,2024-09-14,UCF,TCU,away,35,34,2.5,-2.7,1,0,0,3.7,AS EXPECTED,graded,pbp,136,121,0.1009,-0.0375,13,ok,0,14,2,0,1,,0,0,Road · Night · Full house
v3.0,2024,2024-09-14,Cincinnati,Miami (OH),away,27,16,-3.5,3.8,11,0,0,7.2,AS EXPECTED,graded,pbp,70,61,-0.0548,0.0525,-5,ok,0,13,6,0,3,-3,2,1,Road · Full house · Group of 5 opponent
v3.0,2024,2024-09-14,Pittsburgh,West Virginia,home,38,34,1.5,-1.6,4,0,0,5.6,AS EXPECTED,graded,pbp,58,75,0.0134,-0.0225,2,ok,0,14,4,2,4,,1,0,
v3.0,2024,2024-09-14,Iowa,Troy,home,38,21,-23.5,21.1,17,0,0,-4.1,AS EXPECTED,graded,pbp,68,47,0.2766,0.3525,-3,ok,0,21,7,1,1,7,1,0,Group of 5 opponent
v3.0,2024,2024-09-14,Vanderbilt,Georgia State,away,32,36,-8.5,9.2,-4,0,0,-13.2,SOFT,graded,pbp,66,74,0.1082,0.1275,-1,ok,0,31,5,1,3,,1,1,Road · Night · Group of 5 opponent
v3.0,2024,2024-09-14,Baylor,Air Force,home,31,3,-17.5,17.0,28,0,0,11.0,AS EXPECTED,graded,pbp,45,58,0.1757,0.2625,-3,ok,0,23,8,0,1,18,3,3,Night · Group of 5 opponent
v3.0,2024,2024-09-14,Miami,Ball State,home,62,0,,,31,31,0,,,no_line,pbp,,,,,,no_line,0,31,6,0,0,21,1,0,Group of 5 opponent
v3.0,2024,2024-09-14,Texas A&M,Florida,away,33,20,-3.5,3.8,13,0,0,9.2,AS EXPECTED,graded,pbp,71,54,0.0549,0.0525,0,ok,0,17,4,0,0,3,3,0,Road · Full house
v3.0,2024,2024-09-14,Houston,Rice,home,33,7,-3.5,3.8,26,7,7,22.2,DAWG,graded,pbp,48,35,0.6528,0.0525,18,ok,0,21,9,0,0,12,1,0,Night · Group of 5 opponent
v3.0,2024,2024-09-14,Oregon,Oregon State,away,49,14,,,25,10,0,,,no_line,pbp,,,,,,no_line,0,35,5,1,1,10,0,0,Road · Group of 5 opponent
v3.0,2024,2024-09-14,California,San Diego State,home,31,10,-18.5,17.6,21,0,0,3.4,AS EXPECTED,graded,espn,,,,,,no_pbp,0,0,0,0,0,10,0,0,Night · Group of 5 opponent
v3.0,2024,2024-09-14,Purdue,Notre Dame,home,7,66,7.5,-8.1,-42,7,24,-33.9,CERTIFIED SOFT,graded,pbp,24,40,-1.3479,-0.1125,-29,ok,0,0,2,0,1,,0,2,Ranked opponent
v3.0,2024,2024-09-14,Texas,UTSA,home,56,7,-36.5,29.3,35,14,0,5.7,AS EXPECTED,graded,pbp,41,40,0.6345,0.5475,3,ok,0,21,6,0,0,21,1,2,Night · Group of 5 opponent
v3.0,2024,2024-09-14,BYU,Wyoming,away,34,14,,,27,0,7,,,no_line,pbp,,,,,,no_line,0,27,9,0,1,13,1,1,Road · Night · Full house · Group of 5 opponent
v3.0,2024,2024-09-14,Utah,Utah State,away,38,21,-20.5,18.9,17,0,0,-1.9,AS EXPECTED,graded,pbp,74,69,0.1005,0.3075,-11,ok,0,27,9,0,2,3,2,1,Road · Group of 5 opponent
v3.0,2024,2024-09-14,South Carolina,LSU,home,33,36,6.5,-7.0,-3,0,0,4.0,AS EXPECTED,graded,pbp,61,72,-0.1309,-0.0975,-2,ok,0,13,7,2,4,-13,2,3,Ranked opponent
v3.0,2024,2024-09-14,Virginia,Maryland,home,13,27,,,-14,0,0,,,no_line,pbp,,,,,,no_line,0,6,7,1,4,,0,4,Night
v3.0,2024,2024-09-14,Virginia Tech,Old Dominion,away,37,17,-15.5,15.7,24,3,7,8.3,AS EXPECTED,graded,pbp,71,43,0.3902,0.2325,7,ok,0,30,10,0,2,10,2,1,Road · Full house · Group of 5 opponent
v3.0,2024,2024-09-14,UCLA,Indiana,home,13,42,3.5,-3.8,-29,0,0,-25.2,CERTIFIED SOFT,graded,pbp,45,58,-0.4704,-0.0525,-16,ok,0,0,1,0,1,,0,2,
v3.0,2024,2024-09-14,TCU,UCF,home,34,35,-2.5,2.7,-1,0,0,-3.7,AS EXPECTED,graded,pbp,121,136,-0.1009,0.0375,-13,ok,0,21,4,0,1,-15,0,0,Night
v3.0,2024,2024-09-14,Tennessee,Kent State,home,71,0,-49.5,34.6,44,27,0,9.4,AS EXPECTED,graded,pbp,30,14,,,,few_plays,0,21,3,0,0,35,0,0,Night · Group of 5 opponent
v3.0,2024,2024-09-14,Washington,Washington State,neutral,19,24,,,-5,0,0,,,no_line,pbp,,,,,,no_line,0,3,6,3,3,,1,0,Group of 5 opponent
v3.0,2024,2024-09-14,Texas Tech,North Texas,home,66,21,,,45,14,14,,,no_line,pbp,,,,,,no_line,0,24,4,1,1,35,3,1,Group of 5 opponent
v3.0,2024,2024-09-14,Wisconsin,Alabama,home,10,42,15.5,-15.7,-25,0,7,-9.3,AS EXPECTED,graded,pbp,58,39,-0.4587,-0.2325,-8,ok,0,0,4,0,1,,0,2,Top-10 opponent
v3.0,2024,2024-09-14,West Virginia,Pittsburgh,away,34,38,-1.5,1.6,-4,0,0,-5.6,AS EXPECTED,graded,pbp,75,58,-0.0134,0.0225,-2,ok,0,20,5,2,6,-14,0,1,Road · Full house
v3.0,2024,2024-09-14,Alabama,Wisconsin,away,42,10,-15.5,15.7,25,7,0,9.3,AS EXPECTED,graded,pbp,39,58,0.4587,0.2325,8,ok,0,28,6,0,1,14,2,0,Road · Full house
v3.0,2024,2024-09-14,Mississippi State,Toledo,home,17,41,-10.5,11.3,-35,14,3,-46.3,CERTIFIED SOFT,graded,pbp,35,63,-0.5495,0.1575,-25,ok,0,0,1,0,1,,1,2,Night · Group of 5 opponent
v3.0,2024,2024-09-14,Illinois,Central Michigan,home,30,9,-21.5,19.6,21,0,0,1.4,AS EXPECTED,graded,pbp,58,61,0.2912,0.3225,-1,ok,0,13,6,1,2,7,1,0,Group of 5 opponent
v3.0,2024,2024-09-14,Colorado,Colorado State,away,28,9,-7.5,8.1,25,0,6,16.9,DAWG,graded,pbp,66,61,0.3696,0.1125,12,ok,0,28,9,0,1,14,4,1,Road · Night · Full house · Group of 5 opponent
v3.0,2024,2024-09-14,Florida State,Memphis,home,12,20,-6.5,7.0,-8,0,0,-15.0,SOFT,graded,pbp,55,72,-0.0637,0.0975,-7,ok,0,6,5,0,1,,2,2,Group of 5 opponent
v3.0,2024,2024-09-14,Florida,Texas A&M,home,20,33,3.5,-3.8,-13,0,0,-9.2,AS EXPECTED,graded,pbp,54,71,-0.0549,-0.0525,0,ok,0,7,3,0,1,,0,3,
v3.0,2024,2024-09-14,Georgia Tech,VMI,home,59,7,-42.5,31.8,38,21,7,6.2,AS EXPECTED,graded,pbp,41,27,1.0765,0.6375,11,ok,0,31,7,0,0,28,1,0,FCS opponent
v3.0,2024,2024-09-14,Georgia,Kentucky,away,13,12,-21.5,19.6,1,0,0,-18.6,SOFT,graded,pbp,54,73,0.1278,0.3225,-9,ok,0,10,5,1,3,,1,0,Road · Night · Full house
v3.0,2024,2024-09-14,Northwestern,Eastern Illinois,home,31,7,-26.5,23.4,24,0,0,0.6,AS EXPECTED,graded,pbp,63,47,0.4245,0.3975,1,ok,0,31,8,0,1,10,1,0,Night · FCS opponent
v3.0,2024,2024-09-14,Arkansas,UAB,home,37,27,,,10,0,0,,,no_line,pbp,,,,,,no_line,0,10,3,2,3,0,1,1,Group of 5 opponent
v3.0,2024,2024-09-14,Indiana,UCLA,away,42,13,-3.5,3.8,29,0,0,25.2,CERTIFIED DAWG,graded,pbp,58,45,0.4704,0.0525,16,ok,0,21,4,0,0,15,2,0,Road
v3.0,2024,2024-09-14,Notre Dame,Purdue,away,66,7,-7.5,8.1,42,24,7,33.9,CERTIFIED DAWG,graded,pbp,40,24,1.3479,0.1125,29,ok,0,21,5,0,0,28,2,0,Road · Full house
v3.0,2024,2024-09-14,Kentucky,Georgia,home,12,13,21.5,-19.6,-1,0,0,18.6,DAWG,graded,pbp,73,54,-0.1278,-0.3225,9,ok,0,3,5,2,3,,0,1,Night · Top-10 opponent
v3.0,2024,2024-09-14,LSU,South Carolina,away,36,33,-6.5,7.0,3,0,0,-4.0,AS EXPECTED,graded,pbp,72,61,0.1309,0.0975,2,ok,0,24,6,0,3,,3,2,Road · Full house
v3.0,2024,2024-09-20,Nebraska,Illinois,home,24,31,-9.5,10.3,-7,0,0,-17.3,SOFT,graded,pbp,65,64,0.0596,0.1425,-4,ok,0,14,4,2,4,,2,1,Night · Ranked opponent
v3.0,2024,2024-09-20,Syracuse,Stanford,home,24,26,-9.5,10.3,-2,0,0,-12.3,SOFT,graded,pbp,59,70,0.0845,0.1425,-3,ok,0,10,6,0,2,,2,2,Night
v3.0,2024,2024-09-20,Stanford,Syracuse,away,26,24,9.5,-10.3,2,0,0,12.3,DAWG,graded,pbp,70,59,-0.0845,-0.1425,3,ok,0,16,7,1,3,-8,2,2,Road · Night
v3.0,2024,2024-09-20,Illinois,Nebraska,away,31,24,9.5,-10.3,7,0,0,17.3,DAWG,graded,pbp,64,65,-0.0596,-0.1425,4,ok,0,14,5,2,3,,1,2,Road · Night · Full house · Ranked opponent
v3.0,2024,2024-09-21,Boston College,Michigan State,home,23,19,-4.5,4.9,4,0,0,-0.9,AS EXPECTED,graded,pbp,56,67,-0.0057,0.0675,-3,ok,0,14,4,1,4,,3,1,Night
v3.0,2024,2024-09-21,Maryland,Villanova,home,38,20,-22.5,20.3,25,0,7,4.7,AS EXPECTED,graded,pbp,60,53,0.4157,0.3375,3,ok,0,17,5,0,0,11,0,2,FCS opponent
v3.0,2024,2024-09-21,Michigan State,Boston College,away,19,23,4.5,-4.9,-4,0,0,0.9,AS EXPECTED,graded,pbp,67,56,0.0057,-0.0675,3,ok,0,9,6,2,4,,1,3,Road · Night · Full house
v3.0,2024,2024-09-21,Michigan,USC,home,27,24,4.5,-4.9,3,0,0,7.9,AS EXPECTED,graded,pbp,58,73,-0.0305,-0.0675,2,ok,0,21,7,0,3,-11,2,1,Ranked opponent
v3.0,2024,2024-09-21,Minnesota,Iowa,home,14,31,2.5,-2.7,-17,0,0,-14.3,SOFT,graded,pbp,58,64,-0.1387,-0.0375,-4,ok,0,14,5,0,3,,0,2,Night
v3.0,2024,2024-09-21,Missouri,Vanderbilt,home,30,27,-18.5,17.6,3,0,0,-14.6,SOFT,graded,pbp,73,49,0.0258,0.2775,-11,ok,13,10,7,3,5,,0,0,
v3.0,2024,2024-09-21,Ole Miss,Georgia Southern,home,52,13,-35.5,28.9,31,14,6,2.1,AS EXPECTED,graded,pbp,53,44,0.6484,0.5325,4,ok,0,31,7,0,0,21,2,1,Night · Group of 5 opponent
v3.0,2024,2024-09-21,Duke,Middle Tennessee,away,45,17,-14.5,14.9,28,0,0,13.1,DAWG,graded,pbp,47,61,0.3737,0.2175,6,ok,0,35,7,1,2,17,4,1,Road · Group of 5 opponent
v3.0,2024,2024-09-21,NC State,Clemson,away,35,59,17.5,-17.0,-38,28,14,-21.0,SOFT,graded,pbp,35,38,-0.5017,-0.2625,-6,ok,0,0,0,0,1,,0,3,Road · Full house · Ranked opponent
v3.0,2024,2024-09-21,North Carolina,James Madison,home,50,70,-11.5,12.3,-36,23,7,-48.3,CERTIFIED SOFT,graded,pbp,45,67,-0.3934,0.1725,-23,ok,0,7,5,1,2,,1,5,Group of 5 opponent
v3.0,2024,2024-09-21,Rutgers,Virginia Tech,away,26,23,3.5,-3.8,3,0,0,6.8,AS EXPECTED,graded,pbp,77,53,-0.0404,-0.0525,1,ok,0,7,6,1,2,-11,2,1,Road · Full house
v3.0,2024,2024-09-21,Ohio State,Marshall,home,49,14,-38.5,30.2,28,7,0,-2.2,AS EXPECTED,graded,espn,,,,,,no_pbp,0,0,0,0,0,14,0,0,Group of 5 opponent
v3.0,2024,2024-09-21,Oklahoma State,Utah,home,19,22,0.5,-0.5,-3,0,0,-2.5,AS EXPECTED,graded,pbp,59,80,-0.0439,-0.0075,-2,ok,0,10,8,0,2,,3,2,Ranked opponent
v3.0,2024,2024-09-21,Auburn,Arkansas,home,14,24,-2.5,2.7,-10,0,0,-12.7,SOFT,graded,pbp,61,82,-0.1732,0.0375,-11,ok,0,7,7,0,2,,2,5,
v3.0,2024,2024-09-21,Oklahoma,Tennessee,home,15,25,5.5,-6.0,-10,0,0,-4.0,AS EXPECTED,graded,pbp,67,73,-0.1748,-0.0825,-5,ok,0,7,10,1,2,,2,3,Night · Top-10 opponent
v3.0,2024,2024-09-21,Penn State,Kent State,home,56,0,,,35,21,0,,,no_line,pbp,,,,,,no_line,0,28,6,0,0,21,0,1,Group of 5 opponent
v3.0,2024,2024-09-21,Cincinnati,Houston,home,34,0,,,31,3,0,,,no_line,pbp,,,,,,no_line,0,31,5,0,0,17,2,0,
v3.0,2024,2024-09-21,Pittsburgh,Youngstown State,home,73,17,-29.5,25.6,42,21,7,16.4,DAWG,graded,pbp,42,40,0.6282,0.4425,6,ok,0,14,2,0,0,28,3,0,FCS opponent
v3.0,2024,2024-09-21,Clemson,NC State,home,59,35,-17.5,17.0,38,14,28,21.0,DAWG,graded,pbp,38,35,0.5017,0.2625,6,ok,0,21,3,0,0,24,3,0,
v3.0,2024,2024-09-21,Iowa,Minnesota,away,31,14,-2.5,2.7,17,0,0,14.3,DAWG,graded,pbp,64,58,0.1387,0.0375,4,ok,0,24,9,0,1,7,2,0,Road · Night · Full house
v3.0,2024,2024-09-21,Kansas,West Virginia,away,28,32,1.5,-1.6,-4,0,0,-2.4,AS EXPECTED,graded,pbp,71,63,-0.0296,-0.0225,0,ok,0,14,6,1,4,-15,2,2,Road
v3.0,2024,2024-09-21,Kansas State,BYU,away,9,38,-7.5,8.1,-29,0,0,-37.1,CERTIFIED SOFT,graded,pbp,55,40,-0.163,0.1125,-10,ok,0,6,4,0,3,,0,2,Road · Night · Full house
v3.0,2024,2024-09-21,Vanderbilt,Missouri,away,27,30,18.5,-17.6,-3,0,0,14.6,DAWG,graded,pbp,49,73,-0.0258,-0.2775,11,ok,13,17,6,1,6,,0,0,Road · Full house · Top-10 opponent
v3.0,2024,2024-09-21,Baylor,Colorado,away,31,38,2.5,-2.7,-7,0,0,-4.3,AS EXPECTED,graded,pbp,57,76,-0.1146,-0.0375,-4,ok,12,17,8,2,4,-16,0,0,Road · Full house
v3.0,2024,2024-09-21,Miami,South Florida,away,50,15,-15.5,15.7,28,7,0,12.3,DAWG,graded,pbp,55,61,0.5908,0.2325,15,ok,0,21,3,2,4,14,2,1,Road · Night · Group of 5 opponent
v3.0,2024,2024-09-21,Texas A&M,Bowling Green,home,26,20,,,6,0,0,,,no_line,pbp,,,,,,no_line,0,9,6,2,3,-4,1,1,Night · Group of 5 opponent
v3.0,2024,2024-09-21,Houston,Cincinnati,away,0,34,,,-31,0,3,,,no_line,pbp,,,,,,no_line,0,0,1,0,1,,0,2,Road · Full house
v3.0,2024,2024-09-21,California,Florida State,away,9,14,2.5,-2.7,-5,0,0,-2.3,AS EXPECTED,graded,pbp,73,65,0.0273,-0.0375,3,ok,0,9,8,0,2,,1,1,Road · Night
v3.0,2024,2024-09-21,Purdue,Oregon State,away,21,38,1.5,-1.6,-17,0,0,-15.4,SOFT,graded,pbp,47,75,-0.1801,-0.0225,-7,ok,0,7,5,0,1,,0,2,Road · Night · Group of 5 opponent
v3.0,2024,2024-09-21,Texas,UL Monroe,home,51,3,-41.5,31.4,32,16,0,0.6,AS EXPECTED,graded,pbp,45,35,0.6402,0.6225,1,ok,0,28,4,0,0,18,2,2,Night · Group of 5 opponent
v3.0,2024,2024-09-21,BYU,Kansas State,home,38,9,7.5,-8.1,29,0,0,37.1,CERTIFIED DAWG,graded,pbp,40,55,0.163,-0.1125,10,ok,0,21,4,1,3,18,2,0,Night · Ranked opponent
v3.0,2024,2024-09-21,Utah,Oklahoma State,away,22,19,-0.5,0.5,3,0,0,2.5,AS EXPECTED,graded,pbp,80,59,0.0439,0.0075,2,ok,0,23,11,0,1,-7,2,3,Road · Full house · Ranked opponent
v3.0,2024,2024-09-21,SMU,TCU,home,66,42,,,31,7,14,,,no_line,pbp,,,,,,no_line,0,13,4,3,4,21,5,1,
v3.0,2024,2024-09-21,South Carolina,Akron,home,50,7,-22.5,20.3,29,14,0,8.7,AS EXPECTED,graded,pbp,61,39,0.5245,0.3375,7,ok,0,35,8,0,0,14,1,1,Night · Group of 5 opponent
v3.0,2024,2024-09-21,Virginia,Coastal Carolina,away,43,24,-3.5,3.8,26,0,7,22.2,DAWG,graded,pbp,80,48,0.1762,0.0525,6,ok,0,27,6,1,2,15,1,0,Road · Full house · Group of 5 opponent
v3.0,2024,2024-09-21,Virginia Tech,Rutgers,home,23,26,-3.5,3.8,-3,0,0,-6.8,AS EXPECTED,graded,pbp,53,77,0.0404,0.0525,-1,ok,0,14,6,0,2,,1,2,
v3.0,2024,2024-09-21,UCLA,LSU,away,17,34,,,-17,0,0,,,no_line,pbp,,,,,,no_line,0,3,2,2,4,,0,2,Road · Full house · Ranked opponent
v3.0,2024,2024-09-21,TCU,SMU,away,42,66,,,-31,14,7,,,no_line,pbp,,,,,,no_line,0,14,2,1,3,,1,5,Road · Full house
v3.0,2024,2024-09-21,Tennessee,Oklahoma,away,25,15,-5.5,6.0,10,0,0,4.0,AS EXPECTED,graded,pbp,73,67,0.1748,0.0825,5,ok,0,16,11,1,1,1,3,2,Road · Night · Full house · Ranked opponent
v3.0,2024,2024-09-21,Washington,Northwestern,home,24,5,,,19,0,0,,,no_line,pbp,,,,,,no_line,0,17,10,0,0,9,2,1,
v3.0,2024,2024-09-21,Texas Tech,Arizona State,home,30,22,-4.5,4.9,8,0,0,3.1,AS EXPECTED,graded,pbp,79,67,-0.0462,0.0675,-6,ok,0,17,7,2,2,-6,1,0,
v3.0,2024,2024-09-21,West Virginia,Kansas,home,32,28,-1.5,1.6,4,0,0,2.4,AS EXPECTED,graded,pbp,63,71,0.0296,0.0225,0,ok,0,21,6,1,3,,2,2,
v3.0,2024,2024-09-21,USC,Michigan,away,24,27,-4.5,4.9,-3,0,0,-7.9,AS EXPECTED,graded,pbp,73,58,0.0305,0.0675,-2,ok,0,7,8,0,2,,1,2,Road · Full house · Ranked opponent
v3.0,2024,2024-09-21,Mississippi State,Florida,home,28,45,,,-17,0,0,,,no_line,pbp,,,,,,no_line,0,7,3,1,2,,1,1,
v3.0,2024,2024-09-21,Colorado,Baylor,home,38,31,-2.5,2.7,7,0,0,4.3,AS EXPECTED,graded,pbp,76,57,0.1146,0.0375,4,ok,12,24,7,1,4,,0,0,
v3.0,2024,2024-09-21,Florida State,California,home,14,9,-2.5,2.7,5,0,0,2.3,AS EXPECTED,graded,pbp,65,73,-0.0273,0.0375,-3,ok,0,7,7,1,3,,1,1,Night
v3.0,2024,2024-09-21,Florida,Mississippi State,away,45,28,,,17,0,0,,,no_line,pbp,,,,,,no_line,0,35,6,1,2,3,1,1,Road
v3.0,2024,2024-09-21,Georgia Tech,Louisville,away,19,31,8.5,-9.2,-12,0,0,-2.8,AS EXPECTED,graded,pbp,66,45,-0.1023,-0.1275,1,ok,0,10,3,0,3,,0,1,Road · Ranked opponent
v3.0,2024,2024-09-21,Iowa State,Arkansas State,home,52,7,-18.5,17.6,31,21,7,13.4,DAWG,graded,pbp,37,34,0.779,0.2775,13,ok,0,31,6,0,0,17,3,2,Group of 5 opponent
v3.0,2024,2024-09-21,Northwestern,Washington,away,5,24,,,-19,0,0,,,no_line,pbp,,,,,,no_line,0,3,6,0,1,,1,2,Road · Full house
v3.0,2024,2024-09-21,Arkansas,Auburn,away,24,14,2.5,-2.7,10,0,0,12.7,DAWG,graded,pbp,82,61,0.1732,-0.0375,11,ok,0,10,9,2,2,0,5,2,Road · Full house
v3.0,2024,2024-09-21,Indiana,Charlotte,home,52,14,-28.5,24.9,31,7,0,6.1,AS EXPECTED,graded,pbp,44,39,0.3144,0.4275,-3,ok,0,24,4,2,2,17,1,0,Group of 5 opponent
v3.0,2024,2024-09-21,Notre Dame,Miami (OH),home,28,3,-27.5,24.2,25,0,0,0.8,AS EXPECTED,graded,pbp,56,61,0.487,0.4125,3,ok,0,28,8,0,1,14,2,1,Group of 5 opponent
v3.0,2024,2024-09-21,Arizona State,Texas Tech,away,22,30,4.5,-4.9,-8,0,0,-3.1,AS EXPECTED,graded,pbp,67,79,0.0462,-0.0675,6,ok,0,24,5,0,1,,0,1,Road · Full house
v3.0,2024,2024-09-21,Kentucky,Ohio,home,41,6,-21.5,19.6,34,7,6,14.4,DAWG,graded,pbp,56,40,0.43,0.3225,4,ok,0,20,4,0,0,24,2,0,Group of 5 opponent
v3.0,2024,2024-09-21,Louisville,Georgia Tech,home,31,19,-8.5,9.2,12,0,0,2.8,AS EXPECTED,graded,pbp,45,66,0.1023,0.1275,-1,ok,0,10,4,1,3,2,1,0,
v3.0,2024,2024-09-21,LSU,UCLA,home,34,17,,,17,0,0,,,no_line,pbp,,,,,,no_line,0,20,5,1,2,3,2,0,
v3.0,2024,2024-09-27,Rutgers,Washington,home,21,18,-1.5,1.6,3,0,0,1.4,AS EXPECTED,graded,pbp,56,64,-0.2049,0.0225,-10,ok,0,14,6,1,3,-8,0,0,Night
v3.0,2024,2024-09-27,Miami,Virginia Tech,home,38,34,-17.5,17.0,4,0,0,-13.0,SOFT,graded,pbp,70,66,0.1408,0.2625,-6,ok,0,21,4,1,3,,1,3,Night
v3.0,2024,2024-09-27,Virginia Tech,Miami,away,34,38,17.5,-17.0,-4,0,0,13.0,DAWG,graded,pbp,66,70,-0.1408,-0.2625,6,ok,0,24,5,1,4,-14,3,1,Road · Night · Top-10 opponent
v3.0,2024,2024-09-27,Washington,Rutgers,away,18,21,1.5,-1.6,-3,0,0,-1.4,AS EXPECTED,graded,pbp,64,56,0.2049,-0.0225,10,ok,0,17,7,0,1,,0,0,Road · Night · Full house
v3.0,2024,2024-09-28,Boston College,Western Kentucky,home,21,20,-7.5,8.1,1,0,0,-7.1,AS EXPECTED,graded,pbp,65,78,0.0563,0.1125,-3,ok,0,21,6,0,1,,3,2,Group of 5 opponent
v3.0,2024,2024-09-28,Arizona,Utah,away,23,10,7.5,-8.1,13,0,0,21.1,DAWG,graded,pbp,60,69,0.1658,-0.1125,13,ok,0,9,8,2,2,3,2,1,Road · Night · Full house · Top-10 opponent
v3.0,2024,2024-09-28,Maryland,Indiana,away,28,42,7.5,-8.1,-14,0,0,-5.9,AS EXPECTED,graded,pbp,68,71,-0.0023,-0.1125,6,ok,0,0,8,2,3,,4,0,Road
v3.0,2024,2024-09-28,Michigan State,Ohio State,home,7,38,23.5,-21.1,-31,0,0,-9.9,AS EXPECTED,graded,pbp,34,56,-0.6253,-0.3525,-9,ok,0,7,2,0,1,,1,3,Night · Top-10 opponent
v3.0,2024,2024-09-28,Michigan,Minnesota,home,27,24,-10.5,11.3,3,0,0,-8.3,AS EXPECTED,graded,espn,,,,,,pbp_conflict,0,21,8,1,1,-11,2,1,
v3.0,2024,2024-09-28,Minnesota,Michigan,away,24,27,10.5,-11.3,-3,0,0,8.3,AS EXPECTED,graded,espn,,,,,,pbp_conflict,0,17,6,0,1,,1,2,Road · Full house · Ranked opponent
v3.0,2024,2024-09-28,Ole Miss,Kentucky,home,17,20,-15.5,15.7,-3,0,0,-18.7,SOFT,graded,pbp,56,75,0.0083,0.2325,-11,ok,0,10,6,0,3,,0,1,
v3.0,2024,2024-09-28,Duke,North Carolina,home,21,20,1.5,-1.6,1,0,0,2.6,AS EXPECTED,graded,pbp,74,79,0.1152,-0.0225,8,ok,0,14,7,0,1,,1,0,
v3.0,2024,2024-09-28,NC State,Northern Illinois,home,24,17,-7.5,8.1,7,0,0,-1.1,AS EXPECTED,graded,pbp,44,57,-0.1045,0.1125,-8,ok,0,17,6,0,3,-3,3,0,Group of 5 opponent
v3.0,2024,2024-09-28,North Carolina,Duke,away,20,21,-1.5,1.6,-1,0,0,-2.6,AS EXPECTED,graded,pbp,79,74,-0.1152,0.0225,-8,ok,0,17,9,0,2,-11,0,1,Road
v3.0,2024,2024-09-28,Wake Forest,Louisiana,home,38,41,-2.5,2.7,-3,0,0,-5.7,AS EXPECTED,graded,pbp,70,61,0.0686,0.0375,1,ok,0,7,2,4,5,,0,1,Group of 5 opponent
v3.0,2024,2024-09-28,Nebraska,Purdue,away,28,10,-10.5,11.3,25,0,7,13.7,DAWG,graded,pbp,51,41,0.5237,0.1575,12,ok,0,14,7,1,1,14,1,0,Road · Full house
v3.0,2024,2024-09-28,Syracuse,Holy Cross,home,42,14,-31.5,26.8,28,0,0,1.2,AS EXPECTED,graded,pbp,78,41,0.3518,0.4725,-5,ok,0,35,9,0,1,14,1,2,FCS opponent
v3.0,2024,2024-09-28,Ohio State,Michigan State,away,38,7,-23.5,21.1,31,0,0,9.9,AS EXPECTED,graded,pbp,56,34,0.6253,0.3525,9,ok,0,28,6,1,1,21,3,1,Road · Night · Full house
v3.0,2024,2024-09-28,Oklahoma State,Kansas State,away,20,42,5.5,-6.0,-29,7,0,-23.0,SOFT,graded,pbp,62,59,-0.45,-0.0825,-16,ok,0,10,5,1,3,,1,3,Road · Ranked opponent
v3.0,2024,2024-09-28,Auburn,Oklahoma,home,21,27,-1.5,1.6,-6,0,0,-7.6,AS EXPECTED,graded,pbp,75,47,-0.1063,0.0225,-6,ok,0,14,6,1,4,-17,0,1,Ranked opponent
v3.0,2024,2024-09-28,Oklahoma,Auburn,away,27,21,1.5,-1.6,6,0,0,7.6,AS EXPECTED,graded,pbp,47,75,0.1063,-0.0225,6,ok,0,20,7,0,2,,1,0,Road · Full house
v3.0,2024,2024-09-28,UCF,Colorado,home,21,48,-12.5,13.2,-27,0,0,-40.2,CERTIFIED SOFT,graded,pbp,67,59,-0.134,0.1875,-15,ok,0,7,5,1,2,,1,4,
v3.0,2024,2024-09-28,Penn State,Illinois,home,21,7,-19.5,18.2,14,0,0,-4.2,AS EXPECTED,graded,pbp,65,56,0.3191,0.2925,1,ok,0,7,5,1,1,0,2,0,Night · Ranked opponent
v3.0,2024,2024-09-28,Cincinnati,Texas Tech,away,41,44,3.5,-3.8,-3,0,0,0.8,AS EXPECTED,graded,pbp,77,65,-0.0864,-0.0525,-2,ok,0,7,2,3,6,-14,0,2,Road · Night · Full house
v3.0,2024,2024-09-28,Clemson,Stanford,home,40,14,-23.5,21.1,26,7,7,4.9,AS EXPECTED,graded,pbp,49,54,0.4018,0.3525,2,ok,0,31,10,0,0,16,4,1,Night
v3.0,2024,2024-09-28,Kansas,TCU,home,27,38,-1.5,1.6,-11,0,0,-12.6,SOFT,graded,pbp,67,72,-0.029,0.0225,-3,ok,0,10,6,2,4,,3,1,
v3.0,2024,2024-09-28,Kansas State,Oklahoma State,home,42,20,-5.5,6.0,29,0,7,23.0,DAWG,graded,pbp,59,62,0.45,0.0825,16,ok,0,28,8,1,3,14,3,1,Ranked opponent
v3.0,2024,2024-09-28,Baylor,BYU,home,28,34,-3.5,3.8,-6,0,0,-9.8,AS EXPECTED,graded,pbp,75,69,0.0639,0.0525,1,ok,0,14,6,0,1,,2,2,Ranked opponent
v3.0,2024,2024-09-28,Stanford,Clemson,away,14,40,23.5,-21.1,-26,7,7,-4.9,AS EXPECTED,graded,pbp,54,49,-0.4018,-0.3525,-2,ok,0,0,5,0,1,,1,4,Road · Night · Full house · Ranked opponent
v3.0,2024,2024-09-28,Texas A&M,Arkansas,neutral,21,17,-7.5,8.1,4,0,0,-4.1,AS EXPECTED,graded,pbp,61,71,0.0296,0.1125,-4,ok,0,14,8,1,3,,3,0,
v3.0,2024,2024-09-28,Houston,Iowa State,home,0,20,16.5,-16.3,-20,0,0,-3.7,AS EXPECTED,graded,pbp,46,66,-0.4452,-0.2475,-8,ok,0,0,4,0,1,,0,2,Night · Ranked opponent
v3.0,2024,2024-09-28,Oregon,UCLA,away,34,13,-23.5,21.1,21,0,0,-0.1,AS EXPECTED,graded,pbp,75,48,0.2845,0.3525,-3,ok,0,24,6,1,1,7,1,1,Road · Night
v3.0,2024,2024-09-28,Purdue,Nebraska,home,10,28,10.5,-11.3,-25,7,0,-13.7,SOFT,graded,pbp,41,51,-0.5237,-0.1575,-12,ok,0,0,5,0,1,,0,1,
v3.0,2024,2024-09-28,Texas,Mississippi State,home,35,13,-38.5,30.2,22,0,0,-8.2,AS EXPECTED,graded,pbp,59,73,0.3139,0.5775,-13,ok,0,21,6,1,2,7,1,2,
v3.0,2024,2024-09-28,BYU,Baylor,away,34,28,3.5,-3.8,6,0,0,9.8,AS EXPECTED,graded,pbp,69,75,-0.0639,-0.0525,-1,ok,0,14,7,0,1,-8,2,2,Road
v3.0,2024,2024-09-28,Utah,Arizona,home,10,23,-7.5,8.1,-13,0,0,-21.1,SOFT,graded,pbp,69,60,-0.1658,0.1125,-13,ok,0,10,6,0,2,,1,2,Night
v3.0,2024,2024-09-28,SMU,Florida State,home,42,16,-5.5,6.0,26,0,0,20.0,DAWG,graded,pbp,53,51,0.5556,0.0825,18,ok,0,21,6,1,2,14,3,0,Night
v3.0,2024,2024-09-28,UCLA,Oregon,home,13,34,23.5,-21.1,-21,0,0,0.1,AS EXPECTED,graded,pbp,48,75,-0.2845,-0.3525,3,ok,0,3,2,1,2,,1,1,Night · Top-10 opponent
v3.0,2024,2024-09-28,TCU,Kansas,away,38,27,1.5,-1.6,11,0,0,12.6,DAWG,graded,pbp,72,67,0.029,-0.0225,3,ok,0,3,5,4,5,0,1,3,Road
v3.0,2024,2024-09-28,Texas Tech,Cincinnati,home,44,41,-3.5,3.8,3,0,0,-0.8,AS EXPECTED,graded,pbp,65,77,0.0864,0.0525,2,ok,0,7,1,4,6,-11,2,0,Night
v3.0,2024,2024-09-28,Wisconsin,USC,away,21,38,13.5,-14.1,-17,0,0,-2.9,AS EXPECTED,graded,pbp,49,82,-0.3186,-0.2025,-6,ok,0,0,4,2,4,-28,2,1,Road · Full house · Ranked opponent
v3.0,2024,2024-09-28,USC,Wisconsin,home,38,21,-13.5,14.1,17,0,0,2.9,AS EXPECTED,graded,pbp,82,49,0.3186,0.2025,6,ok,0,14,5,1,2,7,1,2,
v3.0,2024,2024-09-28,Alabama,Georgia,home,41,34,4.5,-4.9,7,0,0,11.9,AS EXPECTED,graded,pbp,71,77,0.0719,-0.0675,7,ok,0,21,6,1,2,-7,4,2,Night · Top-10 opponent
v3.0,2024,2024-09-28,Mississippi State,Texas,away,13,35,38.5,-30.2,-22,0,0,8.2,AS EXPECTED,graded,pbp,73,59,-0.3139,-0.5775,13,ok,0,6,5,0,1,,2,1,Road · Full house · Top-10 opponent
v3.0,2024,2024-09-28,Illinois,Penn State,away,7,21,19.5,-18.2,-14,0,0,4.2,AS EXPECTED,graded,pbp,56,65,-0.3191,-0.2925,-1,ok,0,0,4,0,2,,0,2,Road · Night · Full house · Top-10 opponent
v3.0,2024,2024-09-28,Colorado,UCF,away,48,21,12.5,-13.2,27,0,0,40.2,CERTIFIED DAWG,graded,pbp,59,67,0.134,-0.1875,15,ok,0,27,8,1,2,13,4,1,Road · Full house
v3.0,2024,2024-09-28,Florida State,SMU,away,16,42,5.5,-6.0,-26,0,0,-20.0,SOFT,graded,pbp,51,53,-0.5556,-0.0825,-18,ok,0,0,3,1,2,,0,3,Road · Night · Full house
v3.0,2024,2024-09-28,Georgia,Alabama,away,34,41,-4.5,4.9,-7,0,0,-11.9,AS EXPECTED,graded,pbp,77,71,-0.0719,0.0675,-7,ok,0,28,6,0,2,,2,4,Road · Night · Full house · Top-10 opponent
v3.0,2024,2024-09-28,Iowa State,Houston,away,20,0,-16.5,16.3,20,0,0,3.7,AS EXPECTED,graded,pbp,66,46,0.4452,0.2475,8,ok,0,20,8,0,0,10,2,0,Road · Night
v3.0,2024,2024-09-28,Arkansas,Texas A&M,neutral,17,21,7.5,-8.1,-4,0,0,4.1,AS EXPECTED,graded,pbp,71,61,-0.0296,-0.1125,4,ok,0,3,9,1,3,,0,3,Ranked opponent
v3.0,2024,2024-09-28,Indiana,Maryland,home,42,28,-7.5,8.1,14,0,0,5.9,AS EXPECTED,graded,pbp,71,68,0.0023,0.1125,-6,ok,0,35,9,1,3,0,0,4,
v3.0,2024,2024-09-28,Notre Dame,Louisville,home,31,24,-6.5,7.0,7,0,0,-0.0,AS EXPECTED,graded,pbp,54,74,0.084,0.0975,-1,ok,0,17,7,2,4,-7,2,1,Ranked opponent
v3.0,2024,2024-09-28,Kentucky,Ole Miss,away,20,17,15.5,-15.7,3,0,0,18.7,DAWG,graded,pbp,75,56,-0.0083,-0.2325,11,ok,0,14,6,2,3,,1,0,Road · Top-10 opponent
v3.0,2024,2024-09-28,Louisville,Notre Dame,away,24,31,6.5,-7.0,-7,0,0,0.0,AS EXPECTED,graded,pbp,74,54,-0.084,-0.0975,1,ok,0,10,6,0,2,,1,2,Road · Full house · Ranked opponent
v3.0,2024,2024-09-28,LSU,South Alabama,home,42,10,-20.5,18.9,32,7,7,13.1,DAWG,graded,pbp,51,40,0.6023,0.3075,10,ok,0,14,2,0,0,18,0,2,Night · Group of 5 opponent
v3.0,2024,2024-10-04,Michigan State,Oregon,away,10,31,21.5,-19.6,-24,10,7,-4.4,AS EXPECTED,graded,pbp,35,60,-0.5487,-0.3225,-8,ok,0,3,4,0,1,,2,1,Road · Night · Full house · Top-10 opponent
v3.0,2024,2024-10-04,Syracuse,UNLV,away,44,41,5.5,-6.0,3,0,0,9.0,AS EXPECTED,graded,pbp,88,46,-0.2393,-0.0825,-8,ok,0,21,3,3,7,-11,1,1,Road · Night · Ranked opponent · Group of 5 opponent
v3.0,2024,2024-10-04,Houston,TCU,away,30,19,16.5,-16.3,11,0,0,27.3,CERTIFIED DAWG,graded,pbp,64,59,0.0707,-0.2475,14,ok,0,20,6,1,1,-3,4,0,Road · Night
v3.0,2024,2024-10-04,Oregon,Michigan State,home,31,10,-21.5,19.6,24,7,10,4.4,AS EXPECTED,graded,pbp,60,35,0.5487,0.3225,8,ok,0,31,7,0,0,10,1,2,Night
v3.0,2024,2024-10-04,TCU,Houston,home,19,30,-16.5,16.3,-11,0,0,-27.3,CERTIFIED SOFT,graded,pbp,59,64,-0.0707,0.2475,-14,ok,0,7,4,0,1,,0,4,Night
v3.0,2024,2024-10-05,Boston College,Virginia,away,14,24,1.5,-1.6,-10,0,0,-8.4,AS EXPECTED,graded,pbp,58,65,0.016,-0.0225,2,ok,0,14,5,0,3,-24,0,3,Road
v3.0,2024,2024-10-05,Arizona,Texas Tech,home,22,28,-5.5,6.0,-6,0,0,-12.0,AS EXPECTED,graded,pbp,78,57,0.0313,0.0825,-3,ok,0,16,9,2,3,,2,3,Night
v3.0,2024,2024-10-05,Michigan,Washington,away,17,27,1.5,-1.6,-10,0,0,-8.4,AS EXPECTED,graded,pbp,62,67,-0.1522,-0.0225,-6,ok,0,10,6,0,3,,1,2,Road · Full house
v3.0,2024,2024-10-05,Minnesota,USC,home,24,17,9.5,-10.3,7,0,0,17.3,DAWG,graded,pbp,59,62,0.0086,-0.1425,7,ok,0,17,5,1,3,,3,1,Night · Ranked opponent
v3.0,2024,2024-10-05,Missouri,Texas A&M,away,10,41,2.5,-2.7,-31,10,10,-28.3,CERTIFIED SOFT,graded,pbp,28,43,-0.7217,-0.0375,-18,ok,0,0,0,0,1,,0,0,Road · Ranked opponent
v3.0,2024,2024-10-05,Ole Miss,South Carolina,away,27,3,-10.5,11.3,24,0,0,12.7,DAWG,graded,pbp,53,59,0.1869,0.1575,1,ok,0,24,10,0,0,10,2,1,Road · Full house
v3.0,2024,2024-10-05,Duke,Georgia Tech,away,14,24,,,-10,0,0,,,no_line,pbp,,,,,,no_line,0,14,5,0,2,,0,1,Road · Night
v3.0,2024,2024-10-05,NC State,Wake Forest,home,30,34,-4.5,4.9,-4,0,0,-8.9,AS EXPECTED,graded,pbp,75,63,0.0213,0.0675,-2,ok,0,17,5,2,5,-14,2,2,
v3.0,2024,2024-10-05,North Carolina,Pittsburgh,home,24,34,2.5,-2.7,-10,0,0,-7.3,AS EXPECTED,graded,pbp,80,76,-0.0758,-0.0375,-2,ok,0,14,3,1,5,,1,0,
v3.0,2024,2024-10-05,Wake Forest,NC State,away,34,30,4.5,-4.9,4,0,0,8.9,AS EXPECTED,graded,pbp,63,75,-0.0213,-0.0675,2,ok,0,17,5,1,4,-6,2,2,Road · Full house
v3.0,2024,2024-10-05,Nebraska,Rutgers,home,14,7,-5.5,6.0,7,0,0,1.0,AS EXPECTED,graded,espn,,,,,,no_pbp,0,0,0,0,0,-7,0,0,
v3.0,2024,2024-10-05,Rutgers,Nebraska,away,7,14,5.5,-6.0,-7,0,0,-1.0,AS EXPECTED,graded,espn,,,,,,no_pbp,0,0,0,0,0,,0,0,Road · Full house
v3.0,2024,2024-10-05,Ohio State,Iowa,home,35,7,-17.5,17.0,28,7,7,11.0,AS EXPECTED,graded,espn,,,,,,no_pbp,0,0,0,0,0,14,0,0,
v3.0,2024,2024-10-05,Oklahoma State,West Virginia,home,14,38,-2.5,2.7,-24,7,7,-26.7,CERTIFIED SOFT,graded,pbp,41,61,-0.3961,0.0375,-16,ok,0,0,2,0,1,,0,2,
v3.0,2024,2024-10-05,Auburn,Georgia,away,13,31,21.5,-19.6,-18,0,0,1.6,AS EXPECTED,graded,pbp,58,66,-0.1506,-0.3225,8,ok,0,7,3,1,1,,0,0,Road · Full house · Top-10 opponent
v3.0,2024,2024-10-05,UCF,Florida,away,13,24,-1.5,1.6,-11,0,0,-12.6,SOFT,graded,pbp,63,63,-0.1433,0.0225,-8,ok,0,7,5,1,1,,0,1,Road · Night · Full house
v3.0,2024,2024-10-05,Penn State,UCLA,home,27,11,-29.5,25.6,24,0,8,-1.6,AS EXPECTED,graded,pbp,53,42,0.3766,0.4425,-2,ok,0,20,6,1,1,13,0,0,
v3.0,2024,2024-10-05,Pittsburgh,North Carolina,away,34,24,-2.5,2.7,10,0,0,7.3,AS EXPECTED,graded,pbp,76,80,0.0758,0.0375,2,ok,0,17,6,2,3,0,0,1,Road · Full house
v3.0,2024,2024-10-05,Clemson,Florida State,away,29,13,-16.5,16.3,16,0,0,-0.3,AS EXPECTED,graded,pbp,73,64,0.1815,0.2475,-3,ok,0,26,8,0,0,6,1,0,Road · Night
v3.0,2024,2024-10-05,Iowa,Ohio State,away,7,35,17.5,-17.0,-28,7,7,-11.0,AS EXPECTED,graded,espn,,,,,,no_pbp,0,0,0,0,0,,0,0,Road · Full house · Top-10 opponent
v3.0,2024,2024-10-05,Kansas,Arizona State,away,31,35,2.5,-2.7,-4,0,0,-1.3,AS EXPECTED,graded,pbp,63,70,-0.0821,-0.0375,-2,ok,0,7,5,3,3,,2,0,Road · Full house
v3.0,2024,2024-10-05,Vanderbilt,Alabama,home,40,35,22.5,-20.3,5,0,0,25.3,CERTIFIED DAWG,graded,pbp,74,45,-0.2386,-0.3375,4,ok,0,17,3,2,3,-8,2,0,Top-10 opponent
v3.0,2024,2024-10-05,Baylor,Iowa State,away,21,43,12.5,-13.2,-22,0,0,-8.8,AS EXPECTED,graded,pbp,64,70,-0.2378,-0.1875,-2,ok,0,7,1,1,5,-33,1,1,Road · Night · Full house · Ranked opponent
v3.0,2024,2024-10-05,Miami,California,away,39,38,-8.5,9.2,1,0,0,-8.2,AS EXPECTED,graded,pbp,86,49,0.1162,0.1275,-1,ok,0,21,5,1,2,,1,1,Road · Night · Full house
v3.0,2024,2024-10-05,Stanford,Virginia Tech,home,7,31,9.5,-10.3,-24,0,0,-13.7,SOFT,graded,pbp,59,55,-0.2988,-0.1425,-6,ok,0,7,3,0,1,,0,2,
v3.0,2024,2024-10-05,Texas A&M,Missouri,home,41,10,-2.5,2.7,31,10,10,28.3,CERTIFIED DAWG,graded,pbp,43,28,0.7217,0.0375,18,ok,0,24,5,0,0,21,0,0,Top-10 opponent
v3.0,2024,2024-10-05,California,Miami,home,38,39,8.5,-9.2,-1,0,0,8.2,AS EXPECTED,graded,pbp,49,86,-0.1162,-0.1275,1,ok,0,14,4,2,4,-12,1,1,Night · Top-10 opponent
v3.0,2024,2024-10-05,Purdue,Wisconsin,away,6,52,11.5,-12.3,-29,0,17,-16.7,SOFT,graded,pbp,34,46,-0.5672,-0.1725,-11,ok,0,6,3,0,1,,2,1,Road · Full house
v3.0,2024,2024-10-05,SMU,Louisville,away,34,27,6.5,-7.0,7,0,0,14.0,DAWG,graded,pbp,61,67,0.0784,-0.0975,8,ok,0,14,3,3,5,-4,1,0,Road · Ranked opponent
v3.0,2024,2024-10-05,South Carolina,Ole Miss,home,3,27,10.5,-11.3,-24,0,0,-12.7,SOFT,graded,pbp,59,53,-0.1869,-0.1575,-1,ok,0,3,6,0,1,,1,2,Ranked opponent
v3.0,2024,2024-10-05,Virginia,Boston College,home,24,14,-1.5,1.6,10,0,0,8.4,AS EXPECTED,graded,pbp,65,58,-0.016,0.0225,-2,ok,0,13,6,0,1,0,3,0,
v3.0,2024,2024-10-05,Virginia Tech,Stanford,away,31,7,-9.5,10.3,24,0,0,13.7,DAWG,graded,pbp,55,59,0.2988,0.1425,6,ok,0,24,6,0,0,10,2,0,Road
v3.0,2024,2024-10-05,UCLA,Penn State,away,11,27,29.5,-25.6,-24,8,0,1.6,AS EXPECTED,graded,pbp,42,53,-0.3766,-0.4425,2,ok,0,0,3,1,1,,0,0,Road · Full house · Top-10 opponent
v3.0,2024,2024-10-05,Tennessee,Arkansas,away,14,19,-14.5,14.9,-5,0,0,-19.9,SOFT,graded,pbp,65,74,-0.0653,0.2175,-14,ok,0,7,6,0,4,-16,0,0,Road · Night · Full house
v3.0,2024,2024-10-05,Washington,Michigan,home,27,17,-1.5,1.6,10,0,0,8.4,AS EXPECTED,graded,pbp,67,62,0.1522,0.0225,6,ok,0,27,7,0,3,-4,2,1,Top-10 opponent
v3.0,2024,2024-10-05,Texas Tech,Arizona,away,28,22,5.5,-6.0,6,0,0,12.0,AS EXPECTED,graded,pbp,57,78,-0.0313,-0.0825,3,ok,0,27,8,0,4,-6,3,2,Road · Night · Full house
v3.0,2024,2024-10-05,Wisconsin,Purdue,home,52,6,-11.5,12.3,29,17,0,16.7,DAWG,graded,pbp,46,34,0.5672,0.1725,11,ok,0,14,5,1,1,15,1,2,
v3.0,2024,2024-10-05,West Virginia,Oklahoma State,away,38,14,2.5,-2.7,24,7,7,26.7,CERTIFIED DAWG,graded,pbp,61,41,0.3961,-0.0375,16,ok,0,28,6,0,0,14,2,0,Road · Full house
v3.0,2024,2024-10-05,USC,Minnesota,away,17,24,-9.5,10.3,-7,0,0,-17.3,SOFT,graded,pbp,62,59,-0.0086,0.1425,-7,ok,0,10,4,1,4,,1,3,Road · Night · Full house
v3.0,2024,2024-10-05,Alabama,Vanderbilt,away,35,40,-22.5,20.3,-5,0,0,-25.3,CERTIFIED SOFT,graded,pbp,45,74,0.2386,0.3375,-4,ok,0,0,1,0,2,,0,2,Road
v3.0,2024,2024-10-05,Florida State,Clemson,home,13,29,16.5,-16.3,-16,0,0,0.3,AS EXPECTED,graded,pbp,64,73,-0.1815,-0.2475,3,ok,0,7,4,0,1,,0,1,Night · Ranked opponent
v3.0,2024,2024-10-05,Florida,UCF,home,24,13,1.5,-1.6,11,0,0,12.6,DAWG,graded,pbp,63,63,0.1433,-0.0225,8,ok,0,17,5,0,1,0,1,0,Night
v3.0,2024,2024-10-05,Georgia Tech,Duke,home,24,14,,,10,0,0,,,no_line,pbp,,,,,,no_line,0,10,7,1,1,0,1,0,Night
v3.0,2024,2024-10-05,Georgia,Auburn,home,31,13,-21.5,19.6,18,0,0,-1.6,AS EXPECTED,graded,pbp,66,58,0.1506,0.3225,-8,ok,0,21,5,1,2,7,0,0,
v3.0,2024,2024-10-05,Iowa State,Baylor,home,43,21,-12.5,13.2,22,0,0,8.8,AS EXPECTED,graded,pbp,70,64,0.2378,0.1875,2,ok,0,24,5,2,2,10,1,1,Night
v3.0,2024,2024-10-05,Northwestern,Indiana,home,24,41,12.5,-13.2,-17,0,0,-3.8,AS EXPECTED,graded,pbp,60,68,-0.2596,-0.1875,-3,ok,0,0,2,2,3,,0,0,Ranked opponent
v3.0,2024,2024-10-05,Arkansas,Tennessee,home,19,14,14.5,-14.9,5,0,0,19.9,DAWG,graded,pbp,74,65,0.0653,-0.2175,14,ok,0,10,7,0,1,,0,0,Night · Top-10 opponent
v3.0,2024,2024-10-05,Indiana,Northwestern,away,41,24,-12.5,13.2,17,0,0,3.8,AS EXPECTED,graded,pbp,68,60,0.2596,0.1875,3,ok,0,21,4,4,4,3,0,0,Road · Full house
v3.0,2024,2024-10-05,Arizona State,Kansas,home,35,31,-2.5,2.7,4,0,0,1.3,AS EXPECTED,graded,pbp,70,63,0.0821,0.0375,2,ok,0,14,4,2,5,,0,2,
v3.0,2024,2024-10-05,Louisville,SMU,home,27,34,-6.5,7.0,-7,0,0,-14.0,SOFT,graded,pbp,67,61,-0.0784,0.0975,-8,ok,0,0,3,3,4,,0,1,
v3.0,2024,2024-10-11,Maryland,Northwestern,home,10,37,-10.5,11.3,-27,0,0,-38.3,CERTIFIED SOFT,graded,pbp,73,49,-0.1689,0.1575,-14,ok,0,3,5,0,1,,0,3,Night
v3.0,2024,2024-10-11,Utah,Arizona State,away,19,27,-5.5,6.0,-8,0,0,-14.0,SOFT,graded,pbp,70,57,-0.2181,0.0825,-14,ok,0,16,5,0,3,,1,3,Road · Night
v3.0,2024,2024-10-11,Northwestern,Maryland,away,37,10,10.5,-11.3,27,0,0,38.3,CERTIFIED DAWG,graded,pbp,49,73,0.1689,-0.1575,14,ok,0,27,7,0,1,13,3,0,Road · Night
v3.0,2024,2024-10-11,Arizona State,Utah,home,27,19,5.5,-6.0,8,0,0,14.0,DAWG,graded,pbp,57,70,0.2181,-0.0825,14,ok,0,7,4,3,4,,3,1,Night · Ranked opponent
v3.0,2024,2024-10-12,Arizona,BYU,away,19,41,2.5,-2.7,-22,0,0,-19.3,SOFT,graded,pbp,82,59,-0.2096,-0.0375,-9,ok,0,10,4,0,2,,1,4,Road · Full house · Ranked opponent
v3.0,2024,2024-10-12,Minnesota,UCLA,away,21,17,-3.5,3.8,4,0,0,0.2,AS EXPECTED,graded,pbp,59,62,0.0546,0.0525,0,ok,0,21,7,0,2,,3,0,Road · Night
v3.0,2024,2024-10-12,Missouri,Massachusetts,away,45,3,-27.5,24.2,35,7,0,10.8,AS EXPECTED,graded,pbp,38,36,0.5818,0.4125,5,ok,0,24,4,0,0,21,2,0,Road · Full house · Group of 5 opponent
v3.0,2024,2024-10-12,Ole Miss,LSU,away,26,29,-3.5,3.8,-3,0,0,-6.8,AS EXPECTED,graded,pbp,81,74,0.0593,0.0525,0,ok,4,16,8,1,4,-13,2,2,Road · Night · Full house · Ranked opponent
v3.0,2024,2024-10-12,NC State,Syracuse,home,17,24,1.5,-1.6,-7,0,0,-5.4,AS EXPECTED,graded,pbp,44,77,0.1545,-0.0225,8,ok,0,3,4,0,1,,0,3,Night
v3.0,2024,2024-10-12,North Carolina,Georgia Tech,home,34,41,3.5,-3.8,-7,0,0,-3.2,AS EXPECTED,graded,pbp,68,71,-0.2488,-0.0525,-10,ok,0,17,5,0,3,,0,2,
v3.0,2024,2024-10-12,Wake Forest,Clemson,home,14,49,21.5,-19.6,-28,0,7,-8.4,AS EXPECTED,graded,pbp,48,65,-0.5107,-0.3225,-8,ok,0,7,2,0,2,,0,2,Top-10 opponent
v3.0,2024,2024-10-12,Rutgers,Wisconsin,home,7,42,-1.5,1.6,-35,7,7,-36.6,CERTIFIED SOFT,graded,pbp,51,63,-0.4043,0.0225,-18,ok,0,0,6,0,1,,2,1,
v3.0,2024,2024-10-12,Syracuse,NC State,away,24,17,-1.5,1.6,7,0,0,5.4,AS EXPECTED,graded,pbp,77,44,-0.1545,0.0225,-8,ok,0,21,5,0,1,-3,3,0,Road · Night · Full house
v3.0,2024,2024-10-12,Ohio State,Oregon,away,31,32,-3.5,3.8,-1,0,0,-4.8,AS EXPECTED,graded,pbp,68,65,-0.0758,0.0525,-6,ok,0,14,4,3,5,,0,1,Road · Full house · Top-10 opponent
v3.0,2024,2024-10-12,Oklahoma,Texas,neutral,3,34,16.5,-16.3,-24,0,7,-7.7,AS EXPECTED,graded,pbp,48,58,-0.4706,-0.2475,-9,ok,0,3,5,0,1,,1,2,Top-10 opponent
v3.0,2024,2024-10-12,UCF,Cincinnati,home,13,19,-2.5,2.7,-6,0,0,-8.7,AS EXPECTED,graded,pbp,63,69,0.0086,0.0375,-1,ok,0,10,4,0,2,,2,2,
v3.0,2024,2024-10-12,Penn State,USC,away,33,30,-3.5,3.8,3,0,0,-0.8,AS EXPECTED,graded,pbp,70,55,0.0712,0.0525,1,ok,6,16,6,2,3,,1,3,Road · Full house
v3.0,2024,2024-10-12,Cincinnati,UCF,away,19,13,2.5,-2.7,6,0,0,8.7,AS EXPECTED,graded,pbp,69,63,-0.0086,-0.0375,1,ok,0,17,6,1,3,-4,2,2,Road · Full house
v3.0,2024,2024-10-12,Pittsburgh,California,home,17,15,-3.5,3.8,2,0,0,-1.8,AS EXPECTED,graded,pbp,56,77,-0.1133,0.0525,-8,ok,0,10,7,1,3,-9,1,3,
v3.0,2024,2024-10-12,Clemson,Wake Forest,away,49,14,-21.5,19.6,28,7,0,8.4,AS EXPECTED,graded,pbp,65,48,0.5107,0.3225,8,ok,0,21,5,2,2,14,2,0,Road · Full house
v3.0,2024,2024-10-12,Iowa,Washington,home,40,16,-2.5,2.7,27,3,6,24.3,CERTIFIED DAWG,graded,pbp,41,59,0.287,0.0375,9,ok,0,34,6,1,2,17,2,0,
v3.0,2024,2024-10-12,Kansas State,Colorado,away,31,28,-3.5,3.8,3,0,0,-0.8,AS EXPECTED,graded,pbp,68,57,-0.0925,0.0525,-7,ok,0,14,5,3,4,-11,1,0,Road · Night · Full house
v3.0,2024,2024-10-12,Vanderbilt,Kentucky,away,20,13,12.5,-13.2,7,0,0,20.2,DAWG,graded,pbp,55,54,-0.0428,-0.1875,6,ok,0,17,4,0,2,-3,1,1,Road · Night · Full house
v3.0,2024,2024-10-12,Stanford,Notre Dame,away,7,49,22.5,-20.3,-35,0,7,-14.7,SOFT,graded,pbp,48,46,-0.6681,-0.3375,-11,ok,0,7,2,0,2,,1,1,Road · Full house · Ranked opponent
v3.0,2024,2024-10-12,Oregon,Ohio State,home,32,31,3.5,-3.8,1,0,0,4.8,AS EXPECTED,graded,pbp,65,68,0.0758,-0.0525,6,ok,0,14,4,3,5,,1,0,Top-10 opponent
v3.0,2024,2024-10-12,California,Pittsburgh,away,15,17,3.5,-3.8,-2,0,0,1.8,AS EXPECTED,graded,pbp,77,56,0.1133,-0.0525,8,ok,0,14,7,0,2,,3,1,Road · Ranked opponent
v3.0,2024,2024-10-12,Purdue,Illinois,away,49,50,21.5,-19.6,-1,0,0,18.6,DAWG,graded,espn,,,,,,no_pbp,0,0,0,0,0,,0,0,Road · Full house · Ranked opponent
v3.0,2024,2024-10-12,Texas,Oklahoma,neutral,34,3,-16.5,16.3,24,7,0,7.7,AS EXPECTED,graded,pbp,58,48,0.4706,0.2475,9,ok,0,27,10,1,1,13,2,1,Ranked opponent
v3.0,2024,2024-10-12,BYU,Arizona,home,41,19,-2.5,2.7,22,0,0,19.3,DAWG,graded,pbp,59,82,0.2096,0.0375,9,ok,0,17,6,1,1,8,4,1,
v3.0,2024,2024-10-12,South Carolina,Alabama,away,25,27,19.5,-18.2,-2,0,0,16.2,DAWG,graded,pbp,71,60,-0.0324,-0.2925,12,ok,0,3,5,0,2,,2,4,Road · Full house · Top-10 opponent
v3.0,2024,2024-10-12,Virginia,Louisville,home,20,24,7.5,-8.1,-4,0,0,4.1,AS EXPECTED,graded,pbp,83,59,-0.0847,-0.1125,1,ok,0,10,6,0,3,,1,0,
v3.0,2024,2024-10-12,UCLA,Minnesota,home,17,21,3.5,-3.8,-4,0,0,-0.2,AS EXPECTED,graded,pbp,62,59,-0.0546,-0.0525,0,ok,0,17,7,0,3,-14,0,3,Night
v3.0,2024,2024-10-12,Tennessee,Florida,home,23,17,-13.5,14.1,6,0,0,-8.1,AS EXPECTED,graded,pbp,64,69,0.026,0.2025,-9,ok,8,17,10,0,1,,2,2,Night
v3.0,2024,2024-10-12,Washington,Iowa,away,16,40,2.5,-2.7,-27,6,3,-24.3,CERTIFIED SOFT,graded,pbp,59,41,-0.287,-0.0375,-9,ok,0,0,2,1,2,,0,2,Road · Full house
v3.0,2024,2024-10-12,Wisconsin,Rutgers,away,42,7,1.5,-1.6,35,7,7,36.6,CERTIFIED DAWG,graded,pbp,63,51,0.4043,-0.0225,18,ok,0,28,9,0,0,21,1,2,Road
v3.0,2024,2024-10-12,West Virginia,Iowa State,home,16,28,3.0,-3.2,-12,0,0,-8.8,AS EXPECTED,graded,pbp,63,71,-0.1041,-0.045,-3,ok,0,0,3,1,2,,0,2,Night · Ranked opponent
v3.0,2024,2024-10-12,USC,Penn State,home,30,33,3.5,-3.8,-3,0,0,0.8,AS EXPECTED,graded,pbp,55,70,-0.0712,-0.0525,-1,ok,6,13,5,2,5,-14,3,1,Top-10 opponent
v3.0,2024,2024-10-12,Alabama,South Carolina,home,27,25,-19.5,18.2,2,0,0,-16.2,SOFT,graded,pbp,60,71,0.0324,0.2925,-12,ok,0,21,7,0,4,-12,4,2,
v3.0,2024,2024-10-12,Mississippi State,Georgia,away,31,41,34.5,-28.4,-10,0,0,18.4,DAWG,graded,pbp,62,76,-0.0383,-0.5175,24,ok,0,10,3,0,2,,2,1,Road · Full house · Top-10 opponent
v3.0,2024,2024-10-12,Illinois,Purdue,home,50,49,-21.5,19.6,1,0,0,-18.6,SOFT,graded,espn,,,,,,no_pbp,0,0,0,0,0,-9,0,0,
v3.0,2024,2024-10-12,Colorado,Kansas State,home,28,31,3.5,-3.8,-3,0,0,0.8,AS EXPECTED,graded,pbp,57,68,0.0925,-0.0525,7,ok,0,21,4,0,3,,0,1,Night · Ranked opponent
v3.0,2024,2024-10-12,Florida,Tennessee,away,17,23,13.5,-14.1,-6,0,0,8.1,AS EXPECTED,graded,pbp,69,64,-0.026,-0.2025,9,ok,8,17,8,0,3,-16,2,2,Road · Night · Full house · Top-10 opponent
v3.0,2024,2024-10-12,Georgia Tech,North Carolina,away,41,34,-3.5,3.8,7,0,0,3.2,AS EXPECTED,graded,pbp,71,68,0.2488,0.0525,10,ok,0,24,6,2,3,-3,2,0,Road
v3.0,2024,2024-10-12,Georgia,Mississippi State,home,41,31,-34.5,28.4,10,0,0,-18.4,SOFT,graded,pbp,76,62,0.0383,0.5175,-24,ok,0,24,6,2,2,0,1,2,
v3.0,2024,2024-10-12,Iowa State,West Virginia,away,28,16,-3.0,3.2,12,0,0,8.8,AS EXPECTED,graded,pbp,71,63,0.1041,0.045,3,ok,0,28,5,0,1,1,2,0,Road · Night
v3.0,2024,2024-10-12,Notre Dame,Stanford,home,49,7,-22.5,20.3,35,7,0,14.7,DAWG,graded,pbp,46,48,0.6681,0.3375,11,ok,0,28,5,1,1,21,1,1,
v3.0,2024,2024-10-12,Kentucky,Vanderbilt,home,13,20,-12.5,13.2,-7,0,0,-20.2,SOFT,graded,pbp,54,55,0.0428,0.1875,-6,ok,0,0,3,1,1,,1,1,Night
v3.0,2024,2024-10-12,Louisville,Virginia,away,24,20,-7.5,8.1,4,0,0,-4.1,AS EXPECTED,graded,pbp,59,83,0.0847,0.1125,-1,ok,0,21,5,0,4,-6,0,1,Road
v3.0,2024,2024-10-12,LSU,Ole Miss,home,29,26,3.5,-3.8,3,0,0,6.8,AS EXPECTED,graded,pbp,74,81,-0.0593,-0.0525,0,ok,4,3,7,3,4,,2,2,Night · Top-10 opponent
v3.0,2024,2024-10-17,Boston College,Virginia Tech,away,21,42,8.5,-9.2,-21,0,0,-11.8,AS EXPECTED,graded,pbp,74,58,-0.0925,-0.1275,2,ok,0,14,5,0,1,,3,3,Road · Night · Full house
v3.0,2024,2024-10-17,Virginia Tech,Boston College,home,42,21,-8.5,9.2,21,0,0,11.8,AS EXPECTED,graded,pbp,58,74,0.0925,0.1275,-2,ok,0,42,8,0,1,7,3,3,Night
v3.0,2024,2024-10-18,Duke,Florida State,home,23,16,-2.5,2.7,7,0,0,4.3,AS EXPECTED,graded,pbp,59,66,0.0978,0.0375,3,ok,0,10,8,0,1,-4,4,0,Night
v3.0,2024,2024-10-18,Oklahoma State,BYU,away,35,38,7.5,-8.1,-3,0,0,5.1,AS EXPECTED,graded,pbp,66,64,-0.0251,-0.1125,4,ok,0,7,4,4,5,,3,2,Road · Night · Full house · Ranked opponent
v3.0,2024,2024-10-18,Oregon,Purdue,away,35,0,-29.5,25.6,28,7,0,2.4,AS EXPECTED,graded,pbp,47,42,0.5327,0.4425,3,ok,0,21,6,0,0,14,2,1,Road · Night · Full house
v3.0,2024,2024-10-18,Purdue,Oregon,home,0,35,29.5,-25.6,-28,0,7,-2.4,AS EXPECTED,graded,pbp,42,47,-0.5327,-0.4425,-3,ok,0,0,3,0,1,,1,2,Night · Top-10 opponent
v3.0,2024,2024-10-18,BYU,Oklahoma State,home,38,35,-7.5,8.1,3,0,0,-5.1,AS EXPECTED,graded,pbp,64,66,0.0251,0.1125,-4,ok,0,21,4,2,5,,2,3,Night
v3.0,2024,2024-10-18,Florida State,Duke,away,16,23,2.5,-2.7,-7,0,0,-4.3,AS EXPECTED,graded,pbp,66,59,-0.0978,-0.0375,-3,ok,0,9,8,0,1,,0,4,Road · Night
v3.0,2024,2024-10-19,Arizona,Colorado,home,7,34,-2.5,2.7,-24,0,3,-26.7,CERTIFIED SOFT,graded,pbp,46,54,-0.2573,0.0375,-11,ok,0,0,5,0,1,,2,3,
v3.0,2024,2024-10-19,Maryland,USC,home,29,28,6.5,-7.0,1,0,0,8.0,AS EXPECTED,graded,pbp,75,74,0.0326,-0.0975,7,ok,0,14,7,1,2,,1,2,
v3.0,2024,2024-10-19,Michigan State,Iowa,home,32,20,6.5,-7.0,12,0,0,19.0,DAWG,graded,pbp,69,45,0.1781,-0.0975,11,ok,0,12,6,3,3,3,1,1,Night
v3.0,2024,2024-10-19,Michigan,Illinois,away,7,21,-5.5,6.0,-14,0,0,-20.0,SOFT,graded,pbp,70,58,-0.0686,0.0825,-7,ok,0,0,5,0,2,,0,3,Road · Full house · Ranked opponent
v3.0,2024,2024-10-19,Missouri,Auburn,home,21,17,-4.5,4.9,4,0,0,-0.9,AS EXPECTED,graded,pbp,74,63,0.0864,0.0675,1,ok,0,14,7,0,2,,2,1,
v3.0,2024,2024-10-19,NC State,California,away,24,23,9.5,-10.3,1,0,0,11.3,AS EXPECTED,graded,pbp,66,72,0.137,-0.1425,14,ok,0,17,6,0,4,,1,1,Road
v3.0,2024,2024-10-19,Wake Forest,UConn,away,23,20,-2.5,2.7,3,0,0,0.3,AS EXPECTED,graded,pbp,77,66,-0.0568,0.0375,-5,ok,0,9,7,1,4,-7,1,1,Road · Group of 5 opponent
v3.0,2024,2024-10-19,Nebraska,Indiana,away,7,56,6.5,-7.0,-35,0,14,-28.0,CERTIFIED SOFT,graded,pbp,55,44,-0.6897,-0.0975,-21,ok,0,0,2,0,1,,1,2,Road · Full house · Ranked opponent
v3.0,2024,2024-10-19,Rutgers,UCLA,home,32,35,-4.5,4.9,-3,0,0,-7.9,AS EXPECTED,graded,pbp,58,69,-0.0009,0.0675,-3,ok,0,10,4,2,3,,1,1,
v3.0,2024,2024-10-19,Auburn,Missouri,away,17,21,4.5,-4.9,-4,0,0,0.9,AS EXPECTED,graded,pbp,63,74,-0.0864,-0.0675,-1,ok,0,3,7,0,3,-18,1,2,Road · Full house · Ranked opponent
v3.0,2024,2024-10-19,Oklahoma,South Carolina,home,9,35,2.5,-2.7,-29,6,3,-26.3,CERTIFIED SOFT,graded,espn,,,,,,no_pbp,0,0,0,0,0,,0,0,
v3.0,2024,2024-10-19,UCF,Iowa State,away,35,38,13.5,-14.1,-3,0,0,11.1,AS EXPECTED,graded,pbp,59,96,-0.0008,-0.2025,11,ok,0,21,8,0,6,-17,2,2,Road · Night · Full house · Top-10 opponent
v3.0,2024,2024-10-19,Cincinnati,Arizona State,home,24,14,-4.5,4.9,10,0,0,5.1,AS EXPECTED,graded,pbp,66,62,0.1177,0.0675,2,ok,0,24,8,0,1,0,1,1,
v3.0,2024,2024-10-19,Clemson,Virginia,home,48,31,-20.5,18.9,38,0,21,19.1,DAWG,graded,pbp,69,48,0.485,0.3075,8,ok,0,24,6,1,2,24,1,1,
v3.0,2024,2024-10-19,Iowa,Michigan State,away,20,32,-6.5,7.0,-12,0,0,-19.0,SOFT,graded,pbp,45,69,-0.1781,0.0975,-11,ok,0,7,2,0,3,,1,1,Road · Night · Full house
v3.0,2024,2024-10-19,Kansas,Houston,home,42,14,-5.5,6.0,28,0,0,22.0,DAWG,graded,pbp,50,56,0.4755,0.0825,15,ok,0,28,6,0,0,14,4,0,
v3.0,2024,2024-10-19,Kansas State,West Virginia,away,45,18,-2.5,2.7,35,0,8,32.3,CERTIFIED DAWG,graded,pbp,52,58,0.6226,0.0375,23,ok,0,24,5,1,2,21,2,0,Road · Night
v3.0,2024,2024-10-19,Vanderbilt,Ball State,home,24,14,-27.5,24.2,10,0,0,-14.2,SOFT,graded,pbp,68,51,0.1142,0.4125,-13,ok,0,17,5,2,2,0,0,0,Night · Group of 5 opponent
v3.0,2024,2024-10-19,Baylor,Texas Tech,away,59,35,4.5,-4.9,24,14,14,28.9,CERTIFIED DAWG,graded,pbp,54,58,0.1911,-0.0675,11,ok,0,35,7,2,3,14,1,0,Road · Full house
v3.0,2024,2024-10-19,Miami,Louisville,away,52,45,-4.5,4.9,7,0,0,2.1,AS EXPECTED,graded,pbp,72,71,0.0249,0.0675,-2,ok,0,17,4,1,4,-3,0,1,Road · Full house
v3.0,2024,2024-10-19,Stanford,SMU,home,10,40,16.5,-16.3,-23,0,7,-6.7,AS EXPECTED,graded,pbp,57,51,-0.3681,-0.2475,-5,ok,0,7,7,0,1,,1,2,Ranked opponent
v3.0,2024,2024-10-19,Texas A&M,Mississippi State,away,34,24,-21.5,19.6,10,0,0,-9.6,AS EXPECTED,graded,pbp,61,70,0.1595,0.3225,-8,ok,0,17,5,1,3,-1,0,2,Road
v3.0,2024,2024-10-19,Houston,Kansas,away,14,42,5.5,-6.0,-28,0,0,-22.0,SOFT,graded,pbp,56,50,-0.4755,-0.0825,-15,ok,0,0,3,0,1,,0,4,Road
v3.0,2024,2024-10-19,California,NC State,home,23,24,-9.5,10.3,-1,0,0,-11.3,AS EXPECTED,graded,pbp,72,66,-0.137,0.1425,-14,ok,0,6,7,1,4,-14,1,1,
v3.0,2024,2024-10-19,Texas,Georgia,home,15,30,-4.5,4.9,-15,0,0,-19.9,SOFT,graded,pbp,76,71,-0.0228,0.0675,-5,ok,0,7,8,0,1,,3,4,Night · Top-10 opponent
v3.0,2024,2024-10-19,Utah,TCU,home,7,13,-5.5,6.0,-6,0,0,-12.0,AS EXPECTED,graded,pbp,59,74,-0.112,0.0825,-9,ok,0,7,10,0,1,,1,0,Night
v3.0,2024,2024-10-19,SMU,Stanford,away,40,10,-16.5,16.3,23,7,0,6.7,AS EXPECTED,graded,pbp,51,57,0.3681,0.2475,5,ok,0,17,9,0,0,9,2,1,Road
v3.0,2024,2024-10-19,South Carolina,Oklahoma,away,35,9,-2.5,2.7,29,3,6,26.3,CERTIFIED DAWG,graded,espn,,,,,,no_pbp,0,0,0,0,0,15,0,0,Road · Full house
v3.0,2024,2024-10-19,Virginia,Clemson,away,31,48,20.5,-18.9,-38,21,0,-19.1,SOFT,graded,pbp,48,69,-0.485,-0.3075,-8,ok,0,14,3,1,3,,1,1,Road · Full house · Top-10 opponent
v3.0,2024,2024-10-19,UCLA,Rutgers,away,35,32,4.5,-4.9,3,0,0,7.9,AS EXPECTED,graded,pbp,69,58,0.0009,-0.0675,3,ok,0,14,3,2,5,-8,1,1,Road · Full house
v3.0,2024,2024-10-19,TCU,Utah,away,13,7,5.5,-6.0,6,0,0,12.0,AS EXPECTED,graded,pbp,74,59,0.112,-0.0825,9,ok,0,13,11,0,1,-4,0,1,Road · Night · Full house
v3.0,2024,2024-10-19,Tennessee,Alabama,home,24,17,3.5,-3.8,7,0,0,10.8,AS EXPECTED,graded,pbp,73,77,0.1687,-0.0525,12,ok,0,17,9,1,3,,2,3,Top-10 opponent
v3.0,2024,2024-10-19,Texas Tech,Baylor,home,35,59,-4.5,4.9,-24,14,14,-28.9,CERTIFIED SOFT,graded,pbp,58,54,-0.1911,0.0675,-11,ok,0,14,4,1,2,,0,1,
v3.0,2024,2024-10-19,Wisconsin,Northwestern,away,23,3,-9.5,10.3,20,0,0,9.7,AS EXPECTED,graded,pbp,66,54,0.1085,0.1425,-1,ok,0,21,9,0,0,6,1,2,Road · Full house
v3.0,2024,2024-10-19,West Virginia,Kansas State,home,18,45,2.5,-2.7,-35,8,0,-32.3,CERTIFIED SOFT,graded,pbp,58,52,-0.6226,-0.0375,-23,ok,0,0,3,1,2,,0,2,Night · Ranked opponent
v3.0,2024,2024-10-19,USC,Maryland,away,28,29,-6.5,7.0,-1,0,0,-8.0,AS EXPECTED,graded,pbp,74,75,-0.0326,0.0975,-7,ok,0,21,7,1,4,-15,2,1,Road
v3.0,2024,2024-10-19,Alabama,Tennessee,away,17,24,-3.5,3.8,-7,0,0,-10.8,AS EXPECTED,graded,pbp,77,73,-0.1687,0.0525,-12,ok,0,7,9,2,4,,3,2,Road · Full house · Ranked opponent
v3.0,2024,2024-10-19,Mississippi State,Texas A&M,home,24,34,21.5,-19.6,-10,0,0,9.6,AS EXPECTED,graded,pbp,70,61,-0.1595,-0.3225,8,ok,0,7,3,1,3,,2,0,Ranked opponent
v3.0,2024,2024-10-19,Illinois,Michigan,home,21,7,5.5,-6.0,14,0,0,20.0,DAWG,graded,pbp,58,70,0.0686,-0.0825,7,ok,0,17,8,0,1,1,3,0,Ranked opponent
v3.0,2024,2024-10-19,Colorado,Arizona,away,34,7,2.5,-2.7,24,3,0,26.7,CERTIFIED DAWG,graded,pbp,54,46,0.2573,-0.0375,11,ok,0,20,9,1,1,10,3,2,Road · Full house
v3.0,2024,2024-10-19,Florida,Kentucky,home,48,20,2.5,-2.7,28,0,0,30.7,CERTIFIED DAWG,graded,pbp,53,63,0.4379,-0.0375,20,ok,0,31,7,1,2,14,3,1,Night
v3.0,2024,2024-10-19,Georgia Tech,Notre Dame,neutral,13,31,14.5,-14.9,-24,6,0,-9.1,AS EXPECTED,graded,pbp,58,69,-0.3083,-0.2175,-4,ok,0,7,5,0,2,,1,2,Ranked opponent
v3.0,2024,2024-10-19,Georgia,Texas,away,30,15,4.5,-4.9,15,0,0,19.9,DAWG,graded,pbp,71,76,0.0228,-0.0675,5,ok,0,20,10,1,1,5,4,3,Road · Night · Full house · Top-10 opponent
v3.0,2024,2024-10-19,Iowa State,UCF,home,38,35,-13.5,14.1,3,0,0,-11.1,AS EXPECTED,graded,pbp,96,59,0.0008,0.2025,-11,ok,0,28,10,1,4,,2,2,Night
v3.0,2024,2024-10-19,Northwestern,Wisconsin,home,3,23,9.5,-10.3,-20,0,0,-9.7,AS EXPECTED,graded,pbp,54,66,-0.1085,-0.1425,1,ok,0,3,9,0,1,,2,1,
v3.0,2024,2024-10-19,Arkansas,LSU,home,10,34,2.5,-2.7,-24,0,0,-21.3,SOFT,graded,pbp,45,67,-0.2989,-0.0375,-11,ok,0,0,1,0,1,,0,3,Night · Top-10 opponent
v3.0,2024,2024-10-19,Indiana,Nebraska,home,56,7,-6.5,7.0,35,14,0,28.0,CERTIFIED DAWG,graded,pbp,44,55,0.6897,0.0975,21,ok,0,21,5,1,1,21,2,1,
v3.0,2024,2024-10-19,Notre Dame,Georgia Tech,neutral,31,13,-14.5,14.9,24,0,6,9.1,AS EXPECTED,graded,pbp,69,58,0.3083,0.2175,4,ok,0,17,7,1,1,10,2,1,
v3.0,2024,2024-10-19,Arizona State,Cincinnati,away,14,24,4.5,-4.9,-10,0,0,-5.1,AS EXPECTED,graded,pbp,62,66,-0.1177,-0.0675,-2,ok,0,14,6,0,2,,1,1,Road · Full house
v3.0,2024,2024-10-19,Kentucky,Florida,away,20,48,-2.5,2.7,-28,0,0,-30.7,CERTIFIED SOFT,graded,pbp,63,53,-0.4379,0.0375,-20,ok,0,0,4,1,3,,1,3,Road · Night
v3.0,2024,2024-10-19,Louisville,Miami,home,45,52,4.5,-4.9,-7,0,0,-2.1,AS EXPECTED,graded,pbp,71,72,-0.0249,-0.0675,2,ok,0,14,2,4,6,,1,0,Top-10 opponent
v3.0,2024,2024-10-19,LSU,Arkansas,away,34,10,-2.5,2.7,24,0,0,21.3,DAWG,graded,pbp,67,45,0.2989,0.0375,11,ok,0,23,6,1,2,14,3,0,Road · Night · Full house
v3.0,2024,2024-10-24,Syracuse,Pittsburgh,away,13,41,4.5,-4.9,-31,13,10,-26.1,CERTIFIED SOFT,graded,pbp,51,30,-0.3372,-0.0675,-8,ok,0,0,4,0,1,,0,6,Road · Night · Ranked opponent
v3.0,2024,2024-10-24,Pittsburgh,Syracuse,home,41,13,-4.5,4.9,31,10,13,26.1,CERTIFIED DAWG,graded,pbp,30,51,0.3372,0.0675,8,ok,0,17,5,0,0,21,6,0,Night
v3.0,2024,2024-10-25,Boston College,Louisville,home,27,31,7.5,-8.1,-4,0,0,4.1,AS EXPECTED,graded,pbp,68,68,-0.2266,-0.1125,-6,ok,0,21,8,0,2,-18,3,0,Night
v3.0,2024,2024-10-25,Rutgers,USC,away,20,42,13.5,-14.1,-22,0,0,-7.9,AS EXPECTED,graded,pbp,88,50,-0.2876,-0.2025,-4,ok,0,7,3,1,1,,0,0,Road · Night
v3.0,2024,2024-10-25,USC,Rutgers,home,42,20,-13.5,14.1,22,0,0,7.9,AS EXPECTED,graded,pbp,50,88,0.2876,0.2025,4,ok,0,14,5,2,2,11,0,0,Night
v3.0,2024,2024-10-25,Louisville,Boston College,away,31,27,-7.5,8.1,4,0,0,-4.1,AS EXPECTED,graded,pbp,68,68,0.2266,0.1125,6,ok,0,14,8,0,1,,0,3,Road · Night · Full house
v3.0,2024,2024-10-26,Arizona,West Virginia,home,26,31,-5.5,6.0,-5,0,0,-11.0,AS EXPECTED,graded,pbp,59,62,0.0442,0.0825,-2,ok,0,14,2,0,1,,0,1,
v3.0,2024,2024-10-26,Maryland,Minnesota,away,23,48,5.5,-6.0,-31,13,7,-25.0,CERTIFIED SOFT,graded,pbp,39,39,-0.3487,-0.0825,-8,ok,0,10,3,0,1,,0,2,Road · Full house
v3.0,2024,2024-10-26,Michigan State,Michigan,away,17,24,3.5,-3.8,-7,0,0,-3.2,AS EXPECTED,graded,pbp,65,52,0.0865,-0.0525,6,ok,0,7,5,0,1,,0,1,Road · Night · Full house
v3.0,2024,2024-10-26,Michigan,Michigan State,home,24,17,-3.5,3.8,7,0,0,3.2,AS EXPECTED,graded,pbp,52,65,-0.0865,0.0525,-6,ok,0,17,5,0,3,-2,1,0,Night
v3.0,2024,2024-10-26,Minnesota,Maryland,home,48,23,-5.5,6.0,31,7,13,25.0,CERTIFIED DAWG,graded,pbp,39,39,0.3487,0.0825,8,ok,0,24,6,0,0,17,2,0,
v3.0,2024,2024-10-26,Missouri,Alabama,away,0,34,16.5,-16.3,-27,0,7,-10.7,AS EXPECTED,graded,pbp,47,52,-0.561,-0.2475,-11,ok,0,0,4,0,2,,0,3,Road · Full house · Ranked opponent
v3.0,2024,2024-10-26,Ole Miss,Oklahoma,home,26,14,-19.5,18.2,12,0,0,-6.2,AS EXPECTED,graded,pbp,60,81,0.1858,0.2925,-5,ok,0,20,9,0,1,3,2,0,
v3.0,2024,2024-10-26,Duke,SMU,home,27,28,11.5,-12.3,-1,0,0,11.3,AS EXPECTED,graded,pbp,74,70,-0.0248,-0.1725,8,ok,3,14,8,1,3,,6,0,Night · Ranked opponent
v3.0,2024,2024-10-26,North Carolina,Virginia,away,41,14,3.5,-3.8,32,3,8,35.8,CERTIFIED DAWG,graded,pbp,54,48,0.7387,-0.0525,29,ok,0,17,4,2,2,21,2,0,Road
v3.0,2024,2024-10-26,Wake Forest,Stanford,away,27,24,-2.5,2.7,3,0,0,0.3,AS EXPECTED,graded,pbp,74,66,0.1201,0.0375,4,ok,0,24,7,1,3,-11,4,2,Road
v3.0,2024,2024-10-26,Nebraska,Ohio State,away,17,21,25.5,-22.6,-4,0,0,18.6,DAWG,graded,pbp,65,47,-0.0159,-0.3825,15,ok,0,13,8,1,2,,1,1,Road · Full house · Top-10 opponent
v3.0,2024,2024-10-26,Ohio State,Nebraska,home,21,17,-25.5,22.6,4,0,0,-18.6,SOFT,graded,pbp,47,65,0.0159,0.3825,-15,ok,0,7,7,2,4,-7,1,1,
v3.0,2024,2024-10-26,Oklahoma State,Baylor,away,28,38,6.5,-7.0,-10,0,0,-3.0,AS EXPECTED,graded,pbp,75,57,-0.1607,-0.0975,-3,ok,0,10,5,2,4,,1,1,Road
v3.0,2024,2024-10-26,Auburn,Kentucky,away,24,10,1.5,-1.6,14,0,0,15.6,DAWG,graded,pbp,76,53,0.3281,-0.0225,16,ok,0,17,5,0,1,0,1,1,Road · Night · Full house
v3.0,2024,2024-10-26,Oklahoma,Ole Miss,away,14,26,19.5,-18.2,-12,0,0,6.2,AS EXPECTED,graded,pbp,81,60,-0.1858,-0.2925,5,ok,0,14,5,0,3,,0,2,Road · Full house · Ranked opponent
v3.0,2024,2024-10-26,UCF,BYU,home,24,37,-2.5,2.7,-21,8,0,-23.7,SOFT,graded,pbp,45,70,-0.1529,0.0375,-8,ok,0,10,3,0,1,,1,2,Ranked opponent
v3.0,2024,2024-10-26,Penn State,Wisconsin,away,28,13,-6.5,7.0,15,0,0,8.0,AS EXPECTED,graded,pbp,66,68,0.3452,0.0975,12,ok,0,14,5,1,3,0,1,0,Road · Night · Full house
v3.0,2024,2024-10-26,Cincinnati,Colorado,away,23,34,6.5,-7.0,-11,0,0,-4.0,AS EXPECTED,graded,pbp,62,69,0.033,-0.0975,6,ok,0,10,3,2,3,,0,0,Road · Night · Full house
v3.0,2024,2024-10-26,Iowa,Northwestern,home,40,14,-16.5,16.3,33,0,7,16.7,DAWG,graded,espn,,,,,,pbp_conflict,0,10,5,0,0,21,3,1,
v3.0,2024,2024-10-26,Kansas,Kansas State,away,27,29,9.5,-10.3,-2,0,0,8.3,AS EXPECTED,graded,pbp,60,72,0.0097,-0.1425,7,ok,0,7,6,1,4,,1,2,Road · Night · Full house · Ranked opponent
v3.0,2024,2024-10-26,Kansas State,Kansas,home,29,27,-9.5,10.3,2,0,0,-8.3,AS EXPECTED,graded,pbp,72,60,-0.0097,0.1425,-7,ok,0,10,5,1,4,-7,2,1,Night
v3.0,2024,2024-10-26,Vanderbilt,Texas,home,24,27,16.5,-16.3,-3,0,0,13.3,DAWG,graded,pbp,60,67,-0.1967,-0.2475,2,ok,0,17,6,0,2,,2,2,Top-10 opponent
v3.0,2024,2024-10-26,Baylor,Oklahoma State,home,38,28,-6.5,7.0,10,0,0,3.0,AS EXPECTED,graded,pbp,57,75,0.1607,0.0975,3,ok,0,21,6,3,4,-1,1,1,
v3.0,2024,2024-10-26,Miami,Florida State,home,36,14,-21.5,19.6,29,0,7,9.4,AS EXPECTED,graded,pbp,74,48,0.3762,0.3225,2,ok,0,27,6,1,1,15,0,0,Night
v3.0,2024,2024-10-26,Stanford,Wake Forest,home,24,27,2.5,-2.7,-3,0,0,-0.3,AS EXPECTED,graded,pbp,66,74,-0.1201,-0.0375,-4,ok,0,7,5,0,3,,2,4,
v3.0,2024,2024-10-26,Texas A&M,LSU,home,38,23,-1.5,1.6,15,0,0,13.4,DAWG,graded,pbp,69,73,0.1529,0.0225,7,ok,0,24,8,1,2,4,4,1,Night · Top-10 opponent
v3.0,2024,2024-10-26,Houston,Utah,home,17,14,4.5,-4.9,3,0,0,7.9,AS EXPECTED,graded,pbp,66,62,0.0158,-0.0675,4,ok,0,17,9,0,2,,1,2,Night
v3.0,2024,2024-10-26,Oregon,Illinois,home,38,9,-22.5,20.3,32,3,6,11.7,AS EXPECTED,graded,pbp,42,25,0.7801,0.3375,11,ok,0,14,3,0,0,18,2,1,Ranked opponent
v3.0,2024,2024-10-26,California,Oregon State,home,44,7,-11.5,12.3,31,13,7,18.7,DAWG,graded,pbp,44,24,0.801,0.1725,16,ok,0,20,5,0,0,17,1,0,Group of 5 opponent
v3.0,2024,2024-10-26,Texas,Vanderbilt,away,27,24,-16.5,16.3,3,0,0,-13.3,SOFT,graded,pbp,67,60,0.1967,0.2475,-2,ok,0,20,8,1,2,-11,2,2,Road · Ranked opponent
v3.0,2024,2024-10-26,BYU,UCF,away,37,24,2.5,-2.7,21,0,8,23.7,DAWG,graded,pbp,70,45,0.1529,-0.0375,8,ok,0,20,6,1,1,11,2,1,Road · Full house
v3.0,2024,2024-10-26,Utah,Houston,away,14,17,-4.5,4.9,-3,0,0,-7.9,AS EXPECTED,graded,pbp,62,66,-0.0158,0.0675,-4,ok,0,14,9,0,2,,2,1,Road · Night
v3.0,2024,2024-10-26,SMU,Duke,away,28,27,-11.5,12.3,1,0,0,-11.3,AS EXPECTED,graded,pbp,70,74,0.0248,0.1725,-8,ok,3,21,9,1,3,-13,0,6,Road · Night
v3.0,2024,2024-10-26,Virginia,North Carolina,home,14,41,-3.5,3.8,-32,8,3,-35.8,CERTIFIED SOFT,graded,pbp,48,54,-0.7387,0.0525,-29,ok,0,3,2,1,2,,0,2,
v3.0,2024,2024-10-26,Virginia Tech,Georgia Tech,home,21,6,-11.5,12.3,15,0,0,2.7,AS EXPECTED,graded,pbp,61,79,0.0549,0.1725,-6,ok,0,14,11,1,2,0,1,0,
v3.0,2024,2024-10-26,TCU,Texas Tech,home,35,34,-4.5,4.9,1,0,0,-3.9,AS EXPECTED,graded,pbp,59,88,0.0385,0.0675,-2,ok,0,7,6,1,3,-10,2,3,
v3.0,2024,2024-10-26,Washington,Indiana,away,17,31,5.5,-6.0,-14,0,0,-8.0,AS EXPECTED,graded,pbp,53,69,0.0188,-0.0825,4,ok,0,7,6,2,3,,1,2,Road · Full house · Ranked opponent
v3.0,2024,2024-10-26,Texas Tech,TCU,away,34,35,4.5,-4.9,-1,0,0,3.9,AS EXPECTED,graded,pbp,88,59,-0.0385,-0.0675,2,ok,0,24,8,0,3,-11,3,2,Road
v3.0,2024,2024-10-26,Wisconsin,Penn State,home,13,28,6.5,-7.0,-15,0,0,-8.0,AS EXPECTED,graded,pbp,68,66,-0.3452,-0.0975,-12,ok,0,7,5,1,3,,0,1,Night · Top-10 opponent
v3.0,2024,2024-10-26,West Virginia,Arizona,away,31,26,5.5,-6.0,5,0,0,11.0,AS EXPECTED,graded,pbp,62,59,-0.0442,-0.0825,2,ok,0,14,4,1,1,-5,1,0,Road · Full house
v3.0,2024,2024-10-26,Alabama,Missouri,home,34,0,-16.5,16.3,27,7,0,10.7,AS EXPECTED,graded,pbp,52,47,0.561,0.2475,11,ok,0,27,9,0,0,14,3,0,Ranked opponent
v3.0,2024,2024-10-26,Mississippi State,Arkansas,home,25,58,7.5,-8.1,-33,7,7,-24.9,CERTIFIED SOFT,graded,pbp,59,57,-0.6866,-0.1125,-24,ok,0,10,2,1,2,,1,5,
v3.0,2024,2024-10-26,Illinois,Oregon,away,9,38,22.5,-20.3,-32,6,3,-11.7,AS EXPECTED,graded,pbp,25,42,-0.7801,-0.3375,-11,ok,0,3,1,0,1,,1,2,Road · Full house · Top-10 opponent
v3.0,2024,2024-10-26,Colorado,Cincinnati,home,34,23,-6.5,7.0,11,0,0,4.0,AS EXPECTED,graded,pbp,69,62,-0.033,0.0975,-6,ok,0,21,4,3,3,1,0,0,Night
v3.0,2024,2024-10-26,Florida State,Miami,away,14,36,21.5,-19.6,-29,7,0,-9.4,AS EXPECTED,graded,pbp,48,74,-0.3762,-0.3225,-2,ok,0,0,1,0,1,,0,0,Road · Night · Full house · Top-10 opponent
v3.0,2024,2024-10-26,Georgia Tech,Virginia Tech,away,6,21,11.5,-12.3,-15,0,0,-2.7,AS EXPECTED,graded,pbp,79,61,-0.0549,-0.1725,6,ok,0,6,11,0,2,,0,1,Road · Full house
v3.0,2024,2024-10-26,Northwestern,Iowa,away,14,40,16.5,-16.3,-33,7,0,-16.7,SOFT,graded,espn,,,,,,pbp_conflict,0,0,4,0,2,,1,3,Road · Full house
v3.0,2024,2024-10-26,Arkansas,Mississippi State,away,58,25,-7.5,8.1,33,7,7,24.9,CERTIFIED DAWG,graded,pbp,57,59,0.6866,0.1125,24,ok,0,35,6,1,1,23,5,1,Road
v3.0,2024,2024-10-26,Indiana,Washington,home,31,17,-5.5,6.0,14,0,0,8.0,AS EXPECTED,graded,pbp,69,53,-0.0188,0.0825,-4,ok,0,17,7,1,2,0,2,1,
v3.0,2024,2024-10-26,Notre Dame,Navy,neutral,51,14,-14.5,14.9,30,7,0,15.1,DAWG,graded,pbp,49,41,0.1312,0.2175,-3,ok,0,10,5,1,1,16,3,0,Ranked opponent · Group of 5 opponent
v3.0,2024,2024-10-26,Kentucky,Auburn,home,10,24,-1.5,1.6,-14,0,0,-15.6,SOFT,graded,pbp,53,76,-0.3281,0.0225,-16,ok,0,7,4,0,3,-24,1,1,Night
v3.0,2024,2024-10-26,LSU,Texas A&M,away,23,38,1.5,-1.6,-15,0,0,-13.4,SOFT,graded,pbp,73,69,-0.1529,-0.0225,-7,ok,0,17,6,0,3,-25,1,4,Road · Night · Full house · Ranked opponent
v3.0,2024,2024-11-02,Arizona,UCF,away,12,56,5.5,-6.0,-29,6,21,-23.0,SOFT,graded,pbp,26,46,-0.6411,-0.0825,-15,ok,0,0,1,0,1,,0,1,Road · Full house
v3.0,2024,2024-11-02,Michigan State,Indiana,home,10,47,7.5,-8.1,-23,0,14,-14.9,SOFT,graded,pbp,52,43,-0.5185,-0.1125,-14,ok,0,10,3,0,2,-33,0,2,Ranked opponent
v3.0,2024,2024-11-02,Michigan,Oregon,home,17,38,14.5,-14.9,-21,0,0,-6.1,AS EXPECTED,graded,pbp,53,71,-0.251,-0.2175,-2,ok,0,7,3,0,2,,0,0,Top-10 opponent
v3.0,2024,2024-11-02,Minnesota,Illinois,away,25,17,-2.5,2.7,8,0,0,5.3,AS EXPECTED,graded,pbp,70,62,0.1729,0.0375,6,ok,0,9,7,3,3,,2,0,Road · Full house · Ranked opponent
v3.0,2024,2024-11-02,Ole Miss,Arkansas,away,63,31,-7.5,8.1,39,14,21,30.9,CERTIFIED DAWG,graded,pbp,54,36,0.4135,0.1125,10,ok,0,21,4,1,1,28,2,0,Road · Full house
v3.0,2024,2024-11-02,Duke,Miami,away,31,53,19.5,-18.2,-22,0,0,-3.8,AS EXPECTED,graded,pbp,68,72,-0.1724,-0.2925,6,ok,0,14,6,2,5,-33,3,4,Road · Top-10 opponent
v3.0,2024,2024-11-02,NC State,Stanford,home,59,28,-9.5,10.3,31,7,7,20.7,DAWG,graded,pbp,42,40,0.4911,0.1425,10,ok,0,28,4,2,2,17,2,1,
v3.0,2024,2024-11-02,North Carolina,Florida State,away,35,11,-2.5,2.7,24,0,0,21.3,DAWG,graded,pbp,58,41,0.5344,0.0375,18,ok,0,21,6,0,1,13,2,0,Road
v3.0,2024,2024-11-02,Nebraska,UCLA,home,20,27,-8.5,9.2,-7,0,0,-16.2,SOFT,graded,pbp,72,55,-0.2524,0.1275,-18,ok,0,7,4,0,2,,0,2,
v3.0,2024,2024-11-02,Syracuse,Virginia Tech,home,38,31,3.5,-3.8,7,0,0,10.8,AS EXPECTED,graded,pbp,65,68,0.0218,-0.0525,4,ok,3,14,6,1,3,,2,2,
v3.0,2024,2024-11-02,Ohio State,Penn State,away,20,13,-3.5,3.8,7,0,0,3.2,AS EXPECTED,graded,pbp,64,53,0.0998,0.0525,2,ok,0,10,4,0,2,,1,2,Road · Full house · Top-10 opponent
v3.0,2024,2024-11-02,Oklahoma State,Arizona State,home,21,42,4.5,-4.9,-28,7,0,-23.1,SOFT,graded,pbp,46,75,-0.3748,-0.0675,-14,ok,0,7,3,1,2,,0,1,
v3.0,2024,2024-11-02,Auburn,Vanderbilt,home,7,17,-7.5,8.1,-10,0,0,-18.1,SOFT,graded,pbp,58,61,0.0704,0.1125,-2,ok,0,7,7,0,2,,0,1,
v3.0,2024,2024-11-02,Oklahoma,Maine,home,59,14,-37.5,29.8,35,17,7,5.2,AS EXPECTED,graded,pbp,46,32,0.7774,0.5625,6,ok,0,28,5,1,1,21,1,1,FCS opponent
v3.0,2024,2024-11-02,UCF,Arizona,home,56,12,-5.5,6.0,29,21,6,23.0,DAWG,graded,pbp,46,26,0.6411,0.0825,15,ok,0,28,4,0,0,15,1,0,
v3.0,2024,2024-11-02,Penn State,Ohio State,home,13,20,3.5,-3.8,-7,0,0,-3.2,AS EXPECTED,graded,pbp,53,64,-0.0998,-0.0525,-2,ok,0,0,3,1,4,-17,2,1,Top-10 opponent
v3.0,2024,2024-11-02,Pittsburgh,SMU,away,25,48,7.5,-8.1,-31,22,14,-22.9,SOFT,graded,pbp,38,47,-0.5702,-0.1125,-14,ok,0,3,2,0,1,,0,2,Road · Night · Full house · Ranked opponent
v3.0,2024,2024-11-02,Clemson,Louisville,home,21,33,-11.5,12.3,-12,0,0,-24.3,CERTIFIED SOFT,graded,pbp,101,59,-0.082,0.1725,-15,ok,0,7,3,1,2,,0,0,Night
v3.0,2024,2024-11-02,Iowa,Wisconsin,home,42,10,-2.5,2.7,32,7,7,29.3,CERTIFIED DAWG,graded,pbp,50,48,0.5801,0.0375,19,ok,0,28,6,0,1,21,2,0,Night
v3.0,2024,2024-11-02,Kansas State,Houston,away,19,24,-9.5,10.3,-5,0,0,-15.3,SOFT,graded,pbp,74,52,0.0185,0.1425,-6,ok,0,10,7,1,4,-14,1,2,Road
v3.0,2024,2024-11-02,Vanderbilt,Auburn,away,17,7,7.5,-8.1,10,0,0,18.1,DAWG,graded,pbp,61,58,-0.0704,-0.1125,2,ok,0,17,9,0,1,0,1,0,Road · Full house
v3.0,2024,2024-11-02,Baylor,TCU,home,37,34,-2.5,2.7,3,0,0,0.3,AS EXPECTED,graded,pbp,78,65,0.0285,0.0375,0,ok,0,14,4,4,5,,0,0,Night
v3.0,2024,2024-11-02,Miami,Duke,home,53,31,-19.5,18.2,22,0,0,3.8,AS EXPECTED,graded,pbp,72,68,0.1724,0.2925,-6,ok,0,28,8,2,4,8,4,3,
v3.0,2024,2024-11-02,Stanford,NC State,away,28,59,9.5,-10.3,-31,7,7,-20.7,SOFT,graded,pbp,40,42,-0.4911,-0.1425,-10,ok,0,0,0,0,1,,1,2,Road · Full house
v3.0,2024,2024-11-02,Texas A&M,South Carolina,away,20,44,-3.5,3.8,-24,0,0,-27.8,CERTIFIED SOFT,graded,pbp,65,70,-0.2658,0.0525,-16,ok,0,10,6,0,2,,2,2,Road · Night · Full house
v3.0,2024,2024-11-02,Houston,Kansas State,home,24,19,9.5,-10.3,5,0,0,15.3,DAWG,graded,pbp,52,74,-0.0185,-0.1425,6,ok,0,24,8,0,2,,2,1,Ranked opponent
v3.0,2024,2024-11-02,Oregon,Michigan,away,38,17,-14.5,14.9,21,0,0,6.1,AS EXPECTED,graded,pbp,71,53,0.251,0.2175,2,ok,0,21,5,1,1,7,0,0,Road · Full house
v3.0,2024,2024-11-02,Purdue,Northwestern,home,20,26,-3.5,3.8,-6,0,0,-9.8,AS EXPECTED,graded,pbp,60,66,-0.0155,0.0525,-3,ok,5,3,4,2,3,,1,0,
v3.0,2024,2024-11-02,SMU,Pittsburgh,home,48,25,-7.5,8.1,31,14,22,22.9,DAWG,graded,pbp,47,38,0.5702,0.1125,14,ok,0,14,4,1,1,20,2,0,Night · Ranked opponent
v3.0,2024,2024-11-02,South Carolina,Texas A&M,home,44,20,3.5,-3.8,24,0,0,27.8,CERTIFIED DAWG,graded,pbp,70,65,0.2658,-0.0525,16,ok,0,31,9,2,3,10,2,2,Night · Top-10 opponent
v3.0,2024,2024-11-02,Virginia Tech,Syracuse,away,31,38,-3.5,3.8,-7,0,0,-10.8,AS EXPECTED,graded,pbp,68,65,-0.0218,0.0525,-4,ok,3,24,6,1,4,-21,2,2,Road
v3.0,2024,2024-11-02,UCLA,Nebraska,away,27,20,8.5,-9.2,7,0,0,16.2,DAWG,graded,pbp,55,72,0.2524,-0.1275,18,ok,0,14,5,1,2,-3,2,0,Road · Full house
v3.0,2024,2024-11-02,TCU,Baylor,away,34,37,2.5,-2.7,-3,0,0,-0.3,AS EXPECTED,graded,pbp,65,78,-0.0285,-0.0375,0,ok,0,17,4,3,5,,0,0,Road · Night
v3.0,2024,2024-11-02,Tennessee,Kentucky,home,28,18,-17.5,17.0,10,0,0,-7.0,AS EXPECTED,graded,pbp,82,65,0.3214,0.2625,3,ok,0,28,8,0,2,-1,3,1,Night
v3.0,2024,2024-11-02,Washington,USC,home,26,21,2.5,-2.7,5,0,0,7.7,AS EXPECTED,graded,pbp,69,80,0.0543,-0.0375,5,ok,0,20,7,1,3,-5,3,0,
v3.0,2024,2024-11-02,Texas Tech,Iowa State,away,23,22,14.5,-14.9,1,0,0,15.9,DAWG,graded,pbp,74,76,-0.029,-0.2175,10,ok,0,7,7,2,5,,2,2,Road · Full house · Ranked opponent
v3.0,2024,2024-11-02,Wisconsin,Iowa,away,10,42,2.5,-2.7,-32,7,7,-29.3,CERTIFIED SOFT,graded,pbp,48,50,-0.5801,-0.0375,-19,ok,0,3,4,0,1,,0,2,Road · Night · Full house
v3.0,2024,2024-11-02,USC,Washington,away,21,26,-2.5,2.7,-5,0,0,-7.7,AS EXPECTED,graded,pbp,80,69,-0.0543,0.0375,-5,ok,0,14,5,0,2,,0,3,Road · Full house
v3.0,2024,2024-11-02,Mississippi State,Massachusetts,home,45,20,-18.5,17.6,28,7,10,10.4,AS EXPECTED,graded,pbp,49,54,0.2033,0.2775,-3,ok,0,28,4,0,1,17,1,0,Group of 5 opponent
v3.0,2024,2024-11-02,Illinois,Minnesota,home,17,25,2.5,-2.7,-8,0,0,-5.3,AS EXPECTED,graded,pbp,62,70,-0.1729,-0.0375,-6,ok,0,10,4,1,5,,0,2,
v3.0,2024,2024-11-02,Florida State,North Carolina,home,11,35,2.5,-2.7,-24,0,0,-21.3,SOFT,graded,pbp,41,58,-0.5344,-0.0375,-18,ok,0,10,3,0,1,,0,2,
v3.0,2024,2024-11-02,Florida,Georgia,neutral,20,34,14.5,-14.9,-14,0,0,0.9,AS EXPECTED,graded,pbp,68,73,-0.2595,-0.2175,-2,ok,0,17,8,1,5,,4,2,Top-10 opponent
v3.0,2024,2024-11-02,Georgia,Florida,neutral,34,20,-14.5,14.9,14,0,0,-0.9,AS EXPECTED,graded,pbp,73,68,0.2595,0.2175,2,ok,0,27,10,1,3,0,2,4,
v3.0,2024,2024-11-02,Iowa State,Texas Tech,home,22,23,-14.5,14.9,-1,0,0,-15.9,SOFT,graded,pbp,76,74,0.029,0.2175,-10,ok,0,17,8,2,4,,2,2,
v3.0,2024,2024-11-02,Northwestern,Purdue,away,26,20,3.5,-3.8,6,0,0,9.8,AS EXPECTED,graded,pbp,66,60,0.0155,-0.0525,3,ok,5,10,4,2,3,-8,0,1,Road · Full house
v3.0,2024,2024-11-02,Arkansas,Ole Miss,home,31,63,7.5,-8.1,-39,21,14,-30.9,CERTIFIED SOFT,graded,pbp,36,54,-0.4135,-0.1125,-10,ok,0,0,2,1,1,,0,2,Ranked opponent
v3.0,2024,2024-11-02,Indiana,Michigan State,away,47,10,-7.5,8.1,23,14,0,14.9,DAWG,graded,pbp,43,52,0.5185,0.1125,14,ok,0,24,6,0,1,12,2,0,Road
v3.0,2024,2024-11-02,Arizona State,Oklahoma State,away,42,21,-4.5,4.9,28,0,7,23.1,DAWG,graded,pbp,75,46,0.3748,0.0675,14,ok,0,21,6,2,2,14,1,0,Road · Full house
v3.0,2024,2024-11-02,Kentucky,Tennessee,away,18,28,17.5,-17.0,-10,0,0,7.0,AS EXPECTED,graded,pbp,65,82,-0.3214,-0.2625,-3,ok,0,7,7,1,2,,1,3,Road · Night · Full house · Top-10 opponent
v3.0,2024,2024-11-02,Louisville,Clemson,away,33,21,11.5,-12.3,12,0,0,24.3,CERTIFIED DAWG,graded,pbp,59,101,0.082,-0.1725,15,ok,0,23,7,0,1,2,0,0,Road · Night · Full house · Ranked opponent
v3.0,2024,2024-11-08,Wake Forest,California,home,36,46,7.5,-8.1,-10,0,0,-1.9,AS EXPECTED,graded,pbp,73,86,0.0547,-0.1125,10,ok,0,0,3,1,7,,1,4,Night
v3.0,2024,2024-11-08,Iowa,UCLA,away,17,20,-6.5,7.0,-3,0,0,-10.0,AS EXPECTED,graded,pbp,45,73,-0.1653,0.0975,-11,ok,0,17,5,0,3,-13,3,3,Road · Night
v3.0,2024,2024-11-08,California,Wake Forest,away,46,36,-7.5,8.1,10,0,0,1.9,AS EXPECTED,graded,pbp,86,73,-0.0547,0.1125,-10,ok,0,6,5,1,6,0,4,1,Road · Night
v3.0,2024,2024-11-08,UCLA,Iowa,home,20,17,6.5,-7.0,3,0,0,10.0,AS EXPECTED,graded,pbp,73,45,0.1653,-0.0975,11,ok,0,14,5,1,2,,3,3,Night
v3.0,2024,2024-11-09,Boston College,Syracuse,home,37,31,-5.5,6.0,6,0,0,0.0,AS EXPECTED,graded,pbp,61,72,0.0256,0.0825,-3,ok,0,14,7,2,4,-8,1,1,
v3.0,2024,2024-11-09,Maryland,Oregon,away,18,39,24.0,-21.5,-21,0,0,0.5,AS EXPECTED,graded,pbp,75,64,-0.2652,-0.36,5,ok,0,14,5,0,1,,0,3,Road · Full house · Top-10 opponent
v3.0,2024,2024-11-09,Michigan,Indiana,away,15,20,14.5,-14.9,-5,0,0,9.9,AS EXPECTED,graded,pbp,65,56,0.0118,-0.2175,10,ok,0,16,6,0,2,,1,1,Road · Full house · Top-10 opponent
v3.0,2024,2024-11-09,Minnesota,Rutgers,away,19,26,-6.5,7.0,-7,0,0,-14.0,SOFT,graded,pbp,62,71,0.003,0.0975,-5,ok,0,7,7,1,4,,1,1,Road
v3.0,2024,2024-11-09,Missouri,Oklahoma,home,30,23,3.5,-3.8,7,0,0,10.8,AS EXPECTED,graded,pbp,72,61,0.1517,-0.0525,10,ok,0,14,6,1,5,,3,1,Night
v3.0,2024,2024-11-09,Ole Miss,Georgia,home,28,10,1.5,-1.6,18,0,0,19.6,DAWG,graded,pbp,64,64,0.2937,-0.0225,15,ok,0,15,7,2,2,9,3,1,Top-10 opponent
v3.0,2024,2024-11-09,Duke,NC State,away,29,19,3.5,-3.8,10,0,0,13.8,DAWG,graded,pbp,56,62,-0.0289,-0.0525,1,ok,0,20,7,1,3,-2,2,1,Road · Full house
v3.0,2024,2024-11-09,NC State,Duke,home,19,29,-3.5,3.8,-10,0,0,-13.8,SOFT,graded,pbp,62,56,0.0289,0.0525,-1,ok,0,9,8,0,3,,1,2,
v3.0,2024,2024-11-09,Rutgers,Minnesota,home,26,19,6.5,-7.0,7,0,0,14.0,DAWG,graded,pbp,71,62,-0.003,-0.0975,5,ok,0,10,6,2,3,-3,1,1,
v3.0,2024,2024-11-09,Syracuse,Boston College,away,31,37,5.5,-6.0,-6,0,0,-0.0,AS EXPECTED,graded,pbp,72,61,-0.0256,-0.0825,3,ok,0,17,7,1,3,,1,1,Road · Full house
v3.0,2024,2024-11-09,Ohio State,Purdue,home,45,0,-37.5,29.8,31,14,0,1.2,AS EXPECTED,graded,pbp,46,36,0.4687,0.5625,-3,ok,0,28,5,0,0,17,2,0,
v3.0,2024,2024-11-09,Oklahoma State,TCU,away,13,38,10.5,-11.3,-32,7,0,-20.7,SOFT,graded,pbp,45,55,-0.3574,-0.1575,-7,ok,0,0,2,0,1,,0,3,Road · Night
v3.0,2024,2024-11-09,Oklahoma,Missouri,away,23,30,-3.5,3.8,-7,0,0,-10.8,AS EXPECTED,graded,pbp,61,72,-0.1517,0.0525,-10,ok,0,9,6,1,4,,1,3,Road · Night · Full house · Ranked opponent
v3.0,2024,2024-11-09,UCF,Arizona State,away,31,35,2.5,-2.7,-4,0,0,-1.3,AS EXPECTED,graded,pbp,68,58,0.2941,-0.0375,15,ok,0,14,5,2,4,-14,0,1,Road
v3.0,2024,2024-11-09,Penn State,Washington,home,35,6,-13.5,14.1,32,0,3,17.9,DAWG,graded,pbp,65,45,0.4239,0.2025,9,ok,0,28,4,0,0,18,1,1,Night
v3.0,2024,2024-11-09,Cincinnati,West Virginia,home,24,31,-5.5,6.0,-7,0,0,-13.0,SOFT,graded,pbp,78,43,0.1806,0.0825,4,ok,0,21,6,0,2,,1,3,
v3.0,2024,2024-11-09,Pittsburgh,Virginia,home,19,24,-7.5,8.1,-5,0,0,-13.1,SOFT,graded,pbp,66,70,-0.0302,0.1125,-7,ok,0,20,8,0,4,,2,2,Night
v3.0,2024,2024-11-09,Clemson,Virginia Tech,away,24,14,-6.5,7.0,10,0,0,3.0,AS EXPECTED,graded,pbp,79,58,0.3809,0.0975,14,ok,0,17,11,0,1,-4,3,1,Road · Full house
v3.0,2024,2024-11-09,Kansas,Iowa State,home,45,36,2.5,-2.7,9,0,0,11.7,AS EXPECTED,graded,pbp,69,61,-0.0267,-0.0375,1,ok,0,24,5,1,1,-5,1,0,Ranked opponent
v3.0,2024,2024-11-09,Vanderbilt,South Carolina,home,7,28,5.5,-6.0,-21,0,0,-15.0,SOFT,graded,pbp,59,63,-0.3564,-0.0825,-12,ok,0,0,4,0,1,,1,1,
v3.0,2024,2024-11-09,Miami,Georgia Tech,away,23,28,-9.5,10.3,-5,0,0,-15.3,SOFT,graded,pbp,63,64,-0.0696,0.1425,-10,ok,0,10,5,1,2,,0,1,Road
v3.0,2024,2024-11-09,Oregon,Maryland,home,39,18,-24.0,21.5,21,0,0,-0.5,AS EXPECTED,graded,pbp,64,75,0.2652,0.36,-5,ok,0,24,7,1,2,10,3,0,
v3.0,2024,2024-11-09,Purdue,Ohio State,away,0,45,37.5,-29.8,-31,0,14,-1.2,AS EXPECTED,graded,pbp,36,46,-0.4687,-0.5625,3,ok,0,0,1,0,1,,0,2,Road · Full house · Top-10 opponent
v3.0,2024,2024-11-09,Texas,Florida,home,49,17,-24.5,21.8,35,14,17,13.2,DAWG,graded,pbp,35,31,0.8308,0.3675,11,ok,0,28,6,0,0,21,3,1,
v3.0,2024,2024-11-09,BYU,Utah,away,22,21,-3.5,3.8,1,0,0,-2.8,AS EXPECTED,graded,pbp,65,52,-0.0038,0.0525,-2,ok,0,13,8,1,2,,2,0,Road · Night · Full house
v3.0,2024,2024-11-09,Utah,BYU,home,21,22,3.5,-3.8,-1,0,0,2.8,AS EXPECTED,graded,pbp,52,65,0.0038,-0.0525,2,ok,0,7,6,2,4,-12,0,2,Night · Top-10 opponent
v3.0,2024,2024-11-09,South Carolina,Vanderbilt,away,28,7,-5.5,6.0,21,0,0,15.0,DAWG,graded,pbp,63,59,0.3564,0.0825,12,ok,0,14,6,1,1,7,1,1,Road
v3.0,2024,2024-11-09,Virginia,Pittsburgh,away,24,19,7.5,-8.1,5,0,0,13.1,DAWG,graded,pbp,70,66,0.0302,-0.1125,7,ok,0,21,8,1,3,,2,2,Road · Night · Ranked opponent
v3.0,2024,2024-11-09,Virginia Tech,Clemson,home,14,24,6.5,-7.0,-10,0,0,-3.0,AS EXPECTED,graded,pbp,58,79,-0.3809,-0.0975,-14,ok,0,0,7,0,2,,1,3,Ranked opponent
v3.0,2024,2024-11-09,TCU,Oklahoma State,home,38,13,-10.5,11.3,32,0,7,20.7,DAWG,graded,pbp,55,45,0.3574,0.1575,7,ok,0,21,5,0,0,22,3,0,Night
v3.0,2024,2024-11-09,Tennessee,Mississippi State,home,33,14,-26.5,23.4,19,0,0,-4.4,AS EXPECTED,graded,pbp,78,62,0.0853,0.3975,-16,ok,0,23,9,1,1,5,2,1,Night
v3.0,2024,2024-11-09,Washington,Penn State,away,6,35,13.5,-14.1,-32,3,0,-17.9,SOFT,graded,pbp,45,65,-0.4239,-0.2025,-9,ok,0,0,0,0,1,,1,1,Road · Night · Full house · Top-10 opponent
v3.0,2024,2024-11-09,Texas Tech,Colorado,home,27,41,4.5,-4.9,-14,0,0,-9.1,AS EXPECTED,graded,pbp,86,69,-0.2198,-0.0675,-9,ok,0,13,8,1,4,-24,0,3,Ranked opponent
v3.0,2024,2024-11-09,West Virginia,Cincinnati,away,31,24,5.5,-6.0,7,0,0,13.0,DAWG,graded,pbp,43,78,-0.1806,-0.0825,-4,ok,0,17,6,0,2,-3,3,1,Road · Full house
v3.0,2024,2024-11-09,Alabama,LSU,away,42,13,-2.5,2.7,29,7,7,26.3,CERTIFIED DAWG,graded,pbp,53,47,0.4514,0.0375,15,ok,0,21,4,1,2,18,3,0,Road · Night · Full house · Ranked opponent
v3.0,2024,2024-11-09,Mississippi State,Tennessee,away,14,33,26.5,-23.4,-19,0,0,4.4,AS EXPECTED,graded,pbp,62,78,-0.0853,-0.3975,16,ok,0,0,5,0,1,,1,2,Road · Night · Full house · Top-10 opponent
v3.0,2024,2024-11-09,Colorado,Texas Tech,away,41,27,-4.5,4.9,14,0,0,9.1,AS EXPECTED,graded,pbp,69,86,0.2198,0.0675,9,ok,0,27,9,1,3,3,3,0,Road · Full house
v3.0,2024,2024-11-09,Florida State,Notre Dame,away,3,52,25.5,-22.6,-28,0,21,-5.4,AS EXPECTED,graded,pbp,52,46,-0.4719,-0.3825,-3,ok,0,0,4,1,1,,0,2,Road · Night · Full house · Top-10 opponent
v3.0,2024,2024-11-09,Florida,Texas,away,17,49,24.5,-21.8,-35,17,14,-13.2,SOFT,graded,pbp,31,35,-0.8308,-0.3675,-11,ok,0,0,3,0,1,,1,3,Road · Full house · Top-10 opponent
v3.0,2024,2024-11-09,Georgia Tech,Miami,home,28,23,9.5,-10.3,5,0,0,15.3,DAWG,graded,pbp,64,63,0.0696,-0.1425,10,ok,0,7,4,2,4,-6,1,0,Top-10 opponent
v3.0,2024,2024-11-09,Georgia,Ole Miss,away,10,28,-1.5,1.6,-18,0,0,-19.6,SOFT,graded,pbp,64,64,-0.2937,0.0225,-15,ok,0,7,2,0,3,,1,3,Road · Full house · Ranked opponent
v3.0,2024,2024-11-09,Iowa State,Kansas,away,36,45,-2.5,2.7,-9,0,0,-11.7,AS EXPECTED,graded,pbp,61,69,0.0267,0.0375,-1,ok,0,21,4,0,2,,0,1,Road
v3.0,2024,2024-11-09,Indiana,Michigan,home,20,15,-14.5,14.9,5,0,0,-9.9,AS EXPECTED,graded,pbp,56,65,-0.0118,0.2175,-10,ok,0,13,5,1,3,-6,1,1,
v3.0,2024,2024-11-09,Notre Dame,Florida State,home,52,3,-25.5,22.6,28,21,0,5.4,AS EXPECTED,graded,pbp,46,52,0.4719,0.3825,3,ok,0,21,6,0,1,17,2,0,Night
v3.0,2024,2024-11-09,Arizona State,UCF,home,35,31,-2.5,2.7,4,0,0,1.3,AS EXPECTED,graded,pbp,58,68,-0.2941,0.0375,-15,ok,0,7,4,0,2,-7,1,0,
v3.0,2024,2024-11-09,LSU,Alabama,home,13,42,2.5,-2.7,-29,7,7,-26.3,CERTIFIED SOFT,graded,pbp,47,53,-0.4514,-0.0375,-15,ok,0,3,2,1,1,,0,3,Night · Ranked opponent
v3.0,2024,2024-11-15,Arizona,Houston,home,27,3,-1.5,1.6,24,0,0,22.4,DAWG,graded,pbp,50,52,0.3656,0.0225,13,ok,0,24,10,1,1,10,3,1,Night
v3.0,2024,2024-11-15,Houston,Arizona,away,3,27,1.5,-1.6,-24,0,0,-22.4,SOFT,graded,pbp,52,50,-0.3656,-0.0225,-13,ok,0,3,7,0,2,,1,3,Road · Night
v3.0,2024,2024-11-15,UCLA,Washington,away,19,31,5.5,-6.0,-12,0,0,-6.0,AS EXPECTED,graded,pbp,78,57,-0.037,-0.0825,2,ok,0,3,5,1,2,,2,2,Road · Night · Full house
v3.0,2024,2024-11-15,Washington,UCLA,home,31,19,-5.5,6.0,12,0,0,6.0,AS EXPECTED,graded,pbp,57,78,0.037,0.0825,-2,ok,0,31,7,0,2,1,2,2,Night
v3.0,2024,2024-11-16,Boston College,SMU,away,28,38,19.5,-18.2,-10,0,0,8.2,AS EXPECTED,graded,pbp,74,62,-0.1899,-0.2925,5,ok,0,7,4,1,3,,1,1,Road · Full house · Ranked opponent
v3.0,2024,2024-11-16,Maryland,Rutgers,home,17,31,-4.5,4.9,-14,0,0,-18.9,SOFT,graded,pbp,82,65,-0.1532,0.0675,-12,ok,0,3,3,1,3,,0,1,Night
v3.0,2024,2024-11-16,Michigan State,Illinois,away,16,38,1.5,-1.6,-22,0,0,-20.4,SOFT,graded,pbp,67,63,-0.1789,-0.0225,-7,ok,0,0,4,1,3,,0,0,Road
v3.0,2024,2024-11-16,Missouri,South Carolina,away,30,34,10.5,-11.3,-4,0,0,7.3,AS EXPECTED,graded,pbp,67,66,0.0693,-0.1575,11,ok,0,17,5,2,4,,1,1,Road · Full house · Ranked opponent
v3.0,2024,2024-11-16,North Carolina,Wake Forest,home,31,24,-10.5,11.3,7,0,0,-4.3,AS EXPECTED,graded,pbp,73,68,-0.0327,0.1575,-10,ok,0,10,8,2,3,-14,3,1,Night
v3.0,2024,2024-11-16,Wake Forest,North Carolina,away,24,31,10.5,-11.3,-7,0,0,4.3,AS EXPECTED,graded,pbp,68,73,0.0327,-0.1575,10,ok,0,10,8,1,3,,1,3,Road · Night · Full house
v3.0,2024,2024-11-16,Nebraska,USC,away,20,28,6.5,-7.0,-8,0,0,-1.0,AS EXPECTED,graded,pbp,62,63,-0.4115,-0.0975,-14,ok,0,3,5,0,1,-22,2,2,Road · Full house
v3.0,2024,2024-11-16,Rutgers,Maryland,away,31,17,4.5,-4.9,14,0,0,18.9,DAWG,graded,pbp,65,82,0.1532,-0.0675,12,ok,0,10,5,3,3,3,1,0,Road · Night
v3.0,2024,2024-11-16,Syracuse,California,away,33,25,10.5,-11.3,8,0,0,19.3,DAWG,graded,pbp,81,56,-0.0497,-0.1575,5,ok,0,20,5,1,1,-5,2,0,Road
v3.0,2024,2024-11-16,Ohio State,Northwestern,away,31,7,-29.5,25.6,24,0,0,-1.6,AS EXPECTED,graded,pbp,43,47,0.6216,0.4425,6,ok,0,17,6,1,1,10,1,0,Road · Full house
v3.0,2024,2024-11-16,Auburn,UL Monroe,home,48,14,-25.5,22.6,31,10,7,8.4,AS EXPECTED,graded,pbp,56,36,0.4227,0.3825,1,ok,0,31,6,0,0,21,0,1,Group of 5 opponent
v3.0,2024,2024-11-16,Penn State,Purdue,away,49,10,-30.5,26.2,32,14,7,5.8,AS EXPECTED,graded,pbp,41,39,0.5862,0.4575,4,ok,0,14,4,0,0,18,0,0,Road · Full house
v3.0,2024,2024-11-16,Cincinnati,Iowa State,away,17,34,7.5,-8.1,-17,0,0,-8.9,AS EXPECTED,graded,pbp,56,69,-0.0681,-0.1125,2,ok,0,7,5,1,2,,1,1,Road · Night
v3.0,2024,2024-11-16,Pittsburgh,Clemson,home,20,24,12.5,-13.2,-4,0,0,9.2,AS EXPECTED,graded,pbp,87,68,0.1276,-0.1875,18,ok,0,13,10,1,3,,1,1,Ranked opponent
v3.0,2024,2024-11-16,Clemson,Pittsburgh,away,24,20,-12.5,13.2,4,0,0,-9.2,AS EXPECTED,graded,pbp,68,87,-0.1276,0.1875,-18,ok,0,17,9,1,4,-6,1,1,Road
v3.0,2024,2024-11-16,Kansas,BYU,away,17,13,2.5,-2.7,4,0,0,6.7,AS EXPECTED,graded,pbp,52,63,0.0286,-0.0375,3,ok,0,0,3,1,3,,1,1,Road · Night · Full house · Top-10 opponent
v3.0,2024,2024-11-16,Kansas State,Arizona State,home,14,24,-7.5,8.1,-10,0,0,-18.1,SOFT,graded,pbp,64,72,-0.0346,0.1125,-7,ok,0,14,5,0,1,,1,3,Night
v3.0,2024,2024-11-16,Baylor,West Virginia,away,49,35,-1.5,1.6,14,0,0,12.4,DAWG,graded,pbp,70,88,0.3142,0.0225,17,ok,0,35,7,2,4,0,1,0,Road
v3.0,2024,2024-11-16,Stanford,Louisville,home,38,35,20.5,-18.9,3,0,0,21.9,DAWG,graded,pbp,71,66,-0.0156,-0.3075,15,ok,0,20,7,1,2,-7,1,1,Ranked opponent
v3.0,2024,2024-11-16,Texas A&M,New Mexico State,home,38,3,-38.5,30.2,31,7,3,0.8,AS EXPECTED,graded,pbp,57,34,0.5712,0.5775,0,ok,0,24,7,0,0,17,0,2,Night · Group of 5 opponent
v3.0,2024,2024-11-16,Oregon,Wisconsin,away,16,13,-13.5,14.1,3,0,0,-11.1,AS EXPECTED,graded,pbp,69,58,0.2521,0.2025,2,ok,0,9,7,1,2,,1,1,Road · Night · Full house
v3.0,2024,2024-11-16,California,Syracuse,home,25,33,-10.5,11.3,-8,0,0,-19.3,SOFT,graded,pbp,56,81,0.0497,0.1575,-5,ok,0,3,2,0,2,,0,2,
v3.0,2024,2024-11-16,Purdue,Penn State,home,10,49,30.5,-26.2,-32,7,14,-5.8,AS EXPECTED,graded,pbp,39,41,-0.5862,-0.4575,-4,ok,0,3,2,0,1,,0,0,Top-10 opponent
v3.0,2024,2024-11-16,Texas,Arkansas,away,20,10,-13.5,14.1,10,0,0,-4.1,AS EXPECTED,graded,pbp,73,59,0.0584,0.2025,-7,ok,0,13,7,1,2,0,2,0,Road · Full house
v3.0,2024,2024-11-16,BYU,Kansas,home,13,17,-2.5,2.7,-4,0,0,-6.7,AS EXPECTED,graded,pbp,63,52,-0.0286,0.0375,-3,ok,0,10,4,0,3,,1,1,Night
v3.0,2024,2024-11-16,Utah,Colorado,away,24,49,13.5,-14.1,-25,0,0,-10.9,AS EXPECTED,graded,pbp,66,61,-0.2847,-0.2025,-4,ok,0,13,8,1,2,,3,3,Road · Full house · Ranked opponent
v3.0,2024,2024-11-16,SMU,Boston College,home,38,28,-19.5,18.2,10,0,0,-8.2,AS EXPECTED,graded,pbp,62,74,0.1899,0.2925,-5,ok,0,23,6,2,4,0,1,1,
v3.0,2024,2024-11-16,South Carolina,Missouri,home,34,30,-10.5,11.3,4,0,0,-7.3,AS EXPECTED,graded,pbp,66,67,-0.0693,0.1575,-11,ok,0,14,3,3,6,-11,1,1,Ranked opponent
v3.0,2024,2024-11-16,Virginia,Notre Dame,away,14,35,21.5,-19.6,-35,14,0,-15.4,SOFT,graded,pbp,41,56,-0.7588,-0.3225,-15,ok,0,0,5,0,1,,1,4,Road · Full house · Top-10 opponent
v3.0,2024,2024-11-16,Tennessee,Georgia,away,17,31,7.5,-8.1,-14,0,0,-5.9,AS EXPECTED,graded,pbp,72,71,-0.2211,-0.1125,-6,ok,0,10,4,1,3,-24,0,1,Road · Night · Full house · Ranked opponent
v3.0,2024,2024-11-16,Wisconsin,Oregon,home,13,16,13.5,-14.1,-3,0,0,11.1,AS EXPECTED,graded,pbp,58,69,-0.2521,-0.2025,-2,ok,0,10,6,1,4,,1,1,Night · Top-10 opponent
v3.0,2024,2024-11-16,West Virginia,Baylor,home,35,49,1.5,-1.6,-14,0,0,-12.4,SOFT,graded,pbp,88,70,-0.3142,-0.0225,-17,ok,0,0,4,1,3,,0,1,
v3.0,2024,2024-11-16,USC,Nebraska,home,28,20,-6.5,7.0,8,0,0,1.0,AS EXPECTED,graded,pbp,63,62,0.4115,0.0975,14,ok,0,14,6,1,3,,2,2,
v3.0,2024,2024-11-16,Alabama,Mercer,home,52,7,-42.5,31.8,31,14,0,-0.8,AS EXPECTED,graded,pbp,37,31,0.5523,0.6375,-2,ok,0,21,3,0,0,17,3,0,FCS opponent
v3.0,2024,2024-11-16,Illinois,Michigan State,home,38,16,-1.5,1.6,22,0,0,20.4,DAWG,graded,pbp,63,67,0.1789,0.0225,7,ok,0,28,7,2,2,7,0,0,
v3.0,2024,2024-11-16,Colorado,Utah,home,49,24,-13.5,14.1,25,0,0,10.9,AS EXPECTED,graded,pbp,61,66,0.2847,0.2025,4,ok,0,28,9,3,5,14,3,3,
v3.0,2024,2024-11-16,Florida,LSU,home,27,16,2.5,-2.7,11,0,0,13.7,DAWG,graded,pbp,43,92,0.1743,-0.0375,10,ok,0,14,5,3,3,0,2,0,Ranked opponent
v3.0,2024,2024-11-16,Georgia,Tennessee,home,31,17,-7.5,8.1,14,0,0,5.9,AS EXPECTED,graded,pbp,71,72,0.2211,0.1125,6,ok,0,21,5,1,2,0,1,0,Night · Top-10 opponent
v3.0,2024,2024-11-16,Iowa State,Cincinnati,home,34,17,-7.5,8.1,17,0,0,8.9,AS EXPECTED,graded,pbp,69,56,0.0681,0.1125,-2,ok,0,20,7,1,3,7,1,1,Night
v3.0,2024,2024-11-16,Northwestern,Ohio State,home,7,31,29.5,-25.6,-24,0,0,1.6,AS EXPECTED,graded,pbp,47,43,-0.6216,-0.4425,-6,ok,0,7,3,0,2,,0,1,Top-10 opponent
v3.0,2024,2024-11-16,Arkansas,Texas,home,10,20,13.5,-14.1,-10,0,0,4.1,AS EXPECTED,graded,pbp,59,73,-0.0584,-0.2025,7,ok,0,3,5,0,1,,0,2,Top-10 opponent
v3.0,2024,2024-11-16,Notre Dame,Virginia,home,35,14,-21.5,19.6,35,0,14,15.4,DAWG,graded,pbp,56,41,0.7588,0.3225,15,ok,0,21,8,0,0,21,4,1,
v3.0,2024,2024-11-16,Arizona State,Kansas State,away,24,14,7.5,-8.1,10,0,0,18.1,DAWG,graded,pbp,72,64,0.0346,-0.1125,7,ok,0,21,6,0,0,-4,3,1,Road · Night · Full house · Ranked opponent
v3.0,2024,2024-11-16,Kentucky,Murray State,home,48,6,-41.5,31.4,31,17,6,-0.4,AS EXPECTED,graded,pbp,48,24,0.7215,0.6225,3,ok,0,24,6,0,0,17,3,1,FCS opponent
v3.0,2024,2024-11-16,Louisville,Stanford,away,35,38,-20.5,18.9,-3,0,0,-21.9,SOFT,graded,pbp,66,71,0.0156,0.3075,-15,ok,0,21,5,2,5,-18,1,1,Road
v3.0,2024,2024-11-16,LSU,Florida,away,16,27,-2.5,2.7,-11,0,0,-13.7,SOFT,graded,pbp,92,43,-0.1743,0.0375,-10,ok,0,10,4,2,4,,0,2,Road · Full house
v3.0,2024,2024-11-21,NC State,Georgia Tech,away,29,30,7.5,-8.1,-1,0,0,7.1,AS EXPECTED,graded,pbp,59,72,0.0211,-0.1125,6,ok,0,7,7,1,4,,1,3,Road · Night
v3.0,2024,2024-11-21,Georgia Tech,NC State,home,30,29,-7.5,8.1,1,0,0,-7.1,AS EXPECTED,graded,pbp,72,59,-0.0211,0.1125,-6,ok,0,13,7,2,4,-8,3,1,Night
v3.0,2024,2024-11-22,Michigan State,Purdue,home,24,17,-14.5,14.9,7,0,0,-7.9,AS EXPECTED,graded,pbp,71,68,-0.0194,0.2175,-12,ok,0,17,6,1,2,-4,2,0,Night
v3.0,2024,2024-11-22,Purdue,Michigan State,away,17,24,14.5,-14.9,-7,0,0,7.9,AS EXPECTED,graded,pbp,68,71,0.0194,-0.2175,12,ok,0,14,5,0,2,,0,2,Road · Night
v3.0,2024,2024-11-23,Boston College,North Carolina,home,41,21,1.5,-1.6,27,7,14,28.6,CERTIFIED DAWG,graded,pbp,74,37,0.6626,-0.0225,28,ok,0,24,5,0,0,17,2,1,
v3.0,2024,2024-11-23,Arizona,TCU,away,28,49,10.5,-11.3,-28,7,0,-16.7,SOFT,graded,pbp,64,57,-0.2466,-0.1575,-4,ok,0,6,3,0,1,,2,1,Road
v3.0,2024,2024-11-23,Maryland,Iowa,home,13,29,4.5,-4.9,-16,0,0,-11.1,AS EXPECTED,graded,pbp,57,72,-0.1282,-0.0675,-3,ok,0,0,4,0,1,,1,2,
v3.0,2024,2024-11-23,Michigan,Northwestern,home,50,6,-10.5,11.3,25,19,0,13.7,DAWG,graded,pbp,54,36,0.4463,0.1575,9,ok,0,17,4,1,2,15,2,1,
v3.0,2024,2024-11-23,Minnesota,Penn State,home,25,26,11.5,-12.3,-1,0,0,11.3,AS EXPECTED,graded,pbp,59,61,-0.2024,-0.1725,-1,ok,0,17,5,1,4,-11,0,2,Top-10 opponent
v3.0,2024,2024-11-23,Missouri,Mississippi State,away,39,20,-9.5,10.3,19,0,0,8.7,AS EXPECTED,graded,pbp,75,48,0.0936,0.1425,-2,ok,0,21,4,1,2,8,1,0,Road
v3.0,2024,2024-11-23,Ole Miss,Florida,away,17,24,-13.5,14.1,-7,0,0,-21.1,SOFT,graded,pbp,77,63,0.0604,0.2025,-7,ok,0,10,7,1,4,,2,2,Road · Full house
v3.0,2024,2024-11-23,Duke,Virginia Tech,home,31,28,2.5,-2.7,3,0,0,5.7,AS EXPECTED,graded,pbp,54,85,-0.0401,-0.0375,0,ok,0,17,8,1,4,-11,2,4,Night
v3.0,2024,2024-11-23,North Carolina,Boston College,away,21,41,-1.5,1.6,-27,14,7,-28.6,CERTIFIED SOFT,graded,pbp,37,74,-0.6626,0.0225,-28,ok,0,0,2,0,1,,1,2,Road
v3.0,2024,2024-11-23,Wake Forest,Miami,away,14,42,23.5,-21.1,-28,0,0,-6.9,AS EXPECTED,graded,pbp,54,70,-0.5853,-0.3525,-10,ok,0,0,5,1,2,,2,1,Road · Full house · Top-10 opponent
v3.0,2024,2024-11-23,Nebraska,Wisconsin,home,44,25,-1.5,1.6,19,0,0,17.4,DAWG,graded,pbp,72,55,-0.0774,0.0225,-5,ok,0,27,7,0,2,8,2,1,
v3.0,2024,2024-11-23,Rutgers,Illinois,home,31,38,-2.5,2.7,-7,0,0,-9.7,AS EXPECTED,graded,pbp,80,61,-0.2474,0.0375,-15,ok,0,3,3,4,5,-16,0,1,Ranked opponent
v3.0,2024,2024-11-23,Syracuse,UConn,home,31,24,-9.5,10.3,7,0,0,-3.3,AS EXPECTED,graded,pbp,80,64,0.1407,0.1425,0,ok,0,10,7,2,3,-7,0,0,Group of 5 opponent
v3.0,2024,2024-11-23,Ohio State,Indiana,home,38,15,-10.5,11.3,31,0,8,19.7,DAWG,graded,pbp,55,43,0.4721,0.1575,11,ok,0,24,6,0,1,17,1,1,Top-10 opponent
v3.0,2024,2024-11-23,Oklahoma State,Texas Tech,home,48,56,4.5,-4.9,-8,0,0,-3.1,AS EXPECTED,graded,pbp,67,92,0.2907,-0.0675,21,ok,0,21,6,2,5,,1,2,
v3.0,2024,2024-11-23,Auburn,Texas A&M,home,43,41,2.5,-2.7,2,0,0,4.7,AS EXPECTED,graded,pbp,64,77,-0.0874,-0.0375,-3,ok,16,24,6,1,5,-12,1,1,Night · Ranked opponent
v3.0,2024,2024-11-23,Oklahoma,Alabama,home,24,3,14.5,-14.9,21,0,0,35.9,CERTIFIED DAWG,graded,pbp,62,57,0.3493,-0.2175,25,ok,0,17,6,0,1,7,3,1,Night · Top-10 opponent
v3.0,2024,2024-11-23,UCF,West Virginia,away,21,31,-3.5,3.8,-10,0,0,-13.8,SOFT,graded,pbp,54,75,0.2044,0.0525,7,ok,0,21,4,0,1,,0,1,Road
v3.0,2024,2024-11-23,Penn State,Minnesota,away,26,25,-11.5,12.3,1,0,0,-11.3,AS EXPECTED,graded,pbp,61,59,0.2024,0.1725,1,ok,0,13,5,1,3,,2,0,Road
v3.0,2024,2024-11-23,Cincinnati,Kansas State,away,15,41,7.5,-8.1,-25,6,7,-16.9,SOFT,graded,pbp,51,49,-0.4186,-0.1125,-11,ok,0,7,4,0,1,,0,1,Road · Night · Full house
v3.0,2024,2024-11-23,Pittsburgh,Louisville,away,9,37,7.5,-8.1,-37,9,0,-28.9,CERTIFIED SOFT,graded,pbp,35,49,-0.7592,-0.1125,-20,ok,0,0,2,0,1,,0,3,Road
v3.0,2024,2024-11-23,Clemson,The Citadel,home,51,14,-48.5,34.2,35,16,14,0.8,AS EXPECTED,graded,pbp,25,37,1.1617,0.7275,10,ok,0,21,3,0,0,21,2,1,FCS opponent
v3.0,2024,2024-11-23,Iowa,Maryland,away,29,13,-4.5,4.9,16,0,0,11.1,AS EXPECTED,graded,pbp,72,57,0.1282,0.0675,3,ok,0,22,8,1,1,6,2,1,Road
v3.0,2024,2024-11-23,Kansas,Colorado,home,37,21,1.5,-1.6,16,0,0,17.6,DAWG,graded,pbp,77,42,0.0179,-0.0225,2,ok,0,17,3,2,2,6,0,0,Ranked opponent
v3.0,2024,2024-11-23,Kansas State,Cincinnati,home,41,15,-7.5,8.1,25,7,6,16.9,DAWG,graded,pbp,49,51,0.4186,0.1125,11,ok,0,34,7,0,0,15,1,0,Night
v3.0,2024,2024-11-23,Vanderbilt,LSU,away,17,24,9.5,-10.3,-7,0,0,3.3,AS EXPECTED,graded,pbp,48,69,-0.0284,-0.1425,5,ok,0,7,3,0,2,,0,0,Road · Night · Full house
v3.0,2024,2024-11-23,Baylor,Houston,away,20,10,-6.5,7.0,10,0,0,3.0,AS EXPECTED,graded,pbp,71,51,-0.0142,0.0975,-5,ok,0,13,7,1,2,0,3,2,Road · Night
v3.0,2024,2024-11-23,Miami,Wake Forest,home,42,14,-23.5,21.1,28,0,0,6.9,AS EXPECTED,graded,pbp,70,54,0.5853,0.3525,10,ok,0,10,6,1,1,18,1,2,
v3.0,2024,2024-11-23,Stanford,California,away,21,24,15.5,-15.7,-3,0,0,12.7,DAWG,graded,pbp,69,67,-0.24,-0.2325,0,ok,0,14,4,0,3,-17,0,0,Road · Full house
v3.0,2024,2024-11-23,Texas A&M,Auburn,away,41,43,-2.5,2.7,-2,0,0,-4.7,AS EXPECTED,graded,pbp,77,64,0.0874,0.0375,3,ok,16,17,7,3,5,,1,1,Road · Night · Full house
v3.0,2024,2024-11-23,Houston,Baylor,home,10,20,6.5,-7.0,-10,0,0,-3.0,AS EXPECTED,graded,pbp,51,71,0.0142,-0.0975,5,ok,0,3,6,0,2,,2,3,Night
v3.0,2024,2024-11-23,California,Stanford,home,24,21,-15.5,15.7,3,0,0,-12.7,SOFT,graded,pbp,67,69,0.24,0.2325,0,ok,0,24,6,0,1,,0,0,
v3.0,2024,2024-11-23,Texas,Kentucky,home,31,14,-18.5,17.6,17,0,0,-0.6,AS EXPECTED,graded,pbp,76,54,0.2885,0.2775,1,ok,0,17,8,1,1,3,2,2,
v3.0,2024,2024-11-23,BYU,Arizona State,away,23,28,3.5,-3.8,-5,0,0,-1.2,AS EXPECTED,graded,pbp,61,68,-0.0682,-0.0525,-1,ok,0,14,4,0,1,,1,2,Road · Full house · Ranked opponent
v3.0,2024,2024-11-23,Utah,Iowa State,home,28,31,3.5,-3.8,-3,0,0,0.8,AS EXPECTED,graded,pbp,43,77,-0.0954,-0.0525,-2,ok,0,10,3,0,3,,1,1,Ranked opponent
v3.0,2024,2024-11-23,SMU,Virginia,away,33,7,-10.5,11.3,33,0,7,21.7,DAWG,graded,pbp,65,51,0.567,0.1575,17,ok,0,27,8,0,0,19,0,2,Road
v3.0,2024,2024-11-23,South Carolina,Wofford,home,56,12,-42.5,31.8,26,21,3,-5.8,AS EXPECTED,graded,pbp,56,42,0.4062,0.6375,-8,ok,0,21,4,1,2,15,0,1,FCS opponent
v3.0,2024,2024-11-23,Virginia,SMU,home,7,33,10.5,-11.3,-33,7,0,-21.7,SOFT,graded,pbp,51,65,-0.567,-0.1575,-17,ok,0,0,4,0,1,,2,0,Ranked opponent
v3.0,2024,2024-11-23,Virginia Tech,Duke,away,28,31,-2.5,2.7,-3,0,0,-5.7,AS EXPECTED,graded,pbp,85,54,0.0401,0.0375,0,ok,0,24,7,0,2,,4,2,Road · Night
v3.0,2024,2024-11-23,UCLA,USC,home,13,19,4.5,-4.9,-6,0,0,-1.1,AS EXPECTED,graded,pbp,55,64,-0.0101,-0.0675,2,ok,0,10,4,0,4,,0,0,Night
v3.0,2024,2024-11-23,TCU,Arizona,home,49,28,-10.5,11.3,28,0,7,16.7,DAWG,graded,pbp,57,64,0.2466,0.1575,4,ok,0,28,5,1,3,14,1,2,
v3.0,2024,2024-11-23,Tennessee,UTEP,home,56,0,-41.5,31.4,35,21,0,3.6,AS EXPECTED,graded,pbp,39,40,0.7532,0.6225,4,ok,0,28,8,0,0,21,3,0,Group of 5 opponent
v3.0,2024,2024-11-23,Texas Tech,Oklahoma State,away,56,48,-4.5,4.9,8,0,0,3.1,AS EXPECTED,graded,pbp,92,67,-0.2907,0.0675,-21,ok,0,14,5,4,7,-6,2,1,Road · Full house
v3.0,2024,2024-11-23,Wisconsin,Nebraska,away,25,44,1.5,-1.6,-19,0,0,-17.4,SOFT,graded,pbp,55,72,0.0774,-0.0225,5,ok,0,0,3,2,2,,1,2,Road · Full house
v3.0,2024,2024-11-23,West Virginia,UCF,home,31,21,3.5,-3.8,10,0,0,13.8,DAWG,graded,pbp,75,54,-0.2044,-0.0525,-7,ok,0,21,6,0,1,-4,1,0,
v3.0,2024,2024-11-23,USC,UCLA,away,19,13,-4.5,4.9,6,0,0,1.1,AS EXPECTED,graded,pbp,64,55,0.0101,0.0675,-2,ok,0,19,5,0,3,,0,0,Road · Night
v3.0,2024,2024-11-23,Alabama,Oklahoma,away,3,24,-14.5,14.9,-21,0,0,-35.9,CERTIFIED SOFT,graded,pbp,57,62,-0.3493,0.2175,-25,ok,0,3,5,0,1,,1,3,Road · Night · Full house
v3.0,2024,2024-11-23,Mississippi State,Missouri,home,20,39,9.5,-10.3,-19,0,0,-8.7,AS EXPECTED,graded,pbp,48,75,-0.0936,-0.1425,2,ok,0,0,3,0,1,,0,1,Ranked opponent
v3.0,2024,2024-11-23,Illinois,Rutgers,away,38,31,2.5,-2.7,7,0,0,9.7,AS EXPECTED,graded,pbp,61,80,0.2474,-0.0375,15,ok,0,17,4,3,4,,1,0,Road
v3.0,2024,2024-11-23,Colorado,Kansas,away,21,37,-1.5,1.6,-16,0,0,-17.6,SOFT,graded,pbp,42,77,-0.0179,0.0225,-2,ok,0,0,0,0,1,,0,0,Road
v3.0,2024,2024-11-23,Florida State,Charleston Southern,home,41,7,-33.5,27.9,31,10,7,3.1,AS EXPECTED,graded,pbp,42,26,0.7501,0.5025,6,ok,0,17,5,0,0,21,1,0,FCS opponent
v3.0,2024,2024-11-23,Florida,Ole Miss,home,24,17,13.5,-14.1,7,0,0,21.1,DAWG,graded,pbp,63,77,-0.0604,-0.2025,7,ok,0,14,7,1,3,,2,2,Top-10 opponent
v3.0,2024,2024-11-23,Georgia,Massachusetts,home,59,21,-42.5,31.8,24,14,0,-7.8,AS EXPECTED,graded,pbp,52,44,0.1322,0.6375,-18,ok,0,28,5,2,2,10,2,0,Group of 5 opponent
v3.0,2024,2024-11-23,Iowa State,Utah,away,31,28,-3.5,3.8,3,0,0,-0.8,AS EXPECTED,graded,pbp,77,43,0.0954,0.0525,2,ok,0,7,4,4,5,-8,1,1,Road · Full house
v3.0,2024,2024-11-23,Northwestern,Michigan,away,6,50,10.5,-11.3,-25,0,19,-13.7,SOFT,graded,pbp,36,54,-0.4463,-0.1575,-9,ok,0,6,2,0,1,,1,2,Road · Full house
v3.0,2024,2024-11-23,Arkansas,Louisiana Tech,home,35,14,-23.5,21.1,21,0,0,-0.1,AS EXPECTED,graded,pbp,77,77,0.2169,0.3525,-8,ok,0,21,10,0,0,7,1,2,Group of 5 opponent
v3.0,2024,2024-11-23,Indiana,Ohio State,away,15,38,10.5,-11.3,-31,8,0,-19.7,SOFT,graded,pbp,43,55,-0.4721,-0.1575,-11,ok,0,7,4,0,1,,1,1,Road · Full house · Top-10 opponent
v3.0,2024,2024-11-23,Notre Dame,Army,neutral,49,14,-14.5,14.9,35,7,7,20.1,DAWG,graded,pbp,45,39,0.6689,0.2175,14,ok,0,28,5,0,1,21,1,0,Night · Ranked opponent · Group of 5 opponent
v3.0,2024,2024-11-23,Arizona State,BYU,home,28,23,-3.5,3.8,5,0,0,1.2,AS EXPECTED,graded,pbp,68,61,0.0682,0.0525,1,ok,0,14,4,0,1,-9,2,1,Ranked opponent
v3.0,2024,2024-11-23,Kentucky,Texas,away,14,31,18.5,-17.6,-17,0,0,0.6,AS EXPECTED,graded,pbp,54,76,-0.2885,-0.2775,-1,ok,0,7,5,0,2,,2,2,Road · Full house · Top-10 opponent
v3.0,2024,2024-11-23,Louisville,Pittsburgh,home,37,9,-7.5,8.1,37,0,9,28.9,CERTIFIED DAWG,graded,pbp,49,35,0.7592,0.1125,20,ok,0,27,7,0,0,27,3,0,
v3.0,2024,2024-11-23,LSU,Vanderbilt,home,24,17,-9.5,10.3,7,0,0,-3.3,AS EXPECTED,graded,pbp,69,48,0.0284,0.1425,-5,ok,0,10,4,2,2,-4,0,0,Night
v3.0,2024,2024-11-29,Minnesota,Wisconsin,away,24,7,-1.5,1.6,17,0,0,15.4,DAWG,graded,pbp,63,55,0.3938,0.0225,16,ok,0,24,9,0,0,3,0,0,Road · Full house
v3.0,2024,2024-11-29,Ole Miss,Mississippi State,home,26,14,-26.5,23.4,12,0,0,-11.4,AS EXPECTED,graded,pbp,75,63,0.1051,0.3975,-15,ok,0,17,8,1,2,0,2,0,
v3.0,2024,2024-11-29,Nebraska,Iowa,away,10,13,3.5,-3.8,-3,0,0,0.8,AS EXPECTED,graded,pbp,76,41,0.3099,-0.0525,15,ok,0,10,8,0,2,-13,0,1,Road · Night · Full house
v3.0,2024,2024-11-29,Oklahoma State,Colorado,away,0,52,14.5,-14.9,-35,0,17,-20.1,SOFT,graded,pbp,32,48,-0.7389,-0.2175,-15,ok,0,0,5,0,1,,1,4,Road · Full house · Ranked opponent
v3.0,2024,2024-11-29,UCF,Utah,home,14,28,-9.5,10.3,-14,0,0,-24.3,CERTIFIED SOFT,graded,pbp,84,52,-0.0281,0.1425,-8,ok,0,0,7,0,2,,0,3,Night
v3.0,2024,2024-11-29,Iowa,Nebraska,home,13,10,-3.5,3.8,3,0,0,-0.8,AS EXPECTED,graded,pbp,41,76,-0.3099,0.0525,-15,ok,0,10,9,0,1,,1,0,Night
v3.0,2024,2024-11-29,Stanford,San José State,away,31,34,2.5,-2.7,-3,0,0,-0.3,AS EXPECTED,graded,pbp,71,71,0.0511,-0.0375,5,ok,0,10,4,1,3,,2,3,Road · Full house · Group of 5 opponent
v3.0,2024,2024-11-29,Utah,UCF,away,28,14,9.5,-10.3,14,0,0,24.3,CERTIFIED DAWG,graded,pbp,52,84,0.0281,-0.1425,8,ok,0,10,8,1,1,4,3,0,Road · Night
v3.0,2024,2024-11-29,Wisconsin,Minnesota,home,7,24,1.5,-1.6,-17,0,0,-15.4,SOFT,graded,pbp,55,63,-0.3938,-0.0225,-16,ok,0,0,6,0,1,,0,0,
v3.0,2024,2024-11-29,Mississippi State,Ole Miss,away,14,26,26.5,-23.4,-12,0,0,11.4,AS EXPECTED,graded,pbp,63,75,-0.1051,-0.3975,15,ok,0,0,5,2,4,,0,2,Road · Full house · Ranked opponent
v3.0,2024,2024-11-29,Colorado,Oklahoma State,home,52,0,-14.5,14.9,35,17,0,20.1,DAWG,graded,pbp,48,32,0.7389,0.2175,15,ok,0,21,8,0,0,21,4,1,
v3.0,2024,2024-11-29,Georgia Tech,Georgia,away,42,44,17.5,,,,,,,unverified_scoring,,,,,,,pbp_conflict,23,14,5,2,6,,1,2,Road · Night · Full house · Top-10 opponent
v3.0,2024,2024-11-29,Georgia,Georgia Tech,home,44,42,-17.5,,,,,,,unverified_scoring,,,,,,,pbp_conflict,23,14,4,2,6,,2,1,Night
v3.0,2024,2024-11-30,Boston College,Pittsburgh,home,34,23,-3.5,3.8,11,0,0,7.2,AS EXPECTED,graded,pbp,65,68,0.1198,0.0525,3,ok,0,21,7,1,2,-2,1,0,
v3.0,2024,2024-11-30,Arizona,Arizona State,home,7,49,7.5,-8.1,-35,7,14,-26.9,CERTIFIED SOFT,graded,pbp,31,53,-0.848,-0.1125,-22,ok,0,0,0,0,1,,0,1,Ranked opponent
v3.0,2024,2024-11-30,Maryland,Penn State,away,7,44,26.5,-23.4,-24,0,13,-0.6,AS EXPECTED,graded,pbp,42,62,-0.5421,-0.3975,-5,ok,0,7,5,0,2,,1,3,Road · Full house · Top-10 opponent
v3.0,2024,2024-11-30,Michigan State,Rutgers,home,14,41,-1.5,1.6,-31,7,3,-32.6,CERTIFIED SOFT,graded,pbp,39,60,-0.3716,0.0225,-14,ok,0,0,1,0,2,,0,1,
v3.0,2024,2024-11-30,Michigan,Ohio State,away,13,10,10.5,-11.3,3,0,0,14.3,DAWG,graded,pbp,58,60,-0.0581,-0.1575,4,ok,0,13,7,0,1,,2,2,Road · Full house · Top-10 opponent
v3.0,2024,2024-11-30,Missouri,Arkansas,home,28,21,-3.5,3.8,7,0,0,3.2,AS EXPECTED,graded,pbp,66,68,0.1066,0.0525,3,ok,0,17,6,2,3,,2,0,
v3.0,2024,2024-11-30,Duke,Wake Forest,away,23,17,-3.5,3.8,6,0,0,2.2,AS EXPECTED,graded,pbp,60,73,-0.0525,0.0525,-5,ok,0,17,7,0,2,,0,2,Road
v3.0,2024,2024-11-30,NC State,North Carolina,away,35,30,2.5,-2.7,5,0,0,7.7,AS EXPECTED,graded,pbp,65,62,0.0652,-0.0375,5,ok,0,13,6,4,5,,2,1,Road · Full house
v3.0,2024,2024-11-30,North Carolina,NC State,home,30,35,-2.5,2.7,-5,0,0,-7.7,AS EXPECTED,graded,pbp,62,65,-0.0652,0.0375,-5,ok,0,7,5,4,7,,1,2,
v3.0,2024,2024-11-30,Wake Forest,Duke,home,17,23,3.5,-3.8,-6,0,0,-2.2,AS EXPECTED,graded,pbp,73,60,0.0525,-0.0525,5,ok,0,10,8,1,3,-20,2,0,
v3.0,2024,2024-11-30,Rutgers,Michigan State,away,41,14,1.5,-1.6,31,3,7,32.6,CERTIFIED DAWG,graded,pbp,60,39,0.3716,-0.0225,14,ok,0,19,6,1,1,21,1,0,Road
v3.0,2024,2024-11-30,Syracuse,Miami,home,42,38,12.5,-13.2,4,0,0,17.2,DAWG,graded,pbp,73,69,-0.0213,-0.1875,9,ok,0,7,3,2,3,,1,1,Top-10 opponent
v3.0,2024,2024-11-30,Ohio State,Michigan,home,10,13,-10.5,11.3,-3,0,0,-14.3,SOFT,graded,pbp,60,58,0.0581,0.1575,-4,ok,0,3,6,1,3,,2,2,
v3.0,2024,2024-11-30,Auburn,Alabama,away,14,28,10.5,-11.3,-14,0,0,-2.7,AS EXPECTED,graded,pbp,65,78,-0.0593,-0.1575,5,ok,0,6,6,0,1,,4,2,Road · Full house · Ranked opponent
v3.0,2024,2024-11-30,Oklahoma,LSU,away,17,37,4.5,-4.9,-20,0,0,-15.1,SOFT,graded,pbp,59,62,-0.3413,-0.0675,-12,ok,0,0,3,0,1,,0,1,Road · Night · Full house
v3.0,2024,2024-11-30,Penn State,Maryland,home,44,7,-26.5,23.4,24,13,0,0.6,AS EXPECTED,graded,pbp,62,42,0.5421,0.3975,5,ok,0,35,9,1,1,14,3,1,
v3.0,2024,2024-11-30,Cincinnati,TCU,home,13,20,2.5,-2.7,-7,0,0,-4.3,AS EXPECTED,graded,pbp,75,67,0.0645,-0.0375,5,ok,0,7,4,0,1,,1,2,Night
v3.0,2024,2024-11-30,Pittsburgh,Boston College,away,23,34,3.5,-3.8,-11,0,0,-7.2,AS EXPECTED,graded,pbp,68,65,-0.1198,-0.0525,-3,ok,0,7,7,0,1,,0,1,Road
v3.0,2024,2024-11-30,Clemson,South Carolina,home,14,17,-2.5,2.7,-3,0,0,-5.7,AS EXPECTED,graded,pbp,69,62,-0.0766,0.0375,-5,ok,0,7,7,0,3,,3,2,Ranked opponent
v3.0,2024,2024-11-30,Kansas,Baylor,away,17,45,-2.5,2.7,-25,0,3,-27.7,CERTIFIED SOFT,graded,pbp,44,59,-0.0701,0.0375,-4,ok,0,7,2,1,2,,0,3,Road
v3.0,2024,2024-11-30,Kansas State,Iowa State,away,21,29,2.5,-2.7,-8,0,0,-5.3,AS EXPECTED,graded,pbp,59,78,0.0867,-0.0375,6,ok,0,21,8,0,4,,0,2,Road · Night · Full house · Ranked opponent
v3.0,2024,2024-11-30,Vanderbilt,Tennessee,home,23,36,9.5,-10.3,-13,0,0,-2.7,AS EXPECTED,graded,pbp,48,73,-0.2742,-0.1425,-6,ok,0,7,4,1,3,-27,2,1,Top-10 opponent
v3.0,2024,2024-11-30,Baylor,Kansas,home,45,17,2.5,-2.7,25,3,0,27.7,CERTIFIED DAWG,graded,pbp,59,44,0.0701,-0.0375,4,ok,0,14,5,2,2,11,3,0,
v3.0,2024,2024-11-30,Miami,Syracuse,away,38,42,-12.5,13.2,-4,0,0,-17.2,SOFT,graded,pbp,69,73,0.0213,0.1875,-9,ok,0,14,3,3,5,-18,1,1,Road
v3.0,2024,2024-11-30,Texas A&M,Texas,home,7,17,4.5,-4.9,-10,0,0,-5.1,AS EXPECTED,graded,pbp,57,78,-0.2213,-0.0675,-8,ok,0,0,5,0,1,,2,2,Night · Top-10 opponent
v3.0,2024,2024-11-30,Houston,BYU,away,18,30,9.5,-10.3,-12,0,0,-1.7,AS EXPECTED,graded,pbp,62,58,-0.139,-0.1425,0,ok,0,7,5,1,3,,2,4,Road · Night · Full house · Ranked opponent
v3.0,2024,2024-11-30,Oregon,Washington,home,49,21,-17.5,17.0,28,7,7,11.0,AS EXPECTED,graded,pbp,51,45,0.5289,0.2625,9,ok,0,28,5,1,2,13,1,1,
v3.0,2024,2024-11-30,California,SMU,away,6,38,11.5,-12.3,-25,0,7,-12.7,SOFT,graded,pbp,51,57,-0.5246,-0.1725,-14,ok,0,6,6,0,1,,0,1,Road · Full house · Top-10 opponent
v3.0,2024,2024-11-30,Purdue,Indiana,away,0,66,28.5,-24.9,-31,0,35,-6.1,AS EXPECTED,graded,pbp,22,44,-1.0743,-0.4275,-16,ok,0,0,2,0,1,,0,5,Road · Night · Full house · Top-10 opponent
v3.0,2024,2024-11-30,Texas,Texas A&M,away,17,7,-4.5,4.9,10,0,0,5.1,AS EXPECTED,graded,pbp,78,57,0.2213,0.0675,8,ok,0,17,8,0,0,-4,2,2,Road · Night · Full house · Ranked opponent
v3.0,2024,2024-11-30,BYU,Houston,home,30,18,-9.5,10.3,12,0,0,1.7,AS EXPECTED,graded,pbp,58,62,0.139,0.1425,0,ok,0,17,6,1,2,1,4,2,Night
v3.0,2024,2024-11-30,SMU,California,home,38,6,-11.5,12.3,25,7,0,12.7,DAWG,graded,pbp,57,51,0.5246,0.1725,14,ok,0,28,8,0,0,11,1,0,
v3.0,2024,2024-11-30,South Carolina,Clemson,away,17,14,2.5,-2.7,3,0,0,5.7,AS EXPECTED,graded,pbp,62,69,0.0766,-0.0375,5,ok,0,10,8,1,2,,2,3,Road · Full house · Ranked opponent
v3.0,2024,2024-11-30,Virginia,Virginia Tech,away,17,37,4.5,-4.9,-20,0,0,-15.1,SOFT,graded,pbp,66,59,-0.2002,-0.0675,-6,ok,0,3,4,0,1,,0,2,Road · Night · Full house
v3.0,2024,2024-11-30,Virginia Tech,Virginia,home,37,17,-4.5,4.9,20,0,0,15.1,DAWG,graded,pbp,59,66,0.2002,0.0675,6,ok,0,20,7,1,1,10,2,0,Night
v3.0,2024,2024-11-30,UCLA,Fresno State,home,20,13,-7.5,8.1,7,0,0,-1.1,AS EXPECTED,graded,pbp,72,55,0.1038,0.1125,0,ok,0,17,7,1,2,-3,0,0,Group of 5 opponent
v3.0,2024,2024-11-30,TCU,Cincinnati,away,20,13,-2.5,2.7,7,0,0,4.3,AS EXPECTED,graded,pbp,67,75,-0.0645,0.0375,-5,ok,0,6,7,1,2,-3,2,1,Road · Night
v3.0,2024,2024-11-30,Tennessee,Vanderbilt,away,36,23,-9.5,10.3,13,0,0,2.7,AS EXPECTED,graded,pbp,73,48,0.2742,0.1425,6,ok,0,17,5,0,1,-1,1,2,Road
v3.0,2024,2024-11-30,Washington,Oregon,away,21,49,17.5,-17.0,-28,7,7,-11.0,AS EXPECTED,graded,pbp,45,51,-0.5289,-0.2625,-9,ok,0,3,3,1,2,,1,1,Road · Full house · Top-10 opponent
v3.0,2024,2024-11-30,Texas Tech,West Virginia,home,52,15,-2.5,2.7,32,17,12,29.3,CERTIFIED DAWG,graded,pbp,40,34,0.8617,0.0375,22,ok,0,31,5,1,1,22,3,1,
v3.0,2024,2024-11-30,West Virginia,Texas Tech,away,15,52,2.5,-2.7,-32,12,17,-29.3,CERTIFIED SOFT,graded,pbp,34,40,-0.8617,-0.0375,-22,ok,0,0,0,1,2,,1,3,Road
v3.0,2024,2024-11-30,USC,Notre Dame,home,35,49,6.5,-7.0,-14,0,0,-7.0,AS EXPECTED,graded,pbp,77,60,-0.2121,-0.0975,-6,ok,0,14,5,2,4,,2,2,Top-10 opponent
v3.0,2024,2024-11-30,Alabama,Auburn,home,28,14,-10.5,11.3,14,0,0,2.7,AS EXPECTED,graded,pbp,78,65,0.0593,0.1575,-5,ok,0,14,8,1,1,3,2,4,
v3.0,2024,2024-11-30,Illinois,Northwestern,neutral,38,28,-8.5,9.2,10,0,0,0.8,AS EXPECTED,graded,pbp,52,90,0.1382,0.1275,1,ok,0,24,9,2,3,-1,4,2,
v3.0,2024,2024-11-30,Florida State,Florida,home,11,31,17.5,-17.0,-20,0,0,-3.0,AS EXPECTED,graded,pbp,69,60,-0.3303,-0.2625,-3,ok,0,10,6,0,1,,1,4,Night
v3.0,2024,2024-11-30,Florida,Florida State,away,31,11,-17.5,17.0,20,0,0,3.0,AS EXPECTED,graded,pbp,60,69,0.3303,0.2625,3,ok,0,21,8,0,0,6,4,1,Road · Night
v3.0,2024,2024-11-30,Iowa State,Kansas State,home,29,21,-2.5,2.7,8,0,0,5.3,AS EXPECTED,graded,pbp,78,59,-0.0867,0.0375,-6,ok,0,24,8,0,3,-2,2,0,Night · Ranked opponent
v3.0,2024,2024-11-30,Northwestern,Illinois,neutral,28,38,8.5,-9.2,-10,0,0,-0.8,AS EXPECTED,graded,pbp,90,52,-0.1382,-0.1275,-1,ok,0,14,6,0,2,,2,4,Ranked opponent
v3.0,2024,2024-11-30,Arkansas,Missouri,away,21,28,3.5,-3.8,-7,0,0,-3.2,AS EXPECTED,graded,pbp,68,66,-0.1066,-0.0525,-3,ok,0,7,4,2,4,,0,2,Road · Full house · Ranked opponent
v3.0,2024,2024-11-30,Indiana,Purdue,home,66,0,-28.5,24.9,31,35,0,6.1,AS EXPECTED,graded,pbp,44,22,1.0743,0.4275,16,ok,0,28,5,0,0,17,5,0,Night
v3.0,2024,2024-11-30,Notre Dame,USC,away,49,35,-6.5,7.0,14,0,0,7.0,AS EXPECTED,graded,pbp,60,77,0.2121,0.0975,6,ok,0,21,6,1,3,0,2,2,Road · Full house
v3.0,2024,2024-11-30,Arizona State,Arizona,away,49,7,-7.5,8.1,35,14,7,26.9,CERTIFIED DAWG,graded,pbp,53,31,0.848,0.1125,22,ok,0,21,3,0,0,21,1,0,Road · Full house
v3.0,2024,2024-11-30,Kentucky,Louisville,home,14,41,3.5,-3.8,-34,7,0,-30.2,CERTIFIED SOFT,graded,pbp,41,55,-0.2608,-0.0525,-7,ok,0,21,6,0,1,,1,4,
v3.0,2024,2024-11-30,Louisville,Kentucky,away,41,14,-3.5,3.8,34,0,7,30.2,CERTIFIED DAWG,graded,pbp,55,41,0.2608,0.0525,7,ok,0,27,10,2,2,24,4,1,Road · Full house
v3.0,2024,2024-11-30,LSU,Oklahoma,home,37,17,-4.5,4.9,20,0,0,15.1,DAWG,graded,pbp,62,59,0.3413,0.0675,12,ok,0,30,7,1,1,6,1,0,Night
v3.0,2024,2024-12-07,Penn State,Oregon,neutral,37,45,3.5,-3.8,-8,0,0,-4.2,AS EXPECTED,graded,pbp,74,75,0.1167,-0.0525,9,ok,0,14,4,1,1,,0,2,Night · Top-10 opponent
v3.0,2024,2024-12-07,Clemson,SMU,neutral,34,31,2.5,-2.7,3,0,0,5.7,AS EXPECTED,graded,pbp,74,85,-0.1949,-0.0375,-9,ok,0,24,8,2,3,-11,2,1,Night · Top-10 opponent
v3.0,2024,2024-12-07,Oregon,Penn State,neutral,45,37,-3.5,3.8,8,0,0,4.2,AS EXPECTED,graded,pbp,75,74,-0.1167,0.0525,-9,ok,0,14,4,4,5,-3,2,0,Night · Top-10 opponent
v3.0,2024,2024-12-07,Texas,Georgia,neutral,19,22,-2.5,2.7,-3,0,0,-5.7,AS EXPECTED,graded,pbp,68,61,0.2089,0.0375,8,ok,12,9,5,1,4,,2,2,Top-10 opponent
v3.0,2024,2024-12-07,SMU,Clemson,neutral,31,34,-2.5,2.7,-3,0,0,-5.7,AS EXPECTED,graded,pbp,85,74,0.1949,0.0375,9,ok,0,17,8,0,1,,1,2,Night · Ranked opponent
v3.0,2024,2024-12-07,Georgia,Texas,neutral,22,19,2.5,-2.7,3,0,0,5.7,AS EXPECTED,graded,pbp,61,68,-0.2089,-0.0375,-8,ok,12,3,6,3,4,,2,2,Top-10 opponent
v3.0,2024,2024-12-07,Iowa State,Arizona State,neutral,19,45,-1.5,1.6,-35,9,0,-36.6,CERTIFIED SOFT,graded,pbp,47,43,-0.6357,0.0225,-22,ok,0,0,1,2,3,,0,3,Ranked opponent
v3.0,2024,2024-12-07,Arizona State,Iowa State,neutral,45,19,1.5,-1.6,35,0,9,36.6,CERTIFIED DAWG,graded,pbp,43,47,0.6357,-0.0225,22,ok,0,21,4,2,2,21,3,0,Ranked opponent
v3.0,2024,2024-12-17,West Virginia,Memphis,neutral,37,42,5.5,-6.0,-5,0,0,1.0,AS EXPECTED,graded,pbp,76,56,-0.0458,-0.0825,2,ok,0,7,3,0,1,,0,2,Night · Ranked opponent · Postseason · Group of 5 opponent
v3.0,2024,2024-12-18,California,UNLV,neutral,13,24,3.5,-3.8,-11,0,0,-7.2,AS EXPECTED,graded,pbp,82,60,-0.0616,-0.0525,0,ok,0,6,8,1,3,,0,2,Night · Ranked opponent · Postseason · Group of 5 opponent
v3.0,2024,2024-12-20,Florida,Tulane,neutral,33,8,-9.5,10.3,26,7,8,15.7,DAWG,graded,pbp,69,50,0.502,0.1425,16,ok,0,26,10,0,0,17,3,2,Postseason · Group of 5 opponent
v3.0,2024,2024-12-20,Indiana,Notre Dame,away,17,27,6.5,-7.0,-18,8,0,-11.0,AS EXPECTED,graded,pbp,49,67,-0.2225,-0.0975,-5,ok,0,3,4,0,1,,1,1,Road · Night · Full house · Top-10 opponent · Postseason
v3.0,2024,2024-12-20,Notre Dame,Indiana,home,27,17,-6.5,7.0,18,0,8,11.0,AS EXPECTED,graded,pbp,67,49,0.2225,0.0975,5,ok,0,24,7,0,0,4,1,1,Night · Top-10 opponent · Postseason
v3.0,2024,2024-12-21,Ohio State,Tennessee,home,42,17,-7.5,8.1,25,7,7,16.9,DAWG,graded,pbp,50,52,0.4302,0.1125,12,ok,0,28,5,0,0,11,0,1,Night · Top-10 opponent · Postseason
v3.0,2024,2024-12-21,Penn State,SMU,home,38,10,-7.5,8.1,28,7,7,19.9,DAWG,graded,pbp,50,59,0.4048,0.1125,12,ok,0,14,5,0,0,14,3,1,Ranked opponent · Postseason
v3.0,2024,2024-12-21,Clemson,Texas,away,24,38,13.5,-14.1,-14,0,0,0.1,AS EXPECTED,graded,pbp,67,72,-0.0143,-0.2025,10,ok,0,17,5,0,2,,2,2,Road · Full house · Top-10 opponent · Postseason
v3.0,2024,2024-12-21,Texas,Clemson,home,38,24,-13.5,14.1,14,0,0,-0.1,AS EXPECTED,graded,pbp,72,67,0.0143,0.2025,-10,ok,0,14,6,2,2,0,2,2,Ranked opponent · Postseason
v3.0,2024,2024-12-21,SMU,Penn State,away,10,38,7.5,-8.1,-28,7,7,-19.9,SOFT,graded,pbp,59,50,-0.4048,-0.1125,-12,ok,0,0,4,0,1,,1,3,Road · Full house · Top-10 opponent · Postseason
v3.0,2024,2024-12-21,Tennessee,Ohio State,away,17,42,7.5,-8.1,-25,7,7,-16.9,SOFT,graded,pbp,52,50,-0.4302,-0.1125,-12,ok,0,10,3,0,1,,1,0,Road · Night · Full house · Top-10 opponent · Postseason
v3.0,2024,2024-12-26,Rutgers,Kansas State,neutral,41,44,7.5,-8.1,-3,0,0,5.1,AS EXPECTED,graded,pbp,66,72,-0.2205,-0.1125,-5,ok,0,24,5,3,6,-13,1,1,Postseason
v3.0,2024,2024-12-26,Pittsburgh,Toledo,neutral,46,48,-6.5,,,,,,,unverified_scoring,,,,,,,pbp_conflict,32,27,8,2,6,,2,3,Postseason · Group of 5 opponent
v3.0,2024,2024-12-26,Kansas State,Rutgers,neutral,44,41,-7.5,8.1,3,0,0,-5.1,AS EXPECTED,graded,pbp,72,66,0.2205,0.1125,5,ok,0,24,5,2,4,,1,1,Postseason
v3.0,2024,2024-12-27,Syracuse,Washington State,neutral,52,35,-18.5,17.6,24,0,7,6.4,AS EXPECTED,graded,pbp,60,63,0.3942,0.2775,5,ok,0,31,6,3,4,10,2,0,Night · Postseason · Group of 5 opponent
v3.0,2024,2024-12-27,Oklahoma,Navy,neutral,20,21,-2.5,2.7,-1,0,0,-3.7,AS EXPECTED,graded,pbp,84,53,-0.0566,0.0375,-5,ok,0,14,6,0,3,-15,0,1,Postseason · Group of 5 opponent
v3.0,2024,2024-12-27,Vanderbilt,Georgia Tech,neutral,35,27,2.5,-2.7,8,0,0,10.7,AS EXPECTED,graded,pbp,59,69,0.0066,-0.0375,2,ok,0,28,5,1,2,-7,2,0,Postseason
v3.0,2024,2024-12-27,Texas A&M,USC,neutral,31,35,-3.5,3.8,-4,0,0,-7.8,AS EXPECTED,graded,pbp,72,70,0.0906,0.0525,2,ok,0,17,7,1,3,-14,3,2,Night · Postseason
v3.0,2024,2024-12-27,Texas Tech,Arkansas,neutral,26,39,-3.5,3.8,-13,0,0,-16.8,SOFT,graded,pbp,70,65,-0.0336,0.0525,-4,ok,0,7,5,1,2,,1,2,Night · Postseason
v3.0,2024,2024-12-27,USC,Texas A&M,neutral,35,31,3.5,-3.8,4,0,0,7.8,AS EXPECTED,graded,pbp,70,72,-0.0906,-0.0525,-2,ok,0,21,7,1,3,,2,3,Night · Postseason
v3.0,2024,2024-12-27,Georgia Tech,Vanderbilt,neutral,27,35,-2.5,2.7,-8,0,0,-10.7,AS EXPECTED,graded,pbp,69,59,-0.0066,0.0375,-2,ok,0,10,4,2,3,,0,2,Postseason
v3.0,2024,2024-12-27,Arkansas,Texas Tech,neutral,39,26,3.5,-3.8,13,0,0,16.8,DAWG,graded,pbp,65,70,0.0336,-0.0525,4,ok,0,24,8,1,1,2,2,1,Night · Postseason
v3.0,2024,2024-12-28,Boston College,Nebraska,neutral,15,20,3.5,-3.8,-5,0,0,-1.2,AS EXPECTED,graded,pbp,67,64,-0.0765,-0.0525,-1,ok,0,14,5,0,1,,2,1,Postseason
v3.0,2024,2024-12-28,NC State,East Carolina,neutral,21,26,-7.5,8.1,-5,0,0,-13.1,SOFT,graded,pbp,61,68,0.0468,0.1125,-3,ok,0,14,4,0,2,,2,1,Postseason · Group of 5 opponent
v3.0,2024,2024-12-28,North Carolina,UConn,neutral,14,27,-1.5,1.6,-13,0,0,-14.6,SOFT,graded,pbp,42,70,-0.2722,0.0225,-12,ok,0,7,5,0,1,,0,1,Postseason · Group of 5 opponent
v3.0,2024,2024-12-28,Nebraska,Boston College,neutral,20,15,-3.5,3.8,5,0,0,1.2,AS EXPECTED,graded,pbp,64,67,0.0765,0.0525,1,ok,0,21,6,0,0,-8,1,2,Postseason
v3.0,2024,2024-12-28,Miami,Iowa State,neutral,41,42,-5.5,6.0,-1,0,0,-7.0,AS EXPECTED,graded,pbp,72,67,-0.001,0.0825,-4,ok,0,10,4,5,6,-11,0,3,Ranked opponent · Postseason
v3.0,2024,2024-12-28,BYU,Colorado,neutral,36,14,2.5,-2.7,26,3,7,28.7,CERTIFIED DAWG,graded,pbp,60,33,0.062,-0.0375,3,ok,0,27,6,0,0,16,2,3,Ranked opponent · Postseason
v3.0,2024,2024-12-28,TCU,Louisiana,neutral,34,3,-9.5,10.3,34,0,3,23.7,DAWG,graded,pbp,50,27,0.707,0.1425,16,ok,0,20,5,0,0,20,2,1,Postseason · Group of 5 opponent
v3.0,2024,2024-12-28,Colorado,BYU,neutral,14,36,-2.5,2.7,-26,7,3,-28.7,CERTIFIED SOFT,graded,pbp,33,60,-0.062,0.0375,-3,ok,0,0,4,0,1,,3,2,Ranked opponent · Postseason
v3.0,2024,2024-12-28,Iowa State,Miami,neutral,42,41,5.5,-6.0,1,0,0,7.0,AS EXPECTED,graded,pbp,67,72,0.001,-0.0825,4,ok,0,14,3,3,5,,3,0,Ranked opponent · Postseason
v3.0,2024,2024-12-30,Missouri,Iowa,neutral,27,24,-1.5,1.6,3,0,0,1.4,AS EXPECTED,graded,pbp,64,56,0.1782,0.0225,7,ok,0,6,5,2,3,,1,0,Postseason
v3.0,2024,2024-12-30,Iowa,Missouri,neutral,24,27,1.5,-1.6,-3,0,0,-1.4,AS EXPECTED,graded,pbp,56,64,-0.1782,-0.0225,-7,ok,0,17,4,0,4,-13,0,1,Ranked opponent · Postseason
v3.0,2024,2024-12-31,Michigan,Alabama,neutral,19,13,16.5,-16.3,6,0,0,22.3,DAWG,graded,pbp,64,62,0.1767,-0.2475,19,ok,0,19,9,0,1,-7,3,1,Ranked opponent · Postseason
v3.0,2024,2024-12-31,Penn State,Boise State,neutral,31,14,-11.5,12.3,17,0,0,4.7,AS EXPECTED,graded,pbp,66,75,0.0066,0.1725,-9,ok,0,21,8,1,2,3,4,1,Night · Top-10 opponent · Postseason · Group of 5 opponent
v3.0,2024,2024-12-31,Baylor,LSU,neutral,31,44,-2.5,2.7,-13,0,0,-15.7,SOFT,graded,pbp,89,61,-0.0433,0.0375,-4,ok,0,21,5,0,1,,2,1,Postseason
v3.0,2024,2024-12-31,South Carolina,Illinois,neutral,17,21,-9.5,10.3,-4,0,0,-14.3,SOFT,graded,pbp,106,76,-0.0008,0.1425,-9,ok,0,10,5,1,3,,2,1,Ranked opponent · Postseason
v3.0,2024,2024-12-31,Washington,Louisville,neutral,34,35,-1.5,1.6,-1,0,0,-2.6,AS EXPECTED,graded,pbp,68,58,0.1034,0.0225,4,ok,0,28,6,1,4,,0,1,Postseason
v3.0,2024,2024-12-31,Alabama,Michigan,neutral,13,19,-16.5,16.3,-6,0,0,-22.3,SOFT,graded,pbp,62,64,-0.1767,0.2475,-19,ok,0,10,7,0,2,,1,3,Postseason
v3.0,2024,2024-12-31,Illinois,South Carolina,neutral,21,17,9.5,-10.3,4,0,0,14.3,DAWG,graded,pbp,76,106,0.0008,-0.1425,9,ok,0,14,5,1,3,,1,2,Ranked opponent · Postseason
v3.0,2024,2024-12-31,Louisville,Washington,neutral,35,34,1.5,-1.6,1,0,0,2.6,AS EXPECTED,graded,pbp,58,68,-0.1034,-0.0225,-4,ok,0,21,6,1,4,-13,1,0,Postseason
v3.0,2024,2024-12-31,LSU,Baylor,neutral,44,31,2.5,-2.7,13,0,0,15.7,DAWG,graded,pbp,61,89,0.0433,-0.0375,4,ok,0,17,6,1,3,-1,1,2,Postseason
v3.0,2024,2025-01-01,Ohio State,Oregon,neutral,41,21,-2.5,2.7,26,0,6,23.3,DAWG,graded,pbp,55,60,0.2834,0.0375,10,ok,0,24,5,0,0,12,0,0,Top-10 opponent · Postseason
v3.0,2024,2025-01-01,Oregon,Ohio State,neutral,21,41,2.5,-2.7,-26,6,0,-23.3,SOFT,graded,pbp,60,55,-0.2834,-0.0375,-10,ok,0,0,1,0,1,,0,0,Top-10 opponent · Postseason
v3.0,2024,2025-01-01,Texas,Arizona State,neutral,39,31,-13.5,14.1,8,0,0,-6.1,AS EXPECTED,graded,pbp,54,86,0.0279,0.2025,-9,ok,13,3,5,3,5,-3,0,1,Top-10 opponent · Postseason
v3.0,2024,2025-01-01,Arizona State,Texas,neutral,31,39,13.5,-14.1,-8,0,0,6.1,AS EXPECTED,graded,pbp,86,54,-0.0279,-0.2025,9,ok,13,14,6,0,2,,1,0,Top-10 opponent · Postseason
v3.0,2024,2025-01-02,Ole Miss,Duke,neutral,52,20,-14.5,14.9,31,14,13,16.1,DAWG,graded,pbp,56,48,0.5275,0.2175,12,ok,0,24,5,0,0,17,1,1,Night · Postseason
v3.0,2024,2025-01-02,Duke,Ole Miss,neutral,20,52,14.5,-14.9,-31,13,14,-16.1,SOFT,graded,pbp,48,56,-0.5275,-0.2175,-12,ok,0,0,2,0,1,,1,1,Night · Ranked opponent · Postseason
v3.0,2024,2025-01-02,Georgia,Notre Dame,neutral,10,23,1.5,-1.6,-13,0,0,-11.4,AS EXPECTED,graded,pbp,61,59,-0.2406,-0.0225,-10,ok,0,10,6,0,3,,0,2,Top-10 opponent · Postseason
v3.0,2024,2025-01-02,Notre Dame,Georgia,neutral,23,10,-1.5,1.6,13,0,0,11.4,AS EXPECTED,graded,pbp,59,61,0.2406,0.0225,10,ok,0,13,8,1,2,3,2,0,Top-10 opponent · Postseason
v3.0,2024,2025-01-03,Minnesota,Virginia Tech,neutral,24,10,-10.5,11.3,14,0,0,2.7,AS EXPECTED,graded,pbp,67,48,0.422,0.1575,11,ok,0,17,6,1,1,0,1,1,Night · Postseason
v3.0,2024,2025-01-03,Virginia Tech,Minnesota,neutral,10,24,10.5,-11.3,-14,0,0,-2.7,AS EXPECTED,graded,pbp,48,67,-0.422,-0.1575,-11,ok,0,7,4,0,2,,1,1,Night · Postseason
v3.0,2024,2025-01-09,Penn State,Notre Dame,neutral,24,27,-1.5,1.6,-3,0,0,-4.6,AS EXPECTED,graded,pbp,65,73,-0.0229,0.0225,-2,ok,0,17,6,1,4,-13,2,1,Night · Top-10 opponent · Postseason
v3.0,2024,2025-01-09,Notre Dame,Penn State,neutral,27,24,1.5,-1.6,3,0,0,4.6,AS EXPECTED,graded,pbp,73,65,0.0229,-0.0225,2,ok,0,10,6,1,3,,1,2,Night · Top-10 opponent · Postseason
v3.0,2024,2025-01-10,Ohio State,Texas,neutral,28,14,-5.5,6.0,14,0,0,8.0,AS EXPECTED,graded,pbp,57,67,0.1599,0.0825,3,ok,0,14,7,1,2,0,2,1,Night · Top-10 opponent · Postseason
v3.0,2024,2025-01-10,Texas,Ohio State,neutral,14,28,5.5,-6.0,-14,0,0,-8.0,AS EXPECTED,graded,pbp,67,57,-0.1599,-0.0825,-3,ok,0,14,7,0,2,,1,2,Night · Top-10 opponent · Postseason
v3.0,2024,2025-01-20,Ohio State,Notre Dame,neutral,34,23,-8.5,9.2,11,0,0,1.8,AS EXPECTED,graded,pbp,62,58,0.1242,0.1275,0,ok,0,17,4,1,1,-3,0,1,Night · Top-10 opponent · Postseason
v3.0,2024,2025-01-20,Notre Dame,Ohio State,neutral,23,34,8.5,-9.2,-11,0,0,-1.8,AS EXPECTED,graded,pbp,58,62,-0.1242,-0.1275,0,ok,0,7,2,0,2,,1,0,Night · Top-10 opponent · Postseason
v3.0,2025,2025-08-23,Kansas,Fresno State,home,31,7,-14.5,14.7,24,0,0,9.3,AS EXPECTED,graded,pbp,52,43,0.4318,0.2199,7,ok,0,10,6,1,1,10,2,0,Group of 5 opponent
v3.0,2025,2025-08-23,Kansas State,Iowa State,neutral,21,24,-2.5,2.7,-3,0,0,-5.7,AS EXPECTED,graded,pbp,57,74,0.09,0.0379,2,ok,0,0,6,2,3,,3,1,Ranked opponent
v3.0,2025,2025-08-23,Stanford,Hawai'i,away,20,23,1.5,-1.6,-3,0,0,-1.4,AS EXPECTED,graded,pbp,76,64,-0.1228,-0.0227,-5,ok,0,10,5,0,3,-13,1,1,Road · Night · Full house · Group of 5 opponent
v3.0,2025,2025-08-23,Iowa State,Kansas State,neutral,24,21,2.5,-2.7,3,0,0,5.7,AS EXPECTED,graded,pbp,74,57,-0.09,-0.0379,-2,ok,0,21,7,1,2,-7,1,3,Ranked opponent
v3.0,2025,2025-08-28,Minnesota,Buffalo,home,23,10,-16.5,16.2,13,0,0,-3.2,AS EXPECTED,graded,pbp,78,43,0.1564,0.2502,-4,ok,0,20,7,0,2,3,0,1,Night · Group of 5 opponent
v3.0,2025,2025-08-28,Missouri,Central Arkansas,home,61,6,-39.5,30.5,33,28,6,2.5,AS EXPECTED,graded,pbp,49,22,0.7464,0.5991,4,ok,0,27,5,0,0,24,2,0,Night · FCS opponent
v3.0,2025,2025-08-28,Duke,Elon,home,45,17,,,28,0,0,,,no_line,pbp,,,,,,no_line,0,17,5,2,3,14,0,1,Night · FCS opponent
v3.0,2025,2025-08-28,NC State,East Carolina,home,24,17,-13.5,13.9,7,0,0,-6.9,AS EXPECTED,graded,pbp,69,74,0.0125,0.2047,-10,ok,0,21,7,0,1,-3,0,1,Night · Group of 5 opponent
v3.0,2025,2025-08-28,Nebraska,Cincinnati,neutral,20,17,-5.5,6.0,3,0,0,-3.0,AS EXPECTED,graded,pbp,77,55,0.0412,0.0834,-2,ok,0,17,5,1,3,-7,2,0,Night
v3.0,2025,2025-08-28,Rutgers,Ohio,home,34,31,-15.5,15.5,3,0,0,-12.5,SOFT,graded,pbp,80,83,-0.0087,0.2351,-15,ok,0,7,1,1,1,-7,0,0,Group of 5 opponent
v3.0,2025,2025-08-28,Oklahoma State,UT Martin,home,27,7,,,20,0,0,,,no_line,pbp,,,,,,no_line,0,13,7,0,1,6,1,0,Night · FCS opponent
v3.0,2025,2025-08-28,UCF,Jacksonville State,home,17,10,-20.5,19.1,7,0,0,-12.1,AS EXPECTED,graded,pbp,71,68,0.2347,0.3109,-4,ok,0,10,6,1,2,,1,1,Night · Group of 5 opponent
v3.0,2025,2025-08-28,Cincinnati,Nebraska,neutral,17,20,5.5,-6.0,-3,0,0,3.0,AS EXPECTED,graded,pbp,55,77,-0.0412,-0.0834,2,ok,0,10,5,0,2,,0,2,Night
v3.0,2025,2025-08-28,Houston,Stephen F. Austin,home,27,0,-23.5,21.3,24,3,0,2.7,AS EXPECTED,graded,pbp,61,44,0.5746,0.3564,8,ok,0,20,10,0,0,14,2,0,Night · FCS opponent
v3.0,2025,2025-08-28,Wisconsin,Miami (OH),home,17,0,-18.5,17.7,17,0,0,-0.7,AS EXPECTED,graded,pbp,75,39,0.489,0.2806,9,ok,0,17,9,0,0,7,2,1,Night · Group of 5 opponent
v3.0,2025,2025-08-29,Michigan State,Western Michigan,home,23,6,-22.5,20.6,23,0,6,2.4,AS EXPECTED,graded,pbp,56,43,0.4629,0.3412,4,ok,0,28,9,0,0,9,1,0,Night · Group of 5 opponent
v3.0,2025,2025-08-29,Wake Forest,Kennesaw State,home,10,9,-18.5,17.7,1,0,0,-16.7,SOFT,graded,pbp,73,74,0.0196,0.2806,-14,ok,0,3,7,0,2,,0,0,Night · Group of 5 opponent
v3.0,2025,2025-08-29,Auburn,Baylor,away,38,24,1.5,-1.6,14,0,0,15.6,DAWG,graded,pbp,70,71,-0.0473,-0.0227,-1,ok,0,24,4,2,4,3,0,0,Road · Night · Full house
v3.0,2025,2025-08-29,Kansas,Wagner,home,46,7,-45.5,33.1,29,10,0,-4.1,AS EXPECTED,graded,pbp,41,30,0.5408,0.69,-4,ok,0,28,6,0,0,15,0,2,Night · FCS opponent
v3.0,2025,2025-08-29,Baylor,Auburn,home,24,38,-1.5,1.6,-14,0,0,-15.6,SOFT,graded,pbp,71,70,0.0473,0.0227,1,ok,0,0,2,0,2,,0,0,Night
v3.0,2025,2025-08-29,Illinois,Western Illinois,home,52,3,-48.5,34.4,31,21,3,-3.4,AS EXPECTED,graded,pbp,34,27,0.9546,0.7355,5,ok,0,31,5,0,0,17,1,0,Night · FCS opponent
v3.0,2025,2025-08-29,Colorado,Georgia Tech,home,20,27,3.5,-3.8,-7,0,0,-3.2,AS EXPECTED,graded,pbp,59,68,-0.1831,-0.0531,-6,ok,0,10,5,2,4,,3,0,
v3.0,2025,2025-08-29,Georgia Tech,Colorado,away,27,20,-3.5,3.8,7,0,0,3.2,AS EXPECTED,graded,pbp,68,59,0.1831,0.0531,6,ok,0,17,5,2,4,,0,3,Road · Full house
v3.0,2025,2025-08-30,Boston College,Fordham,home,66,10,-34.5,28.3,35,28,7,6.7,AS EXPECTED,graded,espn,,,,,,pbp_conflict,0,24,7,1,1,24,1,0,FCS opponent
v3.0,2025,2025-08-30,Arizona,Hawai'i,home,40,6,-15.5,15.5,25,9,0,9.5,AS EXPECTED,graded,pbp,39,56,0.4245,0.2351,7,ok,0,24,6,0,1,14,5,0,Night · Group of 5 opponent
v3.0,2025,2025-08-30,Maryland,Florida Atlantic,home,39,7,-13.5,13.9,29,3,0,15.1,DAWG,graded,pbp,50,45,0.6753,0.2047,16,ok,0,17,6,0,1,17,6,0,Group of 5 opponent
v3.0,2025,2025-08-30,Michigan,New Mexico,home,34,17,-34.5,28.3,17,0,0,-11.3,AS EXPECTED,graded,pbp,62,76,0.3267,0.5232,-10,ok,0,20,8,1,1,3,3,0,Night · Group of 5 opponent
v3.0,2025,2025-08-30,Ole Miss,Georgia State,home,63,7,-33.5,27.8,32,24,0,4.2,AS EXPECTED,graded,pbp,50,32,0.3969,0.5081,-3,ok,0,24,6,0,0,22,1,2,Night · Group of 5 opponent
v3.0,2025,2025-08-30,Syracuse,Tennessee,neutral,26,45,13.5,-13.9,-19,0,0,-5.1,AS EXPECTED,graded,pbp,84,68,-0.1052,-0.2047,6,ok,0,21,5,0,3,,1,1,Ranked opponent
v3.0,2025,2025-08-30,Ohio State,Texas,home,14,7,-1.5,1.6,7,0,0,5.4,AS EXPECTED,graded,pbp,54,67,-0.0147,0.0227,-2,ok,0,14,7,0,1,-7,1,0,Top-10 opponent
v3.0,2025,2025-08-30,Oklahoma,Illinois State,home,35,3,-38.5,30.1,25,7,0,-5.1,AS EXPECTED,graded,pbp,53,35,0.4685,0.5839,-4,ok,0,21,6,0,0,11,0,2,FCS opponent
v3.0,2025,2025-08-30,Penn State,Nevada,home,46,11,-43.5,32.3,33,10,8,0.7,AS EXPECTED,graded,pbp,45,27,0.756,0.6597,3,ok,0,24,4,0,0,23,3,0,Group of 5 opponent
v3.0,2025,2025-08-30,Pittsburgh,Duquesne,home,61,9,-39.5,30.5,35,20,3,4.5,AS EXPECTED,graded,pbp,35,29,0.3821,0.5991,-5,ok,0,21,6,1,1,21,0,1,FCS opponent
v3.0,2025,2025-08-30,Clemson,LSU,home,10,17,-5.5,6.0,-7,0,0,-13.0,SOFT,graded,pbp,58,70,-0.138,0.0834,-10,ok,0,3,6,1,3,,2,1,Night · Top-10 opponent
v3.0,2025,2025-08-30,Iowa,UAlbany,home,34,7,-39.5,30.5,27,0,0,-3.5,AS EXPECTED,graded,pbp,67,39,0.3254,0.5991,-11,ok,0,24,6,1,1,17,0,1,FCS opponent
v3.0,2025,2025-08-30,Kansas State,North Dakota,home,38,35,-27.5,24.2,3,0,0,-21.2,SOFT,graded,pbp,73,73,0.1275,0.4171,-15,ok,0,31,7,2,4,-7,1,0,Night · FCS opponent
v3.0,2025,2025-08-30,Vanderbilt,Charleston Southern,home,45,3,-38.5,30.1,35,10,3,4.9,AS EXPECTED,graded,pbp,48,25,0.8325,0.5839,7,ok,0,21,4,0,0,21,2,0,Night · FCS opponent
v3.0,2025,2025-08-30,Texas A&M,UTSA,home,42,24,-23.5,21.3,25,0,7,3.7,AS EXPECTED,graded,pbp,56,55,0.2212,0.3564,-5,ok,0,21,8,2,3,14,0,0,Night · Group of 5 opponent
v3.0,2025,2025-08-30,Oregon,Montana State,home,59,13,-28.5,24.9,35,21,10,10.1,AS EXPECTED,graded,pbp,40,28,0.6062,0.4322,4,ok,0,24,4,0,0,21,0,0,FCS opponent
v3.0,2025,2025-08-30,California,Oregon State,away,34,15,-2.5,2.7,19,0,0,16.3,DAWG,graded,pbp,62,61,0.0804,0.0379,2,ok,0,24,5,0,0,5,2,0,Road · Night · Group of 5 opponent
v3.0,2025,2025-08-30,Purdue,Ball State,home,31,0,-16.5,16.2,28,3,0,11.8,AS EXPECTED,graded,pbp,36,44,0.5773,0.2502,10,ok,0,21,6,0,0,14,0,0,Group of 5 opponent
v3.0,2025,2025-08-30,Texas,Ohio State,away,7,14,1.5,-1.6,-7,0,0,-5.4,AS EXPECTED,graded,pbp,67,54,0.0147,-0.0227,2,ok,0,7,7,0,1,,0,1,Road · Full house · Top-10 opponent
v3.0,2025,2025-08-30,BYU,Portland State,home,69,0,-44.5,32.7,42,27,0,9.3,AS EXPECTED,graded,pbp,26,27,1.3692,0.6749,13,ok,0,21,4,0,0,28,1,0,FCS opponent
v3.0,2025,2025-08-30,Utah,UCLA,away,43,10,-6.5,7.1,26,7,0,18.9,DAWG,graded,pbp,71,43,0.3036,0.0986,9,ok,0,24,4,0,0,13,1,0,Road · Night
v3.0,2025,2025-08-30,SMU,East Texas A&M,home,42,13,-50.5,35.2,25,14,10,-10.2,AS EXPECTED,graded,pbp,54,51,0.2925,0.7659,-18,ok,0,7,4,0,0,11,3,3,Night · FCS opponent
v3.0,2025,2025-08-30,Virginia,Coastal Carolina,home,48,7,-13.5,13.9,42,6,7,28.1,CERTIFIED DAWG,graded,espn,,,,,,pbp_conflict,0,28,7,0,0,28,3,0,Group of 5 opponent
v3.0,2025,2025-08-30,UCLA,Utah,home,10,43,6.5,-7.1,-26,0,7,-18.9,SOFT,graded,pbp,43,71,-0.3036,-0.0986,-9,ok,0,0,1,0,1,,0,1,Night
v3.0,2025,2025-08-30,Tennessee,Syracuse,neutral,45,26,-13.5,13.9,19,0,0,5.1,AS EXPECTED,graded,pbp,68,84,0.1052,0.2047,-6,ok,0,21,6,3,5,9,1,1,
v3.0,2025,2025-08-30,Washington,Colorado State,home,38,21,-22.5,20.6,17,0,0,-3.6,AS EXPECTED,graded,pbp,75,60,0.2822,0.3412,-3,ok,0,24,6,1,2,7,1,1,Night · Group of 5 opponent
v3.0,2025,2025-08-30,Texas Tech,Arkansas-Pine Bluff,home,67,7,,,40,27,7,,,no_line,pbp,,,,,,no_line,0,31,5,0,0,26,1,0,Night · FCS opponent
v3.0,2025,2025-08-30,West Virginia,Robert Morris,home,45,3,-43.5,32.3,28,14,0,-4.3,AS EXPECTED,graded,pbp,60,46,0.5423,0.6597,-5,ok,0,24,9,0,1,18,2,4,FCS opponent
v3.0,2025,2025-08-30,USC,Missouri State,home,73,13,-36.5,29.2,32,31,3,2.8,AS EXPECTED,graded,pbp,31,29,1.0193,0.5536,10,ok,0,14,2,1,1,21,3,1,Group of 5 opponent
v3.0,2025,2025-08-30,Alabama,Florida State,away,17,31,-13.5,13.9,-14,0,0,-27.9,CERTIFIED SOFT,graded,pbp,72,63,-0.1812,0.2047,-19,ok,0,7,3,0,2,,0,1,Road
v3.0,2025,2025-08-30,Mississippi State,Southern Miss,away,34,17,-15.5,15.5,24,0,7,8.5,AS EXPECTED,graded,pbp,65,52,0.3729,0.2351,6,ok,0,24,8,1,2,14,1,1,Road · Full house · Group of 5 opponent
v3.0,2025,2025-08-30,Florida State,Alabama,home,31,17,13.5,-13.9,14,0,0,27.9,CERTIFIED DAWG,graded,pbp,63,72,0.1812,-0.2047,19,ok,0,17,4,2,2,4,1,0,Top-10 opponent
v3.0,2025,2025-08-30,Florida,Long Island University,home,55,0,-46.5,33.5,38,17,0,4.5,AS EXPECTED,graded,pbp,36,23,0.8941,0.7052,4,ok,0,24,6,0,0,24,2,0,Night · FCS opponent
v3.0,2025,2025-08-30,Georgia,Marshall,home,45,7,-38.5,30.1,31,14,7,0.9,AS EXPECTED,graded,pbp,45,23,0.7504,0.5839,4,ok,0,24,7,0,0,17,0,0,Group of 5 opponent
v3.0,2025,2025-08-30,Iowa State,South Dakota,home,55,7,-13.5,13.9,34,14,0,20.1,DAWG,graded,pbp,39,39,0.5964,0.2047,11,ok,0,20,4,1,1,20,2,0,FCS opponent
v3.0,2025,2025-08-30,Northwestern,Tulane,away,3,23,6.5,-7.1,-20,0,0,-12.9,SOFT,graded,pbp,63,74,-0.2045,-0.0986,-5,ok,0,3,5,0,2,,0,5,Road · Group of 5 opponent
v3.0,2025,2025-08-30,Arkansas,Alabama A&M,home,52,7,-45.5,33.1,31,14,0,-2.1,AS EXPECTED,graded,pbp,49,28,0.3274,0.69,-10,ok,0,28,5,1,1,21,1,0,FCS opponent
v3.0,2025,2025-08-30,Indiana,Old Dominion,home,27,14,-23.5,21.3,13,0,0,-8.3,AS EXPECTED,graded,pbp,89,43,-0.1528,0.3564,-25,ok,0,13,8,0,1,3,3,1,Group of 5 opponent
v3.0,2025,2025-08-30,Arizona State,Northern Arizona,home,38,19,-29.5,25.5,25,0,6,-0.5,AS EXPECTED,graded,pbp,62,63,0.3688,0.4474,-4,ok,0,31,9,0,0,11,1,1,Night · FCS opponent
v3.0,2025,2025-08-30,Kentucky,Toledo,home,24,16,-9.5,10.1,8,0,0,-2.1,AS EXPECTED,graded,pbp,63,68,-0.1052,0.1441,-12,ok,0,17,10,1,2,-7,1,2,Group of 5 opponent
v3.0,2025,2025-08-30,Louisville,Eastern Kentucky,home,51,17,-37.5,29.7,41,10,17,11.3,AS EXPECTED,graded,pbp,38,19,,,,few_plays,0,21,3,0,0,27,0,3,FCS opponent
v3.0,2025,2025-08-30,LSU,Clemson,away,17,10,5.5,-6.0,7,0,0,13.0,DAWG,graded,pbp,70,58,0.138,-0.0834,10,ok,0,17,7,0,2,,1,2,Road · Night · Full house · Top-10 opponent
v3.0,2025,2025-08-31,Miami,Notre Dame,home,27,24,2.5,-2.7,3,0,0,5.7,AS EXPECTED,graded,pbp,68,58,0.0088,-0.0379,2,ok,0,10,6,2,4,-11,2,0,Night · Top-10 opponent
v3.0,2025,2025-08-31,South Carolina,Virginia Tech,neutral,24,11,-7.5,8.1,13,0,0,4.9,AS EXPECTED,graded,pbp,55,72,0.186,0.1137,3,ok,0,3,6,1,3,4,2,0,
v3.0,2025,2025-08-31,Virginia Tech,South Carolina,neutral,11,24,7.5,-8.1,-13,0,0,-4.9,AS EXPECTED,graded,pbp,72,55,-0.186,-0.1137,-3,ok,0,3,5,0,1,,0,2,Ranked opponent
v3.0,2025,2025-08-31,Notre Dame,Miami,away,24,27,-2.5,2.7,-3,0,0,-5.7,AS EXPECTED,graded,pbp,58,68,-0.0088,0.0379,-2,ok,0,21,6,0,1,,0,2,Road · Night · Full house · Top-10 opponent
v3.0,2025,2025-09-01,North Carolina,TCU,home,14,48,3.5,-3.8,-34,7,7,-30.2,CERTIFIED SOFT,graded,pbp,32,52,-0.6688,-0.0531,-19,ok,0,0,3,0,2,,1,2,Night
v3.0,2025,2025-09-01,TCU,North Carolina,away,48,14,-3.5,3.8,34,7,7,30.2,CERTIFIED DAWG,graded,pbp,52,32,0.6688,0.0531,19,ok,0,24,5,0,1,24,2,1,Road · Night · Full house
v3.0,2025,2025-09-05,Maryland,Northern Illinois,home,20,9,-16.5,16.2,11,0,0,-5.2,AS EXPECTED,graded,pbp,65,70,0.0683,0.2502,-9,ok,0,20,8,0,1,1,0,1,Night · Group of 5 opponent
v3.0,2025,2025-09-05,Northwestern,Western Illinois,home,42,7,-30.5,26.1,28,14,7,1.9,AS EXPECTED,graded,pbp,54,37,0.4772,0.4626,0,ok,0,7,11,0,0,13,1,0,Night · FCS opponent
v3.0,2025,2025-09-05,Louisville,James Madison,home,28,14,-15.5,15.5,14,0,0,-1.5,AS EXPECTED,graded,pbp,53,77,0.0511,0.2351,-9,ok,0,13,8,1,2,0,2,1,Night · Group of 5 opponent
v3.0,2025,2025-09-06,Boston College,Michigan State,away,40,42,3.5,-3.8,-2,0,0,1.8,AS EXPECTED,graded,pbp,64,55,-0.0162,-0.0531,2,ok,9,14,3,4,6,,0,1,Road · Night · Full house
v3.0,2025,2025-09-06,Arizona,Weber State,home,48,3,-31.5,26.7,34,14,3,7.3,AS EXPECTED,graded,pbp,29,25,-0.0405,0.4777,-10,ok,0,20,4,0,0,20,2,0,Night · FCS opponent
v3.0,2025,2025-09-06,Michigan State,Boston College,home,42,40,-3.5,3.8,2,0,0,-1.8,AS EXPECTED,graded,pbp,55,64,0.0162,0.0531,-2,ok,9,10,4,4,6,,1,0,Night
v3.0,2025,2025-09-06,Michigan,Oklahoma,away,13,24,3.5,-3.8,-11,0,0,-7.2,AS EXPECTED,graded,pbp,56,74,-0.1736,-0.0531,-6,ok,0,3,6,0,1,,1,1,Road · Night · Full house · Ranked opponent
v3.0,2025,2025-09-06,Minnesota,Northwestern State,home,66,0,,,42,24,0,,,no_line,pbp,,,,,,no_line,0,21,3,0,0,28,4,1,FCS opponent
v3.0,2025,2025-09-06,Missouri,Kansas,home,42,31,-6.5,7.1,11,0,0,3.9,AS EXPECTED,graded,pbp,86,48,0.2125,0.0986,6,ok,0,17,4,2,4,0,1,1,
v3.0,2025,2025-09-06,Ole Miss,Kentucky,away,30,23,-7.5,8.1,7,0,0,-1.1,AS EXPECTED,graded,pbp,72,70,0.1678,0.1137,3,ok,0,13,8,2,3,-3,0,2,Road · Full house
v3.0,2025,2025-09-06,Duke,Illinois,home,19,45,2.5,-2.7,-26,0,0,-23.3,SOFT,graded,pbp,56,70,-0.2044,-0.0379,-8,ok,0,7,2,1,3,,1,4,Ranked opponent
v3.0,2025,2025-09-06,NC State,Virginia,home,35,31,-2.5,2.7,4,0,0,1.3,AS EXPECTED,graded,pbp,58,75,0.1771,0.0379,7,ok,0,7,4,3,4,,1,0,
v3.0,2025,2025-09-06,North Carolina,Charlotte,away,20,3,-16.5,16.2,17,0,0,0.8,AS EXPECTED,graded,pbp,57,70,0.0866,0.2502,-8,ok,0,13,9,0,1,7,2,0,Road · Night · Full house · Group of 5 opponent
v3.0,2025,2025-09-06,Wake Forest,Western Carolina,home,42,10,-17.5,17.0,32,7,7,15.0,DAWG,graded,pbp,37,54,0.5123,0.2654,8,ok,0,28,7,0,0,19,2,3,FCS opponent
v3.0,2025,2025-09-06,Nebraska,Akron,home,68,0,-33.5,27.8,33,35,0,5.2,AS EXPECTED,graded,pbp,43,26,0.9166,0.5081,10,ok,0,17,4,0,0,24,1,1,Night · Group of 5 opponent
v3.0,2025,2025-09-06,Rutgers,Miami (OH),home,45,17,-15.5,15.5,28,0,0,12.5,DAWG,graded,pbp,77,40,0.2228,0.2351,-1,ok,0,35,6,2,2,18,1,0,Group of 5 opponent
v3.0,2025,2025-09-06,Syracuse,UConn,home,27,20,-7.5,8.1,7,0,0,-1.1,AS EXPECTED,graded,pbp,76,72,0.0559,0.1137,-3,ok,1,17,9,0,1,,0,2,Group of 5 opponent
v3.0,2025,2025-09-06,Ohio State,Grambling,home,70,0,-51.5,35.7,35,35,0,-0.7,AS EXPECTED,graded,pbp,33,30,0.8999,0.781,3,ok,0,21,3,0,0,21,3,1,FCS opponent
v3.0,2025,2025-09-06,Oklahoma State,Oregon,away,3,69,28.5,-24.9,-38,0,28,-13.1,SOFT,graded,pbp,32,35,-0.9539,-0.4322,-13,ok,0,0,1,0,1,,0,2,Road · Full house · Top-10 opponent
v3.0,2025,2025-09-06,Auburn,Ball State,home,42,3,-42.5,31.8,25,14,0,-6.8,AS EXPECTED,graded,pbp,46,40,0.7572,0.6445,4,ok,0,28,6,0,0,11,1,1,Night · Group of 5 opponent
v3.0,2025,2025-09-06,Oklahoma,Michigan,home,24,13,-3.5,3.8,11,0,0,7.2,AS EXPECTED,graded,pbp,74,56,0.1736,0.0531,6,ok,0,17,6,0,2,-3,1,1,Night · Ranked opponent
v3.0,2025,2025-09-06,UCF,North Carolina A&T,home,68,7,-37.0,29.4,40,28,7,10.6,AS EXPECTED,graded,pbp,34,32,0.6719,0.5611,3,ok,0,21,4,0,0,26,3,0,Night · FCS opponent
v3.0,2025,2025-09-06,Penn State,Florida International,home,34,0,-41.5,31.4,27,7,0,-4.4,AS EXPECTED,graded,pbp,63,61,0.2334,0.6294,-18,ok,0,24,10,0,0,17,2,0,Group of 5 opponent
v3.0,2025,2025-09-06,Cincinnati,Bowling Green,home,34,20,-21.5,19.8,14,0,0,-5.8,AS EXPECTED,graded,pbp,53,70,0.0554,0.3261,-12,ok,0,21,6,0,0,0,0,1,Group of 5 opponent
v3.0,2025,2025-09-06,Pittsburgh,Central Michigan,home,45,17,-21.5,19.8,28,0,0,8.2,AS EXPECTED,graded,pbp,49,67,0.1731,0.3261,-6,ok,0,24,7,2,2,17,1,1,Group of 5 opponent
v3.0,2025,2025-09-06,Clemson,Troy,home,27,16,-29.5,25.5,11,0,0,-14.5,SOFT,graded,pbp,55,61,0.0434,0.4474,-17,ok,0,24,7,0,1,0,3,2,Group of 5 opponent
v3.0,2025,2025-09-06,Iowa,Iowa State,away,13,16,3.5,-3.8,-3,0,0,0.8,AS EXPECTED,graded,pbp,63,57,-0.1296,-0.0531,-3,ok,0,3,4,0,3,,0,1,Road · Full house · Ranked opponent
v3.0,2025,2025-09-06,Kansas,Missouri,away,31,42,6.5,-7.1,-11,0,0,-3.9,AS EXPECTED,graded,pbp,48,86,-0.2125,-0.0986,-6,ok,0,17,3,2,7,-26,1,1,Road · Full house
v3.0,2025,2025-09-06,Kansas State,Army,home,21,24,-16.5,16.2,-3,0,0,-19.2,SOFT,graded,pbp,43,82,-0.1066,0.2502,-16,ok,0,10,4,1,2,-13,0,1,Night · Group of 5 opponent
v3.0,2025,2025-09-06,Vanderbilt,Virginia Tech,away,44,20,2.5,-2.7,24,0,0,26.7,CERTIFIED DAWG,graded,pbp,52,54,0.804,-0.0379,33,ok,0,28,5,0,1,14,1,2,Road · Night · Full house
v3.0,2025,2025-09-06,Baylor,SMU,away,48,45,2.5,-2.7,3,0,0,5.7,AS EXPECTED,graded,pbp,84,60,-0.0409,-0.0379,0,ok,1,24,5,1,3,,1,1,Road · Full house · Ranked opponent
v3.0,2025,2025-09-06,Miami,Bethune-Cookman,home,45,3,-54.5,36.9,32,10,0,-4.9,AS EXPECTED,graded,pbp,42,25,0.8547,0.8265,1,ok,0,21,3,0,0,18,2,0,Night · FCS opponent
v3.0,2025,2025-09-06,Stanford,BYU,away,3,27,20.5,-19.1,-27,3,0,-7.9,AS EXPECTED,graded,pbp,36,64,-0.3838,-0.3109,-3,ok,0,0,3,0,1,,0,4,Road · Night · Full house
v3.0,2025,2025-09-06,Texas A&M,Utah State,home,44,22,-34.5,28.3,23,7,8,-5.3,AS EXPECTED,graded,pbp,69,54,0.2986,0.5232,-10,ok,0,42,8,1,1,12,1,1,Group of 5 opponent
v3.0,2025,2025-09-06,Houston,Rice,away,35,9,-13.5,13.9,26,0,0,12.1,AS EXPECTED,graded,pbp,56,63,0.4256,0.2047,10,ok,0,21,8,0,1,15,2,0,Road · Night · Full house · Group of 5 opponent
v3.0,2025,2025-09-06,Oregon,Oklahoma State,home,69,3,-28.5,24.9,38,28,0,13.1,DAWG,graded,pbp,35,32,0.9539,0.4322,13,ok,0,14,3,0,0,25,2,0,
v3.0,2025,2025-09-06,California,Texas Southern,home,35,3,-44.5,32.7,28,7,3,-4.7,AS EXPECTED,graded,pbp,59,48,0.3913,0.6749,-11,ok,0,31,9,0,0,17,1,2,FCS opponent
v3.0,2025,2025-09-06,Purdue,Southern Illinois,home,34,17,-22.5,20.6,17,0,0,-3.6,AS EXPECTED,graded,pbp,76,59,0.149,0.3412,-9,ok,0,20,5,2,2,7,0,1,Night · FCS opponent
v3.0,2025,2025-09-06,Texas,San José State,home,38,7,-36.5,29.2,31,0,0,1.8,AS EXPECTED,graded,pbp,49,53,0.4593,0.5536,-4,ok,0,38,10,0,0,17,4,2,Group of 5 opponent
v3.0,2025,2025-09-06,BYU,Stanford,home,27,3,-20.5,19.1,27,0,3,7.9,AS EXPECTED,graded,pbp,64,36,0.3838,0.3109,3,ok,0,20,7,0,0,18,4,0,Night
v3.0,2025,2025-09-06,Utah,Cal Poly,home,63,9,-42.5,31.8,29,28,3,-2.8,AS EXPECTED,graded,pbp,39,33,0.8548,0.6445,6,ok,0,14,4,0,0,15,2,0,FCS opponent
v3.0,2025,2025-09-06,SMU,Baylor,home,45,48,-2.5,2.7,-3,0,0,-5.7,AS EXPECTED,graded,pbp,60,84,0.0409,0.0379,0,ok,1,17,5,3,6,-13,1,1,
v3.0,2025,2025-09-06,South Carolina,South Carolina State,home,38,10,-42.5,31.8,35,0,7,3.2,AS EXPECTED,graded,pbp,43,39,0.2305,0.6445,-12,ok,0,10,6,0,1,24,1,0,Night · FCS opponent
v3.0,2025,2025-09-06,Virginia,NC State,away,31,35,2.5,-2.7,-4,0,0,-1.3,AS EXPECTED,graded,pbp,75,58,-0.1771,-0.0379,-7,ok,0,10,4,2,5,-14,0,1,Road · Full house
v3.0,2025,2025-09-06,Virginia Tech,Vanderbilt,home,20,44,-2.5,2.7,-24,0,0,-26.7,CERTIFIED SOFT,graded,pbp,54,52,-0.804,0.0379,-33,ok,0,14,2,1,4,-34,2,1,Night
v3.0,2025,2025-09-06,UCLA,UNLV,away,23,30,-2.5,2.7,-7,0,0,-9.7,AS EXPECTED,graded,pbp,70,51,0.0137,0.0379,-1,ok,0,6,3,0,1,,0,2,Road · Night · Group of 5 opponent
v3.0,2025,2025-09-06,Tennessee,East Tennessee State,home,72,17,-40.5,31.0,48,24,17,17.0,DAWG,graded,pbp,53,25,0.9769,0.6142,10,ok,0,24,5,0,0,38,0,1,FCS opponent
v3.0,2025,2025-09-06,Washington,UC Davis,home,70,10,-29.5,25.5,32,28,0,6.5,AS EXPECTED,graded,pbp,38,28,0.6204,0.4474,4,ok,0,21,3,0,0,18,1,0,Night · FCS opponent
v3.0,2025,2025-09-06,Texas Tech,Kent State,home,62,14,-47.5,34.0,41,21,14,7.0,AS EXPECTED,graded,pbp,40,26,1.1477,0.7204,10,ok,0,24,5,0,0,27,2,1,Group of 5 opponent
v3.0,2025,2025-09-06,Wisconsin,Middle Tennessee,home,42,10,-28.5,24.9,25,7,0,0.1,AS EXPECTED,graded,pbp,47,46,0.4151,0.4322,-1,ok,0,35,6,0,1,14,1,2,Group of 5 opponent
v3.0,2025,2025-09-06,West Virginia,Ohio,away,10,17,-3.5,3.8,-7,0,0,-10.8,AS EXPECTED,graded,pbp,57,79,-0.2827,0.0531,-17,ok,0,7,7,0,2,,3,1,Road · Full house · Group of 5 opponent
v3.0,2025,2025-09-06,USC,Georgia Southern,home,59,20,-28.5,24.9,32,14,7,7.1,AS EXPECTED,graded,pbp,46,44,0.7566,0.4322,11,ok,0,35,7,2,2,17,1,1,Group of 5 opponent
v3.0,2025,2025-09-06,Alabama,UL Monroe,home,73,0,-34.5,28.3,42,31,0,13.7,DAWG,graded,pbp,36,19,,,,few_plays,0,21,3,0,0,28,3,0,Night · Group of 5 opponent
v3.0,2025,2025-09-06,Mississippi State,Arizona State,home,24,20,5.5,-6.0,4,0,0,10.0,AS EXPECTED,graded,pbp,63,74,-0.0276,-0.0834,3,ok,0,10,7,1,2,-6,2,0,Night · Ranked opponent
v3.0,2025,2025-09-06,Illinois,Duke,away,45,19,-2.5,2.7,26,0,0,23.3,DAWG,graded,pbp,70,56,0.2044,0.0379,8,ok,0,21,5,2,3,11,4,1,Road
v3.0,2025,2025-09-06,Colorado,Delaware,home,31,7,-23.5,21.3,24,0,0,2.7,AS EXPECTED,graded,pbp,56,46,0.2499,0.3564,-4,ok,0,17,8,1,1,14,2,0,Group of 5 opponent
v3.0,2025,2025-09-06,Florida State,East Texas A&M,home,77,3,-43.5,32.3,42,35,3,9.7,AS EXPECTED,graded,pbp,31,21,1.4,0.6597,14,ok,0,28,4,0,0,28,2,1,FCS opponent
v3.0,2025,2025-09-06,Florida,South Florida,home,16,18,-18.5,17.7,-2,0,0,-19.7,SOFT,graded,pbp,63,64,0.0748,0.2806,-10,ok,0,13,7,2,4,,0,1,Group of 5 opponent
v3.0,2025,2025-09-06,Georgia Tech,Gardner-Webb,home,59,12,-37.5,29.7,29,24,6,-0.7,AS EXPECTED,graded,espn,,,,,,no_pbp,0,0,0,0,0,14,0,0,FCS opponent
v3.0,2025,2025-09-06,Georgia,Austin Peay,home,28,6,-46.5,33.5,22,0,0,-11.5,AS EXPECTED,graded,pbp,76,51,0.3353,0.7052,-17,ok,0,28,7,0,0,8,1,2,FCS opponent
v3.0,2025,2025-09-06,Iowa State,Iowa,home,16,13,-3.5,3.8,3,0,0,-0.8,AS EXPECTED,graded,pbp,57,63,0.1296,0.0531,3,ok,0,16,5,0,2,-7,1,0,
v3.0,2025,2025-09-06,Arkansas,Arkansas State,home,56,14,-24.5,22.1,35,7,0,12.9,DAWG,graded,pbp,49,48,0.6453,0.3716,10,ok,0,14,2,0,0,21,2,2,Group of 5 opponent
v3.0,2025,2025-09-06,Indiana,Kennesaw State,home,56,9,-35.5,28.7,33,14,0,4.3,AS EXPECTED,graded,pbp,46,42,0.6477,0.5384,4,ok,0,21,5,0,0,19,2,0,Group of 5 opponent
v3.0,2025,2025-09-06,Arizona State,Mississippi State,away,20,24,-5.5,6.0,-4,0,0,-10.0,AS EXPECTED,graded,pbp,74,63,0.0276,0.0834,-3,ok,0,10,6,0,2,,0,2,Road · Night
v3.0,2025,2025-09-06,Kentucky,Ole Miss,home,23,30,7.5,-8.1,-7,0,0,1.1,AS EXPECTED,graded,pbp,70,72,-0.1678,-0.1137,-3,ok,0,10,7,2,4,-17,2,0,Ranked opponent
v3.0,2025,2025-09-06,LSU,Louisiana Tech,home,23,7,-36.5,29.2,16,0,0,-13.2,SOFT,graded,pbp,75,53,0.217,0.5536,-16,ok,0,20,8,0,0,2,0,1,Night · Group of 5 opponent
v3.0,2025,2025-09-11,NC State,Wake Forest,away,34,24,-7.5,8.1,10,0,0,1.9,AS EXPECTED,graded,pbp,76,57,0.3154,0.1137,10,ok,0,17,5,0,2,0,2,0,Road · Night
v3.0,2025,2025-09-11,Wake Forest,NC State,home,24,34,7.5,-8.1,-10,0,0,-1.9,AS EXPECTED,graded,pbp,57,76,-0.3154,-0.1137,-10,ok,0,10,5,1,5,-24,0,2,Night
v3.0,2025,2025-09-12,Arizona,Kansas State,home,23,17,1.5,-1.6,6,0,0,7.6,AS EXPECTED,graded,pbp,75,53,0.2888,-0.0227,15,ok,0,16,7,1,3,-14,0,1,Night
v3.0,2025,2025-09-12,Syracuse,Colgate,home,66,24,-37.5,29.7,35,28,21,5.3,AS EXPECTED,graded,pbp,39,42,0.7582,0.5687,6,ok,0,24,5,1,1,24,3,2,Night · FCS opponent
v3.0,2025,2025-09-12,Kansas State,Arizona,away,17,23,-1.5,1.6,-6,0,0,-7.6,AS EXPECTED,graded,pbp,53,75,-0.2888,0.0227,-15,ok,0,14,6,0,4,,1,0,Road · Night
v3.0,2025,2025-09-12,Houston,Colorado,home,36,20,-3.5,3.8,16,0,0,12.2,AS EXPECTED,graded,pbp,78,60,0.1481,0.0531,5,ok,0,27,8,1,1,6,2,0,Night
v3.0,2025,2025-09-12,UCLA,New Mexico,home,10,35,-15.5,15.5,-25,0,0,-40.5,CERTIFIED SOFT,graded,pbp,52,63,-0.3661,0.2351,-25,ok,0,0,3,0,1,,1,1,Night · Group of 5 opponent
v3.0,2025,2025-09-12,Colorado,Houston,away,20,36,3.5,-3.8,-16,0,0,-12.2,AS EXPECTED,graded,pbp,60,78,-0.1481,-0.0531,-5,ok,0,14,3,0,2,,0,2,Road · Night
v3.0,2025,2025-09-12,Indiana,Indiana State,home,73,0,,,45,28,0,,,no_line,pbp,,,,,,no_line,0,24,4,0,0,31,0,0,FCS opponent
v3.0,2025,2025-09-13,Boston College,Stanford,away,20,30,-13.5,13.9,-10,0,0,-23.9,SOFT,graded,pbp,67,58,-0.1547,0.2047,-16,ok,0,14,5,2,5,-21,0,3,Road · Night
v3.0,2025,2025-09-13,Maryland,Towson,home,44,17,-28.5,24.9,34,10,17,9.1,AS EXPECTED,graded,pbp,39,28,1.0257,0.4322,15,ok,0,31,5,0,0,24,2,1,FCS opponent
v3.0,2025,2025-09-13,Michigan State,Youngstown State,home,41,24,-27.5,24.2,17,0,0,-7.2,AS EXPECTED,graded,pbp,61,61,0.0902,0.4171,-15,ok,0,27,5,1,2,6,1,1,FCS opponent
v3.0,2025,2025-09-13,Michigan,Central Michigan,home,63,3,-27.5,24.2,32,28,0,7.8,AS EXPECTED,graded,pbp,40,33,0.7874,0.4171,10,ok,0,21,4,0,0,18,2,1,Group of 5 opponent
v3.0,2025,2025-09-13,Minnesota,California,away,14,27,-3.5,3.8,-13,0,0,-16.8,SOFT,graded,pbp,73,66,-0.0386,0.0531,-5,ok,0,14,4,0,3,,0,1,Road · Night
v3.0,2025,2025-09-13,Missouri,Louisiana,home,52,10,-27.5,24.2,35,7,0,10.8,AS EXPECTED,graded,pbp,57,22,0.6639,0.4171,7,ok,0,28,4,0,0,21,0,1,Group of 5 opponent
v3.0,2025,2025-09-13,Ole Miss,Arkansas,home,41,35,-4.5,4.9,6,0,0,1.1,AS EXPECTED,graded,pbp,69,72,-0.0898,0.0682,-8,ok,0,17,3,4,5,-4,1,0,Night
v3.0,2025,2025-09-13,Duke,Tulane,away,27,34,-1.5,1.6,-7,0,0,-8.6,AS EXPECTED,graded,pbp,77,62,0.0674,0.0227,2,ok,0,17,4,0,1,,1,1,Road · Night · Full house · Group of 5 opponent
v3.0,2025,2025-09-13,North Carolina,Richmond,home,41,6,-24.5,22.1,24,14,3,1.9,AS EXPECTED,graded,pbp,41,43,0.4342,0.3716,2,ok,0,27,6,0,0,14,3,1,FCS opponent
v3.0,2025,2025-09-13,Nebraska,Houston Christian,home,59,7,-46.5,33.5,38,21,7,4.5,AS EXPECTED,graded,pbp,44,27,0.6707,0.7052,-1,ok,0,21,3,0,0,28,2,0,FCS opponent
v3.0,2025,2025-09-13,Rutgers,Norfolk State,home,60,10,-45.5,33.1,36,21,7,2.9,AS EXPECTED,graded,pbp,52,28,0.4758,0.69,-6,ok,0,6,3,0,0,23,2,0,FCS opponent
v3.0,2025,2025-09-13,Ohio State,Ohio,home,37,9,-28.5,24.9,28,0,0,3.1,AS EXPECTED,graded,pbp,62,42,0.5853,0.4322,6,ok,0,34,8,1,1,15,1,2,Night · Group of 5 opponent
v3.0,2025,2025-09-13,Auburn,South Alabama,home,31,15,-26.5,23.5,16,0,0,-7.5,AS EXPECTED,graded,pbp,63,68,0.1313,0.4019,-13,ok,0,14,3,0,1,5,2,0,Group of 5 opponent
v3.0,2025,2025-09-13,Oklahoma,Temple,away,42,3,-24.5,22.1,32,7,0,9.9,AS EXPECTED,graded,pbp,58,33,0.5778,0.3716,7,ok,0,31,8,0,0,21,0,1,Road · Group of 5 opponent
v3.0,2025,2025-09-13,Penn State,Villanova,home,52,6,-47.5,34.0,31,21,6,-3.0,AS EXPECTED,graded,pbp,58,34,0.5636,0.7204,-5,ok,0,23,8,0,0,21,2,1,FCS opponent
v3.0,2025,2025-09-13,Cincinnati,Northwestern State,home,70,0,,,42,28,0,,,no_line,pbp,,,,,,no_line,0,21,3,0,0,28,1,0,FCS opponent
v3.0,2025,2025-09-13,Pittsburgh,West Virginia,away,24,31,-6.5,7.1,-7,0,0,-14.1,SOFT,graded,pbp,66,83,0.1063,0.0986,0,ok,0,16,10,0,2,-17,2,1,Road · Full house
v3.0,2025,2025-09-13,Clemson,Georgia Tech,away,21,24,-2.5,2.7,-3,0,0,-5.7,AS EXPECTED,graded,pbp,61,70,0.092,0.0379,3,ok,0,7,4,1,2,,1,2,Road
v3.0,2025,2025-09-13,Iowa,Massachusetts,home,47,7,-35.5,28.7,30,10,0,1.3,AS EXPECTED,graded,pbp,35,30,0.6691,0.5384,3,ok,0,24,6,0,0,17,0,0,Night · Group of 5 opponent
v3.0,2025,2025-09-13,Vanderbilt,South Carolina,away,31,7,2.5,-2.7,24,0,0,26.7,CERTIFIED DAWG,graded,pbp,57,50,0.3778,-0.0379,16,ok,0,24,7,0,1,10,4,1,Road · Night · Full house · Ranked opponent
v3.0,2025,2025-09-13,Baylor,Samford,home,42,7,-52.5,36.1,28,7,0,-8.1,AS EXPECTED,graded,pbp,62,52,0.3073,0.7962,-20,ok,0,35,6,0,1,14,4,2,FCS opponent
v3.0,2025,2025-09-13,Miami,South Florida,home,49,12,-17.5,17.0,29,14,6,12.0,AS EXPECTED,graded,pbp,52,48,0.6018,0.2654,12,ok,0,21,7,1,1,15,2,2,Ranked opponent · Group of 5 opponent
v3.0,2025,2025-09-13,Stanford,Boston College,home,30,20,13.5,-13.9,10,0,0,23.9,DAWG,graded,pbp,58,67,0.1547,-0.2047,16,ok,0,20,6,0,3,0,3,0,Night
v3.0,2025,2025-09-13,Texas A&M,Notre Dame,away,41,40,7.5,-8.1,1,0,0,9.1,AS EXPECTED,graded,pbp,69,71,0.2177,-0.1137,17,ok,0,17,5,2,5,,2,1,Road · Night · Full house · Top-10 opponent
v3.0,2025,2025-09-13,Oregon,Northwestern,away,34,14,-24.5,22.1,31,3,14,8.9,AS EXPECTED,graded,pbp,42,40,0.6333,0.3716,8,ok,0,31,5,0,0,21,2,1,Road · Full house
v3.0,2025,2025-09-13,California,Minnesota,home,27,14,3.5,-3.8,13,0,0,16.8,DAWG,graded,pbp,66,73,0.0386,-0.0531,5,ok,0,10,6,2,2,3,1,0,Night
v3.0,2025,2025-09-13,Purdue,USC,home,17,33,20.5,-19.1,-16,0,0,3.1,AS EXPECTED,graded,pbp,66,66,-0.3264,-0.3109,-1,ok,0,0,1,0,1,,0,3,
v3.0,2025,2025-09-13,Texas,UTEP,home,27,10,-40.5,31.0,24,0,7,-7.0,AS EXPECTED,graded,pbp,75,43,0.3509,0.6142,-11,ok,0,27,10,0,1,13,2,1,Group of 5 opponent
v3.0,2025,2025-09-13,Utah,Wyoming,away,31,6,-24.5,22.1,31,0,6,8.9,AS EXPECTED,graded,pbp,82,46,0.7175,0.3716,16,ok,0,17,8,0,0,21,2,1,Road · Night · Group of 5 opponent
v3.0,2025,2025-09-13,SMU,Missouri State,away,28,10,-28.5,24.9,18,0,0,-6.9,AS EXPECTED,graded,pbp,68,63,0.3919,0.4322,-2,ok,0,28,9,0,1,7,3,2,Road · Full house · Group of 5 opponent
v3.0,2025,2025-09-13,South Carolina,Vanderbilt,home,7,31,-2.5,2.7,-24,0,0,-26.7,CERTIFIED SOFT,graded,pbp,50,57,-0.3778,0.0379,-16,ok,0,0,4,1,2,,1,4,Night
v3.0,2025,2025-09-13,Virginia,William & Mary,home,55,16,-29.5,25.5,35,13,9,9.5,AS EXPECTED,graded,pbp,52,20,0.806,0.4474,9,ok,0,21,4,0,0,21,0,1,FCS opponent
v3.0,2025,2025-09-13,Virginia Tech,Old Dominion,home,26,45,-5.5,6.0,-38,26,7,-44.0,CERTIFIED SOFT,graded,pbp,38,53,-0.5141,0.0834,-20,ok,0,0,2,0,1,,1,3,Night · Group of 5 opponent
v3.0,2025,2025-09-13,TCU,Abilene Christian,home,42,21,-41.5,31.4,29,7,15,-2.4,AS EXPECTED,graded,pbp,55,48,0.2565,0.6294,-14,ok,0,21,3,0,0,15,0,1,Night · FCS opponent
v3.0,2025,2025-09-13,Tennessee,Georgia,home,41,44,3.5,-3.8,-3,0,0,0.8,AS EXPECTED,graded,pbp,66,84,0.0546,-0.0531,6,ok,6,10,4,3,7,-17,3,2,Top-10 opponent
v3.0,2025,2025-09-13,Texas Tech,Oregon State,home,45,14,-23.5,21.3,35,10,14,13.7,DAWG,graded,pbp,40,43,0.3605,0.3564,0,ok,0,28,6,0,0,21,2,2,Group of 5 opponent
v3.0,2025,2025-09-13,Wisconsin,Alabama,away,14,38,18.5,-17.7,-28,7,3,-10.3,AS EXPECTED,graded,pbp,31,43,-0.7329,-0.2806,-12,ok,0,0,1,0,1,,0,2,Road · Full house · Ranked opponent
v3.0,2025,2025-09-13,West Virginia,Pittsburgh,home,31,24,6.5,-7.1,7,0,0,14.1,DAWG,graded,pbp,83,66,-0.1063,-0.0986,0,ok,0,21,8,0,4,-4,1,2,
v3.0,2025,2025-09-13,USC,Purdue,away,33,17,-20.5,19.1,16,0,0,-3.1,AS EXPECTED,graded,pbp,66,66,0.3264,0.3109,1,ok,0,13,3,1,1,6,3,0,Road · Full house
v3.0,2025,2025-09-13,Alabama,Wisconsin,home,38,14,-18.5,17.7,28,3,7,10.3,AS EXPECTED,graded,pbp,43,31,0.7329,0.2806,12,ok,0,21,4,0,0,14,2,0,
v3.0,2025,2025-09-13,Mississippi State,Alcorn State,home,63,0,,,42,21,0,,,no_line,pbp,,,,,,no_line,0,21,3,0,0,28,3,1,FCS opponent
v3.0,2025,2025-09-13,Illinois,Western Michigan,home,38,0,-27.5,24.2,24,14,0,-0.2,AS EXPECTED,graded,pbp,49,45,0.3527,0.4171,-2,ok,0,28,7,0,0,14,0,0,Night · Group of 5 opponent
v3.0,2025,2025-09-13,Florida,LSU,away,10,20,5.5,-6.0,-10,0,0,-4.0,AS EXPECTED,graded,pbp,76,52,-0.0149,-0.0834,3,ok,0,3,8,1,3,,1,5,Road · Night · Full house · Top-10 opponent
v3.0,2025,2025-09-13,Georgia Tech,Clemson,home,24,21,2.5,-2.7,3,0,0,5.7,AS EXPECTED,graded,pbp,70,61,-0.092,-0.0379,-3,ok,0,20,6,0,1,-7,2,1,Ranked opponent
v3.0,2025,2025-09-13,Georgia,Tennessee,away,44,41,-3.5,3.8,3,0,0,-0.8,AS EXPECTED,graded,pbp,84,66,-0.0546,0.0531,-6,ok,6,6,5,4,6,,2,3,Road · Full house · Ranked opponent
v3.0,2025,2025-09-13,Iowa State,Arkansas State,away,24,16,-20.5,19.1,8,0,0,-11.1,AS EXPECTED,graded,pbp,63,77,0.1278,0.3109,-9,ok,0,17,4,2,4,-1,1,1,Road · Full house · Group of 5 opponent
v3.0,2025,2025-09-13,Northwestern,Oregon,home,14,34,24.5,-22.1,-31,14,3,-8.9,AS EXPECTED,graded,pbp,40,42,-0.6333,-0.3716,-8,ok,0,0,1,0,1,,1,2,Top-10 opponent
v3.0,2025,2025-09-13,Arkansas,Ole Miss,away,35,41,4.5,-4.9,-6,0,0,-1.1,AS EXPECTED,graded,pbp,72,69,0.0898,-0.0682,8,ok,0,0,2,4,5,,0,1,Road · Night · Full house · Ranked opponent
v3.0,2025,2025-09-13,Notre Dame,Texas A&M,home,40,41,-7.5,8.1,-1,0,0,-9.1,AS EXPECTED,graded,pbp,71,69,-0.2177,0.1137,-17,ok,0,10,5,4,6,-11,1,2,Night · Ranked opponent
v3.0,2025,2025-09-13,Arizona State,Texas State,home,34,15,-18.5,17.7,25,0,6,7.3,AS EXPECTED,graded,pbp,63,57,0.2516,0.2806,-1,ok,0,20,7,1,1,11,2,0,Night · Group of 5 opponent
v3.0,2025,2025-09-13,Kentucky,Eastern Michigan,home,48,23,-26.5,23.5,25,7,7,1.5,AS EXPECTED,graded,pbp,55,53,0.2855,0.4019,-5,ok,0,34,6,0,0,11,1,0,Night · Group of 5 opponent
v3.0,2025,2025-09-13,LSU,Florida,home,20,10,-5.5,6.0,10,0,0,4.0,AS EXPECTED,graded,pbp,52,76,0.0149,0.0834,-3,ok,0,10,7,0,2,0,5,1,Night
v3.0,2025,2025-09-19,Rutgers,Iowa,home,28,38,2.5,-2.7,-10,0,0,-7.3,AS EXPECTED,graded,pbp,70,56,-0.091,-0.0379,-2,ok,0,7,4,2,5,,0,1,Night
v3.0,2025,2025-09-19,Oklahoma State,Tulsa,home,12,19,-10.5,11.1,-7,0,0,-18.1,SOFT,graded,pbp,78,80,-0.1361,0.1592,-17,ok,0,10,5,0,2,,1,0,Night · Group of 5 opponent
v3.0,2025,2025-09-19,Iowa,Rutgers,away,38,28,-2.5,2.7,10,0,0,7.3,AS EXPECTED,graded,pbp,56,70,0.091,0.0379,2,ok,0,10,5,0,1,0,1,0,Road · Night · Full house
v3.0,2025,2025-09-20,Maryland,Wisconsin,away,27,10,10.5,-11.1,24,0,7,35.1,CERTIFIED DAWG,graded,pbp,53,58,0.2852,-0.1592,18,ok,0,27,11,0,0,10,1,0,Road
v3.0,2025,2025-09-20,Michigan State,USC,away,31,45,18.5,-17.7,-14,0,0,3.7,AS EXPECTED,graded,pbp,55,66,-0.205,-0.2806,3,ok,0,10,2,1,2,,1,0,Road · Night · Ranked opponent
v3.0,2025,2025-09-20,Michigan,Nebraska,away,30,27,-1.5,1.6,3,0,0,1.4,AS EXPECTED,graded,pbp,55,71,0.0283,0.0227,0,ok,0,23,7,1,4,-7,1,1,Road · Full house
v3.0,2025,2025-09-20,Missouri,South Carolina,home,29,20,-10.5,11.1,9,0,0,-2.1,AS EXPECTED,graded,pbp,74,49,0.1501,0.1592,0,ok,0,10,5,4,4,0,0,1,Night
v3.0,2025,2025-09-20,Ole Miss,Tulane,home,45,10,-11.5,12.1,28,14,7,15.9,DAWG,graded,pbp,52,48,0.3844,0.1744,8,ok,0,16,5,0,0,18,1,1,Group of 5 opponent
v3.0,2025,2025-09-20,Duke,NC State,home,45,33,-3.5,3.8,12,0,0,8.2,AS EXPECTED,graded,pbp,63,72,0.0127,0.0531,-2,ok,0,10,5,3,4,3,4,0,
v3.0,2025,2025-09-20,NC State,Duke,away,33,45,3.5,-3.8,-12,0,0,-8.2,AS EXPECTED,graded,pbp,72,63,-0.0127,-0.0531,2,ok,0,21,4,1,4,-25,0,4,Road
v3.0,2025,2025-09-20,North Carolina,UCF,away,9,34,7.5,-8.1,-25,0,0,-16.9,SOFT,graded,pbp,53,63,-0.2127,-0.1137,-4,ok,0,3,2,0,1,,0,2,Road · Full house
v3.0,2025,2025-09-20,Nebraska,Michigan,home,27,30,1.5,-1.6,-3,0,0,-1.4,AS EXPECTED,graded,pbp,71,55,-0.0283,-0.0227,0,ok,0,10,5,1,3,,1,1,Ranked opponent
v3.0,2025,2025-09-20,Syracuse,Clemson,away,34,21,17.5,-17.0,13,0,0,30.0,CERTIFIED DAWG,graded,pbp,75,83,-0.0224,-0.2654,14,ok,0,17,8,1,1,3,2,0,Road · Full house
v3.0,2025,2025-09-20,Auburn,Oklahoma,away,17,24,6.5,-7.1,-7,0,0,0.1,AS EXPECTED,graded,pbp,68,62,0.087,-0.0986,9,ok,0,7,6,2,5,,1,0,Road · Full house · Ranked opponent
v3.0,2025,2025-09-20,Oklahoma,Auburn,home,24,17,-6.5,7.1,7,0,0,-0.1,AS EXPECTED,graded,pbp,62,68,-0.087,0.0986,-9,ok,0,16,8,1,2,,0,1,Ranked opponent
v3.0,2025,2025-09-20,UCF,North Carolina,home,34,9,-7.5,8.1,25,0,0,16.9,DAWG,graded,pbp,63,53,0.2127,0.1137,4,ok,0,20,5,0,0,15,2,0,
v3.0,2025,2025-09-20,Clemson,Syracuse,home,21,34,-17.5,17.0,-13,0,0,-30.0,CERTIFIED SOFT,graded,pbp,83,75,0.0224,0.2654,-14,ok,0,14,6,1,1,,0,2,
v3.0,2025,2025-09-20,Kansas,West Virginia,home,41,10,-13.5,13.9,31,7,7,17.1,DAWG,graded,pbp,49,43,0.3704,0.2047,6,ok,0,20,11,1,1,21,2,0,
v3.0,2025,2025-09-20,Vanderbilt,Georgia State,home,70,21,-26.5,23.5,40,21,12,16.5,DAWG,graded,pbp,40,31,0.6807,0.4019,7,ok,0,21,3,1,1,29,1,0,Night · Group of 5 opponent
v3.0,2025,2025-09-20,Baylor,Arizona State,home,24,27,-1.5,1.6,-3,0,0,-4.6,AS EXPECTED,graded,pbp,61,78,-0.0793,0.0227,-5,ok,0,0,4,4,5,,0,3,Night
v3.0,2025,2025-09-20,Miami,Florida,home,26,7,-8.5,9.1,19,0,0,9.9,AS EXPECTED,graded,pbp,76,52,0.3194,0.1289,9,ok,0,27,8,0,1,9,0,1,Night
v3.0,2025,2025-09-20,Stanford,Virginia,away,20,48,16.5,-16.2,-28,0,0,-11.8,AS EXPECTED,graded,pbp,48,72,-0.2418,-0.2502,0,ok,0,7,2,1,2,,0,1,Road · Night
v3.0,2025,2025-09-20,Oregon,Oregon State,home,41,7,-34.5,28.3,24,10,0,-4.3,AS EXPECTED,graded,pbp,59,37,0.4375,0.5232,-3,ok,0,31,6,0,1,10,1,0,Group of 5 opponent
v3.0,2025,2025-09-20,California,San Diego State,away,0,34,-13.5,13.9,-27,0,7,-40.9,CERTIFIED SOFT,graded,pbp,59,35,-0.3114,0.2047,-18,ok,0,0,4,0,1,,0,3,Road · Night · Full house · Group of 5 opponent
v3.0,2025,2025-09-20,Purdue,Notre Dame,away,30,56,24.5,-22.1,-33,7,0,-10.9,AS EXPECTED,graded,pbp,50,43,-0.476,-0.3716,-4,ok,0,3,1,2,2,,1,2,Road · Full house · Ranked opponent
v3.0,2025,2025-09-20,Texas,Sam Houston,home,55,0,-39.5,30.5,31,24,0,0.5,AS EXPECTED,graded,pbp,37,22,1.0446,0.5991,10,ok,0,31,5,0,0,17,1,0,Night · Group of 5 opponent
v3.0,2025,2025-09-20,BYU,East Carolina,away,34,13,-5.5,6.0,21,0,0,15.0,DAWG,graded,pbp,59,78,0.2874,0.0834,10,ok,0,10,7,1,1,11,2,0,Road · Night · Full house · Group of 5 opponent
v3.0,2025,2025-09-20,Utah,Texas Tech,home,10,34,-3.5,3.8,-24,0,0,-27.8,CERTIFIED SOFT,graded,pbp,68,74,-0.3414,0.0531,-20,ok,0,0,8,0,1,,2,4,Ranked opponent
v3.0,2025,2025-09-20,SMU,TCU,away,24,35,6.5,-7.1,-11,0,0,-3.9,AS EXPECTED,graded,pbp,65,77,-0.1726,-0.0986,-4,ok,0,7,5,1,2,,1,2,Road
v3.0,2025,2025-09-20,South Carolina,Missouri,away,20,29,10.5,-11.1,-9,0,0,2.1,AS EXPECTED,graded,pbp,49,74,-0.1501,-0.1592,0,ok,0,10,4,2,4,,1,0,Road · Night · Full house · Ranked opponent
v3.0,2025,2025-09-20,Virginia,Stanford,home,48,20,-16.5,16.2,28,0,0,11.8,AS EXPECTED,graded,pbp,72,48,0.2418,0.2502,0,ok,0,34,7,1,1,14,1,0,Night
v3.0,2025,2025-09-20,Virginia Tech,Wofford,home,38,6,,,28,7,3,,,no_line,pbp,,,,,,no_line,0,28,7,0,0,14,1,1,FCS opponent
v3.0,2025,2025-09-20,TCU,SMU,home,35,24,-6.5,7.1,11,0,0,3.9,AS EXPECTED,graded,pbp,77,65,0.1726,0.0986,4,ok,0,21,6,2,4,0,2,1,
v3.0,2025,2025-09-20,Tennessee,UAB,home,56,24,-38.5,30.1,35,14,17,4.9,AS EXPECTED,graded,pbp,45,32,0.4751,0.5839,-3,ok,0,14,3,0,0,21,2,1,Group of 5 opponent
v3.0,2025,2025-09-20,Washington,Washington State,away,59,24,-20.5,19.1,28,7,0,8.9,AS EXPECTED,graded,pbp,47,52,0.4128,0.3109,4,ok,0,14,2,3,3,14,3,0,Road · Night · Full house · Group of 5 opponent
v3.0,2025,2025-09-20,Texas Tech,Utah,away,34,10,3.5,-3.8,24,0,0,27.8,CERTIFIED DAWG,graded,pbp,74,68,0.3414,-0.0531,20,ok,0,27,12,1,2,14,4,2,Road · Full house · Ranked opponent
v3.0,2025,2025-09-20,Wisconsin,Maryland,home,10,27,-10.5,11.1,-24,7,0,-35.1,CERTIFIED SOFT,graded,pbp,58,53,-0.2852,0.1592,-18,ok,0,10,8,0,1,,0,1,
v3.0,2025,2025-09-20,West Virginia,Kansas,away,10,41,13.5,-13.9,-31,7,7,-17.1,SOFT,graded,pbp,43,49,-0.3704,-0.2047,-6,ok,0,10,6,0,1,,0,2,Road
v3.0,2025,2025-09-20,USC,Michigan State,home,45,31,-18.5,17.7,14,0,0,-3.7,AS EXPECTED,graded,pbp,66,55,0.205,0.2806,-3,ok,0,21,4,3,3,4,0,1,Night
v3.0,2025,2025-09-20,Mississippi State,Northern Illinois,home,38,10,-24.5,22.1,28,0,0,5.9,AS EXPECTED,graded,pbp,64,47,0.4722,0.3716,4,ok,0,17,6,2,2,17,1,0,Group of 5 opponent
v3.0,2025,2025-09-20,Illinois,Indiana,away,10,63,7.5,-8.1,-32,0,21,-23.9,SOFT,graded,pbp,31,40,-0.6565,-0.1137,-14,ok,0,0,2,1,2,,0,1,Road · Night · Full house · Ranked opponent
v3.0,2025,2025-09-20,Colorado,Wyoming,home,37,20,-12.5,13.0,17,0,0,4.0,AS EXPECTED,graded,pbp,60,66,0.1754,0.1896,-1,ok,0,14,4,1,1,6,0,1,Night · Group of 5 opponent
v3.0,2025,2025-09-20,Florida State,Kent State,home,66,10,-45.5,33.1,38,21,3,4.9,AS EXPECTED,graded,pbp,44,29,0.7487,0.69,2,ok,0,21,3,1,1,24,1,1,Group of 5 opponent
v3.0,2025,2025-09-20,Florida,Miami,away,7,26,8.5,-9.1,-19,0,0,-9.9,AS EXPECTED,graded,pbp,52,76,-0.3194,-0.1289,-9,ok,0,7,5,0,1,,1,0,Road · Night · Full house · Top-10 opponent
v3.0,2025,2025-09-20,Georgia Tech,Temple,home,45,24,-24.5,22.1,31,0,10,8.9,AS EXPECTED,graded,pbp,50,62,0.2669,0.3716,-4,ok,0,31,9,1,1,17,0,1,Group of 5 opponent
v3.0,2025,2025-09-20,Arkansas,Memphis,away,31,32,-7.5,8.1,-1,0,0,-9.1,AS EXPECTED,graded,pbp,66,72,-0.1402,0.1137,-13,ok,0,14,6,2,5,-12,2,3,Road · Group of 5 opponent
v3.0,2025,2025-09-20,Indiana,Illinois,home,63,10,-7.5,8.1,32,21,0,23.9,DAWG,graded,pbp,40,31,0.6565,0.1137,14,ok,0,21,5,1,1,18,1,0,Night · Top-10 opponent
v3.0,2025,2025-09-20,Notre Dame,Purdue,home,56,30,-24.5,22.1,33,0,7,10.9,AS EXPECTED,graded,pbp,43,50,0.476,0.3716,4,ok,0,28,4,2,2,22,2,1,
v3.0,2025,2025-09-20,Arizona State,Baylor,away,27,24,1.5,-1.6,3,0,0,4.6,AS EXPECTED,graded,pbp,78,61,0.0793,-0.0227,5,ok,0,16,5,2,4,,3,0,Road · Night
v3.0,2025,2025-09-20,Louisville,Bowling Green,home,40,17,-25.5,22.8,27,10,14,4.2,AS EXPECTED,graded,pbp,40,43,0.5707,0.3867,6,ok,0,16,6,1,1,16,2,0,Group of 5 opponent
v3.0,2025,2025-09-20,LSU,SE Louisiana,home,56,10,-48.5,34.4,35,21,10,0.6,AS EXPECTED,graded,pbp,46,20,1.0956,0.7355,9,ok,0,28,4,0,0,21,0,0,Night · FCS opponent
v3.0,2025,2025-09-26,Houston,Oregon State,away,27,24,-11.5,12.1,3,0,0,-9.1,AS EXPECTED,graded,pbp,67,83,0.1032,0.1744,-4,ok,0,24,8,0,2,,0,1,Road · Night · Group of 5 opponent
v3.0,2025,2025-09-26,Virginia,Florida State,home,46,38,6.5,-7.1,8,0,0,15.1,DAWG,graded,pbp,76,75,-0.0996,-0.0986,0,ok,0,21,5,3,6,-6,2,3,Night · Top-10 opponent
v3.0,2025,2025-09-26,TCU,Arizona State,away,24,27,2.5,-2.7,-3,0,0,-0.3,AS EXPECTED,graded,pbp,58,80,-0.2002,-0.0379,-8,ok,0,17,6,1,4,-17,1,3,Road · Night · Full house
v3.0,2025,2025-09-26,Florida State,Virginia,away,38,46,-6.5,7.1,-8,0,0,-15.1,SOFT,graded,pbp,75,76,0.0996,0.0986,0,ok,0,21,5,1,3,,3,2,Road · Night
v3.0,2025,2025-09-26,Arizona State,TCU,home,27,24,-2.5,2.7,3,0,0,0.3,AS EXPECTED,graded,pbp,80,58,0.2002,0.0379,8,ok,0,20,7,0,2,,3,1,Night · Ranked opponent
v3.0,2025,2025-09-27,Boston College,California,home,24,28,-6.5,7.1,-4,0,0,-11.1,AS EXPECTED,graded,pbp,60,79,-0.0071,0.0986,-5,ok,0,7,5,2,4,-18,1,2,
v3.0,2025,2025-09-27,Arizona,Iowa State,away,14,39,4.5,-4.9,-32,7,0,-27.1,CERTIFIED SOFT,graded,pbp,60,69,-0.3243,-0.0682,-12,ok,0,0,5,0,1,,1,2,Road · Night · Full house · Ranked opponent
v3.0,2025,2025-09-27,Minnesota,Rutgers,home,31,28,-3.5,3.8,3,0,0,-0.8,AS EXPECTED,graded,pbp,61,75,0.0375,0.0531,-1,ok,0,17,6,0,3,,1,0,
v3.0,2025,2025-09-27,Missouri,Massachusetts,home,42,6,-44.5,32.7,29,7,0,-3.7,AS EXPECTED,graded,pbp,67,33,0.4558,0.6749,-8,ok,0,21,7,1,1,14,1,1,Night · Group of 5 opponent
v3.0,2025,2025-09-27,Ole Miss,LSU,home,24,19,-3.5,3.8,5,0,0,1.2,AS EXPECTED,graded,pbp,84,56,0.079,0.0531,1,ok,0,14,6,2,3,-5,1,2,Top-10 opponent
v3.0,2025,2025-09-27,Duke,Syracuse,away,38,3,-3.5,3.8,28,7,0,24.2,CERTIFIED DAWG,graded,pbp,51,47,0.6161,0.0531,20,ok,0,24,7,1,1,14,3,0,Road
v3.0,2025,2025-09-27,NC State,Virginia Tech,home,21,23,-10.5,11.1,-2,0,0,-13.1,SOFT,graded,pbp,65,65,-0.0755,0.1592,-11,ok,0,0,4,2,5,,0,0,Night
v3.0,2025,2025-09-27,Wake Forest,Georgia Tech,home,29,30,11.5,-12.1,-1,0,0,11.1,AS EXPECTED,graded,pbp,67,79,0.0775,-0.1744,13,ok,0,20,7,1,4,-12,1,0,Ranked opponent
v3.0,2025,2025-09-27,Rutgers,Minnesota,away,28,31,3.5,-3.8,-3,0,0,0.8,AS EXPECTED,graded,pbp,75,61,-0.0375,-0.0531,1,ok,0,21,5,1,5,-17,0,1,Road
v3.0,2025,2025-09-27,Syracuse,Duke,home,3,38,3.5,-3.8,-28,0,7,-24.2,CERTIFIED SOFT,graded,pbp,47,51,-0.6161,-0.0531,-20,ok,0,0,3,1,2,,0,3,
v3.0,2025,2025-09-27,Ohio State,Washington,away,24,6,-9.5,10.1,18,0,0,7.9,AS EXPECTED,graded,pbp,61,52,0.296,0.1441,6,ok,0,14,3,1,2,7,0,0,Road · Full house
v3.0,2025,2025-09-27,Oklahoma State,Baylor,home,27,45,21.5,-19.8,-18,0,0,1.8,AS EXPECTED,graded,pbp,79,82,-0.1684,-0.3261,9,ok,0,0,4,4,5,,1,0,
v3.0,2025,2025-09-27,Auburn,Texas A&M,away,10,16,6.5,-7.1,-6,0,0,1.1,AS EXPECTED,graded,pbp,60,73,-0.2956,-0.0986,-10,ok,0,10,8,0,2,,1,0,Road · Full house · Top-10 opponent
v3.0,2025,2025-09-27,UCF,Kansas State,away,20,34,5.5,-6.0,-14,0,0,-8.0,AS EXPECTED,graded,pbp,59,72,-0.0077,-0.0834,4,ok,0,6,6,0,1,,1,4,Road · Full house
v3.0,2025,2025-09-27,Penn State,Oregon,home,24,30,-4.5,4.9,-6,0,0,-10.9,AS EXPECTED,graded,pbp,110,133,0.0006,0.0682,-6,ok,11,17,5,0,4,,0,1,Night · Top-10 opponent
v3.0,2025,2025-09-27,Cincinnati,Kansas,away,37,34,4.5,-4.9,3,0,0,7.9,AS EXPECTED,graded,pbp,81,55,-0.1321,-0.0682,-3,ok,0,6,3,5,6,,1,0,Road
v3.0,2025,2025-09-27,Pittsburgh,Louisville,home,27,34,3.5,-3.8,-7,0,0,-3.2,AS EXPECTED,graded,pbp,58,84,-0.2437,-0.0531,-10,ok,0,14,6,1,5,-17,1,4,
v3.0,2025,2025-09-27,Iowa,Indiana,home,15,20,8.5,-9.1,-5,0,0,4.1,AS EXPECTED,graded,pbp,70,60,-0.1022,-0.1289,1,ok,0,13,7,0,4,,1,2,Ranked opponent
v3.0,2025,2025-09-27,Kansas,Cincinnati,home,34,37,-4.5,4.9,-3,0,0,-7.9,AS EXPECTED,graded,pbp,55,81,0.1321,0.0682,3,ok,0,14,3,4,6,,0,1,
v3.0,2025,2025-09-27,Kansas State,UCF,home,34,20,-5.5,6.0,14,0,0,8.0,AS EXPECTED,graded,pbp,72,59,0.0077,0.0834,-4,ok,0,20,7,1,1,4,4,1,
v3.0,2025,2025-09-27,Vanderbilt,Utah State,home,55,35,-24.5,22.1,34,0,14,11.9,AS EXPECTED,graded,pbp,60,41,0.6522,0.3716,10,ok,0,24,5,3,3,20,1,1,Group of 5 opponent
v3.0,2025,2025-09-27,Baylor,Oklahoma State,away,45,27,-21.5,19.8,18,0,0,-1.8,AS EXPECTED,graded,pbp,82,79,0.1684,0.3261,-9,ok,0,28,6,2,5,7,0,1,Road
v3.0,2025,2025-09-27,Stanford,San José State,home,30,29,-3.5,3.8,1,0,0,-2.8,AS EXPECTED,graded,pbp,69,72,-0.0125,0.0531,-3,ok,0,7,5,1,4,,1,1,Group of 5 opponent
v3.0,2025,2025-09-27,Texas A&M,Auburn,home,16,10,-6.5,7.1,6,0,0,-1.1,AS EXPECTED,graded,pbp,73,60,0.2956,0.0986,10,ok,0,17,10,1,2,-4,0,1,
v3.0,2025,2025-09-27,Oregon,Penn State,away,30,24,4.5,-4.9,6,0,0,10.9,AS EXPECTED,graded,pbp,133,110,-0.0006,-0.0682,6,ok,11,17,4,1,4,-8,1,0,Road · Night · Full house · Top-10 opponent
v3.0,2025,2025-09-27,California,Boston College,away,28,24,6.5,-7.1,4,0,0,11.1,AS EXPECTED,graded,pbp,79,60,0.0071,-0.0986,5,ok,0,21,5,0,2,,2,1,Road · Full house
v3.0,2025,2025-09-27,BYU,Colorado,away,24,21,-6.5,7.1,3,0,0,-4.1,AS EXPECTED,graded,pbp,65,53,0.0992,0.0986,0,ok,0,14,6,1,2,,1,0,Road · Night · Full house
v3.0,2025,2025-09-27,Utah,West Virginia,away,48,14,-12.5,13.0,38,10,14,25.0,CERTIFIED DAWG,graded,pbp,59,31,0.6134,0.1896,14,ok,0,28,5,0,0,24,0,1,Road
v3.0,2025,2025-09-27,South Carolina,Kentucky,home,35,13,-6.5,7.1,22,0,0,14.9,DAWG,graded,pbp,62,59,0.319,0.0986,10,ok,0,7,5,1,2,11,4,0,Night
v3.0,2025,2025-09-27,Virginia Tech,NC State,away,23,21,10.5,-11.1,2,0,0,13.1,DAWG,graded,pbp,65,65,0.0755,-0.1592,11,ok,0,20,5,1,3,,0,0,Road · Night · Full house
v3.0,2025,2025-09-27,UCLA,Northwestern,away,14,17,6.5,-7.1,-3,0,0,4.1,AS EXPECTED,graded,pbp,58,62,-0.1025,-0.0986,0,ok,0,10,3,0,1,,0,0,Road · Full house
v3.0,2025,2025-09-27,Tennessee,Mississippi State,away,41,34,-7.5,8.1,7,0,0,-1.1,AS EXPECTED,graded,pbp,67,77,0.2132,0.1137,5,ok,1,0,3,3,6,,2,2,Road · Full house
v3.0,2025,2025-09-27,Washington,Ohio State,home,6,24,9.5,-10.1,-18,0,0,-7.9,AS EXPECTED,graded,pbp,52,61,-0.296,-0.1441,-6,ok,0,0,2,0,0,,0,0,Top-10 opponent
v3.0,2025,2025-09-27,West Virginia,Utah,home,14,48,12.5,-13.0,-38,14,10,-25.0,CERTIFIED SOFT,graded,pbp,31,59,-0.6134,-0.1896,-14,ok,0,0,1,0,1,,1,0,
v3.0,2025,2025-09-27,USC,Illinois,away,32,34,-6.5,7.1,-2,0,0,-9.1,AS EXPECTED,graded,pbp,76,61,0.0421,0.0986,-3,ok,0,10,3,1,3,,2,2,Road · Full house · Ranked opponent
v3.0,2025,2025-09-27,Alabama,Georgia,away,24,21,2.5,-2.7,3,0,0,5.7,AS EXPECTED,graded,pbp,77,53,-0.0105,-0.0379,1,ok,0,17,5,1,3,-11,1,0,Road · Night · Full house · Top-10 opponent
v3.0,2025,2025-09-27,Mississippi State,Tennessee,home,34,41,7.5,-8.1,-7,0,0,1.1,AS EXPECTED,graded,pbp,77,67,-0.2132,-0.1137,-5,ok,1,17,6,2,6,,2,2,Ranked opponent
v3.0,2025,2025-09-27,Illinois,USC,home,34,32,6.5,-7.1,2,0,0,9.1,AS EXPECTED,graded,pbp,61,76,-0.0421,-0.0986,3,ok,0,14,4,3,4,-12,2,2,Ranked opponent
v3.0,2025,2025-09-27,Colorado,BYU,home,21,24,6.5,-7.1,-3,0,0,4.1,AS EXPECTED,graded,pbp,53,65,-0.0992,-0.0986,0,ok,0,7,5,1,3,-17,0,1,Night · Ranked opponent
v3.0,2025,2025-09-27,Georgia Tech,Wake Forest,away,30,29,-11.5,12.1,1,0,0,-11.1,AS EXPECTED,graded,pbp,79,67,-0.0775,0.1744,-13,ok,0,16,7,0,2,,0,1,Road
v3.0,2025,2025-09-27,Georgia,Alabama,home,21,24,-2.5,2.7,-3,0,0,-5.7,AS EXPECTED,graded,pbp,53,77,0.0105,0.0379,-1,ok,0,7,5,0,1,,0,1,Night · Ranked opponent
v3.0,2025,2025-09-27,Iowa State,Arizona,home,39,14,-4.5,4.9,32,0,7,27.1,CERTIFIED DAWG,graded,pbp,69,60,0.3243,0.0682,12,ok,0,31,9,0,0,17,2,1,Night
v3.0,2025,2025-09-27,Northwestern,UCLA,home,17,14,-6.5,7.1,3,0,0,-4.1,AS EXPECTED,graded,pbp,62,58,0.1025,0.0986,0,ok,0,17,4,0,1,-7,0,0,
v3.0,2025,2025-09-27,Arkansas,Notre Dame,home,13,56,5.5,-6.0,-29,0,14,-23.0,SOFT,graded,pbp,33,41,-0.7245,-0.0834,-17,ok,0,0,0,0,1,,0,2,Ranked opponent
v3.0,2025,2025-09-27,Indiana,Iowa,away,20,15,-8.5,9.1,5,0,0,-4.1,AS EXPECTED,graded,pbp,60,70,0.1022,0.1289,-1,ok,0,14,8,2,3,,2,1,Road · Full house
v3.0,2025,2025-09-27,Notre Dame,Arkansas,away,56,13,-5.5,6.0,29,14,0,23.0,DAWG,graded,pbp,41,33,0.7245,0.0834,17,ok,0,21,3,2,2,18,2,0,Road · Full house
v3.0,2025,2025-09-27,Kentucky,South Carolina,away,13,35,6.5,-7.1,-22,0,0,-14.9,SOFT,graded,pbp,59,62,-0.319,-0.0986,-10,ok,0,3,4,1,2,,0,4,Road · Night · Full house
v3.0,2025,2025-09-27,Louisville,Pittsburgh,away,34,27,-3.5,3.8,7,0,0,3.2,AS EXPECTED,graded,pbp,84,58,0.2437,0.0531,10,ok,0,24,8,0,2,,4,1,Road
v3.0,2025,2025-09-27,LSU,Ole Miss,away,19,24,3.5,-3.8,-5,0,0,-1.2,AS EXPECTED,graded,pbp,56,84,-0.079,-0.0531,-1,ok,0,13,6,0,2,,2,1,Road · Full house · Ranked opponent
v3.0,2025,2025-10-03,BYU,West Virginia,home,38,24,-19.5,18.4,14,0,0,-4.4,AS EXPECTED,graded,pbp,67,63,0.1261,0.2957,-8,ok,0,21,7,0,0,0,2,3,Night
v3.0,2025,2025-10-03,West Virginia,BYU,away,24,38,19.5,-18.4,-14,0,0,4.4,AS EXPECTED,graded,pbp,63,67,-0.1261,-0.2957,8,ok,0,21,5,0,1,,3,2,Road · Night · Full house · Ranked opponent
v3.0,2025,2025-10-04,Boston College,Pittsburgh,away,7,48,6.5,-7.1,-31,7,17,-23.9,SOFT,graded,pbp,25,49,-0.9278,-0.0986,-22,ok,0,0,1,0,1,,0,3,Road
v3.0,2025,2025-10-04,Arizona,Oklahoma State,home,41,13,-23.5,21.3,32,3,7,10.7,AS EXPECTED,graded,pbp,59,46,0.5402,0.3564,7,ok,0,14,8,1,1,21,2,3,
v3.0,2025,2025-10-04,Maryland,Washington,home,20,24,5.5,-6.0,-4,0,0,2.0,AS EXPECTED,graded,pbp,69,74,-0.2234,-0.0834,-7,ok,0,13,5,0,2,-14,1,1,
v3.0,2025,2025-10-04,Michigan State,Nebraska,away,27,38,12.5,-13.0,-11,0,0,2.0,AS EXPECTED,graded,pbp,67,54,-0.0175,-0.1896,8,ok,0,14,6,0,3,,1,2,Road · Full house
v3.0,2025,2025-10-04,Michigan,Wisconsin,home,24,10,-17.5,17.0,14,0,0,-3.0,AS EXPECTED,graded,pbp,62,57,0.2497,0.2654,-1,ok,0,17,8,1,1,4,1,0,
v3.0,2025,2025-10-04,Minnesota,Ohio State,away,3,42,23.5,-21.3,-25,0,14,-3.7,AS EXPECTED,graded,espn,,,,,,pbp_conflict,0,0,3,0,1,,0,0,Road · Night · Full house · Top-10 opponent
v3.0,2025,2025-10-04,Duke,California,away,45,21,-3.5,3.8,24,0,0,20.2,DAWG,graded,pbp,60,58,0.3355,0.0531,12,ok,0,28,7,0,1,14,4,0,Road · Night
v3.0,2025,2025-10-04,NC State,Campbell,home,56,10,-41.5,31.4,42,7,3,10.6,AS EXPECTED,graded,pbp,30,33,1.5025,0.6294,20,ok,0,21,3,1,1,28,1,1,FCS opponent
v3.0,2025,2025-10-04,North Carolina,Clemson,home,10,38,15.5,-15.5,-32,7,3,-16.5,SOFT,graded,pbp,27,34,-0.7104,-0.2351,-11,ok,0,0,0,1,1,,1,0,
v3.0,2025,2025-10-04,Wake Forest,Virginia Tech,away,30,23,4.5,-4.9,7,0,0,11.9,AS EXPECTED,graded,pbp,70,61,0.1423,-0.0682,10,ok,0,20,6,2,5,-3,1,1,Road · Full house
v3.0,2025,2025-10-04,Nebraska,Michigan State,home,38,27,-12.5,13.0,11,0,0,-2.0,AS EXPECTED,graded,pbp,54,67,0.0175,0.1896,-8,ok,0,21,7,1,3,-3,2,1,
v3.0,2025,2025-10-04,Syracuse,SMU,away,18,31,17.5,-17.0,-20,7,0,-3.0,AS EXPECTED,graded,pbp,69,63,-0.1907,-0.2654,4,ok,0,0,6,0,1,,1,3,Road · Full house
v3.0,2025,2025-10-04,Ohio State,Minnesota,home,42,3,-23.5,21.3,25,14,0,3.7,AS EXPECTED,graded,espn,,,,,,pbp_conflict,0,28,6,0,1,14,0,0,Night
v3.0,2025,2025-10-04,Oklahoma State,Arizona,away,13,41,23.5,-21.3,-32,7,3,-10.7,AS EXPECTED,graded,pbp,46,59,-0.5402,-0.3564,-7,ok,0,6,6,0,1,,3,2,Road
v3.0,2025,2025-10-04,Oklahoma,Kent State,home,44,0,-46.5,33.5,30,14,0,-3.5,AS EXPECTED,graded,pbp,41,28,0.503,0.7052,-5,ok,0,23,5,0,0,20,2,0,Group of 5 opponent
v3.0,2025,2025-10-04,UCF,Kansas,home,20,27,3.5,-3.8,-7,0,0,-3.2,AS EXPECTED,graded,pbp,75,58,-0.2789,-0.0531,-11,ok,0,14,5,2,5,-21,0,1,Night
v3.0,2025,2025-10-04,Penn State,UCLA,away,37,42,-24.5,22.1,-5,0,0,-27.1,CERTIFIED SOFT,graded,pbp,58,79,0.1518,0.3716,-11,ok,0,7,2,1,1,,0,2,Road
v3.0,2025,2025-10-04,Cincinnati,Iowa State,home,38,30,-1.5,1.6,8,0,0,6.4,AS EXPECTED,graded,pbp,57,83,0.1112,0.0227,5,ok,0,24,7,0,0,-2,0,1,Ranked opponent
v3.0,2025,2025-10-04,Pittsburgh,Boston College,home,48,7,-6.5,7.1,31,17,7,23.9,DAWG,graded,pbp,49,25,0.9278,0.0986,22,ok,0,31,6,0,0,21,3,0,
v3.0,2025,2025-10-04,Clemson,North Carolina,away,38,10,-15.5,15.5,32,3,7,16.5,DAWG,graded,pbp,34,27,0.7104,0.2351,11,ok,0,14,2,1,1,21,0,1,Road · Full house
v3.0,2025,2025-10-04,Kansas,UCF,away,27,20,-3.5,3.8,7,0,0,3.2,AS EXPECTED,graded,pbp,58,75,0.2789,0.0531,11,ok,0,13,6,0,1,,1,0,Road · Night · Full house
v3.0,2025,2025-10-04,Kansas State,Baylor,away,34,35,4.5,-4.9,-1,0,0,3.9,AS EXPECTED,graded,pbp,82,62,-0.0707,-0.0682,0,ok,0,14,5,3,6,-15,2,1,Road
v3.0,2025,2025-10-04,Vanderbilt,Alabama,away,14,30,13.5,-13.9,-16,0,0,-2.1,AS EXPECTED,graded,pbp,54,69,-0.3671,-0.2047,-7,ok,0,14,3,0,3,,1,2,Road · Full house · Top-10 opponent
v3.0,2025,2025-10-04,Baylor,Kansas State,home,35,34,-4.5,4.9,1,0,0,-3.9,AS EXPECTED,graded,pbp,62,82,0.0707,0.0682,0,ok,0,14,4,3,4,,1,2,
v3.0,2025,2025-10-04,Miami,Florida State,away,28,22,-2.5,2.7,14,0,8,11.3,AS EXPECTED,graded,pbp,55,73,0.1461,0.0379,5,ok,0,21,5,0,1,3,3,0,Road · Night · Ranked opponent
v3.0,2025,2025-10-04,Texas A&M,Mississippi State,home,31,9,-17.5,17.0,28,0,6,11.0,AS EXPECTED,graded,pbp,78,49,0.5535,0.2654,13,ok,0,28,8,0,1,17,2,1,Night
v3.0,2025,2025-10-04,Houston,Texas Tech,home,11,35,11.5,-12.1,-24,0,0,-11.9,AS EXPECTED,graded,pbp,44,76,-0.5088,-0.1744,-15,ok,0,0,4,0,2,,1,3,Night · Ranked opponent
v3.0,2025,2025-10-04,California,Duke,home,21,45,3.5,-3.8,-24,0,0,-20.2,SOFT,graded,pbp,58,60,-0.3355,-0.0531,-12,ok,0,7,5,1,4,-38,0,4,Night
v3.0,2025,2025-10-04,Purdue,Illinois,home,27,43,7.5,-8.1,-16,0,0,-7.9,AS EXPECTED,graded,pbp,75,61,-0.0265,-0.1137,4,ok,0,7,3,0,2,,0,1,Ranked opponent
v3.0,2025,2025-10-04,Texas,Florida,away,21,29,-4.5,4.9,-8,0,0,-12.9,SOFT,graded,pbp,57,65,0.0869,0.0682,1,ok,0,14,5,0,1,,2,2,Road · Full house
v3.0,2025,2025-10-04,SMU,Syracuse,home,31,18,-17.5,17.0,20,0,7,3.0,AS EXPECTED,graded,pbp,63,69,0.1907,0.2654,-4,ok,0,31,9,0,0,10,3,1,
v3.0,2025,2025-10-04,Virginia,Louisville,away,30,27,6.5,-7.1,3,0,0,10.1,AS EXPECTED,graded,pbp,59,71,-0.1825,-0.0986,-4,ok,8,3,4,1,1,-7,1,0,Road
v3.0,2025,2025-10-04,Virginia Tech,Wake Forest,home,23,30,-4.5,4.9,-7,0,0,-11.9,AS EXPECTED,graded,pbp,61,70,-0.1423,0.0682,-10,ok,0,13,6,1,5,,1,1,
v3.0,2025,2025-10-04,UCLA,Penn State,home,42,37,24.5,-22.1,5,0,0,27.1,CERTIFIED DAWG,graded,pbp,79,58,-0.1518,-0.3716,11,ok,0,10,4,1,1,-5,2,0,Top-10 opponent
v3.0,2025,2025-10-04,TCU,Colorado,home,35,21,-14.5,14.7,14,0,0,-0.7,AS EXPECTED,graded,pbp,68,65,0.2516,0.2199,2,ok,0,21,6,0,2,0,3,0,Night
v3.0,2025,2025-10-04,Washington,Maryland,away,24,20,-5.5,6.0,4,0,0,-2.0,AS EXPECTED,graded,pbp,74,69,0.2234,0.0834,7,ok,0,21,4,0,1,,1,1,Road
v3.0,2025,2025-10-04,Texas Tech,Houston,away,35,11,-11.5,12.1,24,0,0,11.9,AS EXPECTED,graded,pbp,76,44,0.5088,0.1744,15,ok,0,26,9,1,1,15,3,1,Road · Night · Full house
v3.0,2025,2025-10-04,Wisconsin,Michigan,away,10,24,17.5,-17.0,-14,0,0,3.0,AS EXPECTED,graded,pbp,57,62,-0.2497,-0.2654,1,ok,0,0,6,0,2,,0,1,Road · Full house · Ranked opponent
v3.0,2025,2025-10-04,Alabama,Vanderbilt,home,30,14,-13.5,13.9,16,0,0,2.1,AS EXPECTED,graded,pbp,69,54,0.3671,0.2047,7,ok,0,23,6,1,2,7,2,1,Ranked opponent
v3.0,2025,2025-10-04,Mississippi State,Texas A&M,away,9,31,17.5,-17.0,-28,6,0,-11.0,AS EXPECTED,graded,pbp,49,78,-0.5535,-0.2654,-13,ok,0,3,6,0,1,,1,2,Road · Night · Full house · Top-10 opponent
v3.0,2025,2025-10-04,Illinois,Purdue,away,43,27,-7.5,8.1,16,0,0,7.9,AS EXPECTED,graded,pbp,61,75,0.0265,0.1137,-4,ok,0,31,7,1,1,6,1,0,Road · Full house
v3.0,2025,2025-10-04,Colorado,TCU,away,21,35,14.5,-14.7,-14,0,0,0.7,AS EXPECTED,graded,pbp,65,68,-0.2516,-0.2199,-2,ok,0,14,5,1,4,-28,0,3,Road · Night
v3.0,2025,2025-10-04,Florida State,Miami,home,22,28,2.5,-2.7,-14,8,0,-11.3,AS EXPECTED,graded,pbp,73,55,-0.1461,-0.0379,-5,ok,0,10,5,0,1,,0,3,Night · Top-10 opponent
v3.0,2025,2025-10-04,Florida,Texas,home,29,21,4.5,-4.9,8,0,0,12.9,DAWG,graded,pbp,65,57,-0.0869,-0.0682,-1,ok,0,6,8,2,3,-2,2,2,Top-10 opponent
v3.0,2025,2025-10-04,Georgia,Kentucky,home,35,14,-19.5,18.4,28,0,7,9.6,AS EXPECTED,graded,pbp,63,41,0.3949,0.2957,4,ok,0,28,5,0,1,14,2,2,
v3.0,2025,2025-10-04,Iowa State,Cincinnati,away,30,38,1.5,-1.6,-8,0,0,-6.4,AS EXPECTED,graded,pbp,83,57,-0.1112,-0.0227,-5,ok,0,0,4,0,1,,1,0,Road · Full house
v3.0,2025,2025-10-04,Northwestern,UL Monroe,home,42,7,-13.5,13.9,32,3,0,18.1,DAWG,graded,pbp,62,35,0.3103,0.2047,4,ok,0,24,4,1,1,21,0,0,Group of 5 opponent
v3.0,2025,2025-10-04,Notre Dame,Boise State,home,28,7,-21.5,19.8,21,0,0,1.2,AS EXPECTED,graded,pbp,55,74,0.304,0.3261,-1,ok,0,21,7,1,1,7,4,0,Group of 5 opponent
v3.0,2025,2025-10-04,Kentucky,Georgia,away,14,35,19.5,-18.4,-28,7,0,-9.6,AS EXPECTED,graded,pbp,41,63,-0.3949,-0.2957,-4,ok,0,0,2,0,1,,2,2,Road · Full house · Ranked opponent
v3.0,2025,2025-10-04,Louisville,Virginia,home,27,30,-6.5,7.1,-3,0,0,-10.1,AS EXPECTED,graded,pbp,71,59,0.1825,0.0986,4,ok,8,17,6,1,3,,0,1,Ranked opponent
v3.0,2025,2025-10-10,Rutgers,Washington,away,19,38,9.5,-10.1,-19,0,0,-8.9,AS EXPECTED,graded,pbp,77,59,-0.4386,-0.1441,-15,ok,0,6,4,0,3,-29,1,1,Road · Night
v3.0,2025,2025-10-10,Washington,Rutgers,home,38,19,-9.5,10.1,19,0,0,8.9,AS EXPECTED,graded,pbp,59,77,0.4386,0.1441,15,ok,0,21,5,2,3,8,1,1,Night
v3.0,2025,2025-10-11,Boston College,Clemson,home,10,41,13.5,-13.9,-24,0,7,-10.1,AS EXPECTED,graded,espn,,,,,,pbp_conflict,0,0,3,0,1,,2,1,Night
v3.0,2025,2025-10-11,Arizona,BYU,home,27,33,2.5,-2.7,-6,0,0,-3.3,AS EXPECTED,graded,pbp,66,72,0.0184,-0.0379,3,ok,0,17,5,0,2,-16,2,1,Ranked opponent
v3.0,2025,2025-10-11,Maryland,Nebraska,home,31,34,6.5,-7.1,-3,0,0,4.1,AS EXPECTED,graded,pbp,66,58,0.012,-0.0986,5,ok,0,10,4,0,4,,3,0,
v3.0,2025,2025-10-11,Michigan State,UCLA,home,13,38,-6.5,7.1,-31,6,0,-38.1,CERTIFIED SOFT,graded,pbp,43,56,-0.6806,0.0986,-28,ok,0,7,3,0,2,,0,0,
v3.0,2025,2025-10-11,Michigan,USC,away,13,31,2.5,-2.7,-18,0,0,-15.3,SOFT,graded,pbp,58,68,-0.1157,-0.0379,-4,ok,0,7,4,0,1,,2,2,Road · Full house
v3.0,2025,2025-10-11,Minnesota,Purdue,home,27,20,-7.5,8.1,7,0,0,-1.1,AS EXPECTED,graded,pbp,63,81,-0.0792,0.1137,-10,ok,0,10,7,1,3,,4,1,Night
v3.0,2025,2025-10-11,Missouri,Alabama,home,24,27,3.5,-3.8,-3,0,0,0.8,AS EXPECTED,graded,pbp,56,75,0.0143,-0.0531,3,ok,0,7,4,0,3,,1,2,Top-10 opponent
v3.0,2025,2025-10-11,Ole Miss,Washington State,home,24,21,-32.5,27.2,3,0,0,-24.2,CERTIFIED SOFT,graded,pbp,69,58,0.0377,0.4929,-21,ok,0,24,6,0,3,-7,0,1,Group of 5 opponent
v3.0,2025,2025-10-11,NC State,Notre Dame,away,7,36,24.5,-22.1,-29,0,0,-6.9,AS EXPECTED,graded,pbp,50,69,-0.2305,-0.3716,6,ok,0,7,6,0,2,,2,3,Road · Full house · Ranked opponent
v3.0,2025,2025-10-11,Wake Forest,Oregon State,away,39,14,-1.5,1.6,32,7,14,30.4,CERTIFIED DAWG,graded,pbp,42,46,0.3217,0.0227,10,ok,0,24,10,0,0,17,2,0,Road · Group of 5 opponent
v3.0,2025,2025-10-11,Nebraska,Maryland,away,34,31,-6.5,7.1,3,0,0,-4.1,AS EXPECTED,graded,pbp,58,66,-0.012,0.0986,-5,ok,0,27,6,1,4,-7,0,3,Road
v3.0,2025,2025-10-11,Ohio State,Illinois,away,34,16,-15.5,15.5,24,0,6,8.5,AS EXPECTED,graded,pbp,61,56,0.3031,0.2351,3,ok,0,24,6,0,0,14,3,0,Road · Full house · Ranked opponent
v3.0,2025,2025-10-11,Oklahoma State,Houston,home,17,39,14.5,-14.7,-26,7,3,-11.3,AS EXPECTED,graded,pbp,40,73,-0.4709,-0.2199,-10,ok,0,3,2,0,3,,0,1,
v3.0,2025,2025-10-11,Auburn,Georgia,home,10,20,4.5,-4.9,-10,0,0,-5.1,AS EXPECTED,graded,pbp,67,69,-0.0945,-0.0682,-1,ok,0,3,5,0,2,-20,0,1,Night · Top-10 opponent
v3.0,2025,2025-10-11,Oklahoma,Texas,neutral,6,23,2.5,-2.7,-17,0,0,-14.3,SOFT,graded,pbp,69,62,-0.2324,-0.0379,-9,ok,0,3,4,0,3,,0,3,
v3.0,2025,2025-10-11,UCF,Cincinnati,away,11,20,10.5,-11.1,-9,0,0,2.1,AS EXPECTED,graded,pbp,91,48,-0.0216,-0.1592,7,ok,0,7,4,0,1,,0,1,Road
v3.0,2025,2025-10-11,Penn State,Northwestern,home,21,22,-20.5,19.1,-1,0,0,-20.1,SOFT,graded,pbp,50,72,0.1775,0.3109,-6,ok,0,0,2,2,5,,0,1,
v3.0,2025,2025-10-11,Cincinnati,UCF,home,20,11,-10.5,11.1,9,0,0,-2.1,AS EXPECTED,graded,pbp,48,91,0.0216,0.1592,-7,ok,0,20,7,0,0,-5,1,0,
v3.0,2025,2025-10-11,Pittsburgh,Florida State,away,34,31,11.5,-12.1,3,0,0,15.1,DAWG,graded,pbp,68,61,0.0543,-0.1744,11,ok,0,20,6,1,3,-7,1,2,Road · Ranked opponent
v3.0,2025,2025-10-11,Clemson,Boston College,away,41,10,-13.5,13.9,24,7,0,10.1,AS EXPECTED,graded,espn,,,,,,pbp_conflict,0,14,5,2,2,14,1,2,Road · Night · Full house
v3.0,2025,2025-10-11,Iowa,Wisconsin,away,37,0,-4.5,4.9,30,7,0,25.1,CERTIFIED DAWG,graded,pbp,41,30,0.8073,0.0682,19,ok,0,30,8,0,0,20,3,1,Road · Night · Full house
v3.0,2025,2025-10-11,Kansas,Texas Tech,away,17,42,13.5,-13.9,-25,0,0,-11.1,AS EXPECTED,graded,pbp,63,67,-0.2761,-0.2047,-3,ok,0,10,6,0,1,,1,1,Road · Night · Full house · Top-10 opponent
v3.0,2025,2025-10-11,Kansas State,TCU,home,41,28,2.5,-2.7,13,0,0,15.7,DAWG,graded,pbp,70,68,0.0511,-0.0379,4,ok,0,13,6,2,3,-1,2,0,
v3.0,2025,2025-10-11,Stanford,SMU,away,10,34,19.5,-18.4,-24,0,0,-5.6,AS EXPECTED,graded,pbp,65,53,-0.3218,-0.2957,-1,ok,0,3,3,0,1,,0,1,Road
v3.0,2025,2025-10-11,Texas A&M,Florida,home,34,17,-6.5,7.1,17,0,0,9.9,AS EXPECTED,graded,pbp,69,63,0.2917,0.0986,9,ok,0,17,5,2,3,7,1,1,Night
v3.0,2025,2025-10-11,Houston,Oklahoma State,away,39,17,-14.5,14.7,26,3,7,11.3,AS EXPECTED,graded,pbp,73,40,0.4709,0.2199,10,ok,0,27,7,1,2,12,1,0,Road
v3.0,2025,2025-10-11,Oregon,Indiana,home,20,30,-7.5,8.1,-10,0,0,-18.1,SOFT,graded,pbp,61,68,-0.1315,0.1137,-12,ok,0,10,5,1,5,,1,2,Top-10 opponent
v3.0,2025,2025-10-11,Purdue,Minnesota,away,20,27,7.5,-8.1,-7,0,0,1.1,AS EXPECTED,graded,pbp,81,63,0.0792,-0.1137,10,ok,0,6,8,2,5,-17,1,4,Road · Night · Full house
v3.0,2025,2025-10-11,Texas,Oklahoma,neutral,23,6,-2.5,2.7,17,0,0,14.3,DAWG,graded,pbp,62,69,0.2324,0.0379,9,ok,0,6,5,1,2,3,3,0,Top-10 opponent
v3.0,2025,2025-10-11,BYU,Arizona,away,33,27,-2.5,2.7,6,0,0,3.3,AS EXPECTED,graded,pbp,72,66,-0.0184,0.0379,-3,ok,0,21,5,1,4,-8,1,2,Road · Full house
v3.0,2025,2025-10-11,Utah,Arizona State,home,42,10,-8.5,9.1,25,7,0,15.9,DAWG,graded,pbp,47,60,0.374,0.1289,10,ok,0,21,3,0,1,10,0,0,Night · Ranked opponent
v3.0,2025,2025-10-11,SMU,Stanford,home,34,10,-19.5,18.4,24,0,0,5.6,AS EXPECTED,graded,pbp,53,65,0.3218,0.2957,1,ok,0,27,6,0,0,14,1,0,
v3.0,2025,2025-10-11,South Carolina,LSU,away,10,20,8.5,-9.1,-10,0,0,-0.9,AS EXPECTED,graded,pbp,70,63,-0.014,-0.1289,6,ok,0,7,6,0,3,,3,2,Road · Night · Full house · Ranked opponent
v3.0,2025,2025-10-11,Virginia Tech,Georgia Tech,away,20,35,14.5,-14.7,-15,0,0,-0.3,AS EXPECTED,graded,pbp,54,66,-0.0587,-0.2199,7,ok,0,7,3,0,1,,0,1,Road · Full house · Ranked opponent
v3.0,2025,2025-10-11,UCLA,Michigan State,away,38,13,6.5,-7.1,31,0,6,38.1,CERTIFIED DAWG,graded,pbp,56,43,0.6806,-0.0986,28,ok,0,28,5,1,1,21,0,0,Road · Full house
v3.0,2025,2025-10-11,TCU,Kansas State,away,28,41,-2.5,2.7,-13,0,0,-15.7,SOFT,graded,pbp,68,70,-0.0511,0.0379,-4,ok,0,7,5,3,6,,0,2,Road · Full house
v3.0,2025,2025-10-11,Tennessee,Arkansas,home,34,31,-10.5,11.1,3,0,0,-8.1,AS EXPECTED,graded,pbp,65,74,0.0591,0.1592,-5,ok,0,14,6,3,3,-7,3,0,
v3.0,2025,2025-10-11,Texas Tech,Kansas,home,42,17,-13.5,13.9,25,0,0,11.1,AS EXPECTED,graded,pbp,67,63,0.2761,0.2047,3,ok,0,41,10,0,2,10,1,1,Night
v3.0,2025,2025-10-11,Wisconsin,Iowa,home,0,37,4.5,-4.9,-30,0,7,-25.1,CERTIFIED SOFT,graded,pbp,30,41,-0.8073,-0.0682,-19,ok,0,0,3,0,1,,1,3,Night
v3.0,2025,2025-10-11,USC,Michigan,home,31,13,-2.5,2.7,18,0,0,15.3,DAWG,graded,pbp,68,58,0.1157,0.0379,4,ok,0,10,6,1,1,4,2,2,Ranked opponent
v3.0,2025,2025-10-11,Alabama,Missouri,away,27,24,-3.5,3.8,3,0,0,-0.8,AS EXPECTED,graded,pbp,75,56,-0.0143,0.0531,-3,ok,0,20,6,1,3,-7,2,1,Road · Full house · Ranked opponent
v3.0,2025,2025-10-11,Illinois,Ohio State,home,16,34,15.5,-15.5,-24,6,0,-8.5,AS EXPECTED,graded,pbp,56,61,-0.3031,-0.2351,-3,ok,0,7,3,0,1,,0,3,Top-10 opponent
v3.0,2025,2025-10-11,Colorado,Iowa State,home,24,17,2.5,-2.7,7,0,0,9.7,AS EXPECTED,graded,pbp,64,69,0.0924,-0.0379,6,ok,0,10,8,1,3,,1,0,Ranked opponent
v3.0,2025,2025-10-11,Florida State,Pittsburgh,home,31,34,-11.5,12.1,-3,0,0,-15.1,SOFT,graded,pbp,61,68,-0.0543,0.1744,-11,ok,0,14,4,2,5,,2,1,
v3.0,2025,2025-10-11,Florida,Texas A&M,away,17,34,6.5,-7.1,-17,0,0,-9.9,AS EXPECTED,graded,pbp,63,69,-0.2917,-0.0986,-9,ok,0,0,4,1,3,,1,1,Road · Night · Full house · Top-10 opponent
v3.0,2025,2025-10-11,Georgia Tech,Virginia Tech,home,35,20,-14.5,14.7,15,0,0,0.3,AS EXPECTED,graded,pbp,66,54,0.0587,0.2199,-7,ok,0,17,5,1,1,0,1,0,
v3.0,2025,2025-10-11,Georgia,Auburn,away,20,10,-4.5,4.9,10,0,0,5.1,AS EXPECTED,graded,pbp,69,67,0.0945,0.0682,1,ok,0,20,6,0,1,0,1,0,Road · Night · Full house
v3.0,2025,2025-10-11,Iowa State,Colorado,away,17,24,-2.5,2.7,-7,0,0,-9.7,AS EXPECTED,graded,pbp,69,64,-0.0924,0.0379,-6,ok,0,10,6,1,4,,0,1,Road · Full house
v3.0,2025,2025-10-11,Northwestern,Penn State,away,22,21,20.5,-19.1,1,0,0,20.1,DAWG,graded,pbp,72,50,-0.1775,-0.3109,6,ok,0,3,3,3,3,,1,0,Road · Full house
v3.0,2025,2025-10-11,Arkansas,Tennessee,away,31,34,10.5,-11.1,-3,0,0,8.1,AS EXPECTED,graded,pbp,74,65,-0.0591,-0.1592,5,ok,0,10,4,1,4,,0,3,Road · Full house · Ranked opponent
v3.0,2025,2025-10-11,Indiana,Oregon,away,30,20,7.5,-8.1,10,0,0,18.1,DAWG,graded,pbp,68,61,0.1315,-0.1137,12,ok,0,9,8,3,4,0,2,1,Road · Full house · Top-10 opponent
v3.0,2025,2025-10-11,Notre Dame,NC State,home,36,7,-24.5,22.1,29,0,0,6.9,AS EXPECTED,graded,pbp,69,50,0.2305,0.3716,-6,ok,0,27,9,0,1,19,3,2,
v3.0,2025,2025-10-11,Arizona State,Utah,away,10,42,8.5,-9.1,-25,0,7,-15.9,SOFT,graded,pbp,60,47,-0.374,-0.1289,-10,ok,0,0,1,1,1,,0,0,Road · Night · Full house
v3.0,2025,2025-10-11,LSU,South Carolina,home,20,10,-8.5,9.1,10,0,0,0.9,AS EXPECTED,graded,pbp,63,70,0.014,0.1289,-6,ok,0,6,8,2,2,0,2,3,Night
v3.0,2025,2025-10-17,Minnesota,Nebraska,home,24,6,6.5,-7.1,18,0,0,25.1,CERTIFIED DAWG,graded,pbp,55,53,0.395,-0.0986,20,ok,0,10,5,1,2,3,0,0,Night · Ranked opponent
v3.0,2025,2025-10-17,North Carolina,California,away,18,21,8.5,-9.1,-3,0,0,6.1,AS EXPECTED,graded,pbp,64,71,-0.1036,-0.1289,1,ok,0,17,8,0,2,,0,3,Road · Night
v3.0,2025,2025-10-17,Nebraska,Minnesota,away,6,24,-6.5,7.1,-18,0,0,-25.1,CERTIFIED SOFT,graded,pbp,53,55,-0.395,0.0986,-20,ok,0,6,3,0,2,,0,0,Road · Night · Full house
v3.0,2025,2025-10-17,Miami,Louisville,home,21,24,-10.5,11.1,-3,0,0,-14.1,SOFT,graded,pbp,57,68,0.0861,0.1592,-3,ok,0,13,6,0,2,,1,4,Night
v3.0,2025,2025-10-17,California,North Carolina,home,21,18,-8.5,9.1,3,0,0,-6.1,AS EXPECTED,graded,pbp,71,64,0.1036,0.1289,-1,ok,0,7,7,1,3,-8,3,0,Night
v3.0,2025,2025-10-17,Louisville,Miami,away,24,21,10.5,-11.1,3,0,0,14.1,DAWG,graded,pbp,68,57,-0.0861,-0.1592,3,ok,0,10,6,1,4,-11,4,1,Road · Night · Full house · Top-10 opponent
v3.0,2025,2025-10-18,Boston College,UConn,home,23,38,2.5,-2.7,-15,0,0,-12.3,SOFT,graded,pbp,79,62,-0.2234,-0.0379,-10,ok,0,7,3,2,4,,0,0,Group of 5 opponent
v3.0,2025,2025-10-18,Arizona,Houston,away,28,31,-2.5,2.7,-3,0,0,-5.7,AS EXPECTED,graded,pbp,62,70,-0.0121,0.0379,-2,ok,0,7,3,1,2,,0,0,Road
v3.0,2025,2025-10-18,Maryland,UCLA,away,17,20,4.5,-4.9,-3,0,0,1.9,AS EXPECTED,graded,pbp,76,74,-0.0257,-0.0682,2,ok,0,3,8,0,1,,1,2,Road
v3.0,2025,2025-10-18,Michigan State,Indiana,away,13,38,26.5,-23.5,-25,3,3,-1.5,AS EXPECTED,graded,pbp,48,39,-0.4811,-0.4019,-3,ok,0,0,0,1,2,,0,0,Road · Full house · Top-10 opponent
v3.0,2025,2025-10-18,Michigan,Washington,home,24,7,-4.5,4.9,17,0,0,12.1,AS EXPECTED,graded,pbp,68,55,0.2955,0.0682,10,ok,0,24,8,0,0,3,3,0,
v3.0,2025,2025-10-18,Missouri,Auburn,away,23,17,-1.5,1.6,6,0,0,4.4,AS EXPECTED,graded,pbp,73,64,-0.0441,0.0227,-3,ok,0,17,6,0,3,,1,2,Road · Night · Full house
v3.0,2025,2025-10-18,Ole Miss,Georgia,away,35,43,7.5,-8.1,-8,0,0,0.1,AS EXPECTED,graded,pbp,60,80,-0.0823,-0.1137,2,ok,0,0,0,4,7,-17,0,0,Road · Full house · Top-10 opponent
v3.0,2025,2025-10-18,Duke,Georgia Tech,home,18,27,-3.5,3.8,-9,0,0,-12.8,SOFT,graded,pbp,73,57,0.0864,0.0531,2,ok,0,7,3,0,3,,0,1,Ranked opponent
v3.0,2025,2025-10-18,Rutgers,Oregon,home,10,56,18.5,-17.7,-39,7,14,-21.3,SOFT,graded,pbp,35,33,-1.023,-0.2806,-18,ok,0,3,1,0,1,,2,3,Top-10 opponent
v3.0,2025,2025-10-18,Syracuse,Pittsburgh,home,13,30,8.5,-9.1,-17,0,0,-7.9,AS EXPECTED,graded,pbp,64,64,-0.0363,-0.1289,4,ok,0,7,7,0,3,,1,3,Night
v3.0,2025,2025-10-18,Ohio State,Wisconsin,away,34,0,-24.5,22.1,27,7,0,4.9,AS EXPECTED,graded,pbp,57,30,0.8335,0.3716,15,ok,0,24,6,0,0,17,1,0,Road · Full house
v3.0,2025,2025-10-18,Oklahoma State,Cincinnati,home,17,49,23.5,-21.3,-25,0,7,-3.7,AS EXPECTED,graded,pbp,64,56,-0.3503,-0.3564,0,ok,0,7,2,1,1,,0,1,Night · Ranked opponent
v3.0,2025,2025-10-18,Auburn,Missouri,home,17,23,1.5,-1.6,-6,0,0,-4.4,AS EXPECTED,graded,pbp,64,73,0.0441,-0.0227,3,ok,0,10,6,0,4,,2,1,Night · Ranked opponent
v3.0,2025,2025-10-18,Oklahoma,South Carolina,away,26,7,-4.5,4.9,19,0,0,14.1,DAWG,graded,pbp,66,65,0.308,0.0682,11,ok,0,17,8,0,1,5,2,0,Road · Full house
v3.0,2025,2025-10-18,UCF,West Virginia,home,45,13,-6.5,7.1,28,10,6,20.9,DAWG,graded,pbp,51,61,0.3221,0.0986,9,ok,0,28,8,0,1,14,1,2,
v3.0,2025,2025-10-18,Penn State,Iowa,away,24,25,3.5,-3.8,-1,0,0,2.8,AS EXPECTED,graded,pbp,73,48,-0.2594,-0.0531,-9,ok,0,7,4,1,5,-12,1,2,Road · Night · Full house
v3.0,2025,2025-10-18,Cincinnati,Oklahoma State,away,49,17,-23.5,21.3,25,7,0,3.7,AS EXPECTED,graded,pbp,56,64,0.3503,0.3564,0,ok,0,28,4,2,2,14,1,0,Road · Night
v3.0,2025,2025-10-18,Pittsburgh,Syracuse,away,30,13,-8.5,9.1,17,0,0,7.9,AS EXPECTED,graded,pbp,64,64,0.0363,0.1289,-4,ok,0,17,10,2,2,7,3,1,Road · Night
v3.0,2025,2025-10-18,Clemson,SMU,home,24,35,-5.5,6.0,-11,0,0,-17.0,SOFT,graded,pbp,73,71,-0.074,0.0834,-8,ok,0,14,6,0,2,,1,1,
v3.0,2025,2025-10-18,Iowa,Penn State,home,25,24,-3.5,3.8,1,0,0,-2.8,AS EXPECTED,graded,pbp,48,73,0.2594,0.0531,9,ok,0,10,6,3,3,,2,1,Night
v3.0,2025,2025-10-18,Vanderbilt,LSU,home,31,24,-1.5,1.6,7,0,0,5.4,AS EXPECTED,graded,pbp,67,49,-0.0416,0.0227,-3,ok,0,0,2,4,5,-4,0,0,Top-10 opponent
v3.0,2025,2025-10-18,Baylor,TCU,away,36,42,3.5,-3.8,-6,0,0,-2.2,AS EXPECTED,graded,pbp,94,71,-0.2271,-0.0531,-11,ok,0,17,7,1,2,,1,4,Road
v3.0,2025,2025-10-18,Stanford,Florida State,home,20,13,17.5,-17.0,7,0,0,24.0,CERTIFIED DAWG,graded,pbp,66,77,-0.0359,-0.2654,12,ok,0,13,8,1,2,-3,0,1,Night
v3.0,2025,2025-10-18,Texas A&M,Arkansas,away,45,42,-8.5,9.1,3,0,0,-6.1,AS EXPECTED,graded,pbp,67,64,-0.0137,0.1289,-7,ok,0,10,3,5,6,-8,0,0,Road · Full house
v3.0,2025,2025-10-18,Houston,Arizona,home,31,28,2.5,-2.7,3,0,0,5.7,AS EXPECTED,graded,pbp,70,62,0.0121,-0.0379,2,ok,0,14,3,2,4,-11,0,0,
v3.0,2025,2025-10-18,Oregon,Rutgers,away,56,10,-18.5,17.7,39,14,7,21.3,DAWG,graded,pbp,33,35,1.023,0.2806,18,ok,0,21,3,1,1,28,3,2,Road · Full house
v3.0,2025,2025-10-18,Purdue,Northwestern,away,0,19,3.5,-3.8,-19,0,0,-15.2,SOFT,graded,pbp,56,76,-0.2424,-0.0531,-9,ok,0,0,6,0,1,,2,3,Road · Full house
v3.0,2025,2025-10-18,Texas,Kentucky,away,16,13,-13.5,13.9,3,0,0,-10.9,AS EXPECTED,graded,pbp,52,81,-0.1953,0.2047,-19,ok,0,10,8,1,2,,1,0,Road · Night · Full house
v3.0,2025,2025-10-18,BYU,Utah,home,24,21,5.5,-6.0,3,0,0,9.0,AS EXPECTED,graded,pbp,67,72,-0.0852,-0.0834,0,ok,0,14,7,1,2,-7,1,0,Ranked opponent
v3.0,2025,2025-10-18,Utah,BYU,away,21,24,-5.5,6.0,-3,0,0,-9.0,AS EXPECTED,graded,pbp,72,67,0.0852,0.0834,0,ok,0,21,6,0,2,,0,1,Road · Full house · Ranked opponent
v3.0,2025,2025-10-18,SMU,Clemson,away,35,24,5.5,-6.0,11,0,0,17.0,DAWG,graded,pbp,71,73,0.074,-0.0834,8,ok,0,13,8,4,4,1,1,1,Road · Full house
v3.0,2025,2025-10-18,South Carolina,Oklahoma,home,7,26,4.5,-4.9,-19,0,0,-14.1,SOFT,graded,pbp,65,66,-0.308,-0.0682,-11,ok,0,7,6,0,1,,0,2,Ranked opponent
v3.0,2025,2025-10-18,Virginia,Washington State,home,22,20,-16.5,16.2,2,0,0,-14.2,SOFT,graded,pbp,57,60,0.0306,0.2502,-9,ok,0,20,6,0,2,,2,0,Group of 5 opponent
v3.0,2025,2025-10-18,UCLA,Maryland,home,20,17,-4.5,4.9,3,0,0,-1.9,AS EXPECTED,graded,pbp,74,76,0.0257,0.0682,-2,ok,0,17,10,1,1,-7,2,1,
v3.0,2025,2025-10-18,TCU,Baylor,home,42,36,-3.5,3.8,6,0,0,2.2,AS EXPECTED,graded,pbp,71,94,0.2271,0.0531,11,ok,0,14,8,3,3,-9,4,1,
v3.0,2025,2025-10-18,Tennessee,Alabama,away,20,37,8.5,-9.1,-17,0,0,-7.9,AS EXPECTED,graded,pbp,77,61,-0.1119,-0.1289,1,ok,0,14,4,0,2,,1,0,Road · Night · Full house · Top-10 opponent
v3.0,2025,2025-10-18,Washington,Michigan,away,7,24,4.5,-4.9,-17,0,0,-12.1,AS EXPECTED,graded,pbp,55,68,-0.2955,-0.0682,-10,ok,0,7,5,0,2,,0,3,Road · Full house
v3.0,2025,2025-10-18,Texas Tech,Arizona State,away,22,26,-8.5,9.1,-4,0,0,-13.1,SOFT,graded,pbp,64,84,-0.1009,0.1289,-12,ok,0,21,6,0,3,,0,1,Road · Full house
v3.0,2025,2025-10-18,Wisconsin,Ohio State,home,0,34,24.5,-22.1,-27,0,7,-4.9,AS EXPECTED,graded,pbp,30,57,-0.8335,-0.3716,-15,ok,0,0,2,0,1,,0,1,Top-10 opponent
v3.0,2025,2025-10-18,West Virginia,UCF,away,13,45,6.5,-7.1,-28,6,10,-20.9,SOFT,graded,pbp,61,51,-0.3221,-0.0986,-9,ok,0,7,5,0,1,,2,1,Road · Full house
v3.0,2025,2025-10-18,USC,Notre Dame,away,24,34,10.5,-11.1,-10,0,0,1.1,AS EXPECTED,graded,pbp,69,71,-0.2999,-0.1592,-7,ok,0,10,6,2,4,,1,3,Road · Night · Full house · Ranked opponent
v3.0,2025,2025-10-18,Alabama,Tennessee,home,37,20,-8.5,9.1,17,0,0,7.9,AS EXPECTED,graded,pbp,61,77,0.1119,0.1289,-1,ok,0,14,4,1,3,8,0,1,Night · Ranked opponent
v3.0,2025,2025-10-18,Mississippi State,Florida,away,21,23,9.5,-10.1,-2,0,0,8.1,AS EXPECTED,graded,pbp,81,68,-0.0237,-0.1441,7,ok,0,0,5,0,3,,2,2,Road · Full house
v3.0,2025,2025-10-18,Florida State,Stanford,away,13,20,-17.5,17.0,-7,0,0,-24.0,CERTIFIED SOFT,graded,pbp,77,66,0.0359,0.2654,-12,ok,0,6,6,0,2,,1,0,Road · Night
v3.0,2025,2025-10-18,Florida,Mississippi State,home,23,21,-9.5,10.1,2,0,0,-8.1,AS EXPECTED,graded,pbp,68,81,0.0237,0.1441,-7,ok,0,17,7,2,3,-11,2,2,
v3.0,2025,2025-10-18,Georgia Tech,Duke,away,27,18,3.5,-3.8,9,0,0,12.8,DAWG,graded,pbp,57,73,-0.0864,-0.0531,-2,ok,0,17,5,1,1,-1,1,0,Road
v3.0,2025,2025-10-18,Georgia,Ole Miss,home,43,35,-7.5,8.1,8,0,0,-0.1,AS EXPECTED,graded,pbp,80,60,0.0823,0.1137,-2,ok,0,10,2,2,2,,0,0,Top-10 opponent
v3.0,2025,2025-10-18,Northwestern,Purdue,home,19,0,-3.5,3.8,19,0,0,15.2,DAWG,graded,pbp,76,56,0.2424,0.0531,9,ok,0,17,9,0,0,9,3,2,
v3.0,2025,2025-10-18,Arkansas,Texas A&M,home,42,45,8.5,-9.1,-3,0,0,6.1,AS EXPECTED,graded,pbp,64,67,0.0137,-0.1289,7,ok,0,14,2,0,2,,0,0,Top-10 opponent
v3.0,2025,2025-10-18,Indiana,Michigan State,home,38,13,-26.5,23.5,25,3,3,1.5,AS EXPECTED,graded,pbp,39,48,0.4811,0.4019,3,ok,0,14,2,2,2,14,0,0,
v3.0,2025,2025-10-18,Notre Dame,USC,home,34,24,-10.5,11.1,10,0,0,-1.1,AS EXPECTED,graded,pbp,71,69,0.2999,0.1592,7,ok,0,14,6,1,5,0,3,1,Night · Ranked opponent
v3.0,2025,2025-10-18,Arizona State,Texas Tech,home,26,22,8.5,-9.1,4,0,0,13.1,DAWG,graded,pbp,84,64,0.1009,-0.1289,12,ok,0,16,8,2,3,-5,1,0,Top-10 opponent
v3.0,2025,2025-10-18,Kentucky,Texas,home,13,16,13.5,-13.9,-3,0,0,10.9,AS EXPECTED,graded,pbp,81,52,0.1953,-0.2047,19,ok,0,10,8,1,3,,0,1,Night · Ranked opponent
v3.0,2025,2025-10-18,LSU,Vanderbilt,away,24,31,1.5,-1.6,-7,0,0,-5.4,AS EXPECTED,graded,pbp,49,67,0.0416,-0.0227,3,ok,0,3,3,1,2,,0,0,Road · Ranked opponent
v3.0,2025,2025-10-24,California,Virginia Tech,away,34,42,6.5,-7.1,-8,0,0,-0.9,AS EXPECTED,graded,pbp,63,69,-0.0106,-0.0986,4,ok,12,17,5,1,6,-18,0,0,Road · Night
v3.0,2025,2025-10-24,Virginia Tech,California,home,42,34,-6.5,7.1,8,0,0,0.9,AS EXPECTED,graded,pbp,69,63,0.0106,0.0986,-4,ok,12,24,5,1,5,-2,0,0,Night
v3.0,2025,2025-10-25,Boston College,Louisville,away,24,38,25.5,-22.8,-14,0,0,8.8,AS EXPECTED,graded,pbp,84,60,-0.1238,-0.3867,14,ok,0,7,9,1,2,,3,3,Road · Night · Ranked opponent
v3.0,2025,2025-10-25,Michigan State,Michigan,home,20,31,13.5,-13.9,-11,0,0,2.9,AS EXPECTED,graded,pbp,74,66,-0.0625,-0.2047,7,ok,0,7,7,0,1,,1,1,Night · Ranked opponent
v3.0,2025,2025-10-25,Michigan,Michigan State,away,31,20,-13.5,13.9,11,0,0,-2.9,AS EXPECTED,graded,pbp,66,74,0.0625,0.2047,-7,ok,0,24,9,0,1,1,1,1,Road · Night · Full house
v3.0,2025,2025-10-25,Minnesota,Iowa,away,3,41,7.5,-8.1,-31,3,10,-22.9,SOFT,graded,pbp,22,32,-0.8124,-0.1137,-14,ok,0,0,0,0,1,,0,3,Road · Full house
v3.0,2025,2025-10-25,Missouri,Vanderbilt,away,10,17,3.5,-3.8,-7,0,0,-3.2,AS EXPECTED,graded,pbp,79,45,-0.066,-0.0531,-1,ok,0,3,6,1,2,,1,1,Road · Top-10 opponent
v3.0,2025,2025-10-25,Ole Miss,Oklahoma,away,34,26,5.5,-6.0,8,0,0,14.0,DAWG,graded,pbp,87,59,-0.0707,-0.0834,1,ok,0,7,5,2,4,-4,0,0,Road · Full house · Ranked opponent
v3.0,2025,2025-10-25,NC State,Pittsburgh,away,34,53,5.5,-6.0,-32,13,0,-26.0,CERTIFIED SOFT,graded,pbp,41,76,-0.3061,-0.0834,-10,ok,0,7,2,0,1,,1,1,Road
v3.0,2025,2025-10-25,North Carolina,Virginia,home,16,17,12.5,-13.0,-1,0,0,12.0,AS EXPECTED,graded,pbp,70,62,0.1737,-0.1896,18,ok,12,3,10,2,3,,2,3,Ranked opponent
v3.0,2025,2025-10-25,Wake Forest,SMU,home,13,12,5.5,-6.0,1,0,0,7.0,AS EXPECTED,graded,pbp,75,67,0.0386,-0.0834,6,ok,0,13,13,0,3,,3,4,
v3.0,2025,2025-10-25,Nebraska,Northwestern,home,28,21,-7.5,8.1,7,0,0,-1.1,AS EXPECTED,graded,pbp,61,59,0.0406,0.1137,-3,ok,0,21,4,0,4,-8,2,2,
v3.0,2025,2025-10-25,Rutgers,Purdue,away,27,24,2.5,-2.7,3,0,0,5.7,AS EXPECTED,graded,pbp,75,51,0.1987,-0.0379,11,ok,0,24,6,1,2,,1,1,Road
v3.0,2025,2025-10-25,Syracuse,Georgia Tech,away,16,41,17.5,-17.0,-31,6,0,-14.0,SOFT,graded,pbp,43,61,-0.3572,-0.2654,-3,ok,0,10,3,0,2,,1,1,Road · Full house · Top-10 opponent
v3.0,2025,2025-10-25,Oklahoma State,Texas Tech,away,0,42,35.5,-28.7,-35,0,7,-6.3,AS EXPECTED,graded,pbp,37,45,-0.3202,-0.5384,7,ok,0,0,5,0,2,,2,2,Road · Full house · Ranked opponent
v3.0,2025,2025-10-25,Auburn,Arkansas,away,33,24,2.5,-2.7,9,0,0,11.7,AS EXPECTED,graded,pbp,70,45,0.1613,-0.0379,8,ok,0,19,5,1,3,-1,4,1,Road · Full house
v3.0,2025,2025-10-25,Oklahoma,Ole Miss,home,26,34,-5.5,6.0,-8,0,0,-14.0,SOFT,graded,pbp,59,87,0.0707,0.0834,-1,ok,0,17,4,1,6,,0,0,Top-10 opponent
v3.0,2025,2025-10-25,Cincinnati,Baylor,home,41,20,-3.5,3.8,21,0,0,17.2,DAWG,graded,pbp,72,59,0.1282,0.0531,4,ok,0,17,4,1,1,7,1,0,
v3.0,2025,2025-10-25,Pittsburgh,NC State,home,53,34,-5.5,6.0,32,0,13,26.0,CERTIFIED DAWG,graded,pbp,76,41,0.3061,0.0834,10,ok,0,30,7,2,3,22,1,1,
v3.0,2025,2025-10-25,Iowa,Minnesota,home,41,3,-7.5,8.1,31,10,3,22.9,DAWG,graded,pbp,32,22,0.8124,0.1137,14,ok,0,10,2,0,0,21,3,0,
v3.0,2025,2025-10-25,Kansas,Kansas State,home,17,42,-3.5,3.8,-25,0,0,-28.8,CERTIFIED SOFT,graded,pbp,73,48,-0.4076,0.0531,-20,ok,0,7,4,0,2,,0,4,
v3.0,2025,2025-10-25,Kansas State,Kansas,away,42,17,3.5,-3.8,25,0,0,28.8,CERTIFIED DAWG,graded,pbp,48,73,0.4076,-0.0531,20,ok,0,21,7,1,1,11,4,0,Road
v3.0,2025,2025-10-25,Vanderbilt,Missouri,home,17,10,-3.5,3.8,7,0,0,3.2,AS EXPECTED,graded,pbp,45,79,0.066,0.0531,1,ok,0,14,6,1,2,,1,1,Ranked opponent
v3.0,2025,2025-10-25,Baylor,Cincinnati,away,20,41,3.5,-3.8,-21,0,0,-17.2,SOFT,graded,pbp,59,72,-0.1282,-0.0531,-4,ok,0,0,1,0,1,,0,1,Road · Full house · Ranked opponent
v3.0,2025,2025-10-25,Miami,Stanford,home,42,7,-28.5,24.9,28,7,0,3.1,AS EXPECTED,graded,pbp,62,45,0.5916,0.4322,6,ok,0,35,7,0,1,14,2,0,Night
v3.0,2025,2025-10-25,Stanford,Miami,away,7,42,28.5,-24.9,-28,0,7,-3.1,AS EXPECTED,graded,pbp,45,62,-0.5916,-0.4322,-6,ok,0,7,4,0,1,,0,2,Road · Night · Full house · Top-10 opponent
v3.0,2025,2025-10-25,Texas A&M,LSU,away,49,25,-1.5,1.6,24,7,7,22.4,DAWG,graded,pbp,51,46,0.3304,0.0227,11,ok,0,28,7,1,3,14,0,2,Road · Night · Full house · Ranked opponent
v3.0,2025,2025-10-25,Houston,Arizona State,away,24,16,7.5,-8.1,14,0,6,22.1,DAWG,graded,pbp,72,63,-0.0457,-0.1137,3,ok,0,21,6,0,1,5,1,0,Road · Full house · Ranked opponent
v3.0,2025,2025-10-25,Oregon,Wisconsin,home,21,7,-31.5,26.7,14,0,0,-12.7,SOFT,graded,pbp,64,50,0.1538,0.4777,-14,ok,0,14,6,0,0,0,1,0,
v3.0,2025,2025-10-25,Purdue,Rutgers,home,24,27,-2.5,2.7,-3,0,0,-5.7,AS EXPECTED,graded,pbp,51,75,-0.1987,0.0379,-11,ok,0,10,6,1,3,-13,1,1,
v3.0,2025,2025-10-25,Texas,Mississippi State,away,45,38,-8.5,9.1,7,0,0,-2.1,AS EXPECTED,graded,pbp,77,82,-0.161,0.1289,-17,ok,7,17,8,0,3,,1,1,Road
v3.0,2025,2025-10-25,BYU,Iowa State,away,41,27,2.5,-2.7,14,0,0,16.7,DAWG,graded,pbp,67,70,0.2535,-0.0379,15,ok,0,10,3,1,3,0,3,0,Road · Full house
v3.0,2025,2025-10-25,Utah,Colorado,home,53,7,-14.5,14.7,40,13,7,25.3,CERTIFIED DAWG,graded,espn,,,,,,pbp_conflict,0,10,4,0,0,30,1,0,Night
v3.0,2025,2025-10-25,SMU,Wake Forest,away,12,13,-5.5,6.0,-1,0,0,-7.0,AS EXPECTED,graded,pbp,67,75,-0.0386,0.0834,-6,ok,0,13,13,0,2,,4,3,Road
v3.0,2025,2025-10-25,South Carolina,Alabama,home,22,29,12.5,-13.0,-7,0,0,6.0,AS EXPECTED,graded,pbp,70,66,-0.0513,-0.1896,7,ok,0,13,7,0,3,,1,2,Top-10 opponent
v3.0,2025,2025-10-25,Virginia,North Carolina,away,17,16,-12.5,13.0,1,0,0,-12.0,AS EXPECTED,graded,pbp,62,70,-0.1737,0.1896,-18,ok,12,10,10,0,2,,3,2,Road · Full house
v3.0,2025,2025-10-25,UCLA,Indiana,away,6,56,27.5,-24.2,-32,3,21,-7.8,AS EXPECTED,graded,pbp,30,40,-0.9252,-0.4171,-13,ok,0,0,1,0,1,,2,3,Road · Full house · Top-10 opponent
v3.0,2025,2025-10-25,TCU,West Virginia,away,23,17,-16.5,16.2,6,0,0,-10.2,AS EXPECTED,graded,pbp,73,73,0.0565,0.2502,-10,ok,0,16,8,1,1,-4,0,0,Road
v3.0,2025,2025-10-25,Tennessee,Kentucky,away,56,34,-7.5,8.1,29,0,7,20.9,DAWG,graded,pbp,59,62,0.0953,0.1137,-1,ok,0,28,5,1,2,15,2,0,Road · Night · Full house
v3.0,2025,2025-10-25,Washington,Illinois,home,42,25,-3.5,3.8,17,0,0,13.2,DAWG,graded,pbp,67,62,0.3081,0.0531,12,ok,0,14,2,2,3,6,2,0,Ranked opponent
v3.0,2025,2025-10-25,Texas Tech,Oklahoma State,home,42,0,-35.5,28.7,35,7,0,6.3,AS EXPECTED,graded,pbp,45,37,0.3202,0.5384,-7,ok,0,28,9,1,1,22,2,2,
v3.0,2025,2025-10-25,Wisconsin,Oregon,away,7,21,31.5,-26.7,-14,0,0,12.7,DAWG,graded,pbp,50,64,-0.1538,-0.4777,14,ok,0,0,6,0,0,,0,1,Road · Full house · Top-10 opponent
v3.0,2025,2025-10-25,West Virginia,TCU,home,17,23,16.5,-16.2,-6,0,0,10.2,AS EXPECTED,graded,pbp,73,73,-0.0565,-0.2502,10,ok,0,10,5,0,1,,0,0,
v3.0,2025,2025-10-25,Alabama,South Carolina,away,29,22,-12.5,13.0,7,0,0,-6.0,AS EXPECTED,graded,pbp,66,70,0.0513,0.1896,-7,ok,0,7,4,1,4,,2,1,Road · Full house
v3.0,2025,2025-10-25,Mississippi State,Texas,home,38,45,8.5,-9.1,-7,0,0,2.1,AS EXPECTED,graded,pbp,82,77,0.161,-0.1289,17,ok,7,24,9,1,5,-17,1,1,Ranked opponent
v3.0,2025,2025-10-25,Illinois,Washington,away,25,42,3.5,-3.8,-17,0,0,-13.2,SOFT,graded,pbp,62,67,-0.3081,-0.0531,-12,ok,0,7,1,1,1,,0,2,Road · Full house
v3.0,2025,2025-10-25,Colorado,Utah,away,7,53,14.5,-14.7,-40,7,13,-25.3,CERTIFIED SOFT,graded,espn,,,,,,pbp_conflict,0,0,2,0,1,,0,1,Road · Night · Full house
v3.0,2025,2025-10-25,Georgia Tech,Syracuse,home,41,16,-17.5,17.0,31,0,6,14.0,DAWG,graded,pbp,61,43,0.3572,0.2654,3,ok,0,24,6,1,1,17,1,1,
v3.0,2025,2025-10-25,Iowa State,BYU,home,27,41,-2.5,2.7,-14,0,0,-16.7,SOFT,graded,pbp,70,67,-0.2535,0.0379,-15,ok,0,7,3,3,5,-24,0,3,Ranked opponent
v3.0,2025,2025-10-25,Northwestern,Nebraska,away,21,28,7.5,-8.1,-7,0,0,1.1,AS EXPECTED,graded,pbp,59,61,-0.0406,-0.1137,3,ok,0,10,4,2,3,,2,2,Road · Full house
v3.0,2025,2025-10-25,Arkansas,Auburn,home,24,33,-2.5,2.7,-9,0,0,-11.7,AS EXPECTED,graded,pbp,45,70,-0.1613,0.0379,-8,ok,0,7,1,1,7,-20,1,4,
v3.0,2025,2025-10-25,Indiana,UCLA,home,56,6,-27.5,24.2,32,21,3,7.8,AS EXPECTED,graded,pbp,40,30,0.9252,0.4171,13,ok,0,21,4,0,0,18,3,2,
v3.0,2025,2025-10-25,Arizona State,Houston,home,16,24,-7.5,8.1,-14,6,0,-22.1,SOFT,graded,pbp,63,72,0.0457,0.1137,-3,ok,0,10,6,0,1,,0,1,
v3.0,2025,2025-10-25,Kentucky,Tennessee,home,34,56,7.5,-8.1,-29,7,0,-20.9,SOFT,graded,pbp,62,59,-0.0953,-0.1137,1,ok,0,7,3,0,1,,0,2,Night · Ranked opponent
v3.0,2025,2025-10-25,Louisville,Boston College,home,38,24,-25.5,22.8,14,0,0,-8.8,AS EXPECTED,graded,pbp,60,84,0.1238,0.3867,-14,ok,0,31,11,1,4,3,3,3,Night
v3.0,2025,2025-10-25,LSU,Texas A&M,home,25,49,1.5,-1.6,-24,7,7,-22.4,SOFT,graded,pbp,46,51,-0.3304,-0.0227,-11,ok,0,10,3,1,3,,2,0,Night · Top-10 opponent
v3.0,2025,2025-10-31,North Carolina,Syracuse,away,27,10,1.5,-1.6,17,0,0,18.6,DAWG,graded,pbp,64,50,0.5648,-0.0227,25,ok,0,27,7,0,2,8,1,1,Road · Night
v3.0,2025,2025-10-31,Syracuse,North Carolina,home,10,27,-1.5,1.6,-17,0,0,-18.6,SOFT,graded,pbp,50,64,-0.5648,0.0227,-25,ok,0,3,4,0,2,,1,1,Night
v3.0,2025,2025-11-01,Boston College,Notre Dame,home,10,25,30.5,-26.1,-15,0,0,11.1,AS EXPECTED,graded,pbp,78,55,-0.3421,-0.4626,6,ok,0,3,6,0,1,,1,3,Ranked opponent
v3.0,2025,2025-11-01,Arizona,Colorado,away,52,17,-3.5,3.8,31,14,10,27.2,CERTIFIED DAWG,graded,pbp,31,35,0.7178,0.0531,16,ok,0,24,5,0,0,21,5,2,Road
v3.0,2025,2025-11-01,Maryland,Indiana,home,10,55,21.5,-19.8,-31,0,14,-11.2,AS EXPECTED,graded,pbp,28,52,-0.4229,-0.3261,-3,ok,0,3,2,0,2,,1,5,Top-10 opponent
v3.0,2025,2025-11-01,Michigan State,Minnesota,away,20,23,5.5,-6.0,-3,0,0,3.0,AS EXPECTED,graded,pbp,67,58,0.144,-0.0834,10,ok,7,10,7,0,1,,0,0,Road
v3.0,2025,2025-11-01,Michigan,Purdue,home,21,16,-22.5,20.6,5,0,0,-15.6,SOFT,graded,pbp,61,65,0.1033,0.3412,-11,ok,0,21,6,0,2,-6,1,2,Night
v3.0,2025,2025-11-01,Minnesota,Michigan State,home,23,20,-5.5,6.0,3,0,0,-3.0,AS EXPECTED,graded,pbp,58,67,-0.144,0.0834,-10,ok,7,10,7,2,4,,0,0,
v3.0,2025,2025-11-01,Ole Miss,South Carolina,home,30,14,-13.5,13.9,16,0,0,2.1,AS EXPECTED,graded,pbp,66,62,0.301,0.2047,5,ok,0,24,7,1,2,6,2,1,Night
v3.0,2025,2025-11-01,Duke,Clemson,away,46,45,4.5,-4.9,1,0,0,5.9,AS EXPECTED,graded,pbp,64,72,-0.0897,-0.0682,-1,ok,0,21,3,3,5,-13,0,0,Road · Full house
v3.0,2025,2025-11-01,NC State,Georgia Tech,home,48,36,4.5,-4.9,12,0,0,16.9,DAWG,graded,pbp,66,70,0.0769,-0.0682,7,ok,0,10,2,4,7,1,0,1,Night · Top-10 opponent
v3.0,2025,2025-11-01,Wake Forest,Florida State,away,7,42,12.5,-13.0,-28,7,14,-15.0,SOFT,graded,pbp,51,43,-0.5906,-0.1896,-14,ok,0,0,3,0,1,,1,2,Road · Night
v3.0,2025,2025-11-01,Nebraska,USC,home,17,21,4.5,-4.9,-4,0,0,0.9,AS EXPECTED,graded,pbp,62,61,-0.0807,-0.0682,-1,ok,0,7,5,2,4,,1,1,Night · Ranked opponent
v3.0,2025,2025-11-01,Rutgers,Illinois,away,13,35,12.5,-13.0,-29,7,0,-16.0,SOFT,graded,pbp,59,62,-0.3764,-0.1896,-8,ok,0,3,1,1,2,,1,0,Road · Full house
v3.0,2025,2025-11-01,Ohio State,Penn State,home,38,14,-17.5,17.0,24,0,0,7.0,AS EXPECTED,graded,pbp,47,48,0.4388,0.2654,6,ok,0,24,6,1,1,14,1,1,
v3.0,2025,2025-11-01,Oklahoma State,Kansas,away,21,38,24.5,-22.1,-24,7,0,-1.9,AS EXPECTED,graded,pbp,51,58,-0.2144,-0.3716,6,ok,0,0,0,0,2,,0,0,Road
v3.0,2025,2025-11-01,Auburn,Kentucky,home,3,10,-11.5,12.1,-7,0,0,-19.1,SOFT,graded,pbp,71,61,-0.0312,0.1744,-10,ok,0,3,7,0,2,,2,1,Night
v3.0,2025,2025-11-01,Oklahoma,Tennessee,away,33,27,2.5,-2.7,6,0,0,8.7,AS EXPECTED,graded,pbp,64,80,-0.0509,-0.0379,-1,ok,0,19,6,0,1,-3,2,2,Road · Night · Full house · Ranked opponent
v3.0,2025,2025-11-01,UCF,Baylor,away,3,30,3.5,-3.8,-27,0,0,-23.2,SOFT,graded,pbp,53,72,-0.3559,-0.0531,-14,ok,0,3,4,0,1,,1,2,Road
v3.0,2025,2025-11-01,Penn State,Ohio State,away,14,38,17.5,-17.0,-24,0,0,-7.0,AS EXPECTED,graded,pbp,48,47,-0.4388,-0.2654,-6,ok,0,7,2,0,1,,1,1,Road · Full house · Top-10 opponent
v3.0,2025,2025-11-01,Cincinnati,Utah,away,14,45,9.5,-10.1,-24,0,7,-13.9,SOFT,graded,pbp,45,71,-0.1382,-0.1441,0,ok,0,7,5,1,2,,1,3,Road · Night · Full house · Ranked opponent
v3.0,2025,2025-11-01,Pittsburgh,Stanford,away,35,20,-13.5,13.9,15,0,0,1.1,AS EXPECTED,graded,pbp,73,71,0.2097,0.2047,0,ok,0,28,10,0,3,3,3,4,Road
v3.0,2025,2025-11-01,Clemson,Duke,home,45,46,-4.5,4.9,-1,0,0,-5.9,AS EXPECTED,graded,pbp,72,64,0.0897,0.0682,1,ok,0,21,4,1,2,,0,0,
v3.0,2025,2025-11-01,Kansas,Oklahoma State,home,38,21,-24.5,22.1,24,0,7,1.9,AS EXPECTED,graded,pbp,58,51,0.2144,0.3716,-6,ok,0,28,4,1,1,14,0,0,
v3.0,2025,2025-11-01,Kansas State,Texas Tech,home,20,43,7.5,-8.1,-23,0,0,-14.9,SOFT,graded,pbp,61,75,-0.2137,-0.1137,-5,ok,0,14,7,0,3,,2,4,Ranked opponent
v3.0,2025,2025-11-01,Vanderbilt,Texas,away,31,34,3.5,-3.8,-9,6,0,-5.2,AS EXPECTED,graded,pbp,55,60,0.0675,-0.0531,5,ok,0,14,2,0,1,,0,1,Road · Full house · Ranked opponent
v3.0,2025,2025-11-01,Baylor,UCF,home,30,3,-3.5,3.8,27,0,0,23.2,DAWG,graded,pbp,72,53,0.3559,0.0531,14,ok,0,23,9,0,0,13,2,1,
v3.0,2025,2025-11-01,Miami,SMU,away,20,26,-6.5,7.1,-6,0,0,-13.1,SOFT,graded,pbp,73,64,0.074,0.0986,-1,ok,11,10,7,2,3,,1,2,Road · Full house
v3.0,2025,2025-11-01,Stanford,Pittsburgh,home,20,35,13.5,-13.9,-15,0,0,-1.1,AS EXPECTED,graded,pbp,71,73,-0.2097,-0.2047,0,ok,0,14,9,1,2,,4,3,
v3.0,2025,2025-11-01,Houston,West Virginia,home,35,45,-12.5,13.0,-10,0,0,-23.0,SOFT,graded,pbp,67,75,-0.0063,0.1896,-10,ok,0,7,4,0,2,,0,3,
v3.0,2025,2025-11-01,California,Virginia,home,21,31,5.5,-6.0,-10,0,0,-4.0,AS EXPECTED,graded,pbp,57,80,-0.1515,-0.0834,-3,ok,0,14,8,0,1,,0,2,Ranked opponent
v3.0,2025,2025-11-01,Purdue,Michigan,away,16,21,22.5,-20.6,-5,0,0,15.6,DAWG,graded,pbp,65,61,-0.1033,-0.3412,11,ok,0,3,6,1,1,,2,1,Road · Night · Full house · Ranked opponent
v3.0,2025,2025-11-01,Texas,Vanderbilt,home,34,31,-3.5,3.8,9,0,6,5.2,AS EXPECTED,graded,pbp,60,55,-0.0675,0.0531,-5,ok,0,20,4,0,0,-1,1,0,Top-10 opponent
v3.0,2025,2025-11-01,Utah,Cincinnati,home,45,14,-9.5,10.1,24,7,0,13.9,DAWG,graded,pbp,71,45,0.1382,0.1441,0,ok,0,31,8,1,1,14,3,1,Night · Ranked opponent
v3.0,2025,2025-11-01,SMU,Miami,home,26,20,6.5,-7.1,6,0,0,13.1,DAWG,graded,pbp,64,73,-0.074,-0.0986,1,ok,11,20,8,0,3,,2,1,Top-10 opponent
v3.0,2025,2025-11-01,South Carolina,Ole Miss,away,14,30,13.5,-13.9,-16,0,0,-2.1,AS EXPECTED,graded,pbp,62,66,-0.301,-0.2047,-5,ok,0,0,4,0,3,,1,2,Road · Night · Full house · Top-10 opponent
v3.0,2025,2025-11-01,Virginia,California,away,31,21,-5.5,6.0,10,0,0,4.0,AS EXPECTED,graded,pbp,80,57,0.1515,0.0834,3,ok,0,3,8,2,3,0,2,0,Road
v3.0,2025,2025-11-01,Virginia Tech,Louisville,home,16,28,10.5,-11.1,-12,0,0,-0.9,AS EXPECTED,graded,pbp,64,63,-0.1961,-0.1592,-2,ok,0,14,6,0,3,-21,1,0,Ranked opponent
v3.0,2025,2025-11-01,Tennessee,Oklahoma,home,27,33,-2.5,2.7,-6,0,0,-8.7,AS EXPECTED,graded,pbp,80,64,0.0509,0.0379,1,ok,0,21,5,2,4,,2,2,Night · Ranked opponent
v3.0,2025,2025-11-01,Texas Tech,Kansas State,away,43,20,-7.5,8.1,23,0,0,14.9,DAWG,graded,pbp,75,61,0.2137,0.1137,5,ok,0,34,10,2,3,11,4,2,Road · Full house
v3.0,2025,2025-11-01,West Virginia,Houston,away,45,35,12.5,-13.0,10,0,0,23.0,DAWG,graded,pbp,75,67,0.0063,-0.1896,10,ok,0,24,6,1,4,-4,3,0,Road · Ranked opponent
v3.0,2025,2025-11-01,USC,Nebraska,away,21,17,-4.5,4.9,4,0,0,-0.9,AS EXPECTED,graded,pbp,61,62,0.0807,0.0682,1,ok,0,13,6,1,3,,1,1,Road · Night · Full house
v3.0,2025,2025-11-01,Mississippi State,Arkansas,away,38,35,5.5,-6.0,3,0,0,9.0,AS EXPECTED,graded,pbp,71,78,-0.0069,-0.0834,4,ok,0,17,5,0,3,,0,1,Road · Full house
v3.0,2025,2025-11-01,Illinois,Rutgers,home,35,13,-12.5,13.0,29,0,7,16.0,DAWG,graded,pbp,62,59,0.3764,0.1896,8,ok,0,21,3,1,2,14,0,1,
v3.0,2025,2025-11-01,Colorado,Arizona,home,17,52,3.5,-3.8,-31,10,14,-27.2,CERTIFIED SOFT,graded,pbp,35,31,-0.7178,-0.0531,-16,ok,0,0,1,0,1,,2,5,
v3.0,2025,2025-11-01,Florida State,Wake Forest,home,42,7,-12.5,13.0,28,14,7,15.0,DAWG,graded,pbp,43,51,0.5906,0.1896,14,ok,0,28,6,0,0,14,2,1,Night
v3.0,2025,2025-11-01,Florida,Georgia,neutral,20,24,6.5,-7.1,-4,0,0,3.1,AS EXPECTED,graded,pbp,56,68,-0.0779,-0.0986,1,ok,0,13,7,1,3,,1,0,Top-10 opponent
v3.0,2025,2025-11-01,Georgia Tech,NC State,away,36,48,-4.5,4.9,-12,0,0,-16.9,SOFT,graded,pbp,70,66,-0.0769,0.0682,-7,ok,0,7,2,5,6,,1,0,Road · Night · Full house
v3.0,2025,2025-11-01,Georgia,Florida,neutral,24,20,-6.5,7.1,4,0,0,-3.1,AS EXPECTED,graded,pbp,68,56,0.0779,0.0986,-1,ok,0,17,6,0,4,,0,1,
v3.0,2025,2025-11-01,Iowa State,Arizona State,home,19,24,-8.5,9.1,-5,0,0,-14.1,SOFT,graded,pbp,69,70,-0.0519,0.1289,-9,ok,0,13,10,1,4,,3,1,
v3.0,2025,2025-11-01,Arkansas,Mississippi State,home,35,38,-5.5,6.0,-3,0,0,-9.0,AS EXPECTED,graded,pbp,78,71,0.0069,0.0834,-4,ok,0,27,5,1,6,-17,1,0,
v3.0,2025,2025-11-01,Indiana,Maryland,away,55,10,-21.5,19.8,31,14,0,11.2,AS EXPECTED,graded,pbp,52,28,0.4229,0.3261,3,ok,0,27,5,0,1,17,5,1,Road
v3.0,2025,2025-11-01,Notre Dame,Boston College,away,25,10,-30.5,26.1,15,0,0,-11.1,AS EXPECTED,graded,pbp,55,78,0.3421,0.4626,-6,ok,0,21,7,1,2,3,3,1,Road · Full house
v3.0,2025,2025-11-01,Arizona State,Iowa State,away,24,19,8.5,-9.1,5,0,0,14.1,DAWG,graded,pbp,70,69,0.0519,-0.1289,9,ok,0,14,9,2,4,,1,3,Road · Full house
v3.0,2025,2025-11-01,Kentucky,Auburn,away,10,3,11.5,-12.1,7,0,0,19.1,DAWG,graded,pbp,61,71,0.0312,-0.1744,10,ok,0,3,8,0,0,,1,2,Road · Night · Full house
v3.0,2025,2025-11-01,Louisville,Virginia Tech,away,28,16,-10.5,11.1,12,0,0,0.9,AS EXPECTED,graded,pbp,63,64,0.1961,0.1592,2,ok,0,28,8,0,2,0,0,1,Road
v3.0,2025,2025-11-07,UCF,Houston,home,27,30,-1.5,1.6,-3,0,0,-4.6,AS EXPECTED,graded,pbp,59,80,-0.1597,0.0227,-9,ok,0,6,6,1,6,-13,3,2,Night
v3.0,2025,2025-11-07,Houston,UCF,away,30,27,1.5,-1.6,3,0,0,4.6,AS EXPECTED,graded,pbp,80,59,0.1597,-0.0227,9,ok,0,10,6,1,3,,2,3,Road · Night · Full house
v3.0,2025,2025-11-07,USC,Northwestern,home,38,17,-14.5,14.7,21,0,0,6.3,AS EXPECTED,graded,pbp,64,55,0.2854,0.2199,3,ok,0,10,4,1,2,7,1,1,Night
v3.0,2025,2025-11-07,Northwestern,USC,away,17,38,14.5,-14.7,-21,0,0,-6.3,AS EXPECTED,graded,pbp,55,64,-0.2854,-0.2199,-3,ok,0,0,2,2,3,,1,1,Road · Night · Ranked opponent
v3.0,2025,2025-11-08,Boston College,SMU,home,13,45,10.5,-11.1,-25,7,14,-13.9,SOFT,graded,pbp,63,51,-0.5344,-0.1592,-16,ok,0,3,5,0,1,,1,4,
v3.0,2025,2025-11-08,Arizona,Kansas,home,24,20,-6.5,7.1,4,0,0,-3.1,AS EXPECTED,graded,pbp,60,69,0.0041,0.0986,-4,ok,0,17,6,0,3,,0,0,
v3.0,2025,2025-11-08,Maryland,Rutgers,away,20,35,1.5,-1.6,-15,0,0,-13.4,SOFT,graded,pbp,57,69,-0.1642,-0.0227,-7,ok,0,3,4,2,3,,2,1,Road
v3.0,2025,2025-11-08,Missouri,Texas A&M,home,17,38,6.5,-7.1,-21,0,0,-13.9,SOFT,graded,pbp,56,68,-0.2428,-0.0986,-7,ok,0,3,5,0,1,,1,1,Top-10 opponent
v3.0,2025,2025-11-08,Ole Miss,The Citadel,home,49,0,-52.5,36.1,35,14,0,-1.1,AS EXPECTED,graded,pbp,44,23,0.8342,0.7962,1,ok,0,21,4,0,0,21,0,1,FCS opponent
v3.0,2025,2025-11-08,Duke,UConn,away,34,37,-7.5,8.1,-3,0,0,-11.1,AS EXPECTED,graded,pbp,65,71,-0.1082,0.1137,-11,ok,0,14,3,2,7,,0,3,Road · Full house · Group of 5 opponent
v3.0,2025,2025-11-08,North Carolina,Stanford,home,20,15,-8.5,9.1,5,0,0,-4.1,AS EXPECTED,graded,pbp,52,74,0.0091,0.1289,-6,ok,0,13,8,1,2,-9,2,1,
v3.0,2025,2025-11-08,Wake Forest,Virginia,away,16,9,7.5,-8.1,7,0,0,15.1,DAWG,graded,pbp,64,64,0.0275,-0.1137,7,ok,0,9,7,0,3,,3,0,Road · Night · Ranked opponent
v3.0,2025,2025-11-08,Nebraska,UCLA,away,28,21,2.5,-2.7,7,0,0,9.7,AS EXPECTED,graded,pbp,54,64,-0.0306,-0.0379,0,ok,0,14,3,1,1,-7,0,0,Road · Night
v3.0,2025,2025-11-08,Rutgers,Maryland,home,35,20,-1.5,1.6,15,0,0,13.4,DAWG,graded,pbp,69,57,0.1642,0.0227,7,ok,0,14,5,2,4,4,1,2,
v3.0,2025,2025-11-08,Syracuse,Miami,away,10,38,28.5,-24.9,-28,7,7,-3.1,AS EXPECTED,graded,pbp,51,45,-0.4889,-0.4322,-2,ok,0,0,4,0,1,,0,3,Road · Ranked opponent
v3.0,2025,2025-11-08,Ohio State,Purdue,away,34,10,-30.5,26.1,24,7,7,-2.1,AS EXPECTED,graded,pbp,64,32,0.4379,0.4626,-1,ok,0,27,6,1,1,13,1,1,Road · Full house
v3.0,2025,2025-11-08,Auburn,Vanderbilt,away,38,45,5.5,-6.0,-7,0,0,-1.0,AS EXPECTED,graded,pbp,76,66,-0.0417,-0.0834,2,ok,9,17,3,4,7,-18,1,0,Road · Ranked opponent
v3.0,2025,2025-11-08,Penn State,Indiana,home,24,27,13.5,-13.9,-3,0,0,10.9,AS EXPECTED,graded,pbp,65,62,0.0004,-0.2047,10,ok,0,14,5,1,2,,1,2,Top-10 opponent
v3.0,2025,2025-11-08,Clemson,Florida State,home,24,10,-1.5,1.6,14,0,0,12.4,DAWG,graded,pbp,63,69,0.0816,0.0227,3,ok,0,16,9,0,0,-1,2,0,Night
v3.0,2025,2025-11-08,Iowa,Oregon,home,16,18,4.5,-4.9,-2,0,0,2.9,AS EXPECTED,graded,pbp,61,57,-0.005,-0.0682,3,ok,0,7,5,1,3,,1,1,Top-10 opponent
v3.0,2025,2025-11-08,Kansas,Arizona,away,20,24,6.5,-7.1,-4,0,0,3.1,AS EXPECTED,graded,pbp,69,60,-0.0041,-0.0986,4,ok,0,17,7,1,2,-14,0,0,Road
v3.0,2025,2025-11-08,Vanderbilt,Auburn,home,45,38,-5.5,6.0,7,0,0,1.0,AS EXPECTED,graded,pbp,66,76,0.0417,0.0834,-2,ok,9,14,3,3,4,,0,1,
v3.0,2025,2025-11-08,Miami,Syracuse,home,38,10,-28.5,24.9,28,7,7,3.1,AS EXPECTED,graded,pbp,45,51,0.4889,0.4322,2,ok,0,14,5,0,0,14,3,0,
v3.0,2025,2025-11-08,Stanford,North Carolina,away,15,20,8.5,-9.1,-5,0,0,4.1,AS EXPECTED,graded,pbp,74,52,-0.0091,-0.1289,6,ok,0,10,6,0,2,,1,2,Road · Full house
v3.0,2025,2025-11-08,Texas A&M,Missouri,away,38,17,-6.5,7.1,21,0,0,13.9,DAWG,graded,pbp,68,56,0.2428,0.0986,7,ok,0,21,7,0,0,7,1,1,Road · Full house · Ranked opponent
v3.0,2025,2025-11-08,Oregon,Iowa,away,18,16,-4.5,4.9,2,0,0,-2.9,AS EXPECTED,graded,pbp,57,61,0.005,0.0682,-3,ok,0,13,4,1,3,-7,1,1,Road · Full house · Ranked opponent
v3.0,2025,2025-11-08,California,Louisville,away,29,26,18.5,-17.7,3,0,0,20.7,DAWG,graded,pbp,67,66,0.0784,-0.2806,17,ok,10,10,5,4,6,,1,0,Road · Night · Ranked opponent
v3.0,2025,2025-11-08,Purdue,Ohio State,home,10,34,30.5,-26.1,-24,7,7,2.1,AS EXPECTED,graded,pbp,32,64,-0.4379,-0.4626,1,ok,0,3,2,0,1,,1,1,Top-10 opponent
v3.0,2025,2025-11-08,BYU,Texas Tech,away,7,29,13.5,-13.9,-29,7,0,-15.1,SOFT,graded,pbp,57,75,-0.2625,-0.2047,-3,ok,0,0,4,0,1,,0,2,Road · Full house · Top-10 opponent
v3.0,2025,2025-11-08,SMU,Boston College,away,45,13,-10.5,11.1,25,14,7,13.9,DAWG,graded,pbp,51,63,0.5344,0.1592,16,ok,0,31,8,0,0,15,4,1,Road
v3.0,2025,2025-11-08,Virginia,Wake Forest,home,9,16,-7.5,8.1,-7,0,0,-15.1,SOFT,graded,pbp,64,64,-0.0275,0.1137,-7,ok,0,6,8,0,3,,0,3,Night
v3.0,2025,2025-11-08,UCLA,Nebraska,home,21,28,-2.5,2.7,-7,0,0,-9.7,AS EXPECTED,graded,pbp,64,54,0.0306,0.0379,0,ok,0,7,2,1,2,,0,0,Night
v3.0,2025,2025-11-08,TCU,Iowa State,home,17,20,-7.5,8.1,-3,0,0,-11.1,AS EXPECTED,graded,pbp,81,65,0.0612,0.1137,-3,ok,0,10,6,1,2,-14,2,2,
v3.0,2025,2025-11-08,Washington,Wisconsin,away,10,13,-10.5,11.1,-3,0,0,-14.1,SOFT,graded,pbp,67,64,0.0051,0.1592,-7,ok,0,7,8,1,3,,0,2,Road
v3.0,2025,2025-11-08,Texas Tech,BYU,home,29,7,-13.5,13.9,29,0,7,15.1,DAWG,graded,pbp,75,57,0.2625,0.2047,3,ok,0,26,9,0,0,19,2,0,Top-10 opponent
v3.0,2025,2025-11-08,Wisconsin,Washington,home,13,10,10.5,-11.1,3,0,0,14.1,DAWG,graded,pbp,64,67,-0.0051,-0.1592,7,ok,0,13,8,0,2,,2,0,Ranked opponent
v3.0,2025,2025-11-08,West Virginia,Colorado,home,29,22,-6.5,7.1,7,0,0,-0.1,AS EXPECTED,graded,pbp,81,74,-0.0374,0.0986,-8,ok,0,7,7,3,4,-2,1,3,
v3.0,2025,2025-11-08,Alabama,LSU,home,20,9,-10.5,11.1,11,0,0,-0.1,AS EXPECTED,graded,pbp,62,58,0.0621,0.1592,-4,ok,0,13,6,1,2,-3,2,1,Night
v3.0,2025,2025-11-08,Mississippi State,Georgia,home,21,41,9.5,-10.1,-31,14,3,-20.9,SOFT,graded,pbp,46,63,-0.422,-0.1441,-11,ok,0,0,2,0,2,,1,1,Top-10 opponent
v3.0,2025,2025-11-08,Colorado,West Virginia,away,22,29,6.5,-7.1,-7,0,0,0.1,AS EXPECTED,graded,pbp,74,81,0.0374,-0.0986,8,ok,0,10,8,1,2,,3,1,Road
v3.0,2025,2025-11-08,Florida State,Clemson,away,10,24,1.5,-1.6,-14,0,0,-12.4,SOFT,graded,pbp,69,63,-0.0816,-0.0227,-3,ok,0,0,5,0,1,,0,2,Road · Night · Full house
v3.0,2025,2025-11-08,Florida,Kentucky,away,7,38,-5.5,6.0,-24,0,7,-30.0,CERTIFIED SOFT,graded,pbp,52,52,-0.5129,0.0834,-23,ok,0,0,1,0,2,,3,4,Road · Night
v3.0,2025,2025-11-08,Georgia,Mississippi State,away,41,21,-9.5,10.1,31,3,14,20.9,DAWG,graded,pbp,63,46,0.422,0.1441,11,ok,0,31,6,1,1,21,1,1,Road
v3.0,2025,2025-11-08,Iowa State,TCU,away,20,17,7.5,-8.1,3,0,0,11.1,AS EXPECTED,graded,pbp,65,81,-0.0612,-0.1137,3,ok,0,7,5,0,2,,2,2,Road
v3.0,2025,2025-11-08,Indiana,Penn State,away,27,24,-13.5,13.9,3,0,0,-10.9,AS EXPECTED,graded,pbp,62,65,-0.0004,0.2047,-10,ok,0,24,5,1,3,-7,2,1,Road · Full house
v3.0,2025,2025-11-08,Notre Dame,Navy,home,49,10,-30.5,26.1,32,7,0,5.9,AS EXPECTED,graded,pbp,38,40,0.6938,0.4626,7,ok,0,21,4,1,1,18,0,0,Night · Group of 5 opponent
v3.0,2025,2025-11-08,Kentucky,Florida,home,38,7,5.5,-6.0,24,7,0,30.0,CERTIFIED DAWG,graded,pbp,52,52,0.5129,-0.0834,23,ok,0,24,6,1,1,14,4,3,Night
v3.0,2025,2025-11-08,Louisville,California,home,26,29,-18.5,17.7,-3,0,0,-20.7,SOFT,graded,pbp,66,67,-0.0784,0.2806,-17,ok,10,7,5,4,4,,0,1,Night
v3.0,2025,2025-11-08,LSU,Alabama,away,9,20,10.5,-11.1,-11,0,0,0.1,AS EXPECTED,graded,pbp,58,62,-0.0621,-0.1592,4,ok,0,3,6,1,2,,1,2,Road · Night · Full house · Top-10 opponent
v3.0,2025,2025-11-14,Minnesota,Oregon,away,13,42,26.5,-23.5,-29,0,0,-5.5,AS EXPECTED,graded,pbp,48,53,-0.4488,-0.4019,-2,ok,0,3,1,0,1,,1,0,Road · Night · Full house · Top-10 opponent
v3.0,2025,2025-11-14,Clemson,Louisville,away,20,19,2.5,-2.7,1,0,0,3.7,AS EXPECTED,graded,pbp,64,59,-0.1017,-0.0379,-3,ok,0,14,7,1,4,,1,1,Road · Night · Ranked opponent
v3.0,2025,2025-11-14,Oregon,Minnesota,home,42,13,-26.5,23.5,29,0,0,5.5,AS EXPECTED,graded,pbp,53,48,0.4488,0.4019,2,ok,0,14,3,0,0,15,0,1,Night
v3.0,2025,2025-11-14,Louisville,Clemson,home,19,20,-2.5,2.7,-1,0,0,-3.7,AS EXPECTED,graded,pbp,59,64,0.1017,0.0379,3,ok,0,17,8,1,4,,1,1,Night
v3.0,2025,2025-11-15,Boston College,Georgia Tech,home,34,36,16.5,-16.2,-2,0,0,14.2,DAWG,graded,pbp,66,76,0.0593,-0.2502,16,ok,0,14,4,3,6,-13,1,0,Ranked opponent
v3.0,2025,2025-11-15,Arizona,Cincinnati,away,30,24,6.5,-7.1,6,0,0,13.1,DAWG,graded,pbp,73,57,0.0771,-0.0986,8,ok,0,17,5,2,4,-4,2,0,Road · Full house · Ranked opponent
v3.0,2025,2025-11-15,Maryland,Illinois,away,6,24,15.5,-15.5,-18,0,0,-2.5,AS EXPECTED,graded,pbp,64,74,-0.2125,-0.2351,1,ok,0,3,5,0,2,,1,1,Road · Full house
v3.0,2025,2025-11-15,Michigan State,Penn State,home,10,28,6.5,-7.1,-18,0,0,-10.9,AS EXPECTED,graded,pbp,49,63,-0.3732,-0.0986,-11,ok,0,10,6,0,2,,0,1,
v3.0,2025,2025-11-15,Michigan,Northwestern,away,24,22,-10.5,11.1,2,0,0,-9.1,AS EXPECTED,graded,pbp,77,54,-0.0101,0.1592,-8,ok,0,17,5,1,5,-10,1,4,Road · Full house
v3.0,2025,2025-11-15,Missouri,Mississippi State,home,49,27,-7.5,8.1,25,0,3,16.9,DAWG,graded,pbp,56,76,0.2612,0.1137,7,ok,0,28,6,1,3,14,3,2,Night
v3.0,2025,2025-11-15,Ole Miss,Florida,home,34,24,-11.5,12.1,10,0,0,-2.1,AS EXPECTED,graded,pbp,82,57,0.1755,0.1744,0,ok,0,24,6,2,4,0,1,1,Night
v3.0,2025,2025-11-15,Duke,Virginia,home,17,34,-5.5,6.0,-24,7,0,-30.0,CERTIFIED SOFT,graded,pbp,45,77,-0.4063,0.0834,-22,ok,0,3,3,0,1,,2,1,Ranked opponent
v3.0,2025,2025-11-15,NC State,Miami,away,7,41,16.5,-16.2,-31,7,10,-14.8,SOFT,graded,pbp,28,42,-0.8938,-0.2502,-16,ok,0,0,3,0,1,,1,2,Road · Ranked opponent
v3.0,2025,2025-11-15,North Carolina,Wake Forest,away,12,28,3.5,-3.8,-16,0,0,-12.2,AS EXPECTED,graded,pbp,62,63,-0.2798,-0.0531,-10,ok,0,9,6,0,1,,1,0,Road · Full house
v3.0,2025,2025-11-15,Wake Forest,North Carolina,home,28,12,-3.5,3.8,16,0,0,12.2,AS EXPECTED,graded,pbp,63,62,0.2798,0.0531,10,ok,0,14,6,1,3,5,0,1,
v3.0,2025,2025-11-15,Ohio State,UCLA,home,48,10,-32.5,27.2,41,7,10,13.8,DAWG,graded,pbp,56,28,0.7212,0.4929,7,ok,0,27,5,0,0,31,0,0,Night
v3.0,2025,2025-11-15,Oklahoma State,Kansas State,home,6,14,19.5,-18.4,-8,0,0,10.4,AS EXPECTED,graded,pbp,67,58,-0.1178,-0.2957,8,ok,0,6,7,0,2,,1,4,
v3.0,2025,2025-11-15,Oklahoma,Alabama,away,23,21,6.5,-7.1,2,0,0,9.1,AS EXPECTED,graded,pbp,52,76,-0.0321,-0.0986,3,ok,0,9,6,0,3,-8,2,1,Road · Full house · Top-10 opponent
v3.0,2025,2025-11-15,UCF,Texas Tech,away,9,48,24.5,-22.1,-36,7,10,-13.9,SOFT,graded,pbp,34,40,-0.9818,-0.3716,-17,ok,0,0,1,0,1,,0,2,Road · Full house · Top-10 opponent
v3.0,2025,2025-11-15,Penn State,Michigan State,away,28,10,-6.5,7.1,18,0,0,10.9,AS EXPECTED,graded,pbp,63,49,0.3732,0.0986,11,ok,0,14,7,2,2,7,1,0,Road
v3.0,2025,2025-11-15,Cincinnati,Arizona,home,24,30,-6.5,7.1,-6,0,0,-13.1,SOFT,graded,pbp,57,73,-0.0771,0.0986,-8,ok,0,7,4,2,4,,0,2,
v3.0,2025,2025-11-15,Pittsburgh,Notre Dame,home,15,37,12.5,-13.0,-28,6,0,-15.0,SOFT,graded,espn,,,,,,pbp_conflict,0,3,4,0,1,,1,1,Top-10 opponent
v3.0,2025,2025-11-15,Iowa,USC,away,21,26,6.5,-7.1,-5,0,0,2.1,AS EXPECTED,graded,pbp,54,64,-0.1342,-0.0986,-2,ok,0,7,3,1,4,-19,0,1,Road · Ranked opponent
v3.0,2025,2025-11-15,Kansas State,Oklahoma State,away,14,6,-19.5,18.4,8,0,0,-10.4,AS EXPECTED,graded,pbp,58,67,0.1178,0.2957,-8,ok,0,14,7,0,2,,4,1,Road
v3.0,2025,2025-11-15,Baylor,Utah,home,28,55,9.5,-10.1,-35,8,0,-24.9,CERTIFIED SOFT,graded,pbp,72,58,-0.4217,-0.1441,-13,ok,0,13,5,0,1,,0,2,Night · Ranked opponent
v3.0,2025,2025-11-15,Miami,NC State,home,41,7,-16.5,16.2,31,10,7,14.8,DAWG,graded,pbp,42,28,0.8938,0.2502,16,ok,0,17,6,0,0,21,2,1,
v3.0,2025,2025-11-15,Texas A&M,South Carolina,home,31,30,-16.5,16.2,1,0,0,-15.2,SOFT,graded,pbp,67,64,0.4178,0.2502,8,ok,0,14,7,1,2,,1,4,
v3.0,2025,2025-11-15,Purdue,Washington,away,13,49,14.5,-14.7,-35,13,14,-20.3,SOFT,graded,pbp,32,41,-0.8119,-0.2199,-16,ok,0,0,2,0,1,,1,1,Road · Full house
v3.0,2025,2025-11-15,Texas,Georgia,away,10,35,3.5,-3.8,-25,0,0,-21.2,SOFT,graded,pbp,46,61,-0.2358,-0.0531,-7,ok,0,7,4,0,1,,1,1,Road · Night · Full house · Top-10 opponent
v3.0,2025,2025-11-15,BYU,TCU,home,44,13,-2.5,2.7,24,7,0,21.3,DAWG,graded,pbp,60,40,0.1709,0.0379,5,ok,0,21,5,0,0,14,2,1,Night
v3.0,2025,2025-11-15,Utah,Baylor,away,55,28,-9.5,10.1,35,0,8,24.9,CERTIFIED DAWG,graded,pbp,58,72,0.4217,0.1441,13,ok,0,21,7,2,2,21,2,0,Road · Night
v3.0,2025,2025-11-15,South Carolina,Texas A&M,away,30,31,16.5,-16.2,-1,0,0,15.2,DAWG,graded,pbp,64,67,-0.4178,-0.2502,-8,ok,0,13,8,1,2,-15,4,1,Road · Full house · Top-10 opponent
v3.0,2025,2025-11-15,Virginia,Duke,away,34,17,5.5,-6.0,24,0,7,30.0,CERTIFIED DAWG,graded,pbp,77,45,0.4063,-0.0834,22,ok,0,17,6,1,1,13,1,2,Road
v3.0,2025,2025-11-15,Virginia Tech,Florida State,away,14,34,13.5,-13.9,-20,0,0,-6.1,AS EXPECTED,graded,pbp,59,71,-0.1006,-0.2047,5,ok,0,0,1,1,1,,0,2,Road · Night
v3.0,2025,2025-11-15,UCLA,Ohio State,away,10,48,32.5,-27.2,-41,10,7,-13.8,SOFT,graded,pbp,28,56,-0.7212,-0.4929,-7,ok,0,0,0,0,1,,0,0,Road · Night · Full house · Top-10 opponent
v3.0,2025,2025-11-15,TCU,BYU,away,13,44,2.5,-2.7,-24,0,7,-21.3,SOFT,graded,pbp,40,60,-0.1709,-0.0379,-5,ok,0,0,2,0,1,,1,2,Road · Night · Full house · Ranked opponent
v3.0,2025,2025-11-15,Tennessee,New Mexico State,home,42,9,-41.5,31.4,32,7,6,0.6,AS EXPECTED,graded,pbp,56,52,0.579,0.6294,-2,ok,0,21,6,0,0,18,2,2,Group of 5 opponent
v3.0,2025,2025-11-15,Washington,Purdue,home,49,13,-14.5,14.7,35,14,13,20.3,DAWG,graded,pbp,41,32,0.8119,0.2199,16,ok,0,28,5,0,0,21,1,1,
v3.0,2025,2025-11-15,Texas Tech,UCF,home,48,9,-24.5,22.1,36,10,7,13.9,DAWG,graded,pbp,40,34,0.9818,0.3716,17,ok,0,21,5,0,0,22,2,0,
v3.0,2025,2025-11-15,Wisconsin,Indiana,away,7,31,27.5,-24.2,-24,0,0,0.2,AS EXPECTED,graded,pbp,42,56,-0.4215,-0.4171,0,ok,0,7,4,0,1,,0,2,Road · Full house · Top-10 opponent
v3.0,2025,2025-11-15,West Virginia,Arizona State,away,23,25,9.5,-10.1,-2,0,0,8.1,AS EXPECTED,graded,pbp,71,67,0.0631,-0.1441,10,ok,0,17,6,0,2,,1,1,Road · Full house
v3.0,2025,2025-11-15,USC,Iowa,home,26,21,-6.5,7.1,5,0,0,-2.1,AS EXPECTED,graded,pbp,64,54,0.1342,0.0986,2,ok,0,14,4,0,1,,1,0,Ranked opponent
v3.0,2025,2025-11-15,Alabama,Oklahoma,home,21,23,-6.5,7.1,-2,0,0,-9.1,AS EXPECTED,graded,pbp,76,52,0.0321,0.0986,-3,ok,0,0,5,1,3,,1,2,Ranked opponent
v3.0,2025,2025-11-15,Mississippi State,Missouri,away,27,49,7.5,-8.1,-25,3,0,-16.9,SOFT,graded,pbp,76,56,-0.2612,-0.1137,-7,ok,0,7,5,1,1,,2,3,Road · Night · Full house
v3.0,2025,2025-11-15,Illinois,Maryland,home,24,6,-15.5,15.5,18,0,0,2.5,AS EXPECTED,graded,pbp,74,64,0.2125,0.2351,-1,ok,0,17,7,1,2,3,1,1,
v3.0,2025,2025-11-15,Florida State,Virginia Tech,home,34,14,-13.5,13.9,20,0,0,6.1,AS EXPECTED,graded,pbp,71,59,0.1006,0.2047,-5,ok,0,13,4,1,1,10,2,0,Night
v3.0,2025,2025-11-15,Florida,Ole Miss,away,24,34,11.5,-12.1,-10,0,0,2.1,AS EXPECTED,graded,pbp,57,82,-0.1755,-0.1744,0,ok,0,7,4,2,4,,1,1,Road · Night · Full house · Top-10 opponent
v3.0,2025,2025-11-15,Georgia Tech,Boston College,away,36,34,-16.5,16.2,2,0,0,-14.2,SOFT,graded,pbp,76,66,-0.0593,0.2502,-16,ok,0,28,5,2,4,,0,1,Road
v3.0,2025,2025-11-15,Georgia,Texas,home,35,10,-3.5,3.8,25,0,0,21.2,DAWG,graded,pbp,61,46,0.2358,0.0531,7,ok,0,14,6,2,2,14,1,1,Night · Top-10 opponent
v3.0,2025,2025-11-15,Northwestern,Michigan,home,22,24,10.5,-11.1,-2,0,0,9.1,AS EXPECTED,graded,pbp,54,77,0.0101,-0.1592,8,ok,0,13,7,0,2,,4,1,Ranked opponent
v3.0,2025,2025-11-15,Arkansas,LSU,away,22,23,4.5,-4.9,-1,0,0,3.9,AS EXPECTED,graded,pbp,54,70,-0.1454,-0.0682,-4,ok,0,14,5,1,2,-15,0,3,Road · Full house
v3.0,2025,2025-11-15,Indiana,Wisconsin,home,31,7,-27.5,24.2,24,0,0,-0.2,AS EXPECTED,graded,pbp,56,42,0.4215,0.4171,0,ok,0,21,7,1,1,14,2,0,
v3.0,2025,2025-11-15,Notre Dame,Pittsburgh,away,37,15,-12.5,13.0,28,0,6,15.0,DAWG,graded,espn,,,,,,pbp_conflict,0,14,5,0,0,14,1,1,Road · Full house · Ranked opponent
v3.0,2025,2025-11-15,Arizona State,West Virginia,home,25,23,-9.5,10.1,2,0,0,-8.1,AS EXPECTED,graded,pbp,67,71,-0.0631,0.1441,-10,ok,0,21,6,1,4,-10,1,1,
v3.0,2025,2025-11-15,Kentucky,Tennessee Tech,home,42,10,-22.5,20.6,25,7,0,4.4,AS EXPECTED,graded,pbp,50,40,0.3385,0.3412,0,ok,0,21,4,0,0,11,1,0,FCS opponent
v3.0,2025,2025-11-15,LSU,Arkansas,home,23,22,-4.5,4.9,1,0,0,-3.9,AS EXPECTED,graded,pbp,70,54,0.1454,0.0682,4,ok,0,23,7,1,1,,3,0,
v3.0,2025,2025-11-21,NC State,Florida State,home,21,11,6.5,-7.1,10,0,0,17.1,DAWG,graded,pbp,67,66,-0.0052,-0.0986,5,ok,0,14,5,0,2,-1,1,1,Night
v3.0,2025,2025-11-21,Florida State,NC State,away,11,21,-6.5,7.1,-10,0,0,-17.1,SOFT,graded,pbp,66,67,0.0052,0.0986,-5,ok,0,7,4,1,1,,1,1,Road · Night · Full house
v3.0,2025,2025-11-22,Arizona,Baylor,home,41,17,-6.5,7.1,24,0,0,16.9,DAWG,graded,pbp,56,63,0.4924,0.0986,17,ok,0,14,6,3,3,13,3,1,
v3.0,2025,2025-11-22,Maryland,Michigan,home,20,45,13.5,-13.9,-29,7,3,-15.1,SOFT,graded,pbp,57,59,-0.4006,-0.2047,-8,ok,0,0,1,0,2,,0,1,Ranked opponent
v3.0,2025,2025-11-22,Michigan State,Iowa,away,17,20,17.5,-17.0,-3,0,0,14.0,DAWG,graded,pbp,69,61,0.119,-0.2654,18,ok,0,17,10,0,3,-13,2,1,Road · Full house
v3.0,2025,2025-11-22,Michigan,Maryland,away,45,20,-13.5,13.9,29,3,7,15.1,DAWG,graded,pbp,59,57,0.4006,0.2047,8,ok,0,21,3,1,1,15,1,0,Road
v3.0,2025,2025-11-22,Minnesota,Northwestern,away,35,38,4.5,-4.9,-3,0,0,1.9,AS EXPECTED,graded,pbp,49,70,-0.0847,-0.0682,-1,ok,0,7,1,2,6,-18,0,1,Road
v3.0,2025,2025-11-22,Missouri,Oklahoma,away,6,17,4.5,-4.9,-11,0,0,-6.1,AS EXPECTED,graded,pbp,71,62,-0.1098,-0.0682,-2,ok,0,0,9,0,1,,0,2,Road · Full house · Top-10 opponent
v3.0,2025,2025-11-22,Duke,North Carolina,away,32,25,-6.5,7.1,7,0,0,-0.1,AS EXPECTED,graded,pbp,77,52,-0.1039,0.0986,-10,ok,0,17,3,1,3,-3,0,0,Road · Full house
v3.0,2025,2025-11-22,North Carolina,Duke,home,25,32,6.5,-7.1,-7,0,0,0.1,AS EXPECTED,graded,pbp,52,77,0.1039,-0.0986,10,ok,0,7,2,0,3,,0,0,
v3.0,2025,2025-11-22,Wake Forest,Delaware,home,52,14,-17.5,17.0,35,10,7,18.0,DAWG,graded,pbp,47,32,0.634,0.2654,11,ok,0,28,5,1,1,20,1,2,Group of 5 opponent
v3.0,2025,2025-11-22,Nebraska,Penn State,away,10,37,7.5,-8.1,-27,0,0,-18.9,SOFT,graded,pbp,49,45,-0.3814,-0.1137,-9,ok,0,0,0,0,1,,0,0,Road · Night · Full house
v3.0,2025,2025-11-22,Rutgers,Ohio State,away,9,42,28.5,-24.9,-25,6,14,-0.1,AS EXPECTED,graded,pbp,41,49,-0.6102,-0.4322,-6,ok,0,0,3,1,1,,1,1,Road · Top-10 opponent
v3.0,2025,2025-11-22,Syracuse,Notre Dame,away,7,70,36.5,-29.2,-42,7,28,-12.8,SOFT,graded,pbp,20,11,,,,few_plays,0,0,0,0,1,,0,3,Road · Full house · Top-10 opponent
v3.0,2025,2025-11-22,Ohio State,Rutgers,home,42,9,-28.5,24.9,25,14,6,0.1,AS EXPECTED,graded,pbp,49,41,0.6102,0.4322,6,ok,0,28,5,0,1,14,1,1,
v3.0,2025,2025-11-22,Oklahoma State,UCF,away,14,17,12.5,-13.0,-3,0,0,10.0,AS EXPECTED,graded,pbp,58,60,-0.3541,-0.1896,-7,ok,0,7,7,0,3,-17,2,1,Road · Full house
v3.0,2025,2025-11-22,Auburn,Mercer,home,62,17,-26.5,23.5,32,13,0,8.5,AS EXPECTED,graded,pbp,36,52,0.8363,0.4019,14,ok,0,14,2,2,3,21,3,0,FCS opponent
v3.0,2025,2025-11-22,Oklahoma,Missouri,home,17,6,-4.5,4.9,11,0,0,6.1,AS EXPECTED,graded,pbp,62,71,0.1098,0.0682,2,ok,0,14,10,0,1,0,2,0,Ranked opponent
v3.0,2025,2025-11-22,UCF,Oklahoma State,home,17,14,-12.5,13.0,3,0,0,-10.0,AS EXPECTED,graded,pbp,60,58,0.3541,0.1896,7,ok,0,10,8,0,1,,1,2,
v3.0,2025,2025-11-22,Penn State,Nebraska,home,37,10,-7.5,8.1,27,0,0,18.9,DAWG,graded,pbp,45,49,0.3814,0.1137,9,ok,0,17,3,1,1,17,0,0,Night
v3.0,2025,2025-11-22,Cincinnati,BYU,home,14,26,2.5,-2.7,-12,0,0,-9.3,AS EXPECTED,graded,pbp,61,73,-0.0319,-0.0379,0,ok,0,14,4,0,2,,0,2,Night · Ranked opponent
v3.0,2025,2025-11-22,Pittsburgh,Georgia Tech,away,42,28,2.5,-2.7,14,0,0,16.7,DAWG,graded,pbp,67,74,0.1313,-0.0379,9,ok,0,28,7,1,1,0,2,0,Road · Night · Full house · Ranked opponent
v3.0,2025,2025-11-22,Clemson,Furman,home,45,10,-43.5,32.3,28,7,0,-4.3,AS EXPECTED,graded,pbp,60,61,0.3497,0.6597,-14,ok,0,35,7,0,0,18,2,0,FCS opponent
v3.0,2025,2025-11-22,Iowa,Michigan State,home,20,17,-17.5,17.0,3,0,0,-14.0,SOFT,graded,pbp,61,69,-0.119,0.2654,-18,ok,0,10,9,0,2,,1,2,
v3.0,2025,2025-11-22,Kansas,Iowa State,away,14,38,3.5,-3.8,-24,0,0,-20.2,SOFT,graded,pbp,44,73,-0.1161,-0.0531,-3,ok,0,0,1,0,1,,0,1,Road · Full house
v3.0,2025,2025-11-22,Kansas State,Utah,away,47,51,18.5,-17.7,-4,0,0,13.7,DAWG,graded,pbp,65,85,0.1296,-0.2806,23,ok,0,24,4,4,7,-14,1,1,Road · Full house · Ranked opponent
v3.0,2025,2025-11-22,Vanderbilt,Kentucky,home,45,17,-6.5,7.1,35,7,14,27.9,CERTIFIED DAWG,graded,pbp,56,36,0.7362,0.0986,21,ok,0,24,6,0,0,25,3,1,
v3.0,2025,2025-11-22,Baylor,Arizona,away,17,41,6.5,-7.1,-24,0,0,-16.9,SOFT,graded,pbp,63,56,-0.4924,-0.0986,-17,ok,0,3,4,1,3,,1,3,Road
v3.0,2025,2025-11-22,Miami,Virginia Tech,away,34,17,-17.5,17.0,17,0,0,0.0,AS EXPECTED,graded,pbp,63,67,0.2318,0.2654,-2,ok,0,13,5,1,1,6,1,0,Road · Full house
v3.0,2025,2025-11-22,Stanford,California,home,31,10,4.5,-4.9,21,0,0,25.9,CERTIFIED DAWG,graded,pbp,56,74,0.0392,-0.0682,5,ok,0,17,7,0,2,7,3,0,
v3.0,2025,2025-11-22,Texas A&M,Samford,home,48,0,-53.5,36.5,31,17,0,-5.5,AS EXPECTED,graded,pbp,48,24,0.8296,0.8114,0,ok,0,21,4,0,0,17,0,1,FCS opponent
v3.0,2025,2025-11-22,Houston,TCU,home,14,17,1.5,-1.6,-3,0,0,-1.4,AS EXPECTED,graded,pbp,69,69,0.1016,-0.0227,6,ok,0,14,8,0,2,,4,1,
v3.0,2025,2025-11-22,Oregon,USC,home,42,27,-12.5,13.0,15,0,0,2.0,AS EXPECTED,graded,pbp,70,72,0.1048,0.1896,-4,ok,0,14,5,3,4,1,2,1,Ranked opponent
v3.0,2025,2025-11-22,California,Stanford,away,10,31,-4.5,4.9,-21,0,0,-25.9,CERTIFIED SOFT,graded,pbp,74,56,-0.0392,0.0682,-5,ok,0,3,7,1,2,,0,3,Road · Full house
v3.0,2025,2025-11-22,Texas,Arkansas,home,52,37,-10.5,11.1,22,0,7,10.9,AS EXPECTED,graded,pbp,59,71,0.1766,0.1592,1,ok,0,10,3,3,5,11,1,0,
v3.0,2025,2025-11-22,BYU,Cincinnati,away,26,14,-2.5,2.7,12,0,0,9.3,AS EXPECTED,graded,pbp,73,61,0.0319,0.0379,0,ok,0,17,6,2,2,2,2,0,Road · Night · Full house
v3.0,2025,2025-11-22,Utah,Kansas State,home,51,47,-18.5,17.7,4,0,0,-13.7,SOFT,graded,pbp,85,65,-0.1296,0.2806,-23,ok,0,14,3,3,6,,1,1,
v3.0,2025,2025-11-22,SMU,Louisville,home,38,6,-3.5,3.8,25,7,0,21.2,DAWG,graded,pbp,67,36,0.3124,0.0531,10,ok,0,24,5,0,1,14,1,0,
v3.0,2025,2025-11-22,South Carolina,Coastal Carolina,home,51,7,-24.5,22.1,37,14,7,14.9,DAWG,graded,pbp,34,38,1.0274,0.3716,17,ok,0,21,4,0,0,24,1,0,Group of 5 opponent
v3.0,2025,2025-11-22,Virginia Tech,Miami,home,17,34,17.5,-17.0,-17,0,0,-0.0,AS EXPECTED,graded,pbp,67,63,-0.2318,-0.2654,2,ok,0,7,2,1,1,,0,1,Ranked opponent
v3.0,2025,2025-11-22,UCLA,Washington,home,14,48,10.5,-11.1,-34,14,14,-22.9,SOFT,graded,pbp,41,48,-0.5877,-0.1592,-14,ok,0,7,3,0,1,,1,3,Night
v3.0,2025,2025-11-22,TCU,Houston,away,17,14,-1.5,1.6,3,0,0,1.4,AS EXPECTED,graded,pbp,69,69,-0.1016,0.0227,-6,ok,0,10,9,0,2,-11,1,4,Road · Ranked opponent
v3.0,2025,2025-11-22,Tennessee,Florida,away,31,11,-3.5,3.8,31,0,11,27.2,CERTIFIED DAWG,graded,pbp,62,25,0.5789,0.0531,17,ok,0,21,3,0,0,17,0,0,Road · Night · Full house
v3.0,2025,2025-11-22,Washington,UCLA,away,48,14,-10.5,11.1,34,14,14,22.9,DAWG,graded,pbp,48,41,0.5877,0.1592,14,ok,0,34,8,0,0,24,3,1,Road · Night
v3.0,2025,2025-11-22,Wisconsin,Illinois,home,27,10,8.5,-9.1,17,0,0,26.1,CERTIFIED DAWG,graded,pbp,60,64,0.1947,-0.1289,15,ok,0,27,7,0,2,7,0,0,Night · Ranked opponent
v3.0,2025,2025-11-22,USC,Oregon,away,27,42,12.5,-13.0,-15,0,0,-2.0,AS EXPECTED,graded,pbp,72,70,-0.1048,-0.1896,4,ok,0,14,4,1,3,,1,2,Road · Full house · Top-10 opponent
v3.0,2025,2025-11-22,Alabama,Eastern Illinois,home,56,0,-54.5,36.9,35,21,0,-1.9,AS EXPECTED,graded,pbp,46,25,0.8842,0.8265,1,ok,0,28,6,0,0,21,1,2,FCS opponent
v3.0,2025,2025-11-22,Illinois,Wisconsin,away,10,27,-8.5,9.1,-17,0,0,-26.1,CERTIFIED SOFT,graded,pbp,64,60,-0.1947,0.1289,-15,ok,0,10,5,0,1,,0,0,Road · Night
v3.0,2025,2025-11-22,Colorado,Arizona State,home,17,42,6.5,-7.1,-25,0,0,-17.9,SOFT,graded,pbp,65,70,-0.3544,-0.0986,-13,ok,0,10,9,1,4,,4,1,Night · Ranked opponent
v3.0,2025,2025-11-22,Florida,Tennessee,home,11,31,3.5,-3.8,-31,11,0,-27.2,CERTIFIED SOFT,graded,pbp,25,62,-0.5789,-0.0531,-17,ok,0,0,0,0,1,,0,0,Night · Ranked opponent
v3.0,2025,2025-11-22,Georgia Tech,Pittsburgh,home,28,42,-2.5,2.7,-14,0,0,-16.7,SOFT,graded,pbp,74,67,-0.1313,0.0379,-9,ok,0,21,6,0,1,,0,2,Night
v3.0,2025,2025-11-22,Georgia,Charlotte,home,35,3,-42.5,31.8,32,0,0,0.2,AS EXPECTED,graded,pbp,47,24,0.8437,0.6445,5,ok,0,28,4,0,0,18,2,1,Group of 5 opponent
v3.0,2025,2025-11-22,Iowa State,Kansas,home,38,14,-3.5,3.8,24,0,0,20.2,DAWG,graded,pbp,73,44,0.1161,0.0531,3,ok,0,17,5,0,0,10,1,0,
v3.0,2025,2025-11-22,Northwestern,Minnesota,home,38,35,-4.5,4.9,3,0,0,-1.9,AS EXPECTED,graded,pbp,70,49,0.0847,0.0682,1,ok,0,17,3,2,3,-7,1,0,
v3.0,2025,2025-11-22,Arkansas,Texas,away,37,52,10.5,-11.1,-22,7,0,-10.9,AS EXPECTED,graded,pbp,71,59,-0.1766,-0.1592,-1,ok,0,7,3,3,4,,0,1,Road · Full house · Ranked opponent
v3.0,2025,2025-11-22,Notre Dame,Syracuse,home,70,7,-36.5,29.2,42,28,7,12.8,DAWG,graded,pbp,11,20,,,,few_plays,0,7,1,0,0,28,3,0,
v3.0,2025,2025-11-22,Arizona State,Colorado,away,42,17,-6.5,7.1,25,0,0,17.9,DAWG,graded,pbp,70,65,0.3544,0.0986,13,ok,0,34,12,1,3,14,1,4,Road · Night
v3.0,2025,2025-11-22,Kentucky,Vanderbilt,away,17,45,6.5,-7.1,-35,14,7,-27.9,CERTIFIED SOFT,graded,pbp,36,56,-0.7362,-0.0986,-21,ok,0,3,2,0,1,,1,3,Road · Ranked opponent
v3.0,2025,2025-11-22,Louisville,SMU,away,6,38,3.5,-3.8,-25,0,7,-21.2,SOFT,graded,pbp,36,67,-0.3124,-0.0531,-10,ok,0,0,2,1,1,,0,1,Road · Full house
v3.0,2025,2025-11-22,LSU,Western Kentucky,home,13,10,-25.5,22.8,3,0,0,-19.8,SOFT,graded,pbp,78,65,0.3095,0.3867,-4,ok,0,13,12,0,1,-7,2,2,Night · Group of 5 opponent
v3.0,2025,2025-11-28,Arizona,Arizona State,away,23,7,-2.5,2.7,16,0,0,13.3,DAWG,graded,pbp,88,52,0.335,0.0379,15,ok,0,23,9,0,1,7,5,0,Road · Night · Full house · Ranked opponent
v3.0,2025,2025-11-28,Ole Miss,Mississippi State,away,38,19,-7.5,8.1,19,0,0,10.9,AS EXPECTED,graded,pbp,76,74,0.1569,0.1137,2,ok,0,7,6,3,3,8,1,0,Road · Full house
v3.0,2025,2025-11-28,Nebraska,Iowa,home,16,40,5.5,-6.0,-24,0,0,-18.0,SOFT,graded,pbp,44,52,-0.3369,-0.0834,-9,ok,0,7,2,2,4,,0,1,
v3.0,2025,2025-11-28,Iowa,Nebraska,away,40,16,-5.5,6.0,24,0,0,18.0,DAWG,graded,pbp,52,44,0.3369,0.0834,9,ok,0,21,5,4,4,14,1,0,Road · Full house
v3.0,2025,2025-11-28,Kansas,Utah,home,21,31,10.0,-10.6,-10,0,0,0.6,AS EXPECTED,graded,pbp,78,56,-0.1392,-0.1517,1,ok,0,14,5,0,3,,1,3,Ranked opponent
v3.0,2025,2025-11-28,Texas A&M,Texas,away,17,27,-2.5,2.7,-10,0,0,-12.7,SOFT,graded,pbp,65,67,0.0145,0.0379,-1,ok,0,14,5,1,3,,0,1,Road · Night · Full house · Ranked opponent
v3.0,2025,2025-11-28,Purdue,Indiana,home,3,56,28.5,-24.9,-32,0,21,-7.1,AS EXPECTED,graded,pbp,43,41,-0.6211,-0.4322,-6,ok,0,3,3,0,1,,0,2,Night · Top-10 opponent
v3.0,2025,2025-11-28,Texas,Texas A&M,home,27,17,2.5,-2.7,10,0,0,12.7,DAWG,graded,pbp,67,65,-0.0145,-0.0379,1,ok,0,20,8,1,3,0,1,0,Night · Top-10 opponent
v3.0,2025,2025-11-28,Utah,Kansas,away,31,21,-10.0,10.6,10,0,0,-0.6,AS EXPECTED,graded,pbp,56,78,0.1392,0.1517,-1,ok,0,10,5,2,3,0,3,1,Road
v3.0,2025,2025-11-28,Mississippi State,Ole Miss,home,19,38,7.5,-8.1,-19,0,0,-10.9,AS EXPECTED,graded,pbp,74,76,-0.1569,-0.1137,-2,ok,0,3,5,1,2,,0,1,Top-10 opponent
v3.0,2025,2025-11-28,Georgia Tech,Georgia,neutral,9,16,16.5,-16.2,-7,0,0,9.2,AS EXPECTED,graded,pbp,50,67,0.0801,-0.2502,14,ok,0,9,4,0,2,,1,1,Top-10 opponent
v3.0,2025,2025-11-28,Georgia,Georgia Tech,neutral,16,9,-16.5,16.2,7,0,0,-9.2,AS EXPECTED,graded,pbp,67,50,-0.0801,0.2502,-14,ok,0,10,5,2,3,-3,1,1,Ranked opponent
v3.0,2025,2025-11-28,Indiana,Purdue,away,56,3,-28.5,24.9,32,21,0,7.1,AS EXPECTED,graded,pbp,41,43,0.6211,0.4322,6,ok,0,21,6,1,1,21,2,0,Road · Night · Full house
v3.0,2025,2025-11-28,Arizona State,Arizona,home,7,23,2.5,-2.7,-16,0,0,-13.3,SOFT,graded,pbp,52,88,-0.335,-0.0379,-15,ok,0,7,6,0,2,,0,5,Night · Ranked opponent
v3.0,2025,2025-11-29,Boston College,Syracuse,away,34,12,-2.5,2.7,28,0,6,25.3,CERTIFIED DAWG,graded,pbp,55,47,0.4377,0.0379,15,ok,0,31,6,1,2,14,0,0,Road
v3.0,2025,2025-11-29,Maryland,Michigan State,neutral,28,38,4.0,-4.4,-10,0,0,-5.6,AS EXPECTED,graded,pbp,76,69,0.0522,-0.0607,6,ok,0,7,6,0,2,,1,1,Night
v3.0,2025,2025-11-29,Michigan State,Maryland,neutral,38,28,-4.0,4.4,10,0,0,5.6,AS EXPECTED,graded,pbp,69,76,-0.0522,0.0607,-6,ok,0,24,7,0,2,0,1,1,Night
v3.0,2025,2025-11-29,Michigan,Ohio State,home,9,27,10.0,-10.6,-18,0,0,-7.4,AS EXPECTED,graded,pbp,41,74,-0.5595,-0.1517,-17,ok,0,3,3,1,2,,1,0,Top-10 opponent
v3.0,2025,2025-11-29,Minnesota,Wisconsin,home,17,7,2.5,-2.7,10,0,0,12.7,DAWG,graded,pbp,56,55,0.1906,-0.0379,9,ok,0,17,8,0,0,0,3,0,
v3.0,2025,2025-11-29,Missouri,Arkansas,away,31,17,-4.5,4.9,14,0,0,9.1,AS EXPECTED,graded,pbp,64,55,0.0738,0.0682,0,ok,0,10,5,0,1,0,0,0,Road
v3.0,2025,2025-11-29,Duke,Wake Forest,home,49,32,-2.5,2.7,17,0,0,14.3,DAWG,graded,pbp,74,75,0.0173,0.0379,-1,ok,0,28,7,1,2,6,4,0,
v3.0,2025,2025-11-29,NC State,North Carolina,home,42,19,-7.0,7.6,29,0,6,21.4,DAWG,graded,pbp,68,49,0.2421,0.1062,6,ok,0,14,4,1,1,15,1,0,Night
v3.0,2025,2025-11-29,North Carolina,NC State,away,19,42,7.0,-7.6,-29,6,0,-21.4,SOFT,graded,pbp,49,68,-0.2421,-0.1062,-6,ok,0,3,2,0,1,,0,1,Road · Night · Full house
v3.0,2025,2025-11-29,Wake Forest,Duke,away,32,49,2.5,-2.7,-17,0,0,-14.3,SOFT,graded,pbp,75,74,-0.0173,-0.0379,1,ok,0,0,5,1,1,,0,4,Road
v3.0,2025,2025-11-29,Rutgers,Penn State,home,36,40,12.5,-13.0,-4,0,0,9.0,AS EXPECTED,graded,pbp,64,53,0.1135,-0.1896,13,ok,0,7,3,4,7,,0,1,
v3.0,2025,2025-11-29,Syracuse,Boston College,home,12,34,2.5,-2.7,-28,6,0,-25.3,CERTIFIED SOFT,graded,pbp,47,55,-0.4377,-0.0379,-15,ok,0,3,4,1,2,,0,0,
v3.0,2025,2025-11-29,Ohio State,Michigan,away,27,9,-10.0,10.6,18,0,0,7.4,AS EXPECTED,graded,pbp,74,41,0.5595,0.1517,17,ok,0,17,4,2,3,3,0,1,Road · Full house · Ranked opponent
v3.0,2025,2025-11-29,Oklahoma State,Iowa State,home,13,20,14.0,-14.3,-7,0,0,7.3,AS EXPECTED,graded,pbp,58,67,-0.2207,-0.2123,0,ok,0,3,5,0,1,,0,2,
v3.0,2025,2025-11-29,Auburn,Alabama,home,20,27,7.0,-7.6,-7,0,0,0.6,AS EXPECTED,graded,pbp,75,72,0.0046,-0.1062,6,ok,0,13,6,0,3,,0,2,Night · Top-10 opponent
v3.0,2025,2025-11-29,Oklahoma,LSU,home,17,13,-12.5,13.0,4,0,0,-9.0,AS EXPECTED,graded,pbp,69,55,0.301,0.1896,5,ok,0,17,10,0,3,,1,3,
v3.0,2025,2025-11-29,UCF,BYU,away,21,41,17.5,-17.0,-20,0,0,-3.0,AS EXPECTED,graded,pbp,60,65,-0.3058,-0.2654,-2,ok,0,7,3,0,4,-34,0,2,Road · Full house · Ranked opponent
v3.0,2025,2025-11-29,Penn State,Rutgers,away,40,36,-12.5,13.0,4,0,0,-9.0,AS EXPECTED,graded,pbp,53,64,-0.1135,0.1896,-13,ok,0,7,3,4,5,,1,0,Road · Full house
v3.0,2025,2025-11-29,Cincinnati,TCU,away,23,45,3.0,-3.3,-22,0,0,-18.7,SOFT,graded,espn,,,,,,pbp_conflict,0,7,2,0,1,,0,0,Road
v3.0,2025,2025-11-29,Pittsburgh,Miami,home,7,38,6.5,-7.1,-24,0,7,-16.9,SOFT,graded,pbp,41,51,-0.3952,-0.0986,-10,ok,0,0,3,1,2,,1,2,Ranked opponent
v3.0,2025,2025-11-29,Clemson,South Carolina,away,28,14,2.5,-2.7,14,0,0,16.7,DAWG,graded,pbp,79,61,0.171,-0.0379,11,ok,0,10,8,1,2,0,4,2,Road · Full house
v3.0,2025,2025-11-29,Kansas State,Colorado,home,24,14,-16.5,16.2,10,0,0,-6.2,AS EXPECTED,graded,pbp,60,72,0.1525,0.2502,-5,ok,0,10,6,1,1,0,1,0,
v3.0,2025,2025-11-29,Vanderbilt,Tennessee,away,45,24,2.5,-2.7,21,0,0,23.7,DAWG,graded,pbp,67,74,0.3322,-0.0379,19,ok,0,24,5,2,4,11,0,2,Road · Full house · Ranked opponent
v3.0,2025,2025-11-29,Baylor,Houston,home,24,31,-2.5,2.7,-7,0,0,-9.7,AS EXPECTED,graded,pbp,72,79,-0.1298,0.0379,-9,ok,0,17,5,0,2,,1,2,
v3.0,2025,2025-11-29,Miami,Pittsburgh,away,38,7,-6.5,7.1,24,7,0,16.9,DAWG,graded,pbp,51,41,0.3952,0.0986,10,ok,0,24,7,1,1,14,2,1,Road · Ranked opponent
v3.0,2025,2025-11-29,Stanford,Notre Dame,home,20,49,32.5,-27.2,-32,17,14,-4.8,AS EXPECTED,graded,pbp,30,46,-0.7205,-0.4929,-6,ok,0,0,0,0,1,,0,1,Night · Top-10 opponent
v3.0,2025,2025-11-29,Houston,Baylor,away,31,24,2.5,-2.7,7,0,0,9.7,AS EXPECTED,graded,pbp,79,72,0.1298,-0.0379,9,ok,0,21,5,2,3,-7,2,1,Road
v3.0,2025,2025-11-29,Oregon,Washington,away,26,14,-6.5,7.1,12,0,0,4.9,AS EXPECTED,graded,pbp,71,63,0.1373,0.0986,2,ok,0,16,8,1,1,2,2,0,Road · Full house
v3.0,2025,2025-11-29,California,SMU,home,38,35,13.5,-13.9,3,0,0,16.9,DAWG,graded,pbp,76,67,-0.0304,-0.2047,9,ok,0,17,4,2,3,-7,1,0,Night · Ranked opponent
v3.0,2025,2025-11-29,BYU,UCF,home,41,21,-17.5,17.0,20,0,0,3.0,AS EXPECTED,graded,pbp,65,60,0.3058,0.2654,2,ok,0,13,6,2,3,10,2,0,
v3.0,2025,2025-11-29,SMU,California,away,35,38,-13.5,13.9,-3,0,0,-16.9,SOFT,graded,pbp,67,76,0.0304,0.2047,-9,ok,0,14,3,1,3,,0,1,Road · Night
v3.0,2025,2025-11-29,South Carolina,Clemson,home,14,28,-2.5,2.7,-14,0,0,-16.7,SOFT,graded,pbp,61,79,-0.171,0.0379,-11,ok,0,7,7,1,4,,2,4,
v3.0,2025,2025-11-29,Virginia,Virginia Tech,home,27,7,-8.5,9.1,24,3,7,14.9,DAWG,graded,pbp,66,39,0.3799,0.1289,10,ok,0,27,10,0,0,10,2,0,Night
v3.0,2025,2025-11-29,Virginia Tech,Virginia,away,7,27,8.5,-9.1,-24,7,3,-14.9,SOFT,graded,pbp,39,66,-0.3799,-0.1289,-10,ok,0,0,5,0,1,,0,2,Road · Night · Full house · Ranked opponent
v3.0,2025,2025-11-29,UCLA,USC,away,10,29,21.5,-19.8,-19,0,0,0.8,AS EXPECTED,graded,pbp,64,55,-0.3871,-0.3261,-3,ok,0,10,3,0,2,,0,0,Road · Full house · Ranked opponent
v3.0,2025,2025-11-29,TCU,Cincinnati,home,45,23,-3.0,3.3,22,0,0,18.7,DAWG,graded,espn,,,,,,pbp_conflict,0,14,4,2,3,8,0,0,
v3.0,2025,2025-11-29,Tennessee,Vanderbilt,home,24,45,-2.5,2.7,-21,0,0,-23.7,SOFT,graded,pbp,74,67,-0.3322,0.0379,-19,ok,0,14,3,1,3,,2,0,Ranked opponent
v3.0,2025,2025-11-29,Washington,Oregon,home,14,26,6.5,-7.1,-12,0,0,-4.9,AS EXPECTED,graded,pbp,63,71,-0.1373,-0.0986,-2,ok,0,7,4,0,1,,0,2,Top-10 opponent
v3.0,2025,2025-11-29,Texas Tech,West Virginia,away,49,0,-24.5,22.1,35,14,0,12.9,DAWG,graded,pbp,62,30,0.8011,0.3716,14,ok,0,28,5,0,0,21,2,2,Road
v3.0,2025,2025-11-29,Wisconsin,Minnesota,away,7,17,-2.5,2.7,-10,0,0,-12.7,SOFT,graded,pbp,55,56,-0.1906,0.0379,-9,ok,0,0,6,0,1,,0,3,Road
v3.0,2025,2025-11-29,West Virginia,Texas Tech,home,0,49,24.5,-22.1,-35,0,14,-12.9,SOFT,graded,pbp,30,62,-0.8011,-0.3716,-14,ok,0,0,1,0,1,,2,2,Top-10 opponent
v3.0,2025,2025-11-29,USC,UCLA,home,29,10,-21.5,19.8,19,0,0,-0.8,AS EXPECTED,graded,pbp,55,64,0.3871,0.3261,3,ok,0,21,5,0,1,8,0,0,
v3.0,2025,2025-11-29,Alabama,Auburn,away,27,20,-7.0,7.6,7,0,0,-0.6,AS EXPECTED,graded,pbp,72,75,-0.0046,0.1062,-6,ok,0,17,8,2,2,-4,2,0,Road · Night · Full house
v3.0,2025,2025-11-29,Illinois,Northwestern,home,20,13,-7.0,7.6,7,0,0,-0.6,AS EXPECTED,graded,pbp,52,66,0.1383,0.1062,1,ok,0,13,6,1,3,,3,1,Night
v3.0,2025,2025-11-29,Colorado,Kansas State,away,14,24,16.5,-16.2,-10,0,0,6.2,AS EXPECTED,graded,pbp,72,60,-0.1525,-0.2502,5,ok,0,7,4,0,2,,0,1,Road · Full house
v3.0,2025,2025-11-29,Florida State,Florida,away,21,40,-1.5,1.6,-19,0,0,-20.6,SOFT,graded,pbp,65,68,-0.1529,0.0227,-9,ok,0,7,2,0,1,,1,2,Road · Full house
v3.0,2025,2025-11-29,Florida,Florida State,home,40,21,1.5,-1.6,19,0,0,20.6,DAWG,graded,pbp,68,65,0.1529,-0.0227,9,ok,0,27,6,1,2,9,2,1,
v3.0,2025,2025-11-29,Iowa State,Oklahoma State,away,20,13,-14.0,14.3,7,0,0,-7.3,AS EXPECTED,graded,pbp,67,58,0.2207,0.2123,0,ok,0,20,7,0,2,-3,2,0,Road
v3.0,2025,2025-11-29,Northwestern,Illinois,away,13,20,7.0,-7.6,-7,0,0,0.6,AS EXPECTED,graded,pbp,66,52,-0.1383,-0.1062,-1,ok,0,6,6,1,3,,1,3,Road · Night
v3.0,2025,2025-11-29,Arkansas,Missouri,home,17,31,4.5,-4.9,-14,0,0,-9.1,AS EXPECTED,graded,pbp,55,64,-0.0738,-0.0682,0,ok,0,10,3,0,2,,0,0,
v3.0,2025,2025-11-29,Notre Dame,Stanford,away,49,20,-32.5,27.2,32,14,17,4.8,AS EXPECTED,graded,pbp,46,30,0.7205,0.4929,6,ok,0,21,3,0,0,18,1,0,Road · Night
v3.0,2025,2025-11-29,Kentucky,Louisville,away,0,41,3.5,-3.8,-27,0,14,-23.2,SOFT,graded,pbp,44,55,-0.4642,-0.0531,-15,ok,0,0,3,0,1,,0,1,Road
v3.0,2025,2025-11-29,Louisville,Kentucky,home,41,0,-3.5,3.8,27,14,0,23.2,DAWG,graded,pbp,55,44,0.4642,0.0531,15,ok,0,27,7,0,0,17,1,0,
v3.0,2025,2025-11-29,LSU,Oklahoma,away,13,17,12.5,-13.0,-4,0,0,9.0,AS EXPECTED,graded,pbp,55,69,-0.301,-0.1896,-5,ok,0,13,10,0,3,,3,1,Road · Full house · Top-10 opponent
v3.0,2025,2025-12-06,Duke,Virginia,neutral,27,20,3.5,-3.8,7,0,0,10.8,AS EXPECTED,graded,pbp,62,68,-0.0559,-0.0531,0,ok,8,3,5,2,3,-3,2,1,Night · Ranked opponent
v3.0,2025,2025-12-06,Ohio State,Indiana,neutral,10,13,-3.5,3.8,-3,0,0,-6.8,AS EXPECTED,graded,pbp,56,57,-0.0704,0.0531,-5,ok,0,10,4,0,3,,1,1,Night · Top-10 opponent
v3.0,2025,2025-12-06,BYU,Texas Tech,neutral,7,34,12.5,-13.0,-24,0,3,-11.0,AS EXPECTED,graded,pbp,54,65,-0.4287,-0.1896,-10,ok,0,7,5,0,2,,0,4,Top-10 opponent
v3.0,2025,2025-12-06,Virginia,Duke,neutral,20,27,-3.5,3.8,-7,0,0,-10.8,AS EXPECTED,graded,pbp,68,62,0.0559,0.0531,0,ok,8,17,5,0,4,,1,2,Night
v3.0,2025,2025-12-06,Texas Tech,BYU,neutral,34,7,-12.5,13.0,24,3,0,11.0,AS EXPECTED,graded,pbp,65,54,0.4287,0.1896,10,ok,0,30,10,1,1,10,4,0,Ranked opponent
v3.0,2025,2025-12-06,Alabama,Georgia,neutral,7,28,1.5,-1.6,-21,0,0,-19.4,SOFT,graded,pbp,56,67,-0.2948,-0.0227,-12,ok,0,7,6,0,1,,0,1,Top-10 opponent
v3.0,2025,2025-12-06,Georgia,Alabama,neutral,28,7,-1.5,1.6,21,0,0,19.4,DAWG,graded,pbp,67,56,0.2948,0.0227,12,ok,0,28,9,0,0,7,1,0,Top-10 opponent
v3.0,2025,2025-12-06,Indiana,Ohio State,neutral,13,10,3.5,-3.8,3,0,0,6.8,AS EXPECTED,graded,pbp,57,56,0.0704,-0.0531,5,ok,0,10,5,1,2,,1,1,Night · Top-10 opponent
v3.0,2025,2025-12-13,Washington,Boise State,neutral,38,10,-10.0,10.6,28,7,7,17.4,DAWG,graded,espn,,,,,,pbp_conflict,0,21,5,1,1,14,5,1,Night · Postseason · Group of 5 opponent
v3.0,2025,2025-12-19,NC State,Memphis,neutral,31,7,-3.5,3.8,24,0,0,20.2,DAWG,graded,pbp,50,51,0.3941,0.0531,13,ok,0,24,9,0,0,10,1,0,Postseason · Group of 5 opponent
v3.0,2025,2025-12-19,Oklahoma,Alabama,home,24,34,-2.5,2.7,-10,0,0,-12.7,SOFT,graded,pbp,75,55,-0.0602,0.0379,-5,ok,0,17,7,0,2,-20,0,1,Night · Top-10 opponent · Postseason
v3.0,2025,2025-12-19,Alabama,Oklahoma,away,34,24,2.5,-2.7,10,0,0,12.7,DAWG,graded,pbp,55,75,0.0602,-0.0379,5,ok,0,20,7,0,2,0,1,0,Road · Night · Full house · Top-10 opponent · Postseason
v3.0,2025,2025-12-20,Ole Miss,Tulane,home,41,10,-16.5,16.2,24,14,7,7.8,AS EXPECTED,graded,pbp,52,53,0.3985,0.2502,6,ok,0,27,7,0,0,10,3,1,Ranked opponent · Postseason · Group of 5 opponent
v3.0,2025,2025-12-20,Miami,Texas A&M,away,10,3,3.0,-3.3,7,0,0,10.3,AS EXPECTED,graded,pbp,49,75,0.1468,-0.0455,9,ok,0,7,8,0,1,,3,1,Road · Full house · Top-10 opponent · Postseason
v3.0,2025,2025-12-20,Texas A&M,Miami,home,3,10,-3.0,3.3,-7,0,0,-10.3,AS EXPECTED,graded,pbp,75,49,-0.1468,0.0455,-9,ok,0,3,7,0,2,,1,3,Top-10 opponent · Postseason
v3.0,2025,2025-12-20,Oregon,James Madison,home,51,34,-20.5,19.1,38,0,21,18.9,DAWG,graded,pbp,45,59,0.369,0.3109,2,ok,0,14,2,1,1,28,0,2,Ranked opponent · Postseason · Group of 5 opponent
v3.0,2025,2025-12-23,Louisville,Toledo,neutral,27,22,-11.5,12.1,5,0,0,-7.1,AS EXPECTED,graded,pbp,60,69,-0.0891,0.1744,-12,ok,0,14,6,1,2,-6,1,1,Postseason · Group of 5 opponent
v3.0,2025,2025-12-24,California,Hawai'i,away,31,35,1.5,-1.6,-4,0,0,-2.4,AS EXPECTED,graded,pbp,67,72,-0.0868,-0.0227,-3,ok,0,21,3,2,4,-18,0,1,Road · Night · Full house · Postseason · Group of 5 opponent
v3.0,2025,2025-12-26,Minnesota,New Mexico,neutral,20,17,-1.5,1.6,3,0,0,1.4,AS EXPECTED,graded,espn,,,,,,no_pbp,0,0,0,0,0,,0,0,Postseason · Group of 5 opponent
v3.0,2025,2025-12-26,Northwestern,Central Michigan,neutral,34,7,-13.5,13.9,34,0,7,20.1,DAWG,graded,pbp,46,38,0.5308,0.2047,10,ok,0,28,9,0,0,20,3,1,Postseason · Group of 5 opponent
v3.0,2025,2025-12-27,Missouri,Virginia,neutral,7,13,-4.0,4.4,-6,0,0,-10.4,AS EXPECTED,graded,pbp,55,79,-0.2307,0.0607,-14,ok,0,0,5,0,3,,0,1,Night · Ranked opponent · Postseason
v3.0,2025,2025-12-27,Penn State,Clemson,neutral,22,10,2.5,-2.7,12,0,0,14.7,DAWG,graded,pbp,76,65,0.1701,-0.0379,11,ok,0,13,7,2,2,0,0,0,Postseason
v3.0,2025,2025-12-27,Pittsburgh,East Carolina,neutral,17,23,-13.5,13.9,-6,0,0,-19.9,SOFT,graded,pbp,80,59,-0.1876,0.2047,-20,ok,0,7,4,0,4,,2,3,Postseason · Group of 5 opponent
v3.0,2025,2025-12-27,Clemson,Penn State,neutral,10,22,-2.5,2.7,-12,0,0,-14.7,SOFT,graded,pbp,65,76,-0.1701,0.0379,-11,ok,0,3,5,0,3,,0,0,Postseason
v3.0,2025,2025-12-27,Houston,LSU,neutral,38,35,-1.5,1.6,3,0,0,1.4,AS EXPECTED,graded,pbp,82,49,0.0066,0.0227,-1,ok,0,21,5,1,1,-7,1,0,Night · Postseason
v3.0,2025,2025-12-27,BYU,Georgia Tech,neutral,25,21,-3.5,3.8,4,0,0,0.2,AS EXPECTED,graded,pbp,63,68,0.1402,0.0531,4,ok,0,21,5,1,2,,2,1,Ranked opponent · Postseason
v3.0,2025,2025-12-27,Virginia,Missouri,neutral,13,7,4.0,-4.4,6,0,0,10.4,AS EXPECTED,graded,pbp,79,55,0.2307,-0.0607,14,ok,0,6,7,0,1,,1,0,Night · Postseason
v3.0,2025,2025-12-27,Georgia Tech,BYU,neutral,21,25,3.5,-3.8,-4,0,0,-0.2,AS EXPECTED,graded,pbp,68,63,-0.1402,-0.0531,-4,ok,0,0,3,2,4,,1,2,Ranked opponent · Postseason
v3.0,2025,2025-12-27,LSU,Houston,neutral,35,38,1.5,-1.6,-3,0,0,-1.4,AS EXPECTED,graded,pbp,49,82,-0.0066,-0.0227,1,ok,0,21,4,1,2,-17,0,1,Night · Ranked opponent · Postseason
v3.0,2025,2025-12-30,TCU,USC,neutral,30,27,4.5,-4.9,3,0,0,7.9,AS EXPECTED,graded,pbp,68,57,-0.0646,-0.0682,0,ok,8,10,5,2,4,,2,1,Night · Ranked opponent · Postseason
v3.0,2025,2025-12-30,Tennessee,Illinois,neutral,28,30,-3.0,3.3,-2,0,0,-5.3,AS EXPECTED,graded,pbp,54,73,0.118,0.0455,3,ok,0,7,3,0,1,,0,1,Postseason
v3.0,2025,2025-12-30,USC,TCU,neutral,27,30,-4.5,4.9,-3,0,0,-7.9,AS EXPECTED,graded,pbp,57,68,0.0646,0.0682,0,ok,8,13,6,3,4,,1,2,Night · Postseason
v3.0,2025,2025-12-30,Illinois,Tennessee,neutral,30,28,3.0,-3.3,2,0,0,5.3,AS EXPECTED,graded,pbp,73,54,-0.118,-0.0455,-3,ok,0,3,3,3,3,-8,1,0,Postseason
v3.0,2025,2025-12-31,Michigan,Texas,neutral,27,41,4.0,-4.4,-14,0,0,-9.6,AS EXPECTED,graded,pbp,83,67,-0.303,-0.0607,-13,ok,0,10,4,1,5,,0,3,Ranked opponent · Postseason
v3.0,2025,2025-12-31,Duke,Arizona State,neutral,42,39,-4.0,4.4,3,0,0,-1.4,AS EXPECTED,graded,pbp,88,80,0.0451,0.0607,-1,ok,0,28,7,2,6,-8,3,1,Postseason
v3.0,2025,2025-12-31,Nebraska,Utah,neutral,22,44,13.5,-13.9,-24,8,6,-10.1,AS EXPECTED,graded,pbp,46,66,-0.4065,-0.2047,-8,ok,0,0,2,1,3,,0,1,Ranked opponent · Postseason
v3.0,2025,2025-12-31,Ohio State,Miami,neutral,14,24,-7.5,8.1,-10,0,0,-18.1,SOFT,graded,pbp,59,63,-0.0316,0.1137,-6,ok,0,0,5,0,1,,1,2,Night · Top-10 opponent · Postseason
v3.0,2025,2025-12-31,Iowa,Vanderbilt,neutral,34,27,3.0,-3.3,7,0,0,10.3,AS EXPECTED,graded,pbp,60,60,-0.1166,-0.0455,-3,ok,0,17,5,2,3,-4,0,1,Ranked opponent · Postseason
v3.0,2025,2025-12-31,Vanderbilt,Iowa,neutral,27,34,-3.0,3.3,-7,0,0,-10.3,AS EXPECTED,graded,pbp,60,60,0.1166,0.0455,3,ok,0,3,4,0,1,,1,0,Ranked opponent · Postseason
v3.0,2025,2025-12-31,Miami,Ohio State,neutral,24,14,7.5,-8.1,10,0,0,18.1,DAWG,graded,pbp,63,59,0.0316,-0.1137,6,ok,0,14,5,1,2,-4,2,1,Night · Top-10 opponent · Postseason
v3.0,2025,2025-12-31,Texas,Michigan,neutral,41,27,-4.0,4.4,14,0,0,9.6,AS EXPECTED,graded,pbp,67,83,0.303,0.0607,13,ok,0,10,6,5,5,3,3,0,Ranked opponent · Postseason
v3.0,2025,2025-12-31,Utah,Nebraska,neutral,44,22,-13.5,13.9,24,6,8,10.1,AS EXPECTED,graded,pbp,66,46,0.4065,0.2047,8,ok,0,31,7,1,1,14,1,0,Postseason
v3.0,2025,2025-12-31,Arizona State,Duke,neutral,39,42,4.0,-4.4,-3,0,0,1.4,AS EXPECTED,graded,pbp,80,88,-0.0451,-0.0607,1,ok,0,14,7,3,5,,1,3,Postseason
v3.0,2025,2026-01-01,Ole Miss,Georgia,neutral,39,34,6.0,-6.5,5,0,0,11.5,AS EXPECTED,graded,pbp,73,70,0.1374,-0.091,12,ok,0,20,5,1,2,-5,1,0,Night · Top-10 opponent · Postseason
v3.0,2025,2026-01-01,Oregon,Texas Tech,neutral,23,0,1.5,-1.6,23,0,0,24.6,CERTIFIED DAWG,graded,pbp,81,61,0.3336,-0.0227,19,ok,0,20,11,0,0,10,4,1,Top-10 opponent · Postseason
v3.0,2025,2026-01-01,Texas Tech,Oregon,neutral,0,23,-1.5,1.6,-23,0,0,-24.6,CERTIFIED SOFT,graded,pbp,61,81,-0.3336,0.0227,-19,ok,0,0,7,0,2,,1,4,Top-10 opponent · Postseason
v3.0,2025,2026-01-01,Alabama,Indiana,neutral,3,38,7.5,-8.1,-28,0,7,-19.9,SOFT,graded,pbp,36,52,-0.5572,-0.1137,-14,ok,0,0,2,0,1,,0,1,Top-10 opponent · Postseason
v3.0,2025,2026-01-01,Georgia,Ole Miss,neutral,34,39,-6.0,6.5,-5,0,0,-11.5,AS EXPECTED,graded,pbp,70,73,-0.1374,0.091,-12,ok,0,3,4,2,4,-14,0,1,Night · Top-10 opponent · Postseason
v3.0,2025,2026-01-01,Indiana,Alabama,neutral,38,3,-7.5,8.1,28,7,0,19.9,DAWG,graded,pbp,52,36,0.5572,0.1137,14,ok,0,24,5,0,0,18,1,0,Top-10 opponent · Postseason
v3.0,2025,2026-01-02,Arizona,SMU,neutral,19,24,2.5,-2.7,-5,0,0,-2.3,AS EXPECTED,graded,pbp,81,64,0.1285,-0.0379,9,ok,0,21,6,0,1,,3,1,Night · Postseason
v3.0,2025,2026-01-02,Wake Forest,Mississippi State,neutral,43,29,3.0,-3.3,14,0,0,17.3,DAWG,graded,pbp,68,69,0.1363,-0.0455,9,ok,0,7,6,3,6,5,0,1,Night · Postseason
v3.0,2025,2026-01-02,Cincinnati,Navy,neutral,13,35,7.5,-8.1,-22,0,0,-13.9,SOFT,graded,pbp,57,66,-0.2704,-0.1137,-7,ok,0,0,6,1,1,,1,2,Postseason · Group of 5 opponent
v3.0,2025,2026-01-02,SMU,Arizona,neutral,24,19,-2.5,2.7,5,0,0,2.3,AS EXPECTED,graded,pbp,64,81,-0.1285,0.0379,-9,ok,0,17,7,0,0,-9,1,3,Night · Ranked opponent · Postseason
v3.0,2025,2026-01-02,Mississippi State,Wake Forest,neutral,29,43,-3.0,3.3,-14,0,0,-17.3,SOFT,graded,pbp,69,68,-0.1363,0.0455,-9,ok,0,16,7,0,3,,1,0,Night · Postseason
v3.0,2025,2026-01-08,Ole Miss,Miami,neutral,27,31,3.0,-3.3,-4,0,0,-0.7,AS EXPECTED,graded,pbp,60,88,-0.118,-0.0455,-4,ok,0,16,5,2,4,,1,0,Night · Top-10 opponent · Postseason
v3.0,2025,2026-01-08,Miami,Ole Miss,neutral,31,27,-3.0,3.3,4,0,0,0.7,AS EXPECTED,graded,pbp,88,60,0.118,0.0455,4,ok,0,3,4,4,5,,0,1,Night · Top-10 opponent · Postseason
v3.0,2025,2026-01-09,Oregon,Indiana,neutral,22,56,3.0,-3.3,-35,15,14,-31.7,CERTIFIED SOFT,graded,pbp,41,49,-0.8822,-0.0455,-28,ok,0,0,1,1,2,,0,3,Night · Top-10 opponent · Postseason
v3.0,2025,2026-01-09,Indiana,Oregon,neutral,56,22,-3.0,3.3,35,14,15,31.7,CERTIFIED DAWG,graded,pbp,49,41,0.8822,0.0455,28,ok,0,21,4,1,1,22,3,0,Night · Top-10 opponent · Postseason
v3.0,2025,2026-01-19,Miami,Indiana,away,21,27,7.5,-8.1,-6,0,0,2.1,AS EXPECTED,graded,pbp,53,72,0.1073,-0.1137,10,ok,0,14,5,1,3,,0,1,Road · Night · Full house · Top-10 opponent · Postseason
v3.0,2025,2026-01-19,Indiana,Miami,home,27,21,-7.5,8.1,6,0,0,-2.1,AS EXPECTED,graded,pbp,72,53,-0.1073,0.1137,-10,ok,0,10,5,1,2,-4,1,0,Night · Top-10 opponent · Postseason
v3.0,2026,2026-08-29,NC State,Virginia,away,8,34,4.0,-4.4,-23,0,3,-18.6,SOFT,graded,pbp,38,62,-0.4744,-0.0613,-15,ok,0,7,4,0,1,,0,2,Road · Full house
v3.0,2026,2026-08-29,North Carolina,TCU,neutral,15,10,7.5,-8.2,5,0,0,13.2,DAWG,graded,pbp,57,70,0.1299,-0.1149,11,ok,0,3,5,1,2,,1,2,
v3.0,2026,2026-08-29,Stanford,Hawai'i,home,37,27,-4.5,5.0,10,0,0,5.0,AS EXPECTED,graded,pbp,71,73,-0.0181,0.0689,-5,ok,0,7,6,2,3,-6,1,0,Group of 5 opponent
v3.0,2026,2026-08-29,Virginia,NC State,home,34,8,-4.0,4.4,23,3,0,18.6,DAWG,graded,pbp,62,38,0.4744,0.0613,15,ok,0,20,8,0,0,13,2,0,
v3.0,2026,2026-08-29,TCU,North Carolina,neutral,10,15,-7.5,8.2,-5,0,0,-13.2,SOFT,graded,pbp,70,57,-0.1299,0.1149,-11,ok,0,7,5,1,3,,2,1,
v3.0,2026,2026-08-29,USC,San José State,home,42,26,-37.5,29.8,32,7,23,2.2,AS EXPECTED,graded,pbp,60,37,0.3765,0.5745,-7,ok,0,21,4,0,0,18,0,1,Group of 5 opponent
v3.0,2026,2026-08-29,Florida State,New Mexico State,home,34,17,-30.5,26.4,17,0,0,-9.4,AS EXPECTED,graded,pbp,66,65,0.1497,0.4673,-15,ok,0,20,5,1,2,7,1,1,Night · Group of 5 opponent
v3.0,2026,2026-09-03,Minnesota,Eastern Illinois,home,59,7,-42.5,31.8,35,17,0,3.2,AS EXPECTED,graded,pbp,37,27,0.4305,0.6512,-5,ok,0,38,8,2,3,21,0,1,Night · FCS opponent
v3.0,2026,2026-09-03,Missouri,Arkansas-Pine Bluff,home,54,14,-55.5,36.9,40,14,14,3.1,AS EXPECTED,graded,pbp,46,25,0.7595,0.8503,-2,ok,0,14,3,0,0,26,0,1,Night · FCS opponent
v3.0,2026,2026-09-03,Wake Forest,Akron,home,38,16,-27.5,24.5,28,7,13,3.5,AS EXPECTED,graded,pbp,56,47,0.52,0.4213,4,ok,0,23,5,0,0,18,1,0,Night · Group of 5 opponent
v3.0,2026,2026-09-03,Rutgers,Massachusetts,home,21,37,-29.5,25.8,-30,14,0,-55.8,CERTIFIED SOFT,graded,pbp,47,63,-0.517,0.452,-39,ok,0,0,3,0,2,,0,5,Group of 5 opponent
v3.0,2026,2026-09-03,UCF,Bethune-Cookman,home,73,6,-43.5,32.2,38,35,6,5.8,AS EXPECTED,graded,pbp,34,35,0.7922,0.6665,3,ok,0,21,3,0,0,24,2,1,Night · FCS opponent
v3.0,2026,2026-09-03,Utah,Idaho,home,66,14,-38.5,30.3,31,28,7,0.7,AS EXPECTED,graded,pbp,44,34,0.6454,0.5899,2,ok,0,24,5,0,0,21,2,0,Night · FCS opponent
v3.0,2026,2026-09-03,Illinois,UAB,home,42,23,-25.5,23.0,26,0,7,3.0,AS EXPECTED,graded,pbp,43,66,0.2998,0.3907,-4,ok,0,7,2,2,3,15,1,0,Night · Group of 5 opponent
v3.0,2026,2026-09-03,Colorado,Georgia Tech,away,14,13,6.5,-7.1,1,0,0,8.1,AS EXPECTED,graded,pbp,76,54,0.0448,-0.0996,7,ok,0,7,6,1,3,,1,0,Road · Night · Full house
v3.0,2026,2026-09-03,Georgia Tech,Colorado,home,13,14,-6.5,7.1,-1,0,0,-8.1,AS EXPECTED,graded,pbp,54,76,-0.0448,0.0996,-7,ok,0,6,8,0,1,,0,1,Night
v3.0,2026,2026-09-04,Michigan State,Toledo,home,30,20,-10.0,10.7,10,0,0,-0.7,AS EXPECTED,graded,pbp,83,41,0.0895,0.1532,-3,ok,0,19,6,2,3,0,1,0,Night · Group of 5 opponent
v3.0,2026,2026-09-04,Oklahoma,UTEP,home,51,0,-40.5,31.1,34,17,0,2.9,AS EXPECTED,graded,pbp,33,34,0.5265,0.6205,-2,ok,0,13,3,0,0,20,2,1,Night · Group of 5 opponent
v3.0,2026,2026-09-04,Kansas,Long Island University,home,51,6,-44.5,32.6,30,21,6,-2.6,AS EXPECTED,graded,pbp,41,28,1.0231,0.6818,9,ok,0,31,6,0,0,21,1,0,Night · FCS opponent
v3.0,2026,2026-09-04,Miami,Stanford,away,45,6,-24.5,22.2,29,10,0,6.8,AS EXPECTED,graded,pbp,44,34,0.5398,0.3754,5,ok,0,21,4,1,1,19,0,1,Road · Night
v3.0,2026,2026-09-04,Stanford,Miami,home,6,45,24.5,-22.2,-29,0,10,-6.8,AS EXPECTED,graded,pbp,34,44,-0.5398,-0.3754,-5,ok,0,0,1,1,1,,1,0,Night · Top-10 opponent
v3.0,2026,2026-09-04,Purdue,Indiana State,home,44,19,-35.5,29.0,31,7,13,2.0,AS EXPECTED,graded,pbp,49,27,0.4163,0.5439,-4,ok,0,27,5,1,2,21,1,0,Night · FCS opponent
v3.0,2026,2026-09-04,USC,Fresno State,home,39,0,-21.5,20.0,30,9,0,10.0,AS EXPECTED,graded,pbp,37,23,0.8331,0.3294,11,ok,0,14,4,0,0,16,2,2,Night · Group of 5 opponent
v3.0,2026,2026-09-05,Boston College,Cincinnati,away,15,34,7.0,-7.6,-26,7,0,-18.4,SOFT,graded,pbp,69,62,-0.1767,-0.1072,-3,ok,0,0,4,0,1,,0,2,Road · Full house
v3.0,2026,2026-09-05,Arizona,Northern Arizona,home,35,7,-33.5,28.0,28,7,7,-0.0,AS EXPECTED,graded,pbp,48,45,0.5836,0.5133,2,ok,0,21,6,0,0,14,1,2,Night · FCS opponent
v3.0,2026,2026-09-05,Maryland,Hampton,home,62,0,-45.5,33.0,34,28,0,1.0,AS EXPECTED,graded,pbp,45,25,0.9399,0.6971,6,ok,0,27,5,0,0,20,3,0,Night · FCS opponent
v3.0,2026,2026-09-05,Michigan,Western Michigan,home,13,12,-27.5,24.5,1,0,0,-23.5,SOFT,graded,pbp,48,67,0.1965,0.4213,-9,ok,0,0,6,1,4,,0,2,Night · Group of 5 opponent
v3.0,2026,2026-09-05,Duke,Tulane,home,17,3,-9.5,10.2,14,0,0,3.8,AS EXPECTED,graded,pbp,76,54,0.1198,0.1456,-1,ok,0,3,10,1,1,4,1,1,Group of 5 opponent
v3.0,2026,2026-09-05,Nebraska,Ohio,home,49,21,-23.5,21.5,28,0,0,6.5,AS EXPECTED,graded,pbp,74,62,0.4625,0.3601,5,ok,0,28,6,3,4,13,1,0,Group of 5 opponent
v3.0,2026,2026-09-05,Syracuse,New Hampshire,home,66,3,-35.5,29.0,41,25,3,12.0,AS EXPECTED,graded,pbp,42,24,1.1012,0.5439,13,ok,0,28,4,0,0,27,3,0,FCS opponent
v3.0,2026,2026-09-05,Ohio State,Ball State,home,56,3,-50.5,35.0,32,21,0,-3.0,AS EXPECTED,graded,pbp,44,34,0.8492,0.7737,2,ok,0,21,4,0,0,18,1,1,Group of 5 opponent
v3.0,2026,2026-09-05,Oklahoma State,Tulsa,away,10,24,-13.5,13.9,-14,0,0,-27.9,CERTIFIED SOFT,graded,pbp,86,57,-0.3399,0.2068,-29,ok,0,3,7,0,1,,1,4,Road · Full house · Group of 5 opponent
v3.0,2026,2026-09-05,Auburn,Baylor,neutral,17,16,-6.5,7.1,1,0,0,-6.1,AS EXPECTED,graded,pbp,75,98,-0.0307,0.0996,-8,ok,0,10,9,1,2,-9,2,3,
v3.0,2026,2026-09-05,Penn State,Marshall,home,45,0,-23.5,21.5,31,14,0,9.5,AS EXPECTED,graded,pbp,38,35,0.6505,0.3601,8,ok,0,28,6,0,0,21,2,0,Group of 5 opponent
v3.0,2026,2026-09-05,Cincinnati,Boston College,home,34,15,-7.0,7.6,26,0,7,18.4,DAWG,graded,pbp,62,69,0.1767,0.1072,3,ok,0,27,8,0,0,16,2,0,
v3.0,2026,2026-09-05,Pittsburgh,Miami (OH),home,59,14,-16.5,16.3,31,14,0,14.7,DAWG,graded,pbp,53,38,0.3701,0.2528,4,ok,0,38,6,0,0,17,1,0,Group of 5 opponent
v3.0,2026,2026-09-05,Clemson,LSU,away,10,51,10.0,-10.7,-35,7,13,-24.3,CERTIFIED SOFT,graded,pbp,29,63,-0.949,-0.1532,-27,ok,0,3,3,0,2,,1,1,Road · Night · Full house · Ranked opponent
v3.0,2026,2026-09-05,Iowa,Northern Illinois,home,40,0,-31.5,27.0,33,7,0,6.0,AS EXPECTED,graded,pbp,50,21,0.9552,0.4826,12,ok,0,21,5,0,0,20,2,1,Group of 5 opponent
v3.0,2026,2026-09-05,Kansas State,Nicholls,home,71,3,-41.5,31.4,33,35,0,1.6,AS EXPECTED,graded,pbp,38,32,0.691,0.6358,1,ok,0,14,4,0,0,18,1,1,Night · FCS opponent
v3.0,2026,2026-09-05,Vanderbilt,Austin Peay,home,28,9,-29.5,25.8,19,0,0,-6.8,AS EXPECTED,graded,pbp,62,46,0.372,0.452,-3,ok,0,14,5,1,2,10,0,0,Night · FCS opponent
v3.0,2026,2026-09-05,Baylor,Auburn,neutral,16,17,6.5,-7.1,-1,0,0,6.1,AS EXPECTED,graded,pbp,98,75,0.0307,-0.0996,8,ok,0,3,8,1,2,,3,2,
v3.0,2026,2026-09-05,Texas A&M,Missouri State,home,50,0,-38.5,30.3,33,17,0,2.7,AS EXPECTED,graded,pbp,65,24,0.8774,0.5899,9,ok,0,24,6,0,0,24,2,1,Night · Group of 5 opponent
v3.0,2026,2026-09-05,Houston,Oregon State,home,33,20,-21.0,19.6,13,0,0,-6.6,AS EXPECTED,graded,pbp,72,73,0.1048,0.3217,-12,ok,0,24,8,2,2,4,0,2,Group of 5 opponent
v3.0,2026,2026-09-05,Oregon,Boise State,home,34,27,-24.5,22.2,7,0,0,-15.2,SOFT,graded,pbp,64,65,0.0619,0.3754,-15,ok,0,21,6,2,4,,0,0,Group of 5 opponent
v3.0,2026,2026-09-05,California,UCLA,home,24,45,2.5,-2.8,-21,0,0,-18.2,SOFT,graded,pbp,87,53,-0.4087,-0.0383,-19,ok,0,17,6,0,3,,1,3,Night
v3.0,2026,2026-09-05,Texas,Texas State,home,59,7,-29.5,25.8,35,17,0,9.2,AS EXPECTED,graded,pbp,52,40,0.3575,0.452,-3,ok,0,35,5,0,1,21,2,1,Group of 5 opponent
v3.0,2026,2026-09-05,BYU,Utah Tech,home,63,7,-50.5,35.0,42,21,7,7.0,AS EXPECTED,graded,pbp,44,23,1.2984,0.7737,13,ok,0,28,5,0,0,28,4,0,FCS opponent
v3.0,2026,2026-09-05,South Carolina,Kent State,home,57,0,-35.5,29.0,29,28,0,0.0,AS EXPECTED,graded,pbp,35,32,0.8145,0.5439,7,ok,0,28,5,0,0,14,1,0,Group of 5 opponent
v3.0,2026,2026-09-05,Virginia Tech,VMI,home,73,3,-54.5,36.5,45,28,3,8.5,AS EXPECTED,graded,pbp,31,20,1.3232,0.835,9,ok,0,21,3,0,0,31,1,0,Night · FCS opponent
v3.0,2026,2026-09-05,UCLA,California,away,45,24,-2.5,2.8,21,0,0,18.2,DAWG,graded,pbp,53,87,0.4087,0.0383,19,ok,0,28,8,3,4,10,3,1,Road · Night · Full house
v3.0,2026,2026-09-05,Tennessee,Furman,home,56,9,-49.5,34.6,35,21,9,0.4,AS EXPECTED,graded,pbp,47,29,0.822,0.7584,2,ok,0,28,6,0,0,21,0,2,FCS opponent
v3.0,2026,2026-09-05,Texas Tech,Abilene Christian,home,33,10,-45.5,33.0,23,7,7,-10.0,AS EXPECTED,graded,pbp,58,43,0.3754,0.6971,-12,ok,0,26,8,0,0,9,1,1,Night · FCS opponent
v3.0,2026,2026-09-05,West Virginia,Coastal Carolina,home,31,24,-21.0,19.6,7,0,0,-12.6,SOFT,graded,pbp,75,64,-0.0659,0.3217,-20,ok,0,24,8,0,0,-7,2,1,Group of 5 opponent
v3.0,2026,2026-09-05,Alabama,East Carolina,home,48,10,-28.5,25.1,31,10,3,5.9,AS EXPECTED,graded,pbp,59,25,0.3978,0.4367,-1,ok,0,21,3,0,0,21,1,1,Group of 5 opponent
v3.0,2026,2026-09-05,Mississippi State,UL Monroe,home,62,13,-28.5,25.1,38,21,10,12.9,DAWG,graded,pbp,50,31,0.7376,0.4367,9,ok,0,14,2,0,0,24,0,0,Night · Group of 5 opponent
v3.0,2026,2026-09-05,Florida,Florida Atlantic,home,66,21,-26.5,23.8,31,21,7,7.2,AS EXPECTED,graded,pbp,40,57,0.5481,0.406,5,ok,0,24,5,0,0,17,3,1,Night · Group of 5 opponent
v3.0,2026,2026-09-05,Georgia,Tennessee State,home,63,3,-49.5,34.6,32,28,0,-2.6,AS EXPECTED,graded,pbp,32,29,0.8571,0.7584,2,ok,0,21,3,0,0,18,0,0,FCS opponent
v3.0,2026,2026-09-05,Iowa State,Southeast Missouri State,home,38,10,-29.5,25.8,31,0,3,5.2,AS EXPECTED,graded,pbp,45,50,0.453,0.452,0,ok,0,31,7,0,1,17,3,0,FCS opponent
v3.0,2026,2026-09-05,Northwestern,South Dakota State,home,34,18,-14.0,14.4,16,0,0,1.6,AS EXPECTED,graded,pbp,54,89,0.3194,0.2145,6,ok,0,14,5,4,5,7,1,0,Night · FCS opponent
v3.0,2026,2026-09-05,Arkansas,North Alabama,home,31,14,-40.5,31.1,17,0,0,-14.1,SOFT,graded,pbp,83,43,0.1875,0.6205,-20,ok,0,21,9,0,0,3,1,3,FCS opponent
v3.0,2026,2026-09-05,Indiana,North Texas,home,52,16,-39.5,30.7,29,7,0,-1.7,AS EXPECTED,graded,pbp,45,58,0.2779,0.6052,-12,ok,0,14,3,0,0,15,1,0,Group of 5 opponent
v3.0,2026,2026-09-05,Arizona State,Morgan State,home,70,7,-43.5,32.2,42,21,0,9.8,AS EXPECTED,graded,pbp,41,26,0.8674,0.6665,5,ok,0,21,4,0,0,28,0,1,Night · FCS opponent
v3.0,2026,2026-09-05,Kentucky,Youngstown State,home,45,13,-22.5,20.7,29,3,0,8.3,AS EXPECTED,graded,pbp,46,55,0.2976,0.3447,-2,ok,0,28,5,0,0,15,0,0,FCS opponent
v3.0,2026,2026-09-05,LSU,Clemson,home,51,10,-10.0,10.7,35,13,7,24.3,CERTIFIED DAWG,graded,pbp,63,29,0.949,0.1532,27,ok,0,21,5,1,1,21,1,1,Night
v3.0,2026,2026-09-06,Ole Miss,Louisville,neutral,41,38,-6.5,7.1,3,0,0,-4.1,AS EXPECTED,graded,pbp,77,68,0.0337,0.0996,-4,ok,0,17,6,5,7,-8,1,2,Night · Ranked opponent
v3.0,2026,2026-09-06,Washington,Washington State,home,24,10,-23.5,21.5,14,0,0,-7.5,AS EXPECTED,graded,pbp,64,56,0.2063,0.3601,-7,ok,0,10,7,2,2,4,2,0,Group of 5 opponent
v3.0,2026,2026-09-06,Wisconsin,Notre Dame,neutral,13,41,21.0,-19.6,-28,0,0,-8.4,AS EXPECTED,graded,pbp,53,61,-0.295,-0.3217,1,ok,0,10,3,0,3,,0,1,Night · Top-10 opponent
v3.0,2026,2026-09-06,Notre Dame,Wisconsin,neutral,41,13,-21.0,19.6,28,0,0,8.4,AS EXPECTED,graded,pbp,61,53,0.295,0.3217,-1,ok,0,7,4,2,2,18,1,0,Night
v3.0,2026,2026-09-06,Louisville,Ole Miss,neutral,38,41,6.5,-7.1,-3,0,0,4.1,AS EXPECTED,graded,pbp,68,77,-0.0337,-0.0996,4,ok,0,16,6,1,5,,2,1,Night · Top-10 opponent
v3.0,2026,2026-09-07,SMU,Florida State,away,27,24,-3.0,3.3,3,0,0,-0.3,AS EXPECTED,graded,pbp,67,67,0.2624,0.046,11,ok,0,24,5,1,4,,2,3,Road · Night
v3.0,2026,2026-09-07,Florida State,SMU,home,24,27,3.0,-3.3,-3,0,0,0.3,AS EXPECTED,graded,pbp,67,67,-0.2624,-0.046,-11,ok,0,0,5,3,5,,3,2,Night · Ranked opponent
v3.0,2026,2026-09-10,Miami,Florida A&M,home,77,7,-59.5,38.5,42,35,7,3.5,AS EXPECTED,graded,espn,,,,,,pbp_conflict,0,28,4,0,0,28,0,1,Night · FCS opponent
v3.0,2026,2026-09-11,Boston College,Rutgers,home,28,21,-3.0,3.3,7,0,0,3.7,AS EXPECTED,graded,pbp,61,68,-0.0433,0.046,-4,ok,0,24,7,0,2,-7,4,3,Night
v3.0,2026,2026-09-11,Missouri,Kansas,away,38,21,-4.0,4.4,17,0,0,12.6,DAWG,graded,pbp,71,67,0.3669,0.0613,15,ok,0,28,8,1,1,3,3,1,Road · Night
v3.0,2026,2026-09-11,NC State,Richmond,home,73,0,-33.5,28.0,42,31,0,14.0,DAWG,graded,pbp,31,24,1.3804,0.5133,18,ok,0,28,4,0,0,28,2,0,Night · FCS opponent
v3.0,2026,2026-09-11,Rutgers,Boston College,away,21,28,3.0,-3.3,-7,0,0,-3.7,AS EXPECTED,graded,pbp,68,61,0.0433,-0.046,4,ok,0,14,6,0,1,,3,4,Road · Night · Full house
v3.0,2026,2026-09-11,Kansas,Missouri,home,21,38,4.0,-4.4,-17,0,0,-12.6,SOFT,graded,pbp,67,71,-0.3669,-0.0613,-15,ok,0,0,5,1,1,,1,3,Night · Ranked opponent
v3.0,2026,2026-09-11,Virginia,Norfolk State,home,59,3,-47.5,33.8,32,24,0,-1.8,AS EXPECTED,graded,pbp,36,40,0.6397,0.7278,-2,ok,0,21,5,0,0,18,3,1,Night · FCS opponent
v3.0,2026,2026-09-11,Louisville,Villanova,home,59,13,-39.5,30.7,32,14,0,1.3,AS EXPECTED,graded,pbp,48,47,0.4539,0.6052,-5,ok,0,21,5,2,2,18,1,0,Night · FCS opponent
v3.0,2026,2026-09-12,Arizona,BYU,away,17,28,6.5,-7.1,-11,0,0,-3.9,AS EXPECTED,graded,pbp,62,56,-0.179,-0.0996,-3,ok,0,7,4,1,3,,0,1,Road · Full house · Ranked opponent
v3.0,2026,2026-09-12,Maryland,UConn,away,38,14,-11.5,12.2,24,0,0,11.8,AS EXPECTED,graded,pbp,65,45,0.359,0.1762,7,ok,0,24,8,1,1,14,1,0,Road · Full house · Group of 5 opponent
v3.0,2026,2026-09-12,Michigan State,Eastern Michigan,home,35,7,-17.5,17.1,28,0,0,10.9,AS EXPECTED,graded,pbp,61,49,0.2947,0.2681,1,ok,0,28,6,0,1,14,1,1,Group of 5 opponent
v3.0,2026,2026-09-12,Michigan,Oklahoma,home,17,10,5.5,-6.0,7,0,0,13.0,DAWG,graded,pbp,58,62,0.1249,-0.0843,9,ok,0,17,7,0,2,-3,2,0,Ranked opponent
v3.0,2026,2026-09-12,Minnesota,Mississippi State,home,13,38,1.5,-1.7,-25,0,0,-23.3,SOFT,graded,pbp,58,53,-0.5116,-0.023,-20,ok,0,0,0,1,1,,0,0,
v3.0,2026,2026-09-12,Ole Miss,Charlotte,home,41,9,-44.5,32.6,28,7,3,-4.6,AS EXPECTED,graded,pbp,44,45,0.2779,0.6818,-13,ok,0,20,5,0,0,14,1,1,Night · Group of 5 opponent
v3.0,2026,2026-09-12,Duke,Illinois,away,31,27,6.0,-6.6,4,0,0,10.6,AS EXPECTED,graded,pbp,56,68,0.2152,-0.0919,14,ok,0,7,3,2,3,,1,0,Road · Full house
v3.0,2026,2026-09-12,North Carolina,East Tennessee State,home,35,3,-36.5,29.4,35,0,3,5.6,AS EXPECTED,graded,pbp,37,49,0.6458,0.5592,3,ok,0,28,5,0,0,21,1,0,FCS opponent
v3.0,2026,2026-09-12,Wake Forest,Purdue,away,38,36,-2.5,2.8,2,0,0,-0.8,AS EXPECTED,graded,pbp,58,69,0.0405,0.0383,0,ok,23,13,3,5,7,,0,0,Road
v3.0,2026,2026-09-12,Nebraska,Bowling Green,home,56,7,-30.5,26.4,35,21,7,8.6,AS EXPECTED,graded,pbp,40,21,1.1026,0.4673,14,ok,0,28,4,0,0,21,1,1,Night · Group of 5 opponent
v3.0,2026,2026-09-12,Syracuse,California,home,18,21,-4.0,4.4,-3,0,0,-7.4,AS EXPECTED,graded,pbp,87,60,0.015,0.0613,-2,ok,0,10,8,1,3,-15,0,3,
v3.0,2026,2026-09-12,Ohio State,Texas,away,23,24,2.5,-2.8,-1,0,0,1.8,AS EXPECTED,graded,pbp,63,78,-0.0435,-0.0383,0,ok,0,20,6,1,3,-11,2,1,Road · Night · Full house · Top-10 opponent
v3.0,2026,2026-09-12,Oklahoma State,Oregon,home,39,31,24.5,-22.2,8,0,0,30.2,CERTIFIED DAWG,graded,pbp,85,60,0.1404,-0.3754,27,ok,0,23,8,2,4,-2,1,2,Top-10 opponent
v3.0,2026,2026-09-12,Auburn,Southern Miss,home,43,8,-32.5,27.5,35,0,0,7.5,AS EXPECTED,graded,pbp,62,42,0.4693,0.4979,-1,ok,0,17,5,0,0,21,2,1,Night · Group of 5 opponent
v3.0,2026,2026-09-12,Oklahoma,Michigan,away,10,17,-5.5,6.0,-7,0,0,-13.0,SOFT,graded,pbp,62,58,-0.1249,0.0843,-9,ok,0,10,6,0,2,,0,2,Road · Full house
v3.0,2026,2026-09-12,UCF,Pittsburgh,away,7,12,7.5,-8.2,-5,0,0,3.2,AS EXPECTED,graded,pbp,52,71,-0.1364,-0.1149,-1,ok,0,7,9,0,2,,0,0,Road
v3.0,2026,2026-09-12,Penn State,Temple,away,27,9,-24.5,22.2,24,0,6,1.8,AS EXPECTED,graded,pbp,65,43,0.3213,0.3754,-2,ok,0,24,6,1,1,10,1,0,Road · Full house · Group of 5 opponent
v3.0,2026,2026-09-12,Cincinnati,Western Carolina,home,62,10,-36.5,29.4,32,20,0,2.6,AS EXPECTED,graded,pbp,49,43,0.5919,0.5592,1,ok,0,21,3,2,2,21,1,0,Night · FCS opponent
v3.0,2026,2026-09-12,Pittsburgh,UCF,home,12,7,-7.5,8.2,5,0,0,-3.2,AS EXPECTED,graded,pbp,71,52,0.1364,0.1149,1,ok,0,10,8,0,1,-7,0,0,
v3.0,2026,2026-09-12,Clemson,Georgia Southern,home,22,7,-20.5,19.2,15,0,0,-4.2,AS EXPECTED,graded,pbp,74,66,0.028,0.3141,-15,ok,0,12,12,1,1,5,0,2,Night · Group of 5 opponent
v3.0,2026,2026-09-12,Iowa,Iowa State,home,16,13,-14.0,14.4,3,0,0,-11.4,AS EXPECTED,graded,pbp,59,53,0.0536,0.2145,-7,ok,0,9,7,0,2,,0,0,Night
v3.0,2026,2026-09-12,Kansas State,Washington State,home,34,7,-17.5,17.1,27,0,0,9.9,AS EXPECTED,graded,pbp,62,37,0.4392,0.2681,6,ok,0,31,8,0,0,17,2,2,Group of 5 opponent
v3.0,2026,2026-09-12,Vanderbilt,Delaware,home,35,26,-20.5,19.2,9,0,0,-10.2,AS EXPECTED,graded,pbp,69,68,0.0931,0.3141,-11,ok,0,21,7,0,2,-5,2,1,Group of 5 opponent
v3.0,2026,2026-09-12,Baylor,Prairie View A&M,home,44,3,-37.5,29.8,31,10,0,1.2,AS EXPECTED,graded,pbp,40,36,0.6421,0.5745,2,ok,0,28,4,1,1,17,1,3,Night · FCS opponent
v3.0,2026,2026-09-12,Texas A&M,Arizona State,home,48,20,-15.5,15.6,28,0,0,12.4,DAWG,graded,pbp,55,59,0.0543,0.2375,-8,ok,0,13,6,2,4,17,3,1,
v3.0,2026,2026-09-12,Houston,Southern,home,77,6,-51.5,35.4,42,35,6,6.6,AS EXPECTED,graded,pbp,28,26,1.4242,0.789,13,ok,0,28,4,0,0,28,3,0,Night · FCS opponent
v3.0,2026,2026-09-12,Oregon,Oklahoma State,away,31,39,-24.5,22.2,-8,0,0,-30.2,CERTIFIED SOFT,graded,pbp,60,85,-0.1404,0.3754,-27,ok,0,7,4,1,4,,2,1,Road · Full house
v3.0,2026,2026-09-12,California,Syracuse,away,21,18,4.0,-4.4,3,0,0,7.4,AS EXPECTED,graded,pbp,60,87,-0.015,-0.0613,2,ok,0,7,6,0,3,,3,0,Road
v3.0,2026,2026-09-12,Purdue,Wake Forest,home,36,38,2.5,-2.8,-2,0,0,0.8,AS EXPECTED,graded,pbp,69,58,-0.0405,-0.0383,0,ok,23,3,2,1,3,,0,0,
v3.0,2026,2026-09-12,Texas,Ohio State,home,24,23,-2.5,2.8,1,0,0,-1.8,AS EXPECTED,graded,pbp,78,63,0.0435,0.0383,0,ok,0,24,5,0,1,,1,2,Night · Top-10 opponent
v3.0,2026,2026-09-12,BYU,Arizona,home,28,17,-6.5,7.1,11,0,0,3.9,AS EXPECTED,graded,pbp,56,62,0.179,0.0996,3,ok,0,14,5,1,3,0,1,0,
v3.0,2026,2026-09-12,Utah,Arkansas,home,43,10,-13.5,13.9,33,7,7,19.1,DAWG,graded,pbp,36,41,0.8443,0.2068,18,ok,0,21,5,1,1,21,1,1,Night
v3.0,2026,2026-09-12,SMU,UC Davis,home,56,10,-32.5,27.5,42,14,10,14.5,DAWG,graded,pbp,20,30,1.0925,0.4979,11,ok,0,28,4,0,0,28,2,0,FCS opponent
v3.0,2026,2026-09-12,South Carolina,Towson,home,45,9,-44.5,32.6,29,7,0,-3.6,AS EXPECTED,graded,pbp,62,51,0.2448,0.6818,-18,ok,0,24,7,0,0,19,0,2,Night · FCS opponent
v3.0,2026,2026-09-12,Virginia Tech,Old Dominion,home,44,21,-17.5,17.1,31,7,15,13.9,DAWG,graded,pbp,62,28,0.3965,0.2681,4,ok,0,20,5,2,2,21,2,0,Group of 5 opponent
v3.0,2026,2026-09-12,UCLA,San Diego State,home,28,10,-13.5,13.9,18,0,0,4.1,AS EXPECTED,graded,pbp,67,56,0.4304,0.2068,10,ok,0,14,7,1,1,7,1,1,Group of 5 opponent
v3.0,2026,2026-09-12,TCU,Grambling,home,63,7,-44.5,32.6,35,21,0,2.4,AS EXPECTED,graded,pbp,51,40,0.4022,0.6818,-9,ok,0,21,6,0,0,21,2,1,Night · FCS opponent
v3.0,2026,2026-09-12,Tennessee,Georgia Tech,away,45,24,-12.5,13.1,21,0,0,7.9,AS EXPECTED,graded,pbp,66,71,0.3927,0.1915,10,ok,0,14,3,1,1,7,2,0,Road · Night · Full house
v3.0,2026,2026-09-12,Washington,Utah State,home,16,14,-28.5,25.1,2,0,0,-23.1,SOFT,graded,pbp,74,58,0.1591,0.4367,-13,ok,0,9,9,1,2,-7,3,0,Group of 5 opponent
v3.0,2026,2026-09-12,Texas Tech,Oregon State,away,35,24,-25.5,23.0,11,0,0,-12.0,AS EXPECTED,graded,pbp,74,71,0.0277,0.3907,-19,ok,0,21,9,2,4,0,1,1,Road · Night · Group of 5 opponent
v3.0,2026,2026-09-12,Wisconsin,Western Illinois,home,36,9,-43.5,32.2,27,0,0,-5.2,AS EXPECTED,graded,pbp,45,59,0.1094,0.6665,-21,ok,0,10,5,0,0,17,0,0,Night · FCS opponent
v3.0,2026,2026-09-12,West Virginia,UT Martin,home,52,7,-41.5,31.4,35,17,7,3.6,AS EXPECTED,graded,pbp,29,46,0.654,0.6358,0,ok,0,28,5,0,0,21,2,1,FCS opponent
v3.0,2026,2026-09-12,USC,Louisiana,home,49,30,-30.5,26.4,32,0,13,5.6,AS EXPECTED,graded,pbp,72,39,0.0174,0.4673,-18,ok,0,21,3,2,2,14,0,1,Night · Group of 5 opponent
v3.0,2026,2026-09-12,Alabama,Kentucky,away,45,17,-9.5,10.2,28,0,0,17.8,DAWG,graded,pbp,60,62,0.421,0.1456,12,ok,0,34,8,1,3,14,3,3,Road · Full house
v3.0,2026,2026-09-12,Mississippi State,Minnesota,away,38,13,-1.5,1.7,25,0,0,23.3,DAWG,graded,pbp,53,58,0.5116,0.023,20,ok,0,21,3,1,1,14,0,0,Road
v3.0,2026,2026-09-12,Illinois,Duke,home,27,31,-6.0,6.6,-4,0,0,-10.6,AS EXPECTED,graded,pbp,68,56,-0.2152,0.0919,-14,ok,0,7,3,3,5,-14,0,1,
v3.0,2026,2026-09-12,Colorado,Weber State,home,52,21,-38.5,30.3,31,7,7,0.7,AS EXPECTED,graded,pbp,49,50,0.5351,0.5899,-2,ok,0,28,6,1,1,17,2,1,FCS opponent
v3.0,2026,2026-09-12,Florida,Campbell,home,52,3,-51.5,35.4,42,7,0,6.6,AS EXPECTED,graded,pbp,17,26,,,,few_plays,0,10,2,1,1,28,2,1,FCS opponent
v3.0,2026,2026-09-12,Georgia Tech,Tennessee,home,24,45,12.5,-13.1,-21,0,0,-7.9,AS EXPECTED,graded,pbp,71,66,-0.3927,-0.1915,-10,ok,0,0,1,1,1,,0,2,Night · Ranked opponent
v3.0,2026,2026-09-12,Georgia,Western Kentucky,home,70,20,-40.5,31.1,42,28,20,10.9,AS EXPECTED,graded,pbp,25,26,1.2033,0.6205,11,ok,0,21,3,0,0,28,3,1,Group of 5 opponent
v3.0,2026,2026-09-12,Iowa State,Iowa,away,13,16,14.0,-14.4,-3,0,0,11.4,AS EXPECTED,graded,pbp,53,59,-0.0536,-0.2145,7,ok,0,10,7,0,2,-13,0,0,Road · Night · Full house · Ranked opponent
v3.0,2026,2026-09-12,Arkansas,Utah,away,10,43,13.5,-13.9,-33,7,7,-19.1,SOFT,graded,pbp,41,36,-0.8443,-0.2068,-18,ok,0,0,2,0,1,,1,1,Road · Night · Full house · Ranked opponent
v3.0,2026,2026-09-12,Indiana,Howard,home,55,0,-57.5,37.7,41,14,0,3.3,AS EXPECTED,graded,pbp,31,25,1.0629,0.881,4,ok,0,21,4,0,0,28,1,0,FCS opponent
v3.0,2026,2026-09-12,Notre Dame,Rice,home,52,0,-44.5,32.6,42,10,0,9.4,AS EXPECTED,graded,pbp,29,24,1.1236,0.6818,9,ok,0,21,3,0,0,21,4,0,Group of 5 opponent
v3.0,2026,2026-09-12,Arizona State,Texas A&M,away,20,48,15.5,-15.6,-28,0,0,-12.4,SOFT,graded,pbp,59,55,-0.0543,-0.2375,8,ok,0,3,5,2,2,,1,3,Road · Full house · Top-10 opponent
v3.0,2026,2026-09-12,Kentucky,Alabama,home,17,45,9.5,-10.2,-28,0,0,-17.8,SOFT,graded,pbp,62,60,-0.421,-0.1456,-12,ok,0,3,3,1,5,,3,3,Ranked opponent
v3.0,2026,2026-09-12,LSU,Louisiana Tech,home,45,14,-34.5,28.5,24,14,7,-4.5,AS EXPECTED,graded,pbp,69,35,0.8355,0.5286,12,ok,0,44,12,0,1,14,3,4,Night · Group of 5 opponent
v3.0,2026,2026-09-17,Syracuse,Pittsburgh,away,13,27,10.5,-11.2,-14,0,0,-2.8,AS EXPECTED,graded,pbp,71,60,-0.0426,-0.1609,6,ok,0,3,4,0,1,,1,2,Road · Night
v3.0,2026,2026-09-17,Pittsburgh,Syracuse,home,27,13,-10.5,11.2,14,0,0,2.8,AS EXPECTED,graded,pbp,60,71,0.0426,0.1609,-6,ok,0,27,7,1,1,0,2,1,Night
v3.0,2026,2026-09-18,Wake Forest,Miami,home,20,33,20.5,-19.2,-13,0,0,6.2,AS EXPECTED,graded,pbp,62,67,0.0126,-0.3141,15,ok,0,7,6,1,2,,0,1,Night · Top-10 opponent
v3.0,2026,2026-09-18,Miami,Wake Forest,away,33,20,-20.5,19.2,13,0,0,-6.2,AS EXPECTED,graded,pbp,67,62,-0.0126,0.3141,-15,ok,0,17,6,1,1,-1,1,0,Road · Night · Full house
v3.0,2026,2026-09-18,Houston,Texas Tech,away,26,28,7.5,-8.2,-2,0,0,6.2,AS EXPECTED,graded,pbp,75,60,-0.0684,-0.1149,2,ok,0,14,5,2,4,-12,2,1,Road · Night · Full house · Ranked opponent
v3.0,2026,2026-09-18,Oregon,Portland State,home,84,0,-58.5,38.1,42,42,0,3.9,AS EXPECTED,graded,pbp,37,14,,,,few_plays,0,14,2,0,0,28,3,0,Night · FCS opponent
v3.0,2026,2026-09-18,Texas Tech,Houston,home,28,26,-7.5,8.2,2,0,0,-6.2,AS EXPECTED,graded,pbp,60,75,0.0684,0.1149,-2,ok,0,21,5,0,3,,1,2,Night · Ranked opponent
v3.0,2026,2026-09-19,Boston College,Maine,home,22,16,-37.5,29.8,6,0,0,-23.8,SOFT,graded,pbp,60,67,-0.1122,0.5745,-32,ok,0,10,6,0,0,-3,2,2,FCS opponent
v3.0,2026,2026-09-19,Arizona,Northern Illinois,home,42,17,-34.5,28.5,25,7,7,-3.5,AS EXPECTED,graded,espn,,,,,,pbp_conflict,0,14,2,0,1,14,0,1,Night · Group of 5 opponent
v3.0,2026,2026-09-19,Maryland,Virginia Tech,home,26,35,2.5,-2.8,-9,0,0,-6.2,AS EXPECTED,graded,pbp,65,75,-0.0066,-0.0383,2,ok,0,21,3,0,1,,0,0,Night
v3.0,2026,2026-09-19,Michigan State,Notre Dame,away,10,27,28.5,-25.1,-17,0,0,8.1,AS EXPECTED,graded,pbp,46,67,-0.289,-0.4367,6,ok,0,3,3,0,1,,0,2,Road · Night · Full house · Top-10 opponent
v3.0,2026,2026-09-19,Michigan,UTEP,home,52,17,-34.5,28.5,31,7,3,2.5,AS EXPECTED,graded,pbp,59,32,0.6009,0.5286,2,ok,0,31,6,1,2,21,1,2,Group of 5 opponent
v3.0,2026,2026-09-19,Minnesota,Akron,home,41,7,-22.5,20.7,27,14,7,6.3,AS EXPECTED,graded,pbp,48,49,0.2705,0.3447,-3,ok,0,13,8,0,0,17,1,1,Group of 5 opponent
v3.0,2026,2026-09-19,Missouri,Troy,home,27,17,-26.5,23.8,10,0,0,-13.8,SOFT,graded,pbp,48,72,0.0073,0.406,-18,ok,0,20,8,0,1,-4,2,0,Night · Group of 5 opponent
v3.0,2026,2026-09-19,Ole Miss,LSU,home,32,24,3.0,-3.3,8,0,0,11.3,AS EXPECTED,graded,pbp,73,69,0.0802,-0.046,7,ok,0,17,4,1,2,-2,1,1,Night · Top-10 opponent
v3.0,2026,2026-09-19,Duke,Stanford,home,35,7,-9.5,10.2,28,0,0,17.8,DAWG,graded,pbp,65,44,0.4783,0.1456,13,ok,0,28,8,0,0,14,1,1,
v3.0,2026,2026-09-19,NC State,Vanderbilt,away,31,35,3.0,-3.3,-4,0,0,-0.7,AS EXPECTED,graded,pbp,77,58,-0.1631,-0.046,-6,ok,0,17,7,1,3,-18,3,3,Road
v3.0,2026,2026-09-19,North Carolina,Clemson,away,20,28,3.0,-3.3,-8,0,0,-4.7,AS EXPECTED,graded,pbp,69,66,-0.2088,-0.046,-8,ok,0,13,6,1,4,-19,2,2,Road · Full house
v3.0,2026,2026-09-19,Nebraska,North Dakota,home,34,7,-27.5,24.5,24,3,0,-0.5,AS EXPECTED,graded,pbp,56,39,0.4341,0.4213,0,ok,0,20,8,0,0,10,0,0,Night · FCS opponent
v3.0,2026,2026-09-19,Rutgers,USC,home,35,42,21.0,-19.6,-7,0,0,12.6,DAWG,graded,pbp,69,64,0.014,-0.3217,16,ok,0,7,2,0,1,,0,2,Ranked opponent
v3.0,2026,2026-09-19,Ohio State,Kent State,home,59,3,-52.5,35.8,35,24,3,-0.8,AS EXPECTED,graded,pbp,41,28,0.7084,0.8044,-2,ok,0,21,3,0,0,14,3,2,Group of 5 opponent
v3.0,2026,2026-09-19,Oklahoma State,Murray State,home,59,0,-56.5,37.3,31,28,0,-6.3,AS EXPECTED,graded,pbp,37,25,0.8259,0.8657,-1,ok,0,31,5,0,0,17,1,1,Night · FCS opponent
v3.0,2026,2026-09-19,Auburn,Florida,home,39,44,2.5,-2.8,-5,0,0,-2.2,AS EXPECTED,graded,pbp,66,75,0.0271,-0.0383,3,ok,0,10,2,1,2,,1,1,Night
v3.0,2026,2026-09-19,Oklahoma,New Mexico,home,14,6,-21.5,20.0,8,0,0,-12.0,AS EXPECTED,graded,pbp,58,58,0.2539,0.3294,-3,ok,0,14,6,0,2,,0,2,Night · Group of 5 opponent
v3.0,2026,2026-09-19,UCF,Georgia State,home,44,30,-17.5,17.1,14,0,0,-3.1,AS EXPECTED,graded,pbp,57,85,0.2228,0.2681,-2,ok,0,20,6,4,6,4,3,1,Night · Group of 5 opponent
v3.0,2026,2026-09-19,Penn State,Buffalo,home,55,13,-39.5,30.7,35,14,7,4.3,AS EXPECTED,graded,pbp,41,39,0.7833,0.6052,5,ok,0,31,8,0,0,25,2,0,Group of 5 opponent
v3.0,2026,2026-09-19,Cincinnati,Miami (OH),home,35,31,-14.5,14.8,4,0,0,-10.8,AS EXPECTED,graded,pbp,76,56,0.1417,0.2222,-4,ok,0,28,6,1,3,,2,1,Group of 5 opponent
v3.0,2026,2026-09-19,Clemson,North Carolina,home,28,20,-3.0,3.3,8,0,0,4.7,AS EXPECTED,graded,pbp,66,69,0.2088,0.046,8,ok,0,20,7,2,2,,2,2,
v3.0,2026,2026-09-19,Iowa,Northern Iowa,home,55,0,-37.5,29.8,42,13,0,12.2,AS EXPECTED,graded,pbp,29,21,1.0942,0.5745,10,ok,0,21,3,0,0,28,2,0,FCS opponent
v3.0,2026,2026-09-19,Kansas,Arizona State,neutral,17,24,5.5,-6.0,-7,0,0,-1.0,AS EXPECTED,graded,pbp,74,66,0.0318,-0.0843,6,ok,0,10,9,0,2,,0,3,
v3.0,2026,2026-09-19,Kansas State,Tulane,home,31,20,-20.5,19.2,11,0,0,-8.2,AS EXPECTED,graded,pbp,65,59,0.3218,0.3141,0,ok,0,24,5,0,1,1,0,0,Group of 5 opponent
v3.0,2026,2026-09-19,Vanderbilt,NC State,home,35,31,-3.0,3.3,4,0,0,0.7,AS EXPECTED,graded,pbp,58,77,0.1631,0.046,6,ok,0,14,5,0,1,,3,3,
v3.0,2026,2026-09-19,Baylor,Louisiana Tech,home,36,19,-20.5,19.2,17,0,0,-2.2,AS EXPECTED,graded,pbp,68,78,0.0194,0.3141,-16,ok,0,17,7,1,1,4,2,2,Group of 5 opponent
v3.0,2026,2026-09-19,Stanford,Duke,away,7,35,9.5,-10.2,-28,0,0,-17.8,SOFT,graded,pbp,44,65,-0.4783,-0.1456,-13,ok,0,7,5,0,1,,1,1,Road
v3.0,2026,2026-09-19,Texas A&M,Kentucky,home,21,31,-16.5,16.3,-10,0,0,-26.3,CERTIFIED SOFT,graded,pbp,84,54,-0.2007,0.2528,-23,ok,0,14,4,0,2,,0,2,
v3.0,2026,2026-09-19,California,Wagner,home,49,7,-58.5,38.1,32,10,0,-6.1,AS EXPECTED,graded,pbp,43,34,0.6362,0.8963,-7,ok,0,28,4,0,0,18,1,1,FCS opponent
v3.0,2026,2026-09-19,Purdue,UCLA,away,38,52,13.5,-13.9,-14,0,0,-0.1,AS EXPECTED,graded,pbp,59,80,-0.104,-0.2068,5,ok,0,7,3,1,3,,0,3,Road · Night
v3.0,2026,2026-09-19,Texas,UTSA,home,30,6,-29.5,25.8,24,0,0,-1.8,AS EXPECTED,graded,pbp,76,41,0.241,0.452,-9,ok,0,27,8,1,1,10,1,0,Night · Group of 5 opponent
v3.0,2026,2026-09-19,BYU,Colorado State,away,41,23,-17.5,17.1,31,3,16,13.9,DAWG,graded,pbp,40,39,0.6027,0.2681,10,ok,0,24,5,1,1,17,1,2,Road · Night · Full house · Group of 5 opponent
v3.0,2026,2026-09-19,Utah,Utah State,home,33,0,-26.5,23.8,33,0,0,9.2,AS EXPECTED,graded,pbp,55,34,0.5687,0.406,5,ok,0,13,4,0,0,20,1,1,Group of 5 opponent
v3.0,2026,2026-09-19,SMU,Louisville,away,31,41,3.0,-3.3,-10,0,0,-6.7,AS EXPECTED,graded,pbp,80,60,-0.2315,-0.046,-10,ok,0,17,6,1,5,,0,3,Road · Ranked opponent
v3.0,2026,2026-09-19,South Carolina,Mississippi State,home,34,41,-3.0,3.3,-7,0,0,-10.3,AS EXPECTED,graded,pbp,79,60,-0.2227,0.046,-14,ok,0,16,4,1,4,-17,1,2,
v3.0,2026,2026-09-19,Virginia,West Virginia,neutral,27,38,-10.5,11.2,-11,0,0,-22.2,SOFT,graded,pbp,70,68,-0.183,0.1609,-17,ok,0,21,6,0,3,,0,0,Night
v3.0,2026,2026-09-19,Virginia Tech,Maryland,away,35,26,-2.5,2.8,9,0,0,6.2,AS EXPECTED,graded,pbp,75,65,0.0066,0.0383,-2,ok,0,14,4,2,2,-4,0,0,Road · Night
v3.0,2026,2026-09-19,UCLA,Purdue,home,52,38,-13.5,13.9,14,0,0,0.1,AS EXPECTED,graded,pbp,80,59,0.104,0.2068,-5,ok,0,21,4,4,6,0,3,0,Night
v3.0,2026,2026-09-19,TCU,Arkansas State,home,31,7,-18.5,17.8,24,0,0,6.2,AS EXPECTED,graded,pbp,67,51,0.455,0.2834,7,ok,0,31,9,0,0,10,0,1,Night · Group of 5 opponent
v3.0,2026,2026-09-19,Tennessee,Kennesaw State,home,42,9,-35.5,29.0,32,7,6,3.0,AS EXPECTED,graded,pbp,46,38,0.4178,0.5439,-4,ok,0,20,6,1,1,20,1,1,Night · Group of 5 opponent
v3.0,2026,2026-09-19,Washington,Eastern Washington,home,48,16,-42.5,31.8,28,7,3,-3.8,AS EXPECTED,graded,pbp,56,64,0.4822,0.6512,-7,ok,0,27,5,1,2,17,1,1,FCS opponent
v3.0,2026,2026-09-19,Wisconsin,Eastern Michigan,home,54,10,-23.5,21.5,31,16,3,9.5,AS EXPECTED,graded,pbp,40,32,0.8392,0.3601,13,ok,0,34,6,0,1,21,2,1,Group of 5 opponent
v3.0,2026,2026-09-19,West Virginia,Virginia,neutral,38,27,10.5,-11.2,11,0,0,22.2,DAWG,graded,pbp,68,70,0.183,-0.1609,17,ok,0,24,8,2,3,-3,0,0,Night · Ranked opponent
v3.0,2026,2026-09-19,USC,Rutgers,away,42,35,-21.0,19.6,7,0,0,-12.6,SOFT,graded,pbp,64,69,-0.014,0.3217,-16,ok,0,14,3,3,4,-3,2,0,Road
v3.0,2026,2026-09-19,Alabama,Florida State,home,50,36,-18.5,17.8,14,0,0,-3.8,AS EXPECTED,graded,pbp,68,64,0.2876,0.2834,0,ok,0,27,5,1,2,2,3,0,
v3.0,2026,2026-09-19,Mississippi State,South Carolina,away,41,34,3.0,-3.3,7,0,0,10.3,AS EXPECTED,graded,pbp,60,79,0.2227,-0.046,14,ok,0,27,5,0,1,-8,2,1,Road · Full house
v3.0,2026,2026-09-19,Illinois,Southern Illinois,home,48,10,-34.5,28.5,24,14,0,-4.5,AS EXPECTED,graded,pbp,45,52,0.3826,0.5286,-5,ok,0,27,7,1,1,10,1,1,FCS opponent
v3.0,2026,2026-09-19,Colorado,Northwestern,away,7,41,3.5,-3.9,-28,0,6,-24.1,CERTIFIED SOFT,graded,pbp,52,55,-0.429,-0.0536,-15,ok,0,7,4,0,1,,1,4,Road · Night · Full house
v3.0,2026,2026-09-19,Florida State,Alabama,away,36,50,18.5,-17.8,-14,0,0,3.8,AS EXPECTED,graded,pbp,64,68,-0.2876,-0.2834,0,ok,0,7,2,2,5,-25,0,3,Road · Full house · Top-10 opponent
v3.0,2026,2026-09-19,Florida,Auburn,away,44,39,-2.5,2.8,5,0,0,2.2,AS EXPECTED,graded,pbp,75,66,-0.0271,0.0383,-3,ok,0,14,4,3,3,-6,1,1,Road · Night · Full house
v3.0,2026,2026-09-19,Georgia Tech,Mercer,home,44,11,-38.5,30.3,26,7,0,-4.3,AS EXPECTED,graded,pbp,45,50,0.2712,0.5899,-11,ok,0,21,4,0,0,12,2,0,FCS opponent
v3.0,2026,2026-09-19,Georgia,Arkansas,away,45,17,-24.5,22.2,28,14,14,5.8,AS EXPECTED,graded,pbp,50,38,0.5019,0.3754,4,ok,0,28,5,0,0,14,1,0,Road
v3.0,2026,2026-09-19,Iowa State,Bowling Green,home,55,7,-22.5,20.7,31,17,0,10.3,AS EXPECTED,graded,pbp,41,32,0.4545,0.3447,3,ok,0,28,6,1,1,17,2,1,Group of 5 opponent
v3.0,2026,2026-09-19,Northwestern,Colorado,home,41,7,-3.5,3.9,28,6,0,24.1,CERTIFIED DAWG,graded,pbp,55,52,0.429,0.0536,15,ok,0,28,7,0,0,14,4,1,Night
v3.0,2026,2026-09-19,Arkansas,Georgia,home,17,45,24.5,-22.2,-28,14,14,-5.8,AS EXPECTED,graded,pbp,38,50,-0.5019,-0.3754,-4,ok,0,0,1,0,1,,0,1,Top-10 opponent
v3.0,2026,2026-09-19,Indiana,Western Kentucky,home,38,0,-44.5,32.6,31,7,0,-1.6,AS EXPECTED,graded,pbp,49,51,0.5838,0.6818,-4,ok,0,28,8,0,0,17,1,0,Group of 5 opponent
v3.0,2026,2026-09-19,Notre Dame,Michigan State,home,27,10,-28.5,25.1,17,0,0,-8.1,AS EXPECTED,graded,pbp,67,46,0.289,0.4367,-6,ok,0,17,5,1,2,7,2,0,Night
v3.0,2026,2026-09-19,Arizona State,Kansas,neutral,24,17,-5.5,6.0,7,0,0,1.0,AS EXPECTED,graded,pbp,66,74,-0.0318,0.0843,-6,ok,0,17,11,0,3,-3,3,0,
v3.0,2026,2026-09-19,Kentucky,Texas A&M,away,31,21,16.5,-16.3,10,0,0,26.3,CERTIFIED DAWG,graded,pbp,54,84,0.2007,-0.2528,23,ok,0,14,5,1,1,-4,2,0,Road · Full house · Top-10 opponent
v3.0,2026,2026-09-19,Louisville,SMU,home,41,31,-3.0,3.3,10,0,0,6.7,AS EXPECTED,graded,pbp,60,80,0.2315,0.046,10,ok,0,14,7,4,5,0,3,0,Ranked opponent
v3.0,2026,2026-09-19,LSU,Ole Miss,away,24,32,-3.0,3.3,-8,0,0,-11.3,AS EXPECTED,graded,pbp,69,73,-0.0802,0.046,-7,ok,0,17,4,0,2,,1,1,Road · Night · Full house · Top-10 opponent
v3.0,2026,2026-09-25,Rutgers,Howard,home,58,7,-42.5,31.8,34,17,0,2.2,AS EXPECTED,graded,pbp,38,28,0.5952,0.6512,-1,ok,0,24,4,0,0,20,3,0,Night · FCS opponent
v3.0,2026,2026-09-25,Clemson,California,away,24,10,-2.5,2.8,14,0,0,11.2,AS EXPECTED,graded,pbp,65,56,0.3395,0.0383,13,ok,0,21,6,0,0,0,2,1,Road · Night
v3.0,2026,2026-09-25,California,Clemson,home,10,24,2.5,-2.8,-14,0,0,-11.2,AS EXPECTED,graded,pbp,56,65,-0.3395,-0.0383,-13,ok,0,0,4,0,1,,1,2,Night
v3.0,2026,2026-09-25,Northwestern,Indiana,away,23,29,20.5,-19.2,-6,0,0,13.2,DAWG,graded,pbp,56,69,0.141,-0.3141,21,ok,0,7,3,3,5,,0,0,Road · Night · Full house · Top-10 opponent
v3.0,2026,2026-09-25,Indiana,Northwestern,home,29,23,-20.5,19.2,6,0,0,-13.2,SOFT,graded,pbp,69,56,-0.141,0.3141,-21,ok,0,10,3,3,3,-6,0,0,Night
v3.0,2026,2026-09-26,Boston College,Virginia Tech,home,14,21,14.5,-14.8,-7,0,0,7.8,AS EXPECTED,graded,pbp,61,77,0.0945,-0.2222,16,ok,0,7,8,1,3,,1,0,
v3.0,2026,2026-09-26,Arizona,Washington State,away,34,24,-11.5,12.2,10,0,0,-2.2,AS EXPECTED,graded,pbp,74,70,0.207,0.1762,2,ok,0,24,8,1,2,-4,2,1,Road · Night · Group of 5 opponent
v3.0,2026,2026-09-26,Maryland,UCLA,home,3,54,2.5,-2.8,-31,0,20,-28.2,CERTIFIED SOFT,graded,pbp,46,40,-0.5729,-0.0383,-17,ok,0,0,4,0,1,,2,4,
v3.0,2026,2026-09-26,Michigan State,Nebraska,home,13,31,6.0,-6.6,-18,0,0,-11.4,AS EXPECTED,graded,pbp,60,67,-0.2313,-0.0919,-6,ok,0,6,4,0,1,,0,3,
v3.0,2026,2026-09-26,Michigan,Iowa,home,19,20,-4.5,5.0,-1,0,0,-6.0,AS EXPECTED,graded,pbp,68,58,0.096,0.0689,1,ok,0,10,7,2,2,,0,1,Ranked opponent
v3.0,2026,2026-09-26,Minnesota,Washington,away,27,24,12.5,-13.1,3,0,0,16.1,DAWG,graded,pbp,62,54,0.0984,-0.1915,12,ok,0,17,8,2,3,-11,2,1,Road · Night
v3.0,2026,2026-09-26,Missouri,Mississippi State,away,24,31,3.5,-3.9,-7,0,0,-3.1,AS EXPECTED,graded,pbp,75,78,-0.0148,-0.0536,2,ok,0,17,6,1,4,,1,0,Road · Night · Full house · Ranked opponent
v3.0,2026,2026-09-26,Ole Miss,Florida,away,28,52,4.0,-4.4,-24,0,0,-19.6,SOFT,graded,pbp,57,71,-0.1325,-0.0613,-3,ok,0,3,2,0,1,,0,2,Road · Full house · Ranked opponent
v3.0,2026,2026-09-26,Duke,William & Mary,home,62,7,-43.5,32.2,31,24,0,-1.2,AS EXPECTED,graded,pbp,39,29,0.518,0.6665,-4,ok,0,28,5,1,1,17,0,0,FCS opponent
v3.0,2026,2026-09-26,NC State,App State,home,41,31,-12.5,13.1,10,0,0,-3.1,AS EXPECTED,graded,pbp,80,61,0.0159,0.1915,-9,ok,0,24,7,2,2,-4,0,1,Night · Group of 5 opponent
v3.0,2026,2026-09-26,Wake Forest,Louisville,away,30,27,11.5,-12.2,3,0,0,15.2,DAWG,graded,pbp,61,74,0.0279,-0.1762,10,ok,0,13,5,3,5,-7,1,1,Road · Ranked opponent
v3.0,2026,2026-09-26,Nebraska,Michigan State,away,31,13,-6.0,6.6,18,0,0,11.4,AS EXPECTED,graded,pbp,67,60,0.2313,0.0919,6,ok,0,17,6,2,2,7,3,0,Road
v3.0,2026,2026-09-26,Ohio State,Illinois,home,42,19,-25.5,23.0,23,0,0,-0.0,AS EXPECTED,graded,pbp,66,64,0.2225,0.3907,-8,ok,0,21,3,0,1,9,0,0,
v3.0,2026,2026-09-26,Oklahoma State,West Virginia,away,41,24,1.5,-1.7,17,0,0,18.7,DAWG,graded,pbp,68,88,0.3811,-0.023,23,ok,0,20,6,3,3,3,1,1,Road · Night · Full house
v3.0,2026,2026-09-26,Auburn,Vanderbilt,home,21,15,-10.0,10.7,6,0,0,-4.7,AS EXPECTED,graded,pbp,58,75,-0.0683,0.1532,-11,ok,0,0,5,2,3,-5,1,1,
v3.0,2026,2026-09-26,Oklahoma,Georgia,away,13,41,11.5,-12.2,-25,7,10,-12.8,SOFT,graded,pbp,51,39,0.0752,-0.1762,8,ok,0,0,5,0,1,,2,4,Road · Full house · Top-10 opponent
v3.0,2026,2026-09-26,UCF,TCU,home,21,13,3.5,-3.9,8,0,0,11.9,AS EXPECTED,graded,pbp,54,67,-0.0152,-0.0536,2,ok,0,7,7,2,3,,4,2,
v3.0,2026,2026-09-26,Penn State,Wisconsin,home,20,24,-9.5,10.2,-4,0,0,-14.2,SOFT,graded,pbp,65,66,-0.1862,0.1456,-16,ok,0,10,6,1,2,-14,3,1,
v3.0,2026,2026-09-26,Cincinnati,Kansas State,home,31,26,6.0,-6.6,5,0,0,11.6,AS EXPECTED,graded,pbp,52,80,0.1329,-0.0919,11,ok,0,17,5,1,3,-6,1,1,Night
v3.0,2026,2026-09-26,Pittsburgh,Bucknell,home,59,0,-54.5,36.5,35,24,0,-1.5,AS EXPECTED,graded,pbp,42,27,1.0328,0.835,5,ok,0,28,4,0,0,21,0,1,FCS opponent
v3.0,2026,2026-09-26,Iowa,Michigan,away,20,19,4.5,-5.0,1,0,0,6.0,AS EXPECTED,graded,pbp,58,68,-0.096,-0.0689,-1,ok,0,7,5,2,4,,1,0,Road · Full house · Ranked opponent
v3.0,2026,2026-09-26,Kansas State,Cincinnati,away,26,31,-6.0,6.6,-5,0,0,-11.6,AS EXPECTED,graded,pbp,80,52,-0.1329,0.0919,-11,ok,0,13,4,1,4,-15,1,1,Road · Night · Full house
v3.0,2026,2026-09-26,Vanderbilt,Auburn,away,15,21,10.0,-10.7,-6,0,0,4.7,AS EXPECTED,graded,pbp,75,58,0.0683,-0.1532,11,ok,0,6,7,0,1,,1,1,Road · Full house
v3.0,2026,2026-09-26,Baylor,Colorado,home,23,13,-8.5,9.2,10,0,0,0.8,AS EXPECTED,graded,pbp,74,81,-0.0957,0.1302,-13,ok,0,13,10,2,3,0,1,1,
v3.0,2026,2026-09-26,Miami,Central Michigan,home,52,3,-41.5,31.4,32,17,0,0.6,AS EXPECTED,graded,pbp,40,25,1.0497,0.6358,10,ok,0,21,3,1,1,21,3,1,Group of 5 opponent
v3.0,2026,2026-09-26,Stanford,Georgia Tech,home,34,27,3.0,-3.3,7,0,0,10.3,AS EXPECTED,graded,pbp,72,70,0.0642,-0.046,6,ok,0,21,4,2,4,-7,2,0,Night
v3.0,2026,2026-09-26,Texas A&M,LSU,away,6,35,8.5,-9.2,-29,0,0,-19.8,SOFT,graded,pbp,45,42,-0.5817,-0.1302,-14,ok,0,3,4,0,1,,1,2,Road · Night · Full house · Top-10 opponent
v3.0,2026,2026-09-26,Houston,Georgia Southern,away,42,28,-17.5,17.1,14,0,0,-3.1,AS EXPECTED,graded,pbp,63,65,0.0237,0.2681,-11,ok,0,21,3,2,2,0,1,0,Road · Full house · Group of 5 opponent
v3.0,2026,2026-09-26,Oregon,USC,away,41,27,-3.5,3.9,14,0,0,10.1,AS EXPECTED,graded,pbp,68,75,0.1938,0.0536,7,ok,0,10,3,4,5,4,1,0,Road · Full house · Ranked opponent
v3.0,2026,2026-09-26,Purdue,Notre Dame,home,10,49,27.5,-24.5,-35,10,14,-10.5,AS EXPECTED,graded,pbp,36,31,-0.722,-0.4213,-7,ok,0,3,3,0,1,,1,0,Top-10 opponent
v3.0,2026,2026-09-26,Texas,Tennessee,away,20,17,-5.5,6.0,3,0,0,-3.0,AS EXPECTED,graded,pbp,56,76,0.0494,0.0843,-2,ok,0,10,9,1,2,-7,0,1,Road · Full house · Ranked opponent
v3.0,2026,2026-09-26,Utah,Iowa State,away,31,17,-7.5,8.2,14,0,0,5.8,AS EXPECTED,graded,pbp,60,76,0.1588,0.1149,2,ok,0,17,6,0,1,0,2,0,Road
v3.0,2026,2026-09-26,SMU,Missouri State,home,34,24,-30.5,26.4,10,0,0,-16.4,SOFT,graded,pbp,78,62,0.2365,0.4673,-12,ok,0,28,7,0,2,-1,1,2,Night · Group of 5 opponent
v3.0,2026,2026-09-26,South Carolina,Alabama,away,18,49,12.5,-13.1,-32,8,7,-18.9,SOFT,graded,pbp,61,49,-0.3907,-0.1915,-8,ok,0,0,1,0,1,,0,2,Road · Night · Full house · Top-10 opponent
v3.0,2026,2026-09-26,Virginia,Delaware,home,42,3,-19.5,18.5,32,7,0,13.5,DAWG,graded,pbp,52,32,0.62,0.2988,10,ok,0,21,4,0,0,18,2,1,Group of 5 opponent
v3.0,2026,2026-09-26,Virginia Tech,Boston College,away,21,14,-14.5,14.8,7,0,0,-7.8,AS EXPECTED,graded,pbp,77,61,-0.0945,0.2222,-16,ok,0,13,9,1,2,,0,1,Road
v3.0,2026,2026-09-26,UCLA,Maryland,away,54,3,-2.5,2.8,31,20,0,28.2,CERTIFIED DAWG,graded,pbp,40,46,0.5729,0.0383,17,ok,0,21,6,0,0,17,4,2,Road
v3.0,2026,2026-09-26,TCU,UCF,away,13,21,-3.5,3.9,-8,0,0,-11.9,AS EXPECTED,graded,pbp,67,54,0.0152,0.0536,-2,ok,0,6,7,1,3,,2,4,Road · Full house
v3.0,2026,2026-09-26,Tennessee,Texas,home,17,20,5.5,-6.0,-3,0,0,3.0,AS EXPECTED,graded,pbp,76,56,-0.0494,-0.0843,2,ok,0,7,6,1,3,,1,0,Top-10 opponent
v3.0,2026,2026-09-26,Washington,Minnesota,home,24,27,-12.5,13.1,-3,0,0,-16.1,SOFT,graded,pbp,54,62,-0.0984,0.1915,-12,ok,0,14,6,0,1,,1,2,Night
v3.0,2026,2026-09-26,Texas Tech,Sam Houston,home,49,14,-34.5,28.5,28,7,0,-0.5,AS EXPECTED,graded,pbp,54,56,0.1632,0.5286,-15,ok,0,21,8,0,1,14,3,3,Group of 5 opponent
v3.0,2026,2026-09-26,Wisconsin,Penn State,away,24,20,9.5,-10.2,4,0,0,14.2,DAWG,graded,pbp,66,65,0.1862,-0.1456,16,ok,0,24,6,0,1,,1,3,Road · Full house · Ranked opponent
v3.0,2026,2026-09-26,West Virginia,Oklahoma State,home,24,41,-1.5,1.7,-17,0,0,-18.7,SOFT,graded,pbp,88,68,-0.3811,0.023,-23,ok,0,14,2,2,6,-28,1,1,Night
v3.0,2026,2026-09-26,USC,Oregon,home,27,41,3.5,-3.9,-14,0,0,-10.1,AS EXPECTED,graded,pbp,75,68,-0.1938,-0.0536,-7,ok,0,14,2,1,3,,0,1,Ranked opponent
v3.0,2026,2026-09-26,Alabama,South Carolina,home,49,18,-12.5,13.1,32,7,8,18.9,DAWG,graded,pbp,49,61,0.3907,0.1915,8,ok,0,21,4,0,0,18,2,0,Night
v3.0,2026,2026-09-26,Mississippi State,Missouri,home,31,24,-3.5,3.9,7,0,0,3.1,AS EXPECTED,graded,pbp,78,75,0.0148,0.0536,-2,ok,0,28,7,1,3,-7,0,1,Night · Ranked opponent
v3.0,2026,2026-09-26,Illinois,Ohio State,away,19,42,25.5,-23.0,-23,0,0,0.0,AS EXPECTED,graded,pbp,64,66,-0.2225,-0.3907,8,ok,0,0,2,0,1,,0,0,Road · Full house · Top-10 opponent
v3.0,2026,2026-09-26,Colorado,Baylor,away,13,23,8.5,-9.2,-10,0,0,-0.8,AS EXPECTED,graded,pbp,81,74,0.0957,-0.1302,13,ok,0,13,8,0,3,,1,1,Road
v3.0,2026,2026-09-26,Florida State,Central Arkansas,home,34,7,-45.5,33.0,27,0,0,-6.0,AS EXPECTED,graded,pbp,41,47,0.4027,0.6971,-10,ok,0,27,5,0,0,13,0,1,FCS opponent
v3.0,2026,2026-09-26,Florida,Ole Miss,home,52,28,-4.0,4.4,24,0,0,19.6,DAWG,graded,pbp,71,57,0.1325,0.0613,3,ok,0,17,5,3,3,14,2,0,Top-10 opponent
v3.0,2026,2026-09-26,Georgia Tech,Stanford,away,27,34,-3.0,3.3,-7,0,0,-10.3,AS EXPECTED,graded,pbp,70,72,-0.0642,0.046,-6,ok,0,3,3,2,5,-17,0,2,Road · Night
v3.0,2026,2026-09-26,Georgia,Oklahoma,home,41,13,-11.5,12.2,25,10,7,12.8,DAWG,graded,pbp,39,51,-0.0752,0.1762,-8,ok,0,31,8,0,0,11,4,2,
v3.0,2026,2026-09-26,Iowa State,Utah,home,17,31,7.5,-8.2,-14,0,0,-5.8,AS EXPECTED,graded,pbp,76,60,-0.1588,-0.1149,-2,ok,0,7,5,0,1,,0,2,Ranked opponent
v3.0,2026,2026-09-26,Arkansas,Tulsa,home,34,6,-7.0,7.6,28,0,0,20.4,DAWG,graded,pbp,75,47,0.1942,0.1072,4,ok,0,23,9,0,0,18,2,1,Night · Group of 5 opponent
v3.0,2026,2026-09-26,Notre Dame,Purdue,away,49,10,-27.5,24.5,35,14,10,10.5,AS EXPECTED,graded,pbp,31,36,0.722,0.4213,7,ok,0,28,6,0,0,21,0,1,Road
v3.0,2026,2026-09-26,Kentucky,South Alabama,home,45,21,-20.5,19.2,24,0,0,4.8,AS EXPECTED,graded,pbp,62,54,0.4029,0.3141,4,ok,0,24,8,2,3,14,2,1,Group of 5 opponent
v3.0,2026,2026-09-26,Louisville,Wake Forest,home,27,30,-11.5,12.2,-3,0,0,-15.2,SOFT,graded,pbp,74,61,-0.0279,0.1762,-10,ok,0,3,4,3,5,,1,1,
v3.0,2026,2026-09-26,LSU,Texas A&M,home,35,6,-8.5,9.2,29,0,0,19.8,DAWG,graded,pbp,42,45,0.5817,0.1302,14,ok,0,28,6,0,1,18,2,1,Night · Ranked opponent
v3.0,2026,2026-10-02,Penn State,Northwestern,away,13,34,-3.0,3.3,-27,6,0,-30.3,CERTIFIED SOFT,graded,pbp,52,65,-0.2826,0.046,-14,ok,0,14,5,0,1,,1,2,Road · Night · Full house
v3.0,2026,2026-10-02,Pittsburgh,Virginia Tech,away,35,33,1.5,-1.7,2,0,0,3.7,AS EXPECTED,graded,pbp,60,73,0.0535,-0.023,4,ok,0,21,8,0,2,-9,4,0,Road · Night · Full house
v3.0,2026,2026-10-02,Virginia Tech,Pittsburgh,home,33,35,-1.5,1.7,-2,0,0,-3.7,AS EXPECTED,graded,pbp,73,60,-0.0535,0.023,-4,ok,0,7,8,2,3,-16,0,4,Night
v3.0,2026,2026-10-02,Northwestern,Penn State,home,34,13,3.0,-3.3,27,0,6,30.3,CERTIFIED DAWG,graded,pbp,65,52,0.2826,-0.046,14,ok,0,21,8,1,1,17,2,1,Night
v3.0,2026,2026-10-03,Boston College,SMU,away,16,25,21.5,-20.0,-9,0,0,11.0,AS EXPECTED,graded,pbp,65,62,-0.0056,-0.3294,15,ok,0,7,5,1,2,,0,1,Road · Ranked opponent
v3.0,2026,2026-10-03,Arizona,Cincinnati,home,34,7,-7.0,7.6,24,10,7,16.4,DAWG,graded,pbp,54,44,0.4806,0.1072,13,ok,0,20,6,0,0,14,0,0,Night
v3.0,2026,2026-10-03,Maryland,Nebraska,away,23,48,15.5,-15.6,-25,0,0,-9.4,AS EXPECTED,graded,pbp,56,72,-0.532,-0.2375,-14,ok,0,13,7,1,3,-34,1,2,Road · Full house
v3.0,2026,2026-10-03,Michigan State,Wisconsin,away,3,31,8.5,-9.2,-28,0,0,-18.8,SOFT,graded,pbp,67,59,-0.5064,-0.1302,-17,ok,0,3,4,0,1,,0,0,Road
v3.0,2026,2026-10-03,Michigan,Minnesota,away,14,20,-6.5,7.1,-6,0,0,-13.1,SOFT,graded,pbp,49,65,-0.029,0.0996,-5,ok,0,7,5,0,4,,2,2,Road · Full house
v3.0,2026,2026-10-03,Minnesota,Michigan,home,20,14,6.5,-7.1,6,0,0,13.1,DAWG,graded,pbp,65,49,0.029,-0.0996,5,ok,0,17,8,0,2,,2,2,
v3.0,2026,2026-10-03,Missouri,Florida,home,45,17,5.5,-6.0,28,7,7,34.0,CERTIFIED DAWG,graded,pbp,54,45,0.483,-0.0843,21,ok,0,20,6,2,2,18,0,0,Top-10 opponent
v3.0,2026,2026-10-03,NC State,Louisville,home,31,28,5.5,-6.0,3,0,0,9.0,AS EXPECTED,graded,pbp,84,56,-0.0553,-0.0843,1,ok,0,20,5,1,4,-7,3,1,
v3.0,2026,2026-10-03,North Carolina,Notre Dame,home,26,37,21.0,-19.6,-11,0,0,8.6,AS EXPECTED,graded,pbp,51,75,-0.172,-0.3217,7,ok,0,14,2,0,2,,0,2,Top-10 opponent
v3.0,2026,2026-10-03,Wake Forest,Stanford,home,57,3,-14.5,14.8,33,21,0,18.2,DAWG,graded,pbp,48,36,0.7159,0.2222,15,ok,0,28,5,0,0,18,1,0,
v3.0,2026,2026-10-03,Nebraska,Maryland,home,48,23,-15.5,15.6,25,0,0,9.4,AS EXPECTED,graded,pbp,72,56,0.532,0.2375,14,ok,0,35,7,0,3,13,2,1,
v3.0,2026,2026-10-03,Rutgers,Indiana,home,15,47,24.5,-22.2,-37,15,10,-14.8,SOFT,graded,pbp,31,48,-0.8618,-0.3754,-14,ok,0,0,1,0,1,,0,0,Night · Top-10 opponent
v3.0,2026,2026-10-03,Syracuse,UConn,away,42,41,-6.5,7.1,1,0,0,-6.1,AS EXPECTED,graded,pbp,79,74,-0.0378,0.0996,-8,ok,8,28,7,1,4,-12,2,2,Road · Full house · Group of 5 opponent
v3.0,2026,2026-10-03,Ohio State,Iowa,away,31,14,-14.5,14.8,25,0,8,10.2,AS EXPECTED,graded,pbp,74,45,0.4962,0.2222,12,ok,0,28,6,1,2,14,2,0,Road · Full house · Ranked opponent
v3.0,2026,2026-10-03,Auburn,Tennessee,away,14,24,6.0,-6.6,-10,0,0,-3.4,AS EXPECTED,graded,pbp,65,67,-0.045,-0.0919,2,ok,0,14,8,0,2,,2,3,Road · Full house · Ranked opponent
v3.0,2026,2026-10-03,UCF,Houston,away,17,27,10.5,-11.2,-10,0,0,1.2,AS EXPECTED,graded,pbp,59,77,-0.1955,-0.1609,-2,ok,0,10,5,0,3,-20,1,1,Road · Ranked opponent
v3.0,2026,2026-10-03,Cincinnati,Arizona,away,7,34,7.0,-7.6,-24,7,10,-16.4,SOFT,graded,pbp,44,54,-0.4806,-0.1072,-13,ok,0,0,2,0,1,,0,0,Road · Night
v3.0,2026,2026-10-03,Clemson,Miami,home,13,41,14.0,-14.4,-28,0,0,-13.6,SOFT,graded,pbp,71,62,-0.285,-0.2145,-3,ok,0,3,4,0,1,,0,2,Night · Top-10 opponent
v3.0,2026,2026-10-03,Iowa,Ohio State,home,14,31,14.5,-14.8,-25,8,0,-10.2,AS EXPECTED,graded,pbp,45,74,-0.4962,-0.2222,-12,ok,0,0,4,2,2,,0,2,Top-10 opponent
v3.0,2026,2026-10-03,Kansas,Middle Tennessee,home,55,0,-21.5,20.0,34,21,0,14.0,DAWG,graded,pbp,58,30,0.8874,0.3294,18,ok,0,20,5,0,0,24,1,0,Group of 5 opponent
v3.0,2026,2026-10-03,Vanderbilt,Georgia,away,14,38,25.5,-23.0,-24,0,0,-1.0,AS EXPECTED,graded,pbp,45,60,-0.2711,-0.3907,5,ok,0,7,2,0,2,,0,1,Road · Full house · Top-10 opponent
v3.0,2026,2026-10-03,Baylor,Arizona State,away,55,19,3.5,-3.9,29,10,3,32.9,CERTIFIED DAWG,graded,pbp,59,54,0.4032,-0.0536,19,ok,0,21,5,2,2,18,2,0,Road · Night · Full house
v3.0,2026,2026-10-03,Miami,Clemson,away,41,13,-14.0,14.4,28,0,0,13.6,DAWG,graded,pbp,62,71,0.285,0.2145,3,ok,0,20,7,1,1,18,2,0,Road · Night · Full house
v3.0,2026,2026-10-03,Stanford,Wake Forest,away,3,57,14.5,-14.8,-33,0,21,-18.2,SOFT,graded,pbp,36,48,-0.7159,-0.2222,-15,ok,0,0,2,0,1,,0,1,Road
v3.0,2026,2026-10-03,Texas A&M,Arkansas,home,34,7,-13.5,13.9,24,3,0,10.1,AS EXPECTED,graded,pbp,51,35,0.3887,0.2068,6,ok,0,27,5,0,1,10,1,0,Night
v3.0,2026,2026-10-03,Houston,UCF,home,27,17,-10.5,11.2,10,0,0,-1.2,AS EXPECTED,graded,pbp,77,59,0.1955,0.1609,2,ok,0,20,7,0,1,0,1,1,
v3.0,2026,2026-10-03,California,UNLV,away,31,39,1.5,-1.7,-8,0,0,-6.3,AS EXPECTED,graded,pbp,83,61,-0.1521,-0.023,-7,ok,0,21,8,0,3,,1,1,Road · Group of 5 opponent
v3.0,2026,2026-10-03,Purdue,Illinois,away,24,17,9.5,-10.2,7,0,0,17.2,DAWG,graded,pbp,60,65,0.0979,-0.1456,11,ok,0,13,6,1,1,-6,1,0,Road · Full house
v3.0,2026,2026-10-03,BYU,TCU,away,17,10,-5.5,6.0,7,0,0,1.0,AS EXPECTED,graded,pbp,62,55,0.1174,0.0843,1,ok,0,17,8,0,1,-3,1,0,Road · Night
v3.0,2026,2026-10-03,SMU,Boston College,home,25,16,-21.5,20.0,9,0,0,-11.0,AS EXPECTED,graded,pbp,62,65,0.0056,0.3294,-15,ok,0,14,6,1,2,0,1,0,
v3.0,2026,2026-10-03,South Carolina,Kentucky,home,34,35,-2.5,2.8,-1,0,0,-3.8,AS EXPECTED,graded,pbp,68,74,-0.0301,0.0383,-4,ok,10,10,6,2,4,-15,0,2,Ranked opponent
v3.0,2026,2026-10-03,Virginia,Florida State,away,7,38,-1.5,1.7,-24,0,7,-25.7,CERTIFIED SOFT,graded,pbp,49,52,-0.5126,0.023,-20,ok,0,7,5,0,2,,1,0,Road
v3.0,2026,2026-10-03,TCU,BYU,home,10,17,5.5,-6.0,-7,0,0,-1.0,AS EXPECTED,graded,pbp,55,62,-0.1174,-0.0843,-1,ok,0,7,7,0,2,,0,1,Night · Top-10 opponent
v3.0,2026,2026-10-03,Tennessee,Auburn,home,24,14,-6.0,6.6,10,0,0,3.4,AS EXPECTED,graded,pbp,67,65,0.045,0.0919,-2,ok,0,24,10,0,1,0,3,2,
v3.0,2026,2026-10-03,Washington,USC,away,21,25,7.5,-8.2,-4,0,0,4.2,AS EXPECTED,graded,pbp,59,69,0.0237,-0.1149,7,ok,0,21,5,0,5,-15,1,1,Road · Ranked opponent
v3.0,2026,2026-10-03,Texas Tech,Colorado,away,29,7,-13.5,13.9,22,0,0,8.1,AS EXPECTED,graded,pbp,64,80,0.1139,0.2068,-5,ok,0,20,10,1,1,7,4,0,Road · Full house
v3.0,2026,2026-10-03,Wisconsin,Michigan State,home,31,3,-8.5,9.2,28,0,0,18.8,DAWG,graded,pbp,59,67,0.5064,0.1302,17,ok,0,24,8,0,0,14,0,0,
v3.0,2026,2026-10-03,West Virginia,Iowa State,away,42,45,3.0,-3.3,-3,0,0,0.3,AS EXPECTED,graded,pbp,63,76,0.0234,-0.046,4,ok,0,28,6,2,5,,1,2,Road
v3.0,2026,2026-10-03,USC,Washington,home,25,21,-7.5,8.2,4,0,0,-4.2,AS EXPECTED,graded,pbp,69,59,-0.0237,0.1149,-7,ok,0,13,6,0,2,,1,1,
v3.0,2026,2026-10-03,Alabama,Mississippi State,away,56,23,-5.5,6.0,26,7,0,20.0,DAWG,graded,pbp,49,59,0.4336,0.0843,14,ok,0,21,5,1,2,12,4,1,Road · Full house · Ranked opponent
v3.0,2026,2026-10-03,Mississippi State,Alabama,home,23,56,5.5,-6.0,-26,0,7,-20.0,SOFT,graded,pbp,59,49,-0.4336,-0.0843,-14,ok,0,7,3,0,1,,1,4,Top-10 opponent
v3.0,2026,2026-10-03,Illinois,Purdue,home,17,24,-9.5,10.2,-7,0,0,-17.2,SOFT,graded,pbp,65,60,-0.0979,0.1456,-11,ok,0,10,3,0,2,,0,1,
v3.0,2026,2026-10-03,Colorado,Texas Tech,home,7,29,13.5,-13.9,-22,0,0,-8.1,AS EXPECTED,graded,pbp,80,64,-0.1139,-0.2068,5,ok,0,0,6,0,3,,0,4,Ranked opponent
v3.0,2026,2026-10-03,Florida State,Virginia,home,38,7,1.5,-1.7,24,7,0,25.7,CERTIFIED DAWG,graded,pbp,52,49,0.5126,-0.023,20,ok,0,38,10,0,1,14,0,1,
v3.0,2026,2026-10-03,Florida,Missouri,away,17,45,-5.5,6.0,-28,7,7,-34.0,CERTIFIED SOFT,graded,pbp,45,54,-0.483,0.0843,-21,ok,0,7,2,0,3,,0,0,Road · Full house · Ranked opponent
v3.0,2026,2026-10-03,Georgia,Vanderbilt,home,38,14,-25.5,23.0,24,0,0,1.0,AS EXPECTED,graded,pbp,60,45,0.2711,0.3907,-5,ok,0,24,6,1,1,10,1,0,
v3.0,2026,2026-10-03,Iowa State,West Virginia,home,45,42,-3.0,3.3,3,0,0,-0.3,AS EXPECTED,graded,pbp,76,63,-0.0234,0.046,-4,ok,0,21,6,4,6,-11,2,1,
v3.0,2026,2026-10-03,Arkansas,Texas A&M,away,7,34,13.5,-13.9,-24,0,3,-10.1,AS EXPECTED,graded,pbp,35,51,-0.3887,-0.2068,-6,ok,0,0,1,0,1,,0,1,Road · Night · Full house
v3.0,2026,2026-10-03,Indiana,Rutgers,away,47,15,-24.5,22.2,37,10,15,14.8,DAWG,graded,pbp,48,31,0.8618,0.3754,14,ok,0,24,6,0,0,27,0,0,Road · Night
v3.0,2026,2026-10-03,Notre Dame,North Carolina,away,37,26,-21.0,19.6,11,0,0,-8.6,AS EXPECTED,graded,pbp,75,51,0.172,0.3217,-7,ok,0,21,4,1,1,-3,2,0,Road · Full house
v3.0,2026,2026-10-03,Arizona State,Baylor,home,19,55,-3.5,3.9,-29,3,10,-32.9,CERTIFIED SOFT,graded,pbp,54,59,-0.4032,0.0536,-19,ok,0,10,3,0,1,,0,2,Night
v3.0,2026,2026-10-03,Kentucky,South Carolina,away,35,34,2.5,-2.8,1,0,0,3.8,AS EXPECTED,graded,pbp,74,68,0.0301,-0.0383,4,ok,10,20,6,1,3,,2,0,Road · Full house
v3.0,2026,2026-10-03,Louisville,NC State,away,28,31,-5.5,6.0,-3,0,0,-9.0,AS EXPECTED,graded,pbp,56,84,0.0553,0.0843,-1,ok,0,14,4,0,3,,1,3,Road · Full house
v3.0,2026,2026-10-03,LSU,McNeese,home,63,14,-53.5,36.2,35,28,14,-1.2,AS EXPECTED,graded,pbp,51,24,1.0094,0.8197,5,ok,0,28,5,0,0,21,1,1,Night · FCS opponent
