season,date,team,opponent,site,team_pts,opp_pts,closing_line,competitive_margin,garbage_plays,vs_spread_pts,finishing_pts,knife_twist_pts,cash_in_drives,cash_in_pts,cash_in_vs_expected,answers,answer_chances,answers_vs_expected,parts_used,setting,setting_multiplier,game_grade
2019,2019-08-24,Miami,Florida,neutral,20,24,7.0,-4,0,3.0,-5.51,,6,10,-2.43,1,4,-0.07,4,Night · Top-10 opponent,1.25,-1.2
2019,2019-08-24,Florida,Miami,neutral,24,20,-7.0,4,0,-3.0,2.87,,6,10,-6.62,1,3,-0.18,4,Night,1.05,-1.7
2019,2019-08-24,Arizona,Hawai'i,away,38,45,-10.5,-7,0,-17.5,-2.95,,6,28,10.33,0,2,-0.85,4,Road · Night · Full house · Group of 5 opponent,1.25,-1.5
2019,2019-08-29,UCF,Florida A&M,home,62,0,-44.0,41,94,-3.0,2.94,9.11,6,27,-0.7,0,0,,4,Night · FCS opponent,0.65,1.1
2019,2019-08-29,Cincinnati,UCLA,home,24,14,-2.5,10,0,7.5,-8.2,-0.45,9,17,-5.91,1,2,0.3,5,Night,1.05,-1.1
2019,2019-08-29,UCLA,Cincinnati,away,14,24,2.5,-10,0,-7.5,5.57,,7,7,-9.07,0,1,-0.31,4,Road · Night · Full house,1.25,-3.1
2019,2019-08-30,Michigan State,Tulsa,home,28,7,-23.5,21,0,-2.5,3.18,-0.3,11,12,-27.53,1,1,0.46,5,Night · Group of 5 opponent,1.05,-4.8
2019,2019-08-29,Minnesota,South Dakota State,home,28,21,-14.5,7,0,-7.5,11.34,-12.65,5,14,-1.72,1,3,-0.38,5,Night · FCS opponent,1.05,-1.7
2019,2019-08-30,Rutgers,Massachusetts,home,48,21,-17.0,27,25,10.0,3.23,9.06,7,31,8.12,0,1,-0.48,5,Night · Group of 5 opponent,0.9,3.6
2019,2019-08-29,Clemson,Georgia Tech,home,52,14,-36.5,42,65,5.5,5.28,9.98,6,21,-4.45,0,0,,4,Night,1.05,2.4
2019,2019-08-29,Texas A&M,Texas State,home,41,7,-33.0,31,57,-2.0,6.37,0.79,5,28,7.66,0,0,,4,Night · Group of 5 opponent,0.9,2.5
2019,2019-08-29,BYU,Utah,home,12,30,5.5,-24,10,-18.5,-8.05,,4,3,-5.58,1,2,0.44,4,Night · Ranked opponent,1.15,-5.2
2019,2019-08-29,Utah,BYU,away,30,12,-5.5,24,10,18.5,5.41,12.0,4,10,-0.78,0,2,-0.76,5,Road · Night · Full house,1.25,4.5
2019,2019-08-30,Wisconsin,South Florida,away,49,0,-10.5,35,72,24.5,9.51,16.41,5,14,-0.72,0,0,,4,Road · Night · Full house · Group of 5 opponent,1.1,7.7
2019,2019-08-29,Georgia Tech,Clemson,away,14,52,36.5,-42,65,-5.5,-7.92,,3,0,-1.8,0,1,-0.0,4,Road · Night · Full house,1.25,-2.9
2019,2019-08-29,Arizona State,Kent State,home,30,7,-24.5,30,25,5.5,-1.44,8.18,9,20,-12.79,0,0,,4,Night · Group of 5 opponent,1.05,-0.8
2019,2019-08-31,Boston College,Virginia Tech,home,35,28,4.5,7,0,11.5,6.45,-3.84,9,21,1.23,1,3,0.13,5,,1,2.1
2019,2019-08-31,Maryland,Howard,home,79,0,-29.0,42,106,13.0,20.34,13.86,5,28,8.66,0,0,,4,FCS opponent,0.6,5.3
2019,2019-08-31,Michigan,Middle Tennessee,home,40,21,-36.0,26,18,-10.0,2.71,-1.76,10,35,-7.18,1,1,0.35,5,Night · Group of 5 opponent,1.05,-1.9
2019,2019-08-31,Missouri,Wyoming,away,31,37,-17.0,-6,0,-23.0,-32.64,-27.94,6,21,1.38,1,4,-0.93,5,Road · Night · Full house · Group of 5 opponent,1.25,-13.9
2019,2019-08-31,Ole Miss,Memphis,away,10,15,3.5,-5,0,-1.5,11.72,,9,10,-10.21,0,1,-0.3,4,Road · Group of 5 opponent,1.1,-1.0
2019,2019-08-31,Duke,Alabama,neutral,3,42,34.5,-32,44,2.5,-8.38,,4,3,0.2,0,1,-0.02,4,Top-10 opponent,1.2,-1.0
2019,2019-08-31,NC State,East Carolina,home,34,6,-17.5,28,32,10.5,4.52,5.8,9,31,1.35,0,1,-0.49,5,Group of 5 opponent,0.85,2.1
2019,2019-08-31,North Carolina,South Carolina,neutral,24,20,12.0,4,0,16.0,-14.78,,8,17,2.43,1,2,0.56,4,,1,1.2
2019,2019-08-30,Wake Forest,Utah State,home,38,35,-4.5,3,0,-1.5,3.5,,10,31,4.55,0,4,-1.48,4,Night · Group of 5 opponent,1.05,-0.2
2019,2019-08-31,Nebraska,South Alabama,home,35,21,-35.5,14,0,-21.5,21.41,-17.5,8,7,-26.54,0,2,-1.3,5,Group of 5 opponent,1,-8.2
2019,2019-08-31,Syracuse,Liberty,away,24,0,-19.5,24,43,4.5,1.0,4.77,12,24,-16.73,0,0,,4,Road · Full house · Group of 5 opponent,1.2,-2.3
2019,2019-08-31,Ohio State,Florida Atlantic,home,45,21,-28.0,39,43,11.0,0.94,11.37,4,28,12.73,0,0,,4,Group of 5 opponent,0.85,5.3
2019,2019-08-30,Oklahoma State,Oregon State,away,52,36,-13.5,23,26,9.5,2.98,2.86,5,21,5.53,2,2,1.1,5,Road · Night · Group of 5 opponent,1.0,4.1
2019,2019-08-31,Auburn,Oregon,neutral,27,21,-3.5,6,0,2.5,9.38,,10,27,1.05,0,1,-0.36,4,Night · Ranked opponent,1.15,2.2
2019,2019-08-31,Pittsburgh,Virginia,home,14,30,2.5,-16,0,-13.5,-11.75,,5,14,2.52,0,3,-0.92,4,Night,1.05,-4.4
2019,2019-08-31,Iowa,Miami (OH),home,38,14,-25.0,24,8,-1.0,-1.78,1.92,6,24,1.99,1,1,0.45,5,Night · Group of 5 opponent,0.9,0.8
2019,2019-08-31,Kansas,Indiana State,home,24,17,-7.5,7,0,-0.5,6.83,-6.04,8,17,-5.36,0,1,-0.4,5,FCS opponent,1,-1.3
2019,2019-08-31,Kansas State,Nicholls,home,49,14,-20.5,28,37,7.5,-0.85,4.25,5,35,17.78,0,0,,4,Night · FCS opponent,0.65,3.6
2019,2019-08-31,Vanderbilt,Georgia,home,6,30,23.5,-24,12,-0.5,0.3,,4,0,-4.99,0,1,-0.12,4,Night · Top-10 opponent,1.25,-1.5
2019,2019-08-31,Baylor,Stephen F. Austin,home,56,17,-43.5,35,74,-8.5,9.12,-0.63,6,35,7.45,0,1,-0.72,5,Night · FCS opponent,0.65,0.7
2019,2019-08-31,Stanford,Northwestern,home,17,7,-6.5,10,0,3.5,-2.93,-2.52,8,7,-14.96,0,1,-0.39,5,,1,-3.5
2019,2019-08-31,Oregon,Auburn,neutral,21,27,3.5,-6,0,-2.5,-12.02,-14.35,8,7,-10.97,1,4,-0.19,5,Night · Ranked opponent,1.15,-6.9
2019,2019-08-31,California,UC Davis,home,27,13,-15.5,14,0,-1.5,-6.98,-7.17,10,27,-4.94,0,2,-0.94,5,FCS opponent,1,-3.8
2019,2019-08-30,Purdue,Nevada,away,31,34,-11.0,-3,0,-14.0,-13.82,-17.84,7,10,-10.79,1,3,-0.29,5,Road · Night · Group of 5 opponent,1.15,-9.2
2019,2019-08-31,SMU,Arkansas State,away,37,30,1.5,7,0,8.5,-3.62,-5.39,7,20,3.58,3,5,1.42,5,Road · Night · Full house · Group of 5 opponent,1.1,2.1
2019,2019-08-31,South Carolina,North Carolina,neutral,20,24,-12.0,-4,0,-16.0,12.14,-19.36,6,3,-15.12,2,5,-0.19,5,,1,-5.8
2019,2019-08-31,Virginia,Pittsburgh,away,30,14,-2.5,16,0,13.5,9.12,5.55,9,24,1.09,1,1,0.65,5,Road · Night,1.15,5.1
2019,2019-08-31,Virginia Tech,Boston College,away,28,35,-4.5,-7,0,-11.5,-9.09,,8,21,-0.16,0,3,-1.11,4,Road,1.1,-4.8
2019,2019-08-31,Tennessee,Georgia State,home,30,38,-24.5,-8,0,-32.5,-14.21,,5,20,1.78,2,4,-0.2,4,Group of 5 opponent,1,-6.4
2019,2019-08-31,Washington,Eastern Washington,home,47,14,-24.5,35,54,10.5,11.23,9.18,5,28,9.78,0,0,,4,FCS opponent,0.6,4.0
2019,2019-08-31,Texas Tech,Montana State,home,45,10,-28.0,24,48,-4.0,-6.77,-3.63,10,28,-10.18,1,1,0.42,5,FCS opponent,1,-3.2
2019,2019-08-31,West Virginia,James Madison,home,20,13,-7.0,7,0,0.0,9.04,-5.78,8,10,-12.16,1,3,-0.18,5,Group of 5 opponent,1,-2.0
2019,2019-08-31,Alabama,Duke,neutral,42,3,-34.5,32,44,-2.5,5.74,1.02,7,28,-1.0,0,0,,4,,1,0.7
2019,2019-08-31,Mississippi State,Louisiana,neutral,38,28,-18.5,10,0,-8.5,0.82,-12.72,6,21,0.94,2,3,0.51,5,Group of 5 opponent,1,-1.7
2019,2019-08-31,Illinois,Akron,home,42,3,-18.0,32,71,14.0,13.32,12.54,4,14,0.72,1,1,0.51,5,Group of 5 opponent,0.85,4.9
2019,2019-08-30,Colorado,Colorado State,neutral,52,31,-13.0,21,0,8.0,23.23,5.12,5,10,-5.35,4,5,1.77,5,Night · Group of 5 opponent,0.9,4.9
2019,2019-08-31,Florida State,Boise State,home,31,36,-6.5,-5,0,-11.5,10.76,-18.52,7,10,-9.22,2,5,0.06,5,Group of 5 opponent,1,-4.0
2019,2019-08-31,Georgia,Vanderbilt,away,30,6,-23.5,24,12,0.5,-2.93,-1.3,8,23,-5.75,0,0,,4,Road · Night · Full house,1.25,-2.0
2019,2019-08-31,Iowa State,Northern Iowa,home,29,26,-23.5,3,0,-20.5,-21.25,,5,6,-11.97,1,2,-0.08,4,FCS opponent,1,-9.2
2019,2019-08-31,Northwestern,Stanford,away,7,17,6.5,-10,0,-3.5,0.29,,9,7,-11.87,0,2,-0.54,4,Road · Ranked opponent,1.2,-4.6
2019,2019-08-31,Arkansas,Portland State,home,20,13,-29.5,7,0,-22.5,-14.46,-18.4,6,17,-6.36,1,3,-0.79,5,FCS opponent,1,-8.7
2019,2019-08-31,Indiana,Ball State,neutral,34,24,-18.0,10,0,-8.0,2.83,-11.46,7,16,-7.23,2,4,0.03,5,Group of 5 opponent,1,-3.3
2019,2019-08-31,Kentucky,Toledo,home,38,24,-10.0,14,0,4.0,5.77,-0.33,10,38,8.8,0,3,-1.26,5,Group of 5 opponent,0.85,1.5
2019,2019-08-31,LSU,Georgia Southern,home,55,3,-27.0,39,79,12.0,15.52,11.89,3,21,9.7,0,0,,4,Night · Group of 5 opponent,0.9,7.2
2019,2019-09-01,Oklahoma,Houston,home,49,31,-21.5,25,14,3.5,-9.13,0.73,6,28,7.04,0,0,,4,Night,1.05,1.0
2019,2019-09-01,Houston,Oklahoma,away,31,49,21.5,-25,14,-3.5,6.49,,4,10,4.61,0,1,-0.14,4,Road · Night · Full house · Top-10 opponent,1.45,2.6
2019,2019-08-31,Texas,Louisiana Tech,home,45,14,-19.0,31,72,12.0,16.54,8.02,8,31,4.05,0,0,,4,Night · Group of 5 opponent,0.9,5.6
2019,2019-08-31,TCU,Arkansas-Pine Bluff,home,39,7,-55.0,25,18,-30.0,2.1,-12.57,11,22,-34.82,0,0,,4,Night · FCS opponent,1.05,-13.2
2019,2019-08-31,USC,Fresno State,home,31,23,-14.0,8,0,-6.0,8.98,-12.39,7,17,-4.84,1,3,-0.37,5,Night · Group of 5 opponent,1.05,-2.5
2019,2019-09-02,Notre Dame,Louisville,away,35,17,-19.5,18,0,-1.5,12.84,-5.23,9,14,-16.55,1,2,-0.01,5,Road · Night · Full house,1.25,-2.8
2019,2019-09-02,Louisville,Notre Dame,home,17,35,19.5,-18,0,1.5,-15.48,,7,10,-0.13,1,2,0.69,4,Night,1.05,-1.4
2019,2019-09-07,Boston College,Richmond,home,45,13,-33.5,32,60,-1.5,11.4,1.53,3,14,1.72,0,0,,4,FCS opponent,0.6,1.4
2019,2019-09-07,Maryland,Syracuse,home,63,20,-1.0,29,86,28.0,9.84,15.32,5,28,15.65,1,1,0.66,5,Ranked opponent,1.1,11.3
2019,2019-09-07,Michigan State,Western Michigan,home,51,17,-14.5,30,52,15.5,-0.58,9.35,6,27,8.13,0,0,,4,Night · Group of 5 opponent,0.9,4.7
2019,2019-09-07,Michigan,Army,home,24,21,-22.0,3,0,-19.0,-10.5,,6,7,-14.11,2,3,0.42,4,Group of 5 opponent,1,-7.1
2019,2019-09-07,Missouri,West Virginia,home,38,7,-13.5,31,72,17.5,13.28,14.86,5,31,15.53,0,0,,4,,1,10.0
2019,2019-09-07,Ole Miss,Arkansas,home,31,17,-5.5,14,0,8.5,-4.11,-2.0,7,24,5.13,0,1,-0.38,5,Night,1.05,0.9
2019,2019-09-07,Duke,North Carolina A&T,home,45,13,-27.5,25,39,-2.5,2.19,0.63,7,24,-2.55,1,2,-0.15,5,FCS opponent,1,-0.4
2019,2019-09-07,NC State,Western Carolina,home,41,0,-41.0,34,43,-7.0,-0.99,3.66,7,24,-7.27,0,0,,4,FCS opponent,1,-1.7
2019,2019-09-06,Wake Forest,Rice,away,41,21,-20.0,27,22,7.0,-0.22,3.51,7,27,3.07,1,2,-0.02,5,Road · Night · Group of 5 opponent,1.0,1.9
2019,2019-09-07,Nebraska,Colorado,away,31,34,-4.5,-3,0,-7.5,-3.36,-18.49,6,17,1.13,2,4,0.52,5,Road · Full house,1.2,-3.5
2019,2019-09-07,Rutgers,Iowa,away,0,30,17.5,-27,39,-9.5,-5.87,,5,0,-7.74,0,1,-0.17,4,Road · Ranked opponent,1.2,-5.1
2019,2019-09-07,Syracuse,Maryland,away,20,63,1.0,-29,86,-28.0,-12.47,,1,0,-2.37,0,1,-0.32,4,Road,1.1,-7.4
2019,2019-09-07,Ohio State,Cincinnati,home,42,0,-15.0,35,47,20.0,1.26,14.09,5,28,12.15,0,0,,4,,1,7.7
2019,2019-09-07,Oklahoma State,McNeese,home,56,14,-42.0,42,86,0.0,7.59,7.14,6,21,-6.1,0,0,,4,Night · FCS opponent,0.65,0.8
2019,2019-09-07,Auburn,Tulane,home,24,6,-16.5,18,0,1.5,0.76,-0.68,10,24,-8.44,0,1,-0.48,5,Night · Group of 5 opponent,1.05,-1.9
2019,2019-09-07,Oklahoma,South Dakota,home,70,14,-46.5,35,82,-11.5,8.16,-2.18,5,28,4.29,0,0,,4,Night · FCS opponent,0.65,0.4
2019,2019-09-07,UCF,Florida Atlantic,away,48,14,-14.0,29,51,15.0,8.5,8.61,8,21,-3.96,0,0,,4,Road · Night · Full house · Group of 5 opponent,1.1,4.2
2019,2019-09-07,Penn State,Buffalo,home,45,13,-31.0,25,34,-6.0,28.86,-1.18,7,24,-3.78,1,2,-0.22,5,Night · Group of 5 opponent,0.9,2.0
2019,2019-09-07,Cincinnati,Ohio State,away,0,42,15.0,-35,47,-20.0,-3.89,,2,0,-3.34,0,1,-0.19,4,Road · Full house · Top-10 opponent,1.4,-6.0
2019,2019-09-07,Pittsburgh,Ohio,home,20,10,-4.0,10,0,6.0,-10.02,-1.23,8,20,-0.96,0,0,,4,Group of 5 opponent,1,-0.9
2019,2019-09-07,Clemson,Texas A&M,home,24,10,-16.0,14,0,-2.0,1.65,-7.43,8,17,-8.75,1,1,0.53,5,,1,-2.0
2019,2019-09-07,Iowa,Rutgers,home,30,0,-17.5,27,39,9.5,3.23,4.8,9,20,-9.65,0,0,,4,,1,0.5
2019,2019-09-07,Kansas,Coastal Carolina,home,7,12,-7.0,-5,0,-12.0,-2.86,,6,0,-16.62,0,2,-0.79,4,Night · Group of 5 opponent,1.05,-7.4
2019,2019-09-07,Kansas State,Bowling Green,home,52,0,-25.0,38,76,13.0,7.52,15.92,3,21,9.99,0,0,,4,Group of 5 opponent,0.85,6.5
2019,2019-09-07,Vanderbilt,Purdue,away,24,42,7.0,-18,0,-11.0,-13.18,,5,14,3.64,1,2,0.47,4,Road,1.1,-2.2
2019,2019-09-07,Baylor,UTSA,home,63,14,-25.0,35,82,10.0,12.96,8.92,5,28,9.66,0,0,,4,Group of 5 opponent,0.85,5.8
2019,2019-09-07,Texas A&M,Clemson,away,10,24,16.0,-14,0,2.0,-4.29,,6,10,0.27,0,2,-0.37,4,Road · Full house,1.2,-0.8
2019,2019-09-07,Oregon,Nevada,home,77,6,-25.0,29,89,4.0,5.33,1.92,4,21,6.33,2,2,0.89,5,Group of 5 opponent,0.85,3.1
2019,2019-09-07,Purdue,Vanderbilt,home,42,24,-7.0,18,0,11.0,10.54,4.22,8,14,-8.16,1,2,0.21,5,,1,1.9
2019,2019-09-07,Texas,LSU,home,38,45,6.5,-7,0,-0.5,-3.14,,3,14,7.71,0,3,-0.81,4,Night · Top-10 opponent,1.25,0.6
2019,2019-09-07,BYU,Tennessee,away,29,26,3.5,3,0,6.5,9.26,,6,7,-6.48,4,5,2.51,4,Road · Night · Full house,1.25,5.3
2019,2019-09-07,Utah,Northern Illinois,home,35,17,-22.5,18,0,-4.5,6.61,-3.78,7,21,-3.81,1,2,-0.06,5,Group of 5 opponent,1,-0.8
2019,2019-09-07,SMU,North Texas,home,49,27,-3.5,29,26,25.5,13.29,15.03,6,28,12.43,0,0,,4,Night · Group of 5 opponent,0.9,9.3
2019,2019-09-07,South Carolina,Charleston Southern,home,72,10,-36.5,41,76,4.5,4.86,8.98,3,14,1.27,0,0,,4,FCS opponent,0.6,1.9
2019,2019-09-06,Virginia,William & Mary,home,52,17,-32.5,32,74,-0.5,10.63,2.05,3,21,8.87,0,0,,4,Night · FCS opponent,0.65,2.6
2019,2019-09-07,Virginia Tech,Old Dominion,home,31,17,-28.5,14,0,-14.5,3.66,-13.88,7,14,-12.9,2,2,0.83,5,Group of 5 opponent,1,-4.5
2019,2019-09-07,UCLA,San Diego State,home,14,23,-7.5,-9,0,-16.5,1.48,,6,7,-9.77,0,3,-1.19,4,Group of 5 opponent,1,-5.7
2019,2019-09-07,Tennessee,BYU,home,26,29,-3.5,-3,0,-6.5,-11.9,-13.97,6,16,0.43,1,4,-0.44,5,Night,1.05,-4.6
2019,2019-09-07,Wisconsin,Central Michigan,home,61,0,-35.0,44,83,9.0,10.35,17.76,4,21,4.33,0,0,,4,Group of 5 opponent,0.85,5.6
2019,2019-09-07,West Virginia,Missouri,away,7,38,13.5,-31,72,-17.5,-15.91,,1,0,-1.75,0,1,-0.21,4,Road,1.1,-6.1
2019,2019-09-07,Alabama,New Mexico State,home,62,10,-55.5,38,82,-17.5,5.31,-3.83,5,21,-4.95,0,0,,4,Group of 5 opponent,1,-2.7
2019,2019-09-07,Mississippi State,Southern Mississippi,home,38,15,-16.5,31,26,14.5,20.66,9.32,8,35,9.05,0,0,,4,Group of 5 opponent,0.85,7.2
2019,2019-09-07,Illinois,UConn,away,31,23,-21.0,8,0,-13.0,1.31,-13.01,7,24,-0.28,0,3,-1.56,5,Road · Group of 5 opponent,1.1,-4.9
2019,2019-09-07,Colorado,Nebraska,home,34,31,4.5,3,0,7.5,0.72,,8,27,9.43,1,2,0.42,4,Ranked opponent,1.1,4.6
2019,2019-09-07,Florida State,UL Monroe,home,45,44,-22.5,1,0,-21.5,-7.32,-23.78,7,21,-3.81,2,4,-0.13,5,Group of 5 opponent,1,-7.3
2019,2019-09-07,Florida,UT Martin,home,45,0,-44.5,31,54,-13.5,1.86,-1.15,5,24,0.79,0,0,,4,Night · FCS opponent,1.05,-1.2
2019,2019-09-07,Georgia Tech,South Florida,home,14,10,-5.0,4,0,-1.0,0.38,-8.74,7,14,-4.69,0,2,-0.75,5,Group of 5 opponent,1,-2.8
2019,2019-09-07,Georgia,Murray State,home,63,17,-49.5,42,67,-7.5,18.81,3.27,6,28,-1.35,1,2,-0.55,5,FCS opponent,0.6,0.9
2019,2019-09-07,Arkansas,Ole Miss,away,17,31,5.5,-14,0,-8.5,1.47,,5,3,-7.73,0,2,-0.56,4,Road · Night,1.15,-3.8
2019,2019-09-07,Indiana,Eastern Illinois,home,52,0,-35.5,35,84,-0.5,7.68,3.5,5,21,0.04,0,0,,4,FCS opponent,0.6,1.1
2019,2019-09-06,Arizona State,Sacramento State,home,19,7,-35.0,12,0,-23.0,1.18,-14.24,10,12,-29.68,1,1,0.36,5,Night · Group of 5 opponent,1.05,-10.0
2019,2019-09-07,Kentucky,Eastern Michigan,home,38,17,-15.5,21,0,5.5,13.54,-0.17,7,31,8.64,0,0,,4,Night · Group of 5 opponent,0.9,4.3
2019,2019-09-07,Louisville,Eastern Kentucky,home,42,0,-21.0,28,31,7.0,4.14,3.99,8,28,0.25,0,0,,4,Night · FCS opponent,0.65,1.6
2019,2019-09-07,LSU,Texas,away,45,38,-6.5,7,0,0.5,0.5,-8.52,5,13,-0.73,5,6,2.67,5,Road · Night · Full house · Top-10 opponent,1.45,2.3
2019,2019-09-07,Arizona,Northern Arizona,home,65,41,-28.0,41,92,13.0,5.82,13.37,3,21,9.55,0,0,,4,Night · FCS opponent,0.65,4.4
2019,2019-09-07,Minnesota,Fresno State,away,38,35,-3.0,3,0,0.0,3.41,-8.71,2,0,-5.14,4,6,1.86,5,Road · Night · Full house · Group of 5 opponent,1.1,0.2
2019,2019-09-07,North Carolina,Miami,home,28,25,5.0,3,0,8.0,10.41,-3.58,5,10,-0.86,2,3,1.15,5,Night,1.05,3.0
2019,2019-09-07,Miami,North Carolina,away,25,28,-5.0,-3,0,-8.0,-13.05,,5,17,3.65,1,3,-0.12,4,Road · Night · Full house,1.25,-2.9
2019,2019-09-07,Stanford,USC,away,20,45,3.0,-25,13,-22.0,-14.61,-33.61,2,7,2.46,2,3,1.09,5,Road · Night · Full house,1.25,-9.1
2019,2019-09-07,Houston,Prairie View A&M,home,37,17,-35.0,27,40,-8.0,22.04,-0.24,4,24,7.33,1,1,0.36,5,Night · FCS opponent,0.65,2.5
2019,2019-09-07,California,Washington,away,20,19,13.5,1,0,14.5,0.74,,4,0,-6.99,2,4,1.17,4,Road · Night · Full house · Ranked opponent,1.35,2.8
2019,2019-09-07,Washington,California,home,19,20,-13.5,-1,0,-14.5,-3.37,-17.14,6,13,-5.57,2,3,0.65,5,Night,1.05,-4.9
2019,2019-09-07,Texas Tech,UTEP,home,38,3,-35.0,31,44,-4.0,2.44,-0.24,8,28,-5.34,0,0,,4,Night · Group of 5 opponent,1.05,-1.1
2019,2019-09-07,USC,Stanford,home,45,20,-3.0,25,13,22.0,11.98,13.29,5,28,15.15,0,1,-0.36,5,Night · Ranked opponent,1.15,9.8
2019,2019-09-13,Boston College,Kansas,home,24,48,-20.5,-24,19,-44.5,-13.52,-43.75,4,3,-10.78,2,4,-0.06,5,Night,1.05,-15.4
2019,2019-09-13,North Carolina,Wake Forest,away,18,24,3.0,-6,0,-3.0,2.56,,10,14,-8.71,0,1,-0.3,4,Road · Full house,1.2,-2.8
2019,2019-09-13,Wake Forest,North Carolina,home,24,18,-3.0,6,0,3.0,-5.2,-8.71,10,21,-4.7,1,1,0.64,5,,1,-1.7
2019,2019-09-13,Kansas,Boston College,away,48,24,20.5,24,19,44.5,10.88,21.43,8,31,19.82,1,2,0.71,5,Road · Night · Full house,1.25,17.3
2019,2019-09-14,Maryland,Temple,away,17,20,-5.0,-3,0,-8.0,4.32,,11,14,-15.37,0,3,-1.12,4,Road · Group of 5 opponent,1.1,-5.9
2019,2019-09-14,Michigan State,Arizona State,home,7,10,-15.5,-3,0,-18.5,-23.79,,7,7,-15.36,0,2,-0.94,4,,1,-11.3
2019,2019-09-14,Minnesota,Georgia Southern,home,35,32,-16.5,3,0,-13.5,-28.34,-15.68,6,14,-5.47,3,6,0.13,5,Group of 5 opponent,1,-8.1
2019,2019-09-14,Missouri,Southeast Missouri State,home,50,0,-34.0,37,83,3.0,9.21,7.27,5,14,-6.59,0,0,,4,Night · FCS opponent,0.65,1.1
2019,2019-09-14,Ole Miss,SE Louisiana,home,40,29,-30.5,11,0,-19.5,-0.2,-13.92,8,17,-14.54,3,4,0.58,5,FCS opponent,1,-6.1
2019,2019-09-14,Duke,Middle Tennessee,away,41,18,-6.5,38,53,31.5,9.44,24.48,4,17,6.02,1,1,0.61,5,Road · Night · Full house · Group of 5 opponent,1.1,10.9
2019,2019-09-14,NC State,West Virginia,away,27,44,-7.0,-17,0,-24.0,-8.82,,6,17,0.38,1,3,-0.18,4,Road · Full house,1.2,-5.6
2019,2019-09-14,Syracuse,Clemson,home,6,41,28.0,-28,28,0.0,9.73,,7,3,-4.16,0,1,-0.08,4,Night,1.05,0.7
2019,2019-09-14,Ohio State,Indiana,away,51,10,-17.5,34,53,16.5,3.52,14.8,4,21,7.82,0,1,-0.49,5,Road,1.1,6.0
2019,2019-09-14,Oklahoma State,Tulsa,away,40,21,-14.0,19,0,5.0,4.54,-1.39,10,34,2.81,0,2,-0.91,5,Road · Full house · Group of 5 opponent,1.05,0.8
2019,2019-09-14,Auburn,Kent State,home,55,16,-35.5,28,45,-7.5,5.48,-0.5,4,14,-2.77,2,2,0.7,5,Night · Group of 5 opponent,0.9,0.1
2019,2019-09-14,UCF,Stanford,home,45,27,-10.0,38,45,28.0,6.94,19.67,6,31,13.48,0,0,,4,,1,10.7
2019,2019-09-14,Penn State,Pittsburgh,home,17,10,-17.0,7,0,-10.0,6.83,,7,14,-8.88,1,2,0.03,4,,1,-2.2
2019,2019-09-14,Cincinnati,Miami (OH),home,35,13,-17.0,22,0,5.0,-0.14,3.06,8,14,-12.15,0,1,-0.48,5,Group of 5 opponent,1,-1.7
2019,2019-09-14,Pittsburgh,Penn State,away,10,17,17.0,-7,0,10.0,-9.47,,6,10,0.57,0,2,-0.35,4,Road · Full house · Ranked opponent,1.3,-0.4
2019,2019-09-14,Clemson,Syracuse,away,41,6,-28.0,28,28,0.0,-12.36,0.37,11,34,-8.0,0,0,,4,Road · Night · Full house,1.25,-4.0
2019,2019-09-14,Iowa,Iowa State,away,18,17,-1.5,1,0,-0.5,9.75,,5,10,-2.48,1,2,0.31,4,Road · Full house,1.2,1.9
2019,2019-09-14,Kansas State,Mississippi State,away,31,24,7.0,7,0,14.0,14.41,1.45,7,24,9.5,1,3,0.2,5,Road · Full house,1.2,6.9
2019,2019-09-14,Miami,Bethune-Cookman,home,63,0,-41.5,35,64,-6.5,2.79,0.4,7,28,-3.44,0,0,,4,FCS opponent,1,-0.8
2019,2019-09-14,Stanford,UCF,away,27,45,10.0,-38,45,-28.0,-9.58,,1,0,-1.92,0,1,-0.24,4,Road · Full house · Ranked opponent,1.3,-7.8
2019,2019-09-14,Texas A&M,Lamar,home,62,3,-45.0,34,72,-11.0,2.27,1.59,4,24,5.33,0,0,,4,Night · FCS opponent,0.65,0.4
2019,2019-09-13,Houston,Washington State,neutral,24,31,9.0,-7,0,2.0,6.26,,4,10,2.11,1,3,0.25,4,Night · Ranked opponent · Group of 5 opponent,1.0,2.4
2019,2019-09-14,California,North Texas,home,23,17,-14.0,6,0,-8.0,6.7,-10.39,7,13,-8.84,0,1,-0.46,5,Group of 5 opponent,1,-3.4
2019,2019-09-14,Purdue,TCU,home,13,34,3.0,-28,7,-25.0,-2.75,,7,6,-9.9,0,2,-0.61,4,Night,1.05,-7.2
2019,2019-09-14,BYU,USC,home,30,27,4.5,3,0,7.5,5.23,,5,17,6.02,2,5,0.55,4,Ranked opponent,1.1,4.7
2019,2019-09-14,Utah,Idaho State,home,31,0,-37.5,31,49,-6.5,-5.81,2.47,6,28,2.25,0,0,,4,FCS opponent,1,-0.5
2019,2019-09-14,SMU,Texas State,home,47,17,-17.5,24,37,6.5,-1.78,5.8,9,28,-1.65,0,1,-0.49,5,Night · Group of 5 opponent,0.9,0.6
2019,2019-09-14,South Carolina,Alabama,home,23,47,26.5,-24,41,2.5,-12.85,,2,0,-2.2,1,2,0.82,4,Top-10 opponent,1.2,-1.3
2019,2019-09-14,Virginia,Florida State,home,31,24,-7.0,7,0,0.0,-3.62,,6,10,-6.62,3,4,1.43,4,Night,1.05,-0.2
2019,2019-09-14,Virginia Tech,Furman,home,24,17,-24.0,7,0,-17.0,-5.73,-14.56,8,24,-4.95,0,1,-0.55,5,FCS opponent,1,-5.9
2019,2019-09-14,TCU,Purdue,away,34,13,-3.0,28,7,25.0,0.11,13.29,10,34,8.3,0,2,-0.71,5,Road · Night · Full house,1.25,7.0
2019,2019-09-14,Tennessee,Chattanooga,home,45,0,-30.5,38,69,7.5,20.28,9.08,3,14,2.17,0,0,,4,FCS opponent,0.6,3.6
2019,2019-09-14,Washington,Hawai'i,home,52,20,-21.5,32,43,10.5,12.65,7.73,4,21,7.02,0,0,,4,Group of 5 opponent,0.85,5.2
2019,2019-09-14,West Virginia,NC State,home,44,27,7.0,17,0,24.0,6.18,11.45,7,21,6.5,3,5,1.67,5,,1,8.0
2019,2019-09-14,USC,BYU,away,27,30,-4.5,-3,0,-7.5,-7.87,,5,7,-6.23,3,5,1.15,4,Road · Full house,1.2,-2.7
2019,2019-09-14,Alabama,South Carolina,away,47,23,-26.5,24,41,-2.5,10.21,0.15,4,17,2.03,1,2,-0.14,5,Road · Full house,1.2,1.8
2019,2019-09-14,Mississippi State,Kansas State,home,24,31,-7.0,-7,0,-14.0,-17.05,,5,0,-13.85,0,3,-1.18,4,,1,-9.5
2019,2019-09-14,Illinois,Eastern Michigan,home,31,34,-7.5,-3,0,-10.5,-1.34,,8,10,-12.36,2,4,0.41,4,Group of 5 opponent,1,-4.0
2019,2019-09-14,Colorado,Air Force,home,23,30,-2.5,-7,0,-9.5,5.21,-17.45,4,10,-0.18,0,3,-1.06,5,Group of 5 opponent,1,-3.7
2019,2019-09-14,Florida State,Virginia,away,24,31,7.0,-7,0,0.0,0.99,,5,17,6.64,1,4,-0.07,4,Road · Night · Full house · Ranked opponent,1.35,2.6
2019,2019-09-14,Florida,Kentucky,away,29,21,-9.5,8,0,-1.5,4.48,,6,31,13.63,0,2,-0.83,4,Road · Night · Full house,1.25,3.8
2019,2019-09-14,Georgia Tech,The Citadel,home,24,27,-25.5,-3,0,-28.5,1.73,,5,21,2.53,1,3,-0.68,4,FCS opponent,1,-3.6
2019,2019-09-14,Georgia,Arkansas State,home,55,0,-33.0,34,78,1.0,4.77,7.79,5,27,6.66,0,0,,4,Group of 5 opponent,0.85,3.2
2019,2019-09-14,Iowa State,Iowa,home,17,18,1.5,-1,0,0.5,-12.39,,4,0,-9.38,2,4,0.74,4,Ranked opponent,1.1,-3.5
2019,2019-09-14,Northwestern,UNLV,home,30,14,-18.5,16,0,-2.5,1.16,-1.72,9,17,-13.1,2,2,1.01,5,Group of 5 opponent,1,-1.7
2019,2019-09-14,Arkansas,Colorado State,home,55,34,-9.5,21,0,11.5,16.13,2.93,7,31,10.74,2,5,-0.08,5,Group of 5 opponent,0.85,5.0
2019,2019-09-14,Indiana,Ohio State,home,10,51,17.5,-34,53,-16.5,-6.16,,2,0,-3.09,1,1,0.83,4,Top-10 opponent,1.2,-3.4
2019,2019-09-14,Notre Dame,New Mexico,home,66,14,-35.0,31,84,-4.0,13.85,-0.24,5,21,0.16,0,0,,4,Group of 5 opponent,0.85,1.5
2019,2019-09-14,Arizona State,Michigan State,away,10,7,15.5,3,0,18.5,21.16,,7,10,-1.53,0,1,-0.19,4,Road · Full house · Ranked opponent,1.3,7.4
2019,2019-09-14,Kentucky,Florida,home,21,29,9.5,-8,0,1.5,-7.11,-13.25,5,7,-2.73,2,4,1.02,5,Night · Top-10 opponent,1.25,-2.5
2019,2019-09-14,Louisville,Western Kentucky,neutral,38,21,-10.5,24,6,13.5,11.65,5.41,8,24,0.44,1,3,-0.27,5,Group of 5 opponent,0.85,3.1
2019,2019-09-14,LSU,Northwestern State,home,65,14,-51.5,30,54,-21.5,5.85,-5.77,5,24,-0.96,2,2,0.41,5,Night · FCS opponent,1.05,-2.1
2019,2019-09-14,Arizona,Texas Tech,home,28,14,2.0,14,0,16.0,2.8,1.87,10,14,-9.21,2,2,1.38,5,Night,1.05,2.2
2019,2019-09-14,Nebraska,Northern Illinois,home,44,8,-14.0,29,51,15.0,7.25,12.61,9,28,-0.08,0,0,,4,Night · Group of 5 opponent,0.9,4.6
2019,2019-09-14,Oklahoma,UCLA,away,48,14,-23.5,27,39,3.5,4.67,5.7,5,31,13.03,0,0,,4,Road,1.1,5.6
2019,2019-09-14,Oregon,Montana,home,35,3,-38.5,25,48,-13.5,5.74,-8.05,6,21,-5.05,0,0,,4,Night · FCS opponent,1.05,-3.0
2019,2019-09-14,Texas,Rice,neutral,48,13,-32.5,31,74,-1.5,2.92,1.05,3,21,8.87,0,0,,4,Night · Group of 5 opponent,0.9,2.3
2019,2019-09-14,UCLA,Oklahoma,home,14,48,23.5,-27,39,-3.5,-7.31,,1,0,-1.25,0,1,-0.12,4,Top-10 opponent,1.2,-2.4
2019,2019-09-14,Texas Tech,Arizona,away,14,28,-2.0,-14,0,-16.0,-5.44,,8,14,-6.16,0,3,-1.04,4,Road · Night · Full house,1.25,-7.2
2019,2019-09-19,Houston,Tulane,away,31,38,4.0,-7,0,-3.0,-10.43,-18.09,6,14,0.67,2,4,0.83,5,Road · Night · Group of 5 opponent,1.15,-3.6
2019,2019-09-21,Boston College,Rutgers,away,30,16,-7.5,14,0,6.5,8.08,-0.04,6,14,-2.77,2,4,0.41,5,Road,1.1,2.0
2019,2019-09-21,Michigan State,Northwestern,away,31,10,-7.5,28,25,20.5,11.62,13.96,8,24,1.64,0,1,-0.4,5,Road,1.1,6.3
2019,2019-09-21,Michigan,Wisconsin,away,14,35,3.0,-35,37,-32.0,-8.31,,3,0,-6.81,0,1,-0.3,4,Road · Full house · Ranked opponent,1.3,-9.9
2019,2019-09-21,Missouri,South Carolina,home,34,14,-9.5,20,0,10.5,1.99,5.93,10,13,-15.95,0,1,-0.42,5,,1,-1.1
2019,2019-09-21,Ole Miss,California,home,20,28,-3.0,-8,0,-11.0,-18.62,,7,13,-4.99,1,3,-0.07,4,Ranked opponent,1.1,-6.3
2019,2019-09-21,NC State,Ball State,home,34,23,-19.0,11,0,-8.0,14.29,-10.98,7,24,0.42,1,4,-1.0,5,Night · Group of 5 opponent,1.05,-1.3
2019,2019-09-21,North Carolina,Appalachian State,home,31,34,-2.5,-3,0,-5.5,-15.54,,6,14,-1.27,2,5,0.24,4,Group of 5 opponent,1,-3.2
2019,2019-09-21,Wake Forest,Elon,home,49,7,-29.5,35,39,5.5,-1.62,6.6,6,28,4.64,1,1,0.4,5,FCS opponent,0.6,1.6
2019,2019-09-21,Rutgers,Boston College,home,16,30,7.5,-14,0,-6.5,-10.71,,6,16,3.72,0,3,-0.79,4,,1,-2.6
2019,2019-09-21,Syracuse,Western Michigan,home,52,33,-3.5,19,0,15.5,17.3,4.03,8,28,7.24,1,2,0.28,5,Group of 5 opponent,0.85,5.4
2019,2019-09-21,Ohio State,Miami (OH),home,76,5,-38.5,44,70,5.5,23.02,15.95,6,28,1.95,2,2,0.65,5,Group of 5 opponent,0.85,6.0
2019,2019-09-21,Oklahoma State,Texas,away,30,36,7.0,-6,0,1.0,-9.62,,6,10,-2.43,0,3,-0.8,4,Road · Night · Full house · Ranked opponent,1.35,-3.9
2019,2019-09-21,Auburn,Texas A&M,away,28,20,4.0,8,0,12.0,15.51,-3.09,8,14,-3.77,0,0,,4,Road · Full house · Ranked opponent,1.3,3.5
2019,2019-09-21,UCF,Pittsburgh,away,34,35,-10.0,-1,0,-11.0,-0.4,-15.33,9,24,-2.28,0,2,-0.84,5,Road,1.1,-4.9
2019,2019-09-21,Pittsburgh,UCF,home,35,34,10.0,1,0,11.0,-2.24,-7.0,8,14,-1.37,2,3,1.28,5,Ranked opponent,1.1,1.2
2019,2019-09-21,Clemson,Charlotte,home,52,10,-41.5,35,76,-6.5,25.14,0.4,4,24,6.03,0,0,,4,Night · Group of 5 opponent,0.9,4.1
2019,2019-09-21,Kansas,West Virginia,home,24,29,4.5,-5,0,-0.5,-4.5,,5,7,-3.98,1,3,0.13,4,,1,-1.4
2019,2019-09-21,Vanderbilt,LSU,home,38,66,24.0,-35,62,-11.0,-9.94,,1,0,-1.22,0,2,-0.23,4,Top-10 opponent,1.2,-4.3
2019,2019-09-21,Baylor,Rice,away,21,13,-27.0,8,0,-19.0,-10.01,-16.11,6,14,-8.61,1,2,-0.15,5,Road · Night · Group of 5 opponent,1.15,-8.3
2019,2019-09-21,Miami,Central Michigan,home,17,12,-30.5,5,0,-25.5,2.53,-21.92,8,7,-24.54,0,2,-1.21,5,Group of 5 opponent,1,-11.2
2019,2019-09-21,Stanford,Oregon,home,6,21,12.5,-15,0,-2.5,-8.07,,7,0,-12.58,0,1,-0.22,4,Ranked opponent,1.1,-5.4
2019,2019-09-21,Texas A&M,Auburn,home,20,28,-4.0,-8,0,-12.0,-18.14,,8,14,-6.96,0,1,-0.37,4,Top-10 opponent,1.2,-8.0
2019,2019-09-21,Oregon,Stanford,away,21,6,-12.5,15,0,2.5,5.43,-1.62,7,21,-0.31,0,1,-0.44,5,Road,1.1,0.5
2019,2019-09-21,California,Ole Miss,away,28,20,3.0,8,0,11.0,15.99,-4.61,6,14,0.37,1,4,-0.21,5,Road,1.1,2.9
2019,2019-09-21,Texas,Oklahoma State,home,36,30,-7.0,6,0,-1.0,6.98,-7.78,6,21,4.38,2,4,0.43,5,Night,1.05,1.2
2019,2019-09-21,BYU,Washington,home,19,45,6.5,-33,49,-26.5,-21.46,,3,3,-3.29,1,1,0.73,4,Ranked opponent,1.1,-7.6
2019,2019-09-20,Utah,USC,away,23,30,-3.5,-7,0,-10.5,-17.91,,6,13,-2.57,2,3,0.92,4,Road · Night · Full house,1.25,-4.7
2019,2019-09-21,SMU,TCU,away,41,38,7.5,3,0,10.5,1.39,-7.29,8,24,7.63,2,6,0.43,5,Road · Ranked opponent,1.2,2.8
2019,2019-09-21,South Carolina,Missouri,away,14,34,9.5,-20,0,-10.5,-4.63,,8,14,-1.57,0,5,-1.22,4,Road,1.1,-4.3
2019,2019-09-21,Virginia,Old Dominion,home,28,17,-27.0,11,0,-16.0,13.14,-13.11,7,14,-12.38,0,1,-0.57,5,Night · Group of 5 opponent,1.05,-4.8
2019,2019-09-21,TCU,SMU,home,38,41,-7.5,-3,0,-10.5,-4.03,,8,21,-1.36,0,1,-0.4,4,,1,-2.8
2019,2019-09-21,Tennessee,Florida,away,3,34,13.5,-28,26,-14.5,-7.93,,5,0,-8.73,0,1,-0.21,4,Road · Full house · Top-10 opponent,1.4,-7.7
2019,2019-09-21,Washington,BYU,away,45,19,-6.5,33,49,26.5,18.83,19.48,4,17,6.02,1,1,0.61,5,Road · Full house,1.2,11.9
2019,2019-09-21,Wisconsin,Michigan,home,35,14,-3.0,35,37,32.0,5.67,20.29,6,21,5.58,0,0,,4,Ranked opponent,1.1,10.3
2019,2019-09-21,West Virginia,Kansas,away,29,24,-4.5,5,0,0.5,1.86,-6.49,7,17,-1.52,2,4,0.52,5,Road,1.1,-0.3
2019,2019-09-20,USC,Utah,home,30,23,3.5,7,0,10.5,15.28,-1.35,4,7,-1.98,1,4,-0.19,5,Night · Top-10 opponent,1.25,3.1
2019,2019-09-21,Alabama,Southern Mississippi,home,49,7,-38.0,35,43,-3.0,11.33,2.21,4,28,10.73,0,0,,4,Group of 5 opponent,0.85,3.6
2019,2019-09-21,Mississippi State,Kentucky,home,28,13,-6.0,15,0,9.0,9.94,1.74,3,7,-1.16,0,0,,4,,1,2.8
2019,2019-09-21,Florida State,Louisville,home,35,24,-6.5,11,0,4.5,-1.73,-5.52,8,35,13.04,0,2,-0.78,5,,1,1.4
2019,2019-09-21,Florida,Tennessee,home,34,3,-13.5,28,26,14.5,5.29,11.86,8,13,-11.76,1,1,0.55,5,,1,2.3
2019,2019-09-21,Iowa State,UL Monroe,home,72,20,-17.5,28,43,10.5,8.26,5.8,6,28,8.23,0,0,,4,Group of 5 opponent,0.85,4.6
2019,2019-09-21,Northwestern,Michigan State,home,10,31,7.5,-28,25,-20.5,-14.26,,6,3,-9.28,0,1,-0.26,4,,1,-7.6
2019,2019-09-21,Arkansas,San José St,home,24,31,-20.0,-7,0,-27.0,-8.22,,8,24,-3.35,0,3,-1.53,4,Night · Group of 5 opponent,1.05,-8.0
2019,2019-09-21,Indiana,UConn,home,38,3,-27.0,28,32,1.0,7.5,0.89,4,17,1.93,1,1,0.43,5,Group of 5 opponent,0.85,1.8
2019,2019-09-21,Kentucky,Mississippi State,away,13,28,6.0,-15,0,-9.0,-12.58,,3,6,-0.36,0,1,-0.28,4,Road · Full house,1.2,-4.3
2019,2019-09-21,Louisville,Florida State,away,24,35,6.5,-11,0,-4.5,-0.9,,8,24,7.23,0,2,-0.54,4,Road,1.1,0.6
2019,2019-09-21,LSU,Vanderbilt,away,66,38,-24.0,35,62,11.0,7.3,9.44,5,31,12.91,1,1,0.45,5,Road,1.1,7.2
2019,2019-09-21,Nebraska,Illinois,away,42,38,-13.0,4,0,-9.0,-29.93,,8,14,-10.56,1,2,0.11,4,Road · Night · Full house,1.25,-10.7
2019,2019-09-21,UCLA,Washington State,away,67,63,18.5,-3,10,15.5,10.55,,6,28,19.02,1,2,0.67,4,Road · Night · Full house · Ranked opponent · Group of 5 opponent,1.2,11.6
2019,2019-09-21,Illinois,Nebraska,home,38,42,13.0,-4,0,9.0,27.3,-10.45,8,28,13.83,1,6,-0.28,5,Night,1.05,5.9
2019,2019-09-21,Colorado,Arizona State,away,34,31,8.0,3,0,11.0,0.91,-6.03,4,10,1.91,3,5,1.71,5,Road · Night · Full house · Ranked opponent,1.35,3.6
2019,2019-09-21,Georgia,Notre Dame,home,23,17,-16.0,6,0,-10.0,4.39,-11.43,6,16,-3.32,1,1,0.53,5,Night · Top-10 opponent,1.25,-2.6
2019,2019-09-21,Notre Dame,Georgia,away,17,23,16.0,-6,0,10.0,-7.03,,4,0,-6.49,0,2,-0.37,4,Road · Night · Full house · Top-10 opponent,1.45,-2.4
2019,2019-09-21,Arizona State,Colorado,home,31,34,-8.0,-3,0,-11.0,-3.55,,4,10,-1.28,2,4,0.39,4,Night,1.05,-1.8
2019,2019-09-27,Duke,Virginia Tech,away,45,10,2.5,28,28,30.5,13.16,19.13,7,31,14.93,0,1,-0.31,5,Road · Night · Full house,1.25,13.0
2019,2019-09-27,Virginia Tech,Duke,home,10,45,-2.5,-28,28,-30.5,-15.79,,4,3,-7.18,0,1,-0.35,4,Night,1.05,-9.3
2019,2019-09-28,Boston College,Wake Forest,home,24,27,4.5,-3,0,1.5,-12.86,,6,7,-6.18,1,3,0.13,4,,1,-3.1
2019,2019-09-27,Maryland,Penn State,home,0,59,6.5,-38,78,-31.5,-11.59,,0,0,,0,1,-0.27,3,Night · Ranked opponent,1.15,-10.6
2019,2019-09-28,Michigan State,Indiana,home,40,31,-14.0,9,0,-5.0,1.83,-6.39,6,24,5.28,2,5,-0.28,5,,1,-0.3
2019,2019-09-28,Michigan,Rutgers,home,52,0,-27.5,31,75,3.5,11.17,3.63,5,24,5.03,0,0,,4,,1,4.0
2019,2019-09-28,Minnesota,Purdue,away,38,31,1.0,7,0,8.0,-1.42,-2.64,7,21,4.4,1,2,0.36,5,Road,1.1,1.8
2019,2019-09-28,Ole Miss,Alabama,away,31,59,38.0,-42,68,-4.0,-15.31,,1,3,2.48,0,3,0.04,4,Road · Full house · Top-10 opponent,1.4,-3.2
2019,2019-09-28,NC State,Florida State,away,13,31,7.0,-18,0,-11.0,-21.52,,8,6,-10.57,0,2,-0.53,4,Road · Night · Full house,1.25,-10.3
2019,2019-09-28,North Carolina,Clemson,home,20,21,27.5,-1,0,26.5,1.62,,8,7,-1.39,1,2,0.84,4,,1,4.8
2019,2019-09-28,Wake Forest,Boston College,away,27,24,-4.5,3,0,-1.5,10.22,-8.49,7,27,8.48,0,3,-1.11,5,Road,1.1,0.7
2019,2019-09-28,Nebraska,Ohio State,home,7,48,17.0,-38,67,-21.0,-11.79,,0,0,,0,1,-0.18,3,Night · Top-10 opponent,1.25,-8.9
2019,2019-09-28,Rutgers,Michigan,away,0,52,27.5,-31,75,-3.5,-13.8,,1,0,-1.05,0,1,-0.08,4,Road · Full house · Ranked opponent,1.3,-3.8
2019,2019-09-28,Syracuse,Holy Cross,home,41,3,-40.0,31,49,-9.0,11.55,-2.82,8,20,-15.34,0,0,,4,FCS opponent,1,-2.9
2019,2019-09-28,Ohio State,Nebraska,away,48,7,-17.0,38,67,21.0,9.15,16.06,5,31,14.65,0,0,,4,Road · Night · Full house,1.25,12.3
2019,2019-09-28,Oklahoma State,Kansas State,home,26,13,-4.0,13,0,9.0,-17.39,1.77,9,20,-3.58,0,0,,4,Night · Ranked opponent,1.15,-2.0
2019,2019-09-28,Auburn,Mississippi State,home,56,23,-7.5,33,78,25.5,13.74,15.96,2,14,8.41,0,0,,4,Night,1.05,10.2
2019,2019-09-28,Oklahoma,Texas Tech,home,55,16,-27.0,35,59,8.0,-3.92,7.89,3,17,5.7,0,0,,4,,1,3.1
2019,2019-09-28,UCF,UConn,home,56,21,-42.0,42,120,0.0,16.99,7.14,5,21,-1.59,0,0,,4,Night · Group of 5 opponent,0.9,3.2
2019,2019-09-27,Penn State,Maryland,away,59,0,-6.5,38,78,31.5,8.96,21.48,4,28,17.02,0,0,,4,Road · Night · Full house,1.25,15.5
2019,2019-09-28,Cincinnati,Marshall,away,52,14,-4.0,35,67,31.0,13.54,19.77,4,21,10.52,0,0,,4,Road · Full house · Group of 5 opponent,1.05,11.9
2019,2019-09-28,Pittsburgh,Delaware,home,17,14,-28.5,3,0,-25.5,-23.07,,9,14,-20.59,1,2,-0.17,4,Group of 5 opponent,1,-12.5
2019,2019-09-28,Clemson,North Carolina,away,21,20,-27.5,1,0,-26.5,-4.25,,8,21,-9.35,0,2,-1.15,4,Road · Full house,1.2,-9.5
2019,2019-09-28,Iowa,Middle Tennessee,home,48,3,-23.5,31,45,7.5,-0.82,9.7,6,20,-1.56,0,0,,4,Group of 5 opponent,0.85,1.9
2019,2019-09-28,Kansas,TCU,away,14,51,15.0,-38,90,-23.0,-11.31,,0,0,,0,1,-0.19,3,Road,1.1,-8.2
2019,2019-09-28,Kansas State,Oklahoma State,away,13,26,4.0,-13,0,-9.0,14.75,,6,10,-3.33,0,1,-0.29,4,Road · Night · Full house,1.25,0.3
2019,2019-09-28,Vanderbilt,Northern Illinois,home,24,18,-7.0,6,0,-1.0,8.52,-10.78,6,10,-6.62,1,2,0.21,5,Group of 5 opponent,1,-1.4
2019,2019-09-28,Baylor,Iowa State,home,23,21,2.5,2,0,4.5,2.02,-8.87,9,21,0.34,1,2,0.39,5,,1,0.1
2019,2019-09-28,Stanford,Oregon State,away,31,28,-3.5,3,0,-0.5,14.92,-11.97,4,21,10.62,2,3,0.92,5,Road · Night · Group of 5 opponent,1.0,3.3
2019,2019-09-28,Texas A&M,Arkansas,neutral,31,27,-23.0,4,0,-19.0,6.23,-18.04,5,21,3.16,1,1,0.46,5,,1,-2.5
2019,2019-09-27,California,Arizona State,home,17,24,-4.0,-7,0,-11.0,1.75,,6,3,-12.72,1,4,-0.46,4,Night,1.05,-5.0
2019,2019-09-28,Purdue,Minnesota,home,31,38,-1.0,-7,0,-8.0,-1.22,,5,17,4.65,0,1,-0.34,4,,1,-0.4
2019,2019-09-28,BYU,Toledo,away,21,28,-2.5,-7,0,-9.5,-8.13,-18.45,7,7,-10.82,0,4,-1.41,5,Road · Full house · Group of 5 opponent,1.2,-9.6
2019,2019-09-28,SMU,South Florida,away,48,21,-7.5,34,86,26.5,3.61,16.96,4,28,16.82,0,0,,4,Road · Group of 5 opponent,0.95,9.8
2019,2019-09-28,South Carolina,Kentucky,home,24,7,-3.5,24,15,20.5,0.81,13.03,12,17,-14.14,0,0,,4,Night,1.05,1.9
2019,2019-09-28,Virginia,Notre Dame,away,20,35,10.5,-15,0,-4.5,-27.64,,7,14,0.72,2,4,1.06,4,Road · Full house · Top-10 opponent,1.4,-5.0
2019,2019-09-28,TCU,Kansas,home,51,14,-15.0,38,90,23.0,8.67,17.09,3,21,11.49,0,0,,4,,1,9.5
2019,2019-09-28,Washington,USC,home,28,14,-11.0,14,0,3.0,10.48,-4.84,9,21,-5.73,0,0,,4,Ranked opponent,1.1,0.2
2019,2019-09-28,Texas Tech,Oklahoma,away,16,55,27.0,-35,59,-8.0,1.29,,0,0,,0,1,-0.09,3,Road · Full house · Top-10 opponent,1.4,-1.9
2019,2019-09-28,Wisconsin,Northwestern,home,24,15,-23.5,9,0,-14.5,13.34,-13.3,9,3,-29.34,1,4,-1.16,5,,1,-8.3
2019,2019-09-28,USC,Washington,away,14,28,11.0,-14,0,-3.0,-13.11,,7,7,-6.1,0,1,-0.23,4,Road · Full house · Ranked opponent,1.3,-5.5
2019,2019-09-28,Alabama,Ole Miss,home,59,31,-38.0,42,68,4.0,12.67,9.21,4,24,6.73,1,2,-0.34,5,,1,4.5
2019,2019-09-28,Mississippi State,Auburn,away,23,56,7.5,-33,78,-25.5,-16.38,,0,0,,0,1,-0.26,3,Road · Night · Full house · Top-10 opponent,1.45,-13.4
2019,2019-09-28,Florida State,NC State,home,31,13,-7.0,18,0,11.0,18.89,4.22,10,17,-10.7,1,2,0.21,5,Night,1.05,2.7
2019,2019-09-28,Florida,Towson,home,38,0,-37.0,31,50,-6.0,18.55,2.72,5,24,2.66,0,0,,4,FCS opponent,0.6,2.0
2019,2019-09-28,Georgia Tech,Temple,away,2,24,9.5,-22,0,-12.5,-27.44,,6,0,-11.68,0,2,-0.49,4,Road · Group of 5 opponent,1.1,-10.6
2019,2019-09-28,Iowa State,Baylor,away,21,23,-2.5,-2,0,-4.5,-4.66,,8,14,-6.36,0,2,-0.7,4,Road,1.1,-4.0
2019,2019-09-28,Northwestern,Wisconsin,away,15,24,23.5,-9,0,14.5,-15.98,,10,17,4.52,0,3,-0.36,4,Road · Full house · Top-10 opponent,1.4,0.2
2019,2019-09-28,Arkansas,Texas A&M,neutral,27,31,23.0,-4,0,19.0,-8.87,,5,14,7.64,1,1,0.88,4,Ranked opponent,1.1,4.7
2019,2019-09-28,Indiana,Michigan State,away,31,40,14.0,-9,0,5.0,-4.47,,6,21,10.67,1,5,-0.02,4,Road · Full house · Ranked opponent,1.3,3.6
2019,2019-09-28,Notre Dame,Virginia,home,35,20,-10.5,15,0,4.5,25.0,-0.59,7,21,0.39,1,5,-1.12,5,Ranked opponent,1.1,3.1
2019,2019-09-27,Arizona State,California,away,24,17,4.0,7,0,11.0,-4.39,,6,10,-3.33,2,3,1.12,4,Road · Night · Full house · Ranked opponent,1.35,2.1
2019,2019-09-28,Kentucky,South Carolina,away,7,24,3.5,-24,15,-20.5,-3.45,,8,7,-10.97,0,1,-0.3,4,Road · Night · Full house,1.25,-7.8
2019,2019-09-28,Arizona,UCLA,home,20,17,-3.5,3,0,-0.5,0.34,,6,6,-9.57,2,3,0.92,4,Night,1.05,-1.1
2019,2019-09-28,Houston,North Texas,away,46,25,8.0,21,0,29.0,28.03,11.97,6,17,4.87,1,1,0.74,5,Road · Night · Full house · Group of 5 opponent,1.1,11.3
2019,2019-09-28,Utah,Washington State,home,38,13,-5.5,25,8,19.5,0.37,12.0,5,21,7.52,2,3,0.86,5,Night · Group of 5 opponent,0.9,5.6
2019,2019-09-28,UCLA,Arizona,away,17,20,3.5,-3,0,0.5,-2.98,,6,14,0.52,0,4,-1.19,4,Road · Night · Full house,1.25,-2.0
2019,2019-10-05,Boston College,Louisville,away,39,41,4.0,-2,0,2.0,6.56,,5,24,12.89,1,5,-0.47,4,Road,1.1,4.6
2019,2019-10-05,Arizona,Colorado,away,35,30,2.5,5,0,7.5,2.63,,5,7,-4.48,3,5,1.46,4,Road · Full house,1.2,2.9
2019,2019-10-05,Maryland,Rutgers,away,48,7,-14.0,34,69,20.0,24.82,14.61,9,21,-7.08,1,1,0.54,5,Road,1.1,7.4
2019,2019-10-05,Michigan State,Ohio State,away,10,34,20.0,-24,36,-4.0,-7.09,,7,0,-9.96,0,1,-0.15,4,Road · Night · Full house · Top-10 opponent,1.45,-6.1
2019,2019-10-05,Michigan,Iowa,home,10,3,-4.0,7,0,3.0,5.11,-4.23,11,10,-18.82,0,1,-0.37,5,Ranked opponent,1.1,-3.8
2019,2019-10-05,Minnesota,Illinois,home,40,17,-14.0,23,8,9.0,-5.95,7.61,8,31,6.04,0,1,-0.46,5,,1,2.1
2019,2019-10-05,Missouri,Troy,home,42,10,-24.5,35,65,10.5,13.92,9.18,5,21,2.78,1,1,0.45,5,Group of 5 opponent,0.85,4.6
2019,2019-10-05,Ole Miss,Vanderbilt,home,31,6,-7.0,25,20,18.0,0.37,12.22,10,28,0.3,1,2,0.21,5,Night,1.05,4.3
2019,2019-10-05,North Carolina,Georgia Tech,away,38,22,-10.0,23,6,13.0,-10.65,8.67,8,31,7.64,0,0,,4,Road,1.1,3.6
2019,2019-10-05,Nebraska,Northwestern,home,13,10,-7.5,3,0,-4.5,0.63,-10.04,11,13,-17.75,0,2,-0.79,5,,1,-5.8
2019,2019-10-05,Rutgers,Maryland,home,7,48,14.0,-34,69,-20.0,-27.45,,5,7,-1.61,0,2,-0.41,4,,1,-8.1
2019,2019-10-05,Ohio State,Michigan State,home,34,10,-20.0,24,36,4.0,4.46,4.51,10,20,-14.19,2,2,0.98,5,Night · Ranked opponent,1.15,0.0
2019,2019-10-05,Oklahoma State,Texas Tech,away,35,45,-9.5,-18,12,-27.5,-7.04,,8,7,-16.16,0,1,-0.42,4,Road · Full house,1.2,-11.1
2019,2019-10-05,Auburn,Florida,away,13,24,-2.5,-11,0,-13.5,6.48,,10,13,-12.45,0,3,-1.06,4,Road · Full house · Top-10 opponent,1.4,-7.0
2019,2019-10-05,Oklahoma,Kansas,away,45,20,-32.5,28,43,-4.5,5.96,-1.95,5,21,0.79,1,1,0.38,5,Road,1.1,0.8
2019,2019-10-04,UCF,Cincinnati,away,24,27,-3.5,-3,0,-6.5,-13.62,,9,14,-9.36,2,4,0.56,4,Road · Night · Full house,1.25,-5.7
2019,2019-10-05,Penn State,Purdue,home,35,7,-28.5,28,15,-0.5,-6.7,0.12,10,35,-3.43,0,0,,4,,1,-1.5
2019,2019-10-04,Cincinnati,UCF,home,27,24,3.5,3,0,6.5,10.99,-5.35,9,17,-3.21,0,3,-0.89,5,Night · Ranked opponent,1.15,0.0
2019,2019-10-05,Iowa,Michigan,away,3,10,4.0,-7,0,-3.0,-7.74,,10,3,-19.21,0,1,-0.29,4,Road · Full house · Ranked opponent,1.3,-8.6
2019,2019-10-05,Kansas,Oklahoma,home,20,45,32.5,-28,43,4.5,-8.6,,2,7,5.4,0,2,-0.07,4,Top-10 opponent,1.2,0.7
2019,2019-10-05,Kansas State,Baylor,home,12,31,0.0,-19,0,-19.0,-12.26,,6,6,-8.52,0,2,-0.66,4,,1,-7.4
2019,2019-10-05,Vanderbilt,Ole Miss,away,6,31,7.0,-25,20,-18.0,-3.01,,7,6,-8.5,0,1,-0.27,4,Road · Night,1.15,-6.0
2019,2019-10-05,Baylor,Kansas State,away,31,12,0.0,19,0,19.0,9.62,5.84,7,21,4.05,1,1,0.67,5,Road · Full house,1.2,6.8
2019,2019-10-05,Miami,Virginia Tech,home,35,42,-14.0,-7,0,-21.0,-30.96,,5,14,-1.6,0,1,-0.46,4,,1,-8.8
2019,2019-10-05,Purdue,Penn State,away,7,35,28.5,-28,15,0.5,4.07,,6,0,-5.99,0,1,-0.07,4,Road · Full house · Ranked opponent,1.3,-0.8
2019,2019-10-05,Texas,West Virginia,away,42,31,-10.5,11,0,0.5,14.57,-4.59,11,28,-4.39,1,3,-0.27,5,Road · Full house,1.2,0.4
2019,2019-10-05,SMU,Tulsa,home,43,37,-12.0,6,0,-6.0,10.73,,7,31,9.86,1,5,-1.19,4,Night · Group of 5 opponent,0.9,1.9
2019,2019-10-05,Virginia Tech,Miami,away,42,35,14.0,7,0,21.0,28.32,1.07,7,35,22.95,1,1,0.8,5,Road,1.1,12.6
2019,2019-10-05,TCU,Iowa State,away,24,49,3.0,-32,18,-29.0,-18.83,,5,17,5.65,0,3,-0.91,4,Road · Full house,1.2,-8.0
2019,2019-10-05,Tennessee,Georgia,home,14,43,24.5,-29,17,-4.5,-12.86,,3,0,-3.59,2,4,1.56,4,Night · Top-10 opponent,1.25,-1.9
2019,2019-10-05,Texas Tech,Oklahoma State,home,45,35,9.5,18,12,27.5,4.4,13.75,12,37,13.64,0,0,,4,Ranked opponent,1.1,10.2
2019,2019-10-05,Wisconsin,Kent State,home,48,0,-35.0,35,69,0.0,6.53,3.76,4,28,11.33,0,0,,4,Group of 5 opponent,0.85,3.6
2019,2019-10-05,West Virginia,Texas,home,31,42,10.5,-11,0,-0.5,-17.21,,9,17,-0.07,0,3,-0.71,4,Ranked opponent,1.1,-4.0
2019,2019-10-05,Illinois,Minnesota,away,17,40,14.0,-23,8,-9.0,3.31,,3,0,-5.17,0,2,-0.41,4,Road,1.1,-2.5
2019,2019-10-05,Colorado,Arizona,home,30,35,-2.5,-5,0,-7.5,-5.26,,6,17,1.73,2,5,0.24,4,,1,-1.0
2019,2019-10-05,Florida,Auburn,home,24,13,2.5,11,0,13.5,-9.12,2.13,12,21,-6.55,1,3,0.08,5,Top-10 opponent,1.2,-0.6
2019,2019-10-05,Georgia Tech,North Carolina,home,22,38,10.0,-23,6,-13.0,8.01,,6,7,-4.53,0,1,-0.24,4,,1,-1.7
2019,2019-10-05,Georgia,Tennessee,away,43,14,-24.5,29,17,4.5,10.22,5.18,7,31,5.5,2,2,0.9,5,Road · Night · Full house,1.25,5.8
2019,2019-10-05,Iowa State,TCU,home,49,24,-3.0,32,18,29.0,16.2,20.29,6,28,12.58,2,5,0.22,5,,1,10.8
2019,2019-10-05,Northwestern,Nebraska,away,10,13,7.5,-3,0,4.5,-3.26,,10,7,-13.46,0,1,-0.26,4,Road · Full house,1.2,-4.1
2019,2019-10-05,Notre Dame,Bowling Green,home,52,0,-45.5,35,67,-10.5,14.21,-1.67,5,28,4.54,0,0,,4,Group of 5 opponent,0.85,1.5
2019,2019-10-05,Louisville,Boston College,home,41,39,-4.0,2,0,-2.0,-9.2,-13.23,6,21,5.28,4,6,1.81,5,,1,-0.3
2019,2019-10-05,LSU,Utah State,home,42,6,-27.5,29,43,1.5,-8.0,0.63,6,21,-1.76,1,2,-0.15,5,Group of 5 opponent,1,-1.1
2019,2019-10-05,Duke,Pittsburgh,home,30,33,-3.5,-3,0,-6.5,-2.11,,12,24,-7.14,0,3,-1.08,4,Night,1.05,-4.4
2019,2019-10-05,Pittsburgh,Duke,away,33,30,3.5,3,0,6.5,-0.52,-4.35,11,20,-4.71,1,3,0.11,5,Road · Night,1.15,-0.7
2019,2019-10-05,Stanford,Washington,home,23,13,12.5,10,0,22.5,-9.35,7.3,5,17,8.02,1,3,0.35,5,Night · Ranked opponent,1.15,4.9
2019,2019-10-05,Oregon,California,home,17,7,-21.5,10,0,-11.5,-5.52,-10.27,11,17,-21.43,0,1,-0.52,5,,1,-7.9
2019,2019-10-05,California,Oregon,away,7,17,21.5,-10,0,11.5,2.88,,9,7,-5.13,0,2,-0.27,4,Road · Full house · Ranked opponent,1.3,0.8
2019,2019-10-05,UCLA,Oregon State,home,31,48,-4.5,-17,0,-21.5,-22.54,,2,7,1.71,0,1,-0.37,4,Night · Group of 5 opponent,1.05,-6.9
2019,2019-10-05,Washington,Stanford,away,13,23,-12.5,-10,0,-22.5,6.72,,3,0,-9.13,2,3,0.67,4,Road · Night,1.15,-3.6
2019,2019-10-10,NC State,Syracuse,home,16,10,-4.0,6,0,2.0,-2.99,-8.23,9,16,-7.58,0,1,-0.37,5,Night,1.05,-3.1
2019,2019-10-10,Syracuse,NC State,away,10,16,4.0,-6,0,-2.0,0.36,,6,7,-6.33,0,2,-0.59,4,Road · Night · Full house,1.25,-2.9
2019,2019-10-12,Maryland,Purdue,away,14,40,-4.0,-26,37,-30.0,-12.54,,4,7,-3.48,0,1,-0.37,4,Road,1.1,-8.1
2019,2019-10-12,Michigan State,Wisconsin,away,0,38,8.0,-24,44,-16.0,-5.36,,2,0,-4.04,0,1,-0.26,4,Road · Full house · Top-10 opponent,1.4,-5.9
2019,2019-10-12,Michigan,Illinois,away,42,25,-24.0,17,0,-7.0,-9.26,-8.56,8,35,6.05,1,1,0.45,5,Road,1.1,-1.5
2019,2019-10-12,Minnesota,Nebraska,home,34,7,-7.5,34,48,26.5,9.18,16.96,6,21,4.23,0,0,,4,Night,1.05,8.8
2019,2019-10-12,Missouri,Ole Miss,home,38,27,-12.5,11,0,-1.5,-1.54,-5.62,6,23,4.73,1,1,0.56,5,Night,1.05,0.5
2019,2019-10-12,Ole Miss,Missouri,away,27,38,12.5,-11,0,1.5,-1.09,,2,0,-3.59,0,3,-0.65,4,Road · Night · Full house,1.25,-1.9
2019,2019-10-12,Duke,Georgia Tech,home,41,23,-18.0,24,13,6.0,16.54,5.54,7,31,7.77,1,1,0.51,5,,1,5.7
2019,2019-10-12,Wake Forest,Louisville,home,59,62,-7.0,-3,0,-10.0,-16.98,,6,14,-2.62,0,1,-0.39,4,Night,1.05,-5.4
2019,2019-10-12,Nebraska,Minnesota,away,7,34,7.5,-34,48,-26.5,-11.81,,3,0,-6.14,0,1,-0.26,4,Road · Night · Full house,1.25,-9.1
2019,2019-10-12,Rutgers,Indiana,away,0,35,27.5,-35,40,-7.5,-1.11,,6,0,-6.29,0,2,-0.16,4,Road,1.1,-3.1
2019,2019-10-12,Oklahoma,Texas,neutral,34,27,-11.0,7,0,-4.0,-12.64,-7.84,7,6,-14.79,2,2,1.14,5,Ranked opponent,1.1,-5.2
2019,2019-10-12,Penn State,Iowa,away,17,12,-3.5,5,0,1.5,9.63,-6.97,8,17,-3.76,0,1,-0.36,5,Road · Night · Full house · Ranked opponent,1.35,-0.7
2019,2019-10-12,Cincinnati,Houston,away,38,23,-9.5,15,0,5.5,16.18,-0.07,7,14,-6.26,2,4,0.34,5,Road,1.1,2.2
2019,2019-10-12,Clemson,Florida State,home,45,14,-26.5,35,89,8.5,-2.39,8.15,4,21,6.03,0,0,,4,,1,3.5
2019,2019-10-12,Iowa,Penn State,home,12,17,3.5,-5,0,-1.5,-12.27,,7,6,-9.72,0,2,-0.6,4,Night · Top-10 opponent,1.25,-6.5
2019,2019-10-12,Vanderbilt,UNLV,home,10,34,-15.5,-24,31,-39.5,-19.08,,4,0,-12.78,0,2,-0.94,4,Group of 5 opponent,1,-12.8
2019,2019-10-12,Baylor,Texas Tech,home,33,30,-10.5,3,0,-7.5,2.35,,8,3,-20.56,4,6,1.46,4,,1,-3.7
2019,2019-10-11,Miami,Virginia,home,17,9,-2.5,8,0,5.5,11.57,,6,0,-15.27,2,2,1.3,4,Night · Ranked opponent,1.15,0.9
2019,2019-10-12,Texas A&M,Alabama,home,28,47,17.0,-27,8,-10.0,-15.46,,2,0,-3.14,1,3,0.47,4,Top-10 opponent,1.2,-4.7
2019,2019-10-12,Houston,Cincinnati,home,23,38,9.5,-15,0,-5.5,-18.81,,7,10,-3.63,0,2,-0.49,4,Ranked opponent,1.1,-5.7
2019,2019-10-11,Oregon,Colorado,home,45,3,-23.0,35,71,12.0,15.55,9.96,5,21,3.16,1,1,0.46,5,Night,1.05,6.2
2019,2019-10-12,Purdue,Maryland,home,40,14,4.0,26,37,30.0,9.91,15.91,7,24,8.45,2,2,1.41,5,,1,9.9
2019,2019-10-12,Texas,Oklahoma,neutral,27,34,11.0,-7,0,4.0,10.0,,5,14,4.64,0,1,-0.23,4,Top-10 opponent,1.2,3.9
2019,2019-10-12,BYU,South Florida,away,23,27,-4.5,-4,0,-8.5,-19.23,-15.49,7,10,-8.52,2,4,0.52,5,Road · Group of 5 opponent,1.1,-7.2
2019,2019-10-12,South Carolina,Georgia,away,20,17,21.0,3,0,24.0,17.03,,8,10,-0.98,0,3,-0.42,4,Road · Full house · Top-10 opponent,1.4,7.8
2019,2019-10-11,Virginia,Miami,away,9,17,2.5,-8,0,-5.5,-14.21,,5,3,-8.48,1,2,0.39,4,Road · Night · Full house,1.25,-5.7
2019,2019-10-12,Virginia Tech,Rhode Island,home,34,17,-28.0,17,0,-11.0,-0.24,-6.63,3,10,-1.45,3,3,1.26,5,FCS opponent,1,-1.0
2019,2019-10-12,Tennessee,Mississippi State,home,20,10,5.0,10,0,15.0,2.45,3.42,7,13,-2.2,1,2,0.43,5,,1,2.6
2019,2019-10-12,Texas Tech,Baylor,away,30,33,10.5,-3,0,7.5,-4.99,,8,13,-2.17,3,5,1.82,4,Road · Full house · Ranked opponent,1.3,2.8
2019,2019-10-12,Wisconsin,Michigan State,home,38,0,-8.0,24,44,16.0,2.73,6.71,5,24,9.9,0,0,,4,,1,5.8
2019,2019-10-12,West Virginia,Iowa State,home,14,38,9.5,-24,6,-14.5,-5.65,,3,0,-5.84,1,3,0.27,4,,1,-3.8
2019,2019-10-12,USC,Notre Dame,away,27,30,10.5,-3,0,7.5,-1.25,,4,10,2.41,0,1,-0.24,4,Road · Night · Full house · Top-10 opponent,1.45,1.9
2019,2019-10-12,Alabama,Texas A&M,away,47,28,-17.0,27,8,10.0,12.83,5.06,5,28,11.65,2,2,1.03,5,Road · Full house · Ranked opponent,1.3,8.9
2019,2019-10-12,Mississippi State,Tennessee,away,10,20,-5.0,-10,0,-15.0,-5.08,,6,10,-6.02,0,2,-0.75,4,Road,1.1,-5.7
2019,2019-10-12,Illinois,Michigan,home,25,42,24.0,-17,0,7.0,6.62,,6,17,9.66,0,1,-0.11,4,Ranked opponent,1.1,5.0
2019,2019-10-11,Colorado,Oregon,away,3,45,23.0,-35,71,-12.0,-18.19,,2,3,0.45,0,2,-0.25,4,Road · Night · Full house · Ranked opponent,1.35,-6.3
2019,2019-10-12,Florida State,Clemson,away,14,45,26.5,-35,89,-8.5,-0.25,,1,0,-1.1,0,1,-0.09,4,Road · Full house,1.2,-1.7
2019,2019-10-12,Georgia Tech,Duke,away,23,41,18.0,-24,13,-6.0,-19.18,,4,10,3.91,0,2,-0.34,4,Road,1.1,-3.6
2019,2019-10-12,Georgia,South Carolina,home,17,20,-21.0,-3,0,-24.0,-19.67,,7,7,-17.28,1,4,-1.07,4,,1,-12.0
2019,2019-10-12,Iowa State,West Virginia,away,38,14,-9.5,24,6,14.5,3.02,9.93,8,31,7.84,1,1,0.58,5,Road,1.1,6.1
2019,2019-10-12,Arkansas,Kentucky,away,20,24,4.0,-4,0,0.0,5.33,-11.09,5,13,1.89,0,3,-0.88,5,Road · Night · Full house,1.25,-1.5
2019,2019-10-12,Indiana,Rutgers,home,35,0,-27.5,35,40,7.5,-1.52,7.63,11,21,-20.73,1,1,0.42,5,,1,-1.7
2019,2019-10-12,Notre Dame,USC,home,30,27,-10.5,3,0,-7.5,-1.39,-12.59,5,17,2.28,2,4,0.3,5,Night,1.05,-2.0
2019,2019-10-12,Arizona State,Washington State,home,38,34,2.5,4,0,6.5,0.76,,4,17,7.82,2,4,0.77,4,Group of 5 opponent,0.85,3.5
2019,2019-10-12,Kentucky,Arkansas,home,24,20,-4.0,4,0,0.0,-7.97,,4,7,-3.48,1,2,0.27,4,Night,1.05,-1.7
2019,2019-10-12,Louisville,Wake Forest,away,62,59,7.0,3,0,10.0,14.34,-6.55,8,31,14.43,2,3,1.2,5,Road · Night · Ranked opponent,1.25,7.7
2019,2019-10-12,Arizona,Washington,home,27,51,6.0,-31,19,-25.0,-16.68,,4,7,-1.48,0,3,-0.83,4,Night,1.05,-7.8
2019,2019-10-12,Utah,Oregon State,away,52,7,-14.5,35,77,20.5,21.4,14.35,4,21,8.42,0,0,,4,Road · Night · Group of 5 opponent,1.0,9.9
2019,2019-10-12,Washington,Arizona,away,51,27,-6.0,31,19,25.0,14.05,18.74,7,20,0.96,1,3,-0.15,5,Road · Night · Full house,1.25,9.2
2019,2019-10-12,Florida,LSU,away,28,42,14.0,-14,0,0.0,-10.14,,3,0,-5.17,3,5,1.98,4,Road · Night · Full house · Top-10 opponent,1.45,-0.4
2019,2019-10-12,LSU,Florida,home,42,28,-14.0,14,0,0.0,7.5,-6.39,5,28,12.4,2,3,0.63,5,Night · Top-10 opponent,1.25,4.1
2019,2019-10-18,Syracuse,Pittsburgh,home,20,27,3.5,-7,0,-3.5,-2.56,,6,7,-6.48,1,2,0.4,4,Night,1.05,-1.9
2019,2019-10-18,Pittsburgh,Syracuse,away,27,20,-3.5,7,0,3.5,-0.07,-4.97,7,20,1.83,1,2,0.28,5,Road · Night · Full house,1.25,0.6
2019,2019-10-17,Stanford,UCLA,home,16,34,-4.5,-24,9,-28.5,5.09,,6,0,-15.87,0,1,-0.37,4,Night,1.05,-7.6
2019,2019-10-17,UCLA,Stanford,away,34,16,4.5,24,9,28.5,-7.73,16.16,11,24,-0.16,1,2,0.42,5,Road · Night,1.15,5.6
2019,2019-10-19,Boston College,NC State,home,45,24,4.0,35,28,39.0,8.74,23.91,6,21,7.67,1,1,0.71,5,,1,11.0
2019,2019-10-19,Maryland,Indiana,home,28,34,6.5,-6,0,0.5,4.39,,6,7,-5.58,2,4,0.91,4,,1,0.8
2019,2019-10-19,Michigan,Penn State,away,21,28,7.5,-7,0,0.5,-21.08,,7,7,-7.32,0,1,-0.26,4,Road · Night · Full house · Top-10 opponent,1.45,-7.8
2019,2019-10-19,Minnesota,Rutgers,away,42,7,-29.0,28,33,-1.0,-1.43,-0.14,6,21,-2.21,0,0,,4,Road,1.1,-0.6
2019,2019-10-19,Missouri,Vanderbilt,away,14,21,-21.0,-7,0,-28.0,-4.77,,9,7,-24.22,1,2,-0.04,4,Road,1.1,-11.5
2019,2019-10-19,Ole Miss,Texas A&M,home,17,24,6.0,-7,0,-1.0,-14.46,,9,0,-19.09,1,2,0.45,4,Night,1.05,-6.8
2019,2019-10-19,Duke,Virginia,away,14,48,3.5,-34,46,-30.5,-26.3,,3,0,-6.74,0,1,-0.3,4,Road,1.1,-11.5
2019,2019-10-19,NC State,Boston College,away,24,45,-4.0,-35,28,-39.0,-11.38,,4,3,-7.48,0,2,-0.73,4,Road,1.1,-10.8
2019,2019-10-19,North Carolina,Virginia Tech,away,41,43,-4.5,-2,0,-6.5,-1.59,-13.49,9,24,0.19,1,6,-1.22,5,Road · Full house,1.2,-4.6
2019,2019-10-19,Wake Forest,Florida State,home,22,20,3.0,2,0,5.0,3.75,-4.61,10,19,-3.71,0,3,-0.91,5,Night,1.05,-1.1
2019,2019-10-19,Rutgers,Minnesota,home,7,42,29.0,-28,33,1.0,-1.21,,2,0,-1.95,0,1,-0.07,4,Ranked opponent,1.1,-0.5
2019,2019-10-18,Ohio State,Northwestern,away,52,3,-27.0,35,60,8.0,12.48,10.89,4,14,-1.07,1,1,0.43,5,Road · Night · Full house,1.25,5.5
2019,2019-10-19,Oklahoma State,Baylor,home,27,45,-6.0,-18,0,-24.0,-13.47,-30.26,5,21,7.4,1,5,-0.92,5,Ranked opponent,1.1,-8.7
2019,2019-10-19,Auburn,Arkansas,away,51,10,-19.5,27,31,7.5,11.68,3.77,8,24,-3.15,0,0,,4,Road,1.1,3.1
2019,2019-10-19,Oklahoma,West Virginia,home,52,14,-32.0,35,58,3.0,9.32,5.31,6,28,3.89,1,1,0.38,5,,1,3.6
2019,2019-10-19,UCF,East Carolina,home,41,28,-34.5,20,6,-14.5,8.99,-10.98,7,21,-8.0,0,0,,4,Night · Group of 5 opponent,1.05,-3.8
2019,2019-10-19,Penn State,Michigan,home,28,21,-7.5,7,0,-0.5,18.44,-10.04,8,21,-1.36,1,2,0.21,5,Night · Ranked opponent,1.15,1.2
2019,2019-10-19,Cincinnati,Tulsa,home,24,13,-16.0,11,0,-5.0,15.25,-6.43,8,24,-1.75,0,2,-0.95,5,Group of 5 opponent,1,-0.6
2019,2019-10-19,Clemson,Louisville,away,45,10,-24.5,28,36,3.5,1.55,6.18,9,31,-1.79,0,1,-0.55,5,Road,1.1,0.8
2019,2019-10-19,Iowa,Purdue,home,26,20,-18.0,6,0,-12.0,5.93,-11.46,8,16,-10.55,1,1,0.51,5,,1,-3.5
2019,2019-10-19,Kansas,Texas,away,48,50,21.0,-2,0,19.0,2.73,,5,28,21.14,2,6,1.15,4,Road · Night · Full house · Ranked opponent,1.35,13.4
2019,2019-10-19,Kansas State,TCU,home,24,17,4.0,7,0,11.0,19.59,,8,21,3.23,0,2,-0.59,4,,1,5.1
2019,2019-10-19,Vanderbilt,Missouri,home,21,14,21.0,7,0,28.0,2.13,,10,21,7.27,0,2,-0.28,4,Ranked opponent,1.1,6.4
2019,2019-10-19,Baylor,Oklahoma State,away,45,27,6.0,18,0,24.0,10.83,10.94,7,21,6.15,2,3,1.17,5,Road · Full house,1.2,9.6
2019,2019-10-19,Miami,Georgia Tech,home,21,28,-18.5,-7,0,-25.5,-9.76,,7,21,-2.41,0,0,,3,,1,-6.3
2019,2019-10-19,Texas A&M,Ole Miss,away,24,17,-6.0,7,0,1.0,11.82,-5.26,9,17,-7.48,0,2,-0.77,5,Road · Night · Full house,1.25,-1.4
2019,2019-10-19,Houston,UConn,away,24,17,-22.0,7,0,-15.0,19.69,-17.53,7,17,-7.63,1,2,-0.06,5,Road · Group of 5 opponent,1.1,-3.1
2019,2019-10-19,Oregon,Washington,away,35,31,-3.0,4,0,1.0,-1.73,,5,14,1.15,0,2,-0.71,4,Road · Full house · Ranked opponent,1.3,-0.7
2019,2019-10-19,California,Oregon State,home,17,21,-10.5,-4,0,-14.5,-6.85,,9,14,-12.5,0,2,-0.85,4,Group of 5 opponent,1,-7.1
2019,2019-10-19,Purdue,Iowa,away,20,26,18.0,-6,0,12.0,-8.57,,5,6,-1.61,0,2,-0.34,4,Road · Full house · Ranked opponent,1.3,-0.5
2019,2019-10-19,Texas,Kansas,home,50,48,-21.0,2,0,-19.0,-5.36,-22.01,4,21,7.12,4,7,0.37,5,Night,1.05,-4.1
2019,2019-10-19,Utah,Arizona State,home,21,3,-15.0,18,0,3.0,-4.23,-2.91,9,14,-14.52,0,0,,4,Ranked opponent,1.1,-4.0
2019,2019-10-19,SMU,Temple,home,45,21,-9.5,24,18,14.5,-8.78,9.93,10,24,-4.95,0,0,,4,Group of 5 opponent,0.85,1.0
2019,2019-10-19,South Carolina,Florida,home,27,38,3.5,-11,0,-7.5,-15.48,,8,13,-4.97,0,4,-1.19,4,Top-10 opponent,1.2,-7.4
2019,2019-10-19,Virginia,Duke,home,48,14,-3.5,34,46,30.5,23.66,23.03,8,27,6.24,0,0,,4,,1,12.4
2019,2019-10-19,Virginia Tech,North Carolina,home,43,41,4.5,2,0,6.5,-1.04,,8,17,-0.57,3,5,1.55,4,,1,2.7
2019,2019-10-19,TCU,Kansas State,away,17,24,-4.0,-7,0,-11.0,-22.23,,6,7,-8.72,2,4,0.54,4,Road · Full house,1.2,-7.8
2019,2019-10-19,Washington,Oregon,home,31,35,3.0,-4,0,-1.0,-0.91,-15.61,5,14,2.65,2,5,0.49,5,Ranked opponent,1.1,-1.4
2019,2019-10-19,Texas Tech,Iowa State,home,24,34,8.5,-10,0,-1.5,4.8,,5,14,4.02,0,1,-0.25,4,,1,1.5
2019,2019-10-19,Wisconsin,Illinois,away,23,24,-30.0,-1,0,-31.0,-12.77,-25.66,7,10,-17.43,2,3,0.2,5,Road,1.1,-12.7
2019,2019-10-19,West Virginia,Oklahoma,away,14,52,32.0,-35,58,-3.0,-11.95,,2,7,5.35,0,1,-0.04,4,Road · Full house · Top-10 opponent,1.4,-1.3
2019,2019-10-19,Mississippi State,LSU,home,13,36,19.0,-29,58,-10.0,-9.02,,1,0,-1.47,0,2,-0.32,4,Top-10 opponent,1.2,-4.1
2019,2019-10-19,Illinois,Wisconsin,home,24,23,30.0,1,0,31.0,10.14,,5,21,16.38,0,2,-0.12,4,Top-10 opponent,1.2,12.1
2019,2019-10-19,Colorado,Washington State,away,10,41,13.5,-28,37,-14.5,-23.08,,4,7,0.01,0,1,-0.21,4,Road · Night · Full house · Group of 5 opponent,1.25,-7.4
2019,2019-10-19,Florida State,Wake Forest,away,20,22,-3.0,-2,0,-5.0,-6.39,,6,7,-8.42,1,5,-0.78,4,Road · Night · Full house,1.25,-5.8
2019,2019-10-19,Florida,South Carolina,away,38,27,-3.5,11,0,7.5,12.85,-0.97,8,24,3.24,2,4,0.56,5,Road · Full house,1.2,4.4
2019,2019-10-19,Georgia Tech,Miami,away,28,21,18.5,7,0,25.5,7.12,,5,7,-0.49,0,1,-0.16,4,Road,1.1,5.0
2019,2019-10-19,Georgia,Kentucky,home,21,0,-24.0,21,0,-3.0,10.38,-4.56,9,21,-11.57,0,0,,4,,1,-1.8
2019,2019-10-19,Iowa State,Texas Tech,away,34,24,-8.5,10,0,1.5,-7.43,-7.55,7,28,8.09,0,0,,4,Road,1.1,-0.1
2019,2019-10-18,Northwestern,Ohio State,home,3,52,27.0,-35,60,-8.0,-15.12,,2,3,0.85,0,1,-0.09,4,Night · Top-10 opponent,1.25,-4.2
2019,2019-10-19,Arkansas,Auburn,home,10,51,19.5,-27,31,-7.5,-14.31,,4,3,-2.79,0,1,-0.15,4,Ranked opponent,1.1,-4.5
2019,2019-10-19,Indiana,Maryland,away,34,28,-6.5,6,0,-0.5,-7.02,-6.52,7,10,-9.22,3,4,1.45,5,Road,1.1,-2.3
2019,2019-10-19,Arizona State,Utah,away,3,21,15.0,-18,0,-3.0,1.59,,8,3,-10.38,0,1,-0.19,4,Road · Ranked opponent,1.2,-3.3
2019,2019-10-19,Kentucky,Georgia,away,0,21,24.0,-21,0,3.0,-13.01,,6,0,-7.34,0,1,-0.11,4,Road · Full house · Top-10 opponent,1.4,-4.9
2019,2019-10-19,Louisville,Clemson,home,10,45,24.5,-28,36,-3.5,-4.18,,6,0,-7.19,0,1,-0.11,4,,1,-2.9
2019,2019-10-19,LSU,Mississippi State,away,36,13,-19.0,29,58,10.0,6.39,11.02,6,30,9.79,1,1,0.5,5,Road · Full house,1.2,7.2
2019,2019-10-19,Arizona,USC,away,14,41,10.0,-27,54,-17.0,-17.86,,5,0,-9.61,0,1,-0.24,4,Road · Night,1.15,-9.0
2019,2019-10-19,BYU,Boise State,home,28,25,7.0,3,0,10.0,4.56,-3.55,7,14,-0.5,1,1,0.73,5,Night · Ranked opponent · Group of 5 opponent,1.0,1.9
2019,2019-10-19,Tennessee,Alabama,away,13,35,35.0,-22,0,13.0,-18.23,,4,17,14.3,1,2,0.97,4,Road · Night · Full house · Top-10 opponent,1.45,5.3
2019,2019-10-19,USC,Arizona,home,41,14,-10.0,27,54,17.0,15.23,12.67,9,24,-2.28,0,0,,4,Night,1.05,6.3
2019,2019-10-19,Alabama,Tennessee,home,35,13,-35.0,22,0,-13.0,15.6,-6.24,6,7,-18.01,3,4,0.42,5,Night,1.05,-3.3
2019,2019-10-24,Houston,SMU,home,31,34,12.5,-3,0,9.5,-13.14,,7,10,-2.58,1,2,0.57,4,Night · Ranked opponent,1.15,-0.7
2019,2019-10-24,SMU,Houston,away,34,31,-12.5,3,0,-9.5,10.51,-16.62,9,31,3.6,0,2,-0.88,5,Road · Night,1.15,-2.3
2019,2019-10-26,Boston College,Clemson,away,7,59,35.0,-31,84,4.0,-6.13,,0,0,,0,1,-0.01,3,Road · Night · Full house,1.25,-0.9
2019,2019-10-26,Arizona,Stanford,away,31,41,3.0,-10,0,-7.0,-14.58,,5,14,2.65,0,3,-0.91,4,Road,1.1,-4.1
2019,2019-10-26,Maryland,Minnesota,away,10,52,14.5,-35,40,-20.5,-16.08,,1,0,-1.7,0,1,-0.2,4,Road · Ranked opponent,1.2,-7.2
2019,2019-10-26,Michigan State,Penn State,home,7,28,5.5,-21,0,-15.5,-16.95,,8,0,-17.17,0,1,-0.28,4,Top-10 opponent,1.2,-11.2
2019,2019-10-26,Michigan,Notre Dame,home,45,14,-1.0,24,32,23.0,2.63,14.32,10,28,3.29,0,0,,4,Night · Top-10 opponent,1.25,8.0
2019,2019-10-26,Minnesota,Maryland,home,52,10,-14.5,35,40,20.5,13.44,14.35,4,21,8.42,0,0,,4,,1,8.8
2019,2019-10-26,Missouri,Kentucky,away,7,29,-9.5,-22,0,-31.5,-16.79,,6,7,-10.37,0,1,-0.42,4,Road · Night · Full house,1.25,-12.5
2019,2019-10-26,Duke,North Carolina,away,17,20,3.0,-3,0,0.0,6.14,,9,10,-10.44,0,3,-0.91,4,Road · Full house,1.2,-3.0
2019,2019-10-26,North Carolina,Duke,home,20,17,-3.0,3,0,0.0,-8.77,-8.71,9,3,-20.13,2,3,0.93,5,,1,-5.2
2019,2019-10-26,Nebraska,Indiana,home,31,38,-2.5,-7,0,-9.5,-22.13,-18.45,4,7,-3.18,2,5,0.24,5,,1,-6.7
2019,2019-10-26,Rutgers,Liberty,home,44,34,7.5,10,0,17.5,4.37,3.71,3,6,-0.14,4,4,2.95,5,Group of 5 opponent,0.85,5.1
2019,2019-10-26,Syracuse,Florida State,away,17,35,11.0,-32,38,-21.0,-5.79,,4,3,-4.49,0,1,-0.23,4,Road,1.1,-5.5
2019,2019-10-26,Ohio State,Wisconsin,home,38,7,-14.5,24,29,9.5,1.77,7.35,8,31,5.84,1,1,0.54,5,Ranked opponent,1.1,4.5
2019,2019-10-26,Oklahoma State,Iowa State,away,34,27,11.0,7,0,18.0,13.26,2.52,8,10,-4.97,3,4,2.08,5,Road · Full house · Ranked opponent,1.3,6.8
2019,2019-10-26,Auburn,LSU,away,20,23,11.5,-3,0,8.5,17.94,,9,13,-3.62,0,3,-0.68,4,Road · Full house · Top-10 opponent,1.4,3.7
2019,2019-10-26,Oklahoma,Kansas State,away,41,48,-23.5,-14,2,-37.5,-15.7,-35.3,1,7,3.41,2,3,0.38,5,Road · Full house,1.2,-11.8
2019,2019-10-26,UCF,Temple,away,63,21,-11.5,35,44,23.5,7.11,15.9,8,35,11.04,2,2,1.13,5,Road · Night · Group of 5 opponent,1.0,9.1
2019,2019-10-26,Penn State,Michigan State,away,28,7,-5.5,21,0,15.5,14.31,6.0,10,14,-12.95,0,0,,4,Road · Full house,1.2,2.8
2019,2019-10-26,Pittsburgh,Miami,home,12,16,-4.5,-4,0,-8.5,-15.29,,8,9,-12.16,0,3,-1.11,4,,1,-7.9
2019,2019-10-26,Clemson,Boston College,home,59,7,-35.0,31,84,-4.0,3.49,3.76,6,38,12.99,0,0,,4,Night,1.05,3.9
2019,2019-10-26,Iowa,Northwestern,away,20,0,-8.0,20,0,12.0,11.49,6.71,11,20,-11.02,0,0,,4,Road,1.1,2.3
2019,2019-10-26,Kansas,Texas Tech,home,37,34,6.5,3,0,9.5,-2.83,,5,21,10.52,0,2,-0.54,4,Night,1.05,3.1
2019,2019-10-26,Kansas State,Oklahoma,home,48,41,23.5,14,2,37.5,13.07,15.98,0,0,,1,2,0.76,4,Top-10 opponent,1.2,13.4
2019,2019-10-26,Miami,Pittsburgh,away,16,12,4.5,4,0,8.5,12.66,,7,17,1.63,0,4,-1.16,4,Road,1.1,2.7
2019,2019-10-26,Stanford,Arizona,home,41,31,-3.0,10,0,7.0,11.94,-1.71,6,10,-5.42,5,5,3.22,5,,1,4.3
2019,2019-10-26,Texas A&M,Mississippi State,home,49,30,-11.0,32,23,21.0,15.91,13.16,6,28,10.18,1,1,0.57,5,,1,8.8
2019,2019-10-26,Purdue,Illinois,home,6,24,-9.5,-24,22,-33.5,-17.45,,8,7,-16.16,0,1,-0.42,4,,1,-11.8
2019,2019-10-26,Texas,TCU,away,27,37,1.0,-10,0,-9.0,-14.39,,6,13,-1.22,2,6,0.08,4,Road,1.1,-4.0
2019,2019-10-26,South Carolina,Tennessee,away,21,41,-4.0,-20,0,-24.0,-12.88,,6,7,-8.72,1,5,-0.83,4,Road,1.1,-9.3
2019,2019-10-26,Virginia,Louisville,away,21,28,-3.5,-7,0,-10.5,-4.86,,7,14,-4.17,0,3,-1.08,4,Road,1.1,-4.9
2019,2019-10-26,UCLA,Arizona State,home,42,32,3.0,25,42,28.0,19.56,13.39,4,21,11.92,1,1,0.7,5,Ranked opponent,1.1,11.6
2019,2019-10-26,TCU,Texas,home,37,27,-1.0,10,0,9.0,11.75,0.32,8,20,0.23,1,3,-0.02,5,Ranked opponent,1.1,3.0
2019,2019-10-26,Tennessee,South Carolina,home,41,21,4.0,20,0,24.0,10.24,12.91,8,20,2.23,0,1,-0.29,5,,1,6.0
2019,2019-10-26,Texas Tech,Kansas,away,34,37,-6.5,-3,0,-9.5,0.19,-15.52,6,20,3.53,1,3,-0.16,5,Road · Night,1.15,-2.9
2019,2019-10-26,Wisconsin,Ohio State,away,7,38,14.5,-24,29,-9.5,-4.41,,4,7,0.21,0,1,-0.2,4,Road · Full house · Top-10 opponent,1.4,-2.9
2019,2019-10-25,USC,Colorado,away,35,31,-10.5,4,0,-6.5,4.22,,5,14,-0.72,0,2,-0.85,4,Road · Night · Full house,1.25,-1.5
2019,2019-10-26,Alabama,Arkansas,home,48,7,-32.0,41,63,9.0,30.38,15.31,5,31,10.91,0,0,,4,Night,1.05,11.1
2019,2019-10-26,Mississippi State,Texas A&M,away,30,49,11.0,-32,23,-21.0,-18.54,,3,0,-5.62,0,1,-0.23,4,Road · Full house,1.2,-9.0
2019,2019-10-26,Illinois,Purdue,away,24,6,9.5,24,22,33.5,14.82,19.75,10,17,-2.47,0,0,,4,Road · Full house,1.2,10.8
2019,2019-10-25,Colorado,USC,home,31,35,10.5,-4,0,6.5,-6.85,-7.74,6,14,2.62,2,5,0.82,5,Night,1.05,0.2
2019,2019-10-26,Florida State,Syracuse,home,35,17,-11.0,32,38,21.0,3.15,14.16,6,21,3.18,0,0,,4,,1,6.2
2019,2019-10-26,Iowa State,Oklahoma State,home,27,34,-11.0,-7,0,-18.0,-15.9,,8,17,-6.76,2,5,-0.14,4,,1,-6.8
2019,2019-10-26,Northwestern,Iowa,home,0,20,8.0,-20,0,-12.0,-14.12,,6,0,-12.13,0,1,-0.26,4,Ranked opponent,1.1,-7.8
2019,2019-10-26,Arkansas,Alabama,away,7,48,32.0,-41,63,-9.0,-33.01,,0,0,,0,1,-0.04,3,Road · Night · Full house · Top-10 opponent,1.45,-13.9
2019,2019-10-26,Indiana,Nebraska,away,38,31,2.5,7,0,9.5,19.5,-4.87,5,21,9.52,2,3,1.08,5,Road · Full house,1.2,7.1
2019,2019-10-26,Notre Dame,Michigan,away,14,45,1.0,-24,32,-23.0,-5.27,,6,7,-7.22,0,1,-0.32,4,Road · Night · Full house · Ranked opponent,1.35,-8.1
2019,2019-10-26,Arizona State,UCLA,away,32,42,-3.0,-25,42,-28.0,-22.19,,2,14,8.86,0,2,-0.71,4,Road,1.1,-6.7
2019,2019-10-26,Kentucky,Missouri,home,29,7,9.5,22,0,31.5,14.16,15.75,10,31,11.53,0,0,,4,Night,1.05,11.6
2019,2019-10-26,Louisville,Virginia,home,28,21,3.5,7,0,10.5,2.23,-4.35,8,21,3.03,1,2,0.4,5,,1,1.9
2019,2019-10-26,LSU,Auburn,home,23,20,-11.5,3,0,-8.5,-20.57,-12.1,9,21,-5.95,1,3,-0.3,5,Top-10 opponent,1.2,-7.9
2019,2019-10-26,Oregon,Washington State,home,37,35,-14.5,2,0,-12.5,-6.23,-15.65,4,14,1.42,3,4,1.16,5,Night · Group of 5 opponent,1.05,-2.9
2019,2019-10-26,California,Utah,away,0,35,21.0,-35,51,-14.0,-3.51,,1,0,-1.37,0,1,-0.14,4,Road · Night · Full house · Ranked opponent,1.35,-3.8
2019,2019-10-26,Utah,California,home,35,0,-21.0,35,51,14.0,0.87,10.99,4,28,14.12,0,0,,4,Night,1.05,7.2
2019,2019-10-31,Baylor,West Virginia,home,17,14,-18.0,3,0,-15.0,-20.09,,10,10,-23.19,1,2,0.02,4,Night,1.05,-11.5
2019,2019-10-31,West Virginia,Baylor,away,14,17,18.0,-3,0,15.0,17.46,,9,7,-6.7,1,3,0.5,4,Road · Night · Full house · Ranked opponent,1.35,5.6
2019,2019-11-02,Boston College,Syracuse,away,58,27,3.0,31,56,34.0,-8.11,22.39,4,21,11.92,3,4,1.79,5,Road,1.1,10.9
2019,2019-11-02,Arizona,Oregon State,home,38,56,-4.5,-18,0,-22.5,-17.21,,3,10,2.06,3,4,1.52,4,Group of 5 opponent,1,-3.3
2019,2019-11-02,Maryland,Michigan,home,7,38,21.5,-35,43,-13.5,-20.11,,3,0,-4.04,0,1,-0.14,4,Ranked opponent,1.1,-6.8
2019,2019-11-02,Michigan,Maryland,away,38,7,-21.5,35,43,13.5,17.47,10.73,7,21,-3.46,0,0,,4,Road,1.1,5.9
2019,2019-11-02,Ole Miss,Auburn,away,14,20,17.5,-6,0,11.5,14.36,,7,14,3.17,0,1,-0.17,4,Road · Night · Full house · Ranked opponent,1.35,6.4
2019,2019-11-02,NC State,Wake Forest,away,10,44,8.0,-31,81,-23.0,-11.5,,1,0,-2.02,0,1,-0.26,4,Road · Full house · Ranked opponent,1.3,-7.4
2019,2019-11-02,North Carolina,Virginia,home,31,38,-1.0,-7,0,-8.0,-10.72,,4,10,0.12,1,3,-0.02,4,Night,1.05,-2.8
2019,2019-11-02,Wake Forest,NC State,home,44,10,-8.0,31,81,23.0,8.86,13.71,4,17,5.72,0,0,,4,,1,7.7
2019,2019-11-02,Nebraska,Purdue,away,27,31,-4.0,-4,0,-8.0,0.82,-15.23,7,13,-5.34,2,4,0.54,5,Road,1.1,-3.6
2019,2019-11-02,Rutgers,Illinois,away,10,38,18.5,-28,27,-9.5,-24.23,,4,3,-2.99,0,2,-0.33,4,Road,1.1,-7.0
2019,2019-11-02,Syracuse,Boston College,home,27,58,-3.0,-31,56,-34.0,5.48,,2,10,4.86,2,4,0.57,4,,1,-1.6
2019,2019-11-02,Oklahoma State,TCU,home,34,27,-1.5,7,0,5.5,4.82,-2.94,10,24,-0.96,1,3,-0.03,5,,1,0.7
2019,2019-11-02,Auburn,Ole Miss,home,20,14,-17.5,6,0,-11.5,-17.0,-12.2,9,13,-16.65,0,1,-0.49,5,Night,1.05,-9.1
2019,2019-11-02,UCF,Houston,home,44,29,-21.5,15,0,-6.5,9.46,-7.27,7,28,3.54,0,2,-1.05,5,,1,-0.7
2019,2019-11-02,Cincinnati,East Carolina,away,46,43,-24.5,3,0,-21.5,16.17,,4,7,-7.57,3,6,-0.3,4,Road · Night · Group of 5 opponent,1.15,-2.6
2019,2019-11-02,Pittsburgh,Georgia Tech,away,20,10,-9.5,10,0,0.5,1.2,-4.07,9,10,-16.05,1,2,0.17,5,Road,1.1,-3.4
2019,2019-11-02,Clemson,Wofford,home,59,14,-48.5,42,88,-6.5,6.15,3.78,4,21,1.63,0,0,,4,FCS opponent,0.6,0.8
2019,2019-11-02,Kansas,Kansas State,home,10,38,5.0,-28,37,-23.0,-3.61,,4,0,-8.68,1,1,0.72,4,Ranked opponent,1.1,-5.3
2019,2019-11-02,Kansas State,Kansas,away,38,10,-5.0,28,37,23.0,0.97,15.26,7,17,-1.69,1,1,0.63,5,Road · Full house,1.2,6.2
2019,2019-11-02,Vanderbilt,South Carolina,away,7,24,15.0,-17,0,-2.0,2.88,,5,7,-1.36,0,2,-0.39,4,Road · Night · Full house,1.25,-0.5
2019,2019-11-02,Miami,Florida State,away,27,10,3.0,17,0,20.0,1.29,8.39,9,24,3.56,0,2,-0.61,5,Road,1.1,4.1
2019,2019-11-02,Texas A&M,UTSA,home,45,14,-37.5,28,48,-9.5,6.15,-4.53,6,21,-4.75,1,1,0.33,5,Group of 5 opponent,1,-1.3
2019,2019-11-02,Houston,UCF,away,29,44,21.5,-15,0,6.5,-12.1,-13.05,6,3,-5.09,2,4,1.45,5,Road · Full house,1.2,-2.5
2019,2019-11-02,Purdue,Nebraska,home,31,27,4.0,4,0,8.0,-3.46,,6,17,3.67,2,4,0.83,4,,1,2.7
2019,2019-11-02,Utah,Washington,away,33,28,-3.0,5,0,2.0,0.04,-7.71,6,24,8.58,0,2,-0.71,5,Road · Full house,1.2,0.3
2019,2019-11-02,SMU,Memphis,away,48,54,6.5,-6,0,0.5,-8.47,,3,21,14.71,2,4,0.91,4,Road · Night · Full house · Ranked opponent · Group of 5 opponent,1.2,4.4
2019,2019-11-02,South Carolina,Vanderbilt,home,24,7,-15.0,17,0,2.0,-5.52,0.09,8,24,-1.36,0,1,-0.46,5,Night,1.05,-1.1
2019,2019-11-02,Virginia,North Carolina,away,38,31,1.0,7,0,8.0,8.08,-5.64,4,10,0.52,3,5,1.4,5,Road · Night · Full house,1.25,3.4
2019,2019-11-02,Virginia Tech,Notre Dame,away,20,21,17.5,-1,0,16.5,18.02,,9,10,-3.93,0,3,-0.52,4,Road · Full house · Ranked opponent,1.3,5.0
2019,2019-11-02,TCU,Oklahoma State,away,27,34,1.5,-7,0,-5.5,-7.45,,8,10,-8.77,0,2,-0.63,4,Road · Full house,1.2,-5.7
2019,2019-11-02,Tennessee,UAB,home,30,7,-13.5,30,42,16.5,16.12,14.86,9,30,2.15,0,0,,4,Night · Group of 5 opponent,0.9,6.7
2019,2019-11-02,Washington,Utah,home,28,33,3.0,-5,0,-2.0,-2.67,-13.61,6,14,0.37,1,4,-0.21,5,Top-10 opponent,1.2,-2.9
2019,2019-11-02,Mississippi State,Arkansas,away,54,24,-7.0,35,50,28.0,0.97,18.22,3,10,1.69,0,0,,4,Road,1.1,7.7
2019,2019-11-02,Illinois,Rutgers,home,38,10,-18.5,28,27,9.5,21.6,9.28,6,24,3.94,0,1,-0.5,5,,1,5.6
2019,2019-11-02,Florida State,Miami,home,10,27,-3.0,-17,0,-20.0,-3.93,,8,10,-10.56,0,1,-0.36,4,,1,-6.3
2019,2019-11-02,Florida,Georgia,neutral,17,24,6.5,-7,0,-0.5,2.23,,2,7,2.81,0,1,-0.27,4,Top-10 opponent,1.2,1.0
2019,2019-11-02,Georgia Tech,Pittsburgh,home,10,20,9.5,-10,0,-0.5,-3.84,,8,10,-5.57,0,1,-0.24,4,,1,-2.2
2019,2019-11-02,Georgia,Florida,neutral,24,17,-6.5,7,0,0.5,-4.87,-5.52,4,10,-0.98,2,2,1.22,5,Top-10 opponent,1.2,-0.2
2019,2019-11-02,Northwestern,Indiana,away,3,34,8.0,-28,37,-20.0,-15.98,,4,0,-8.09,0,1,-0.26,4,Road · Night · Full house,1.25,-9.4
2019,2019-11-02,Arkansas,Mississippi State,home,24,54,7.0,-35,50,-28.0,-3.61,,1,7,4.93,0,1,-0.27,4,,1,-3.4
2019,2019-11-02,Indiana,Northwestern,home,34,3,-8.0,28,37,20.0,13.35,14.71,7,28,8.26,0,1,-0.4,5,Night,1.05,7.7
2019,2019-11-02,Notre Dame,Virginia Tech,home,21,20,-17.5,1,0,-16.5,-20.66,,9,14,-15.65,1,3,-0.46,4,,1,-10.0
2019,2019-11-02,Oregon,USC,away,56,24,-3.5,25,37,21.5,28.0,13.03,4,21,10.62,1,2,0.28,5,Road,1.1,11.3
2019,2019-11-02,BYU,Utah State,away,42,14,3.0,28,35,31.0,8.65,16.39,8,35,16.83,0,1,-0.3,5,Road · Night · Full house · Group of 5 opponent,1.1,10.8
2019,2019-11-02,UCLA,Colorado,home,31,14,-6.5,17,0,10.5,2.92,4.48,8,24,2.04,0,0,,4,Night,1.05,3.2
2019,2019-11-02,USC,Oregon,home,24,56,3.5,-25,37,-21.5,-30.63,-32.35,3,3,-3.74,0,2,-0.6,5,Top-10 opponent,1.2,-14.4
2019,2019-11-02,Colorado,UCLA,away,14,31,6.5,-17,0,-10.5,-5.56,,6,14,1.42,0,1,-0.27,4,Road · Night,1.15,-2.5
2019,2019-11-09,Boston College,Florida State,home,31,38,-1.0,-7,0,-8.0,-7.07,-17.68,4,14,4.12,0,4,-1.35,5,,1,-4.6
2019,2019-11-09,Maryland,Ohio State,away,14,73,42.5,-42,101,0.5,-14.16,,0,0,,0,1,0.05,3,Road · Full house · Top-10 opponent,1.4,-4.4
2019,2019-11-09,Michigan State,Illinois,home,34,37,-16.0,-3,0,-19.0,-18.04,-21.43,8,21,-4.75,2,3,0.58,5,,1,-7.6
2019,2019-11-09,Minnesota,Penn State,home,31,26,6.5,5,0,11.5,10.68,-1.8,5,17,6.52,2,4,0.91,5,Top-10 opponent,1.2,5.6
2019,2019-11-09,Ole Miss,New Mexico State,home,41,3,-28.5,28,39,-0.5,-1.33,4.12,5,21,1.78,0,0,,4,Group of 5 opponent,0.85,0.9
2019,2019-11-09,Wake Forest,Virginia Tech,away,17,36,-2.5,-19,0,-21.5,-4.11,,5,3,-9.73,2,5,0.24,4,Road · Full house,1.2,-6.6
2019,2019-11-09,Ohio State,Maryland,home,73,14,-42.5,42,101,-0.5,11.52,6.88,3,21,7.37,0,0,,4,,1,4.6
2019,2019-11-08,UCF,Tulsa,away,31,34,-16.5,-3,0,-19.5,-10.94,-21.68,7,14,-8.71,2,6,-0.87,5,Road · Night · Group of 5 opponent,1.15,-10.3
2019,2019-11-09,Penn State,Minnesota,away,26,31,-6.5,-5,0,-11.5,-13.32,,5,14,0.27,2,2,1.22,4,Road · Full house · Ranked opponent,1.3,-2.6
2019,2019-11-09,Cincinnati,UConn,home,48,3,-34.0,38,74,4.0,13.56,7.27,6,31,6.29,0,0,,4,Group of 5 opponent,0.85,4.5
2019,2019-11-09,Iowa,Wisconsin,away,22,24,7.5,-2,0,5.5,12.22,,6,6,-6.28,2,2,1.48,4,Road · Full house · Ranked opponent,1.3,4.3
2019,2019-11-09,Kansas State,Texas,away,24,27,7.0,-3,0,4.0,11.32,-12.55,5,10,-0.36,0,3,-0.8,5,Road · Full house,1.2,-0.7
2019,2019-11-09,Vanderbilt,Florida,away,0,56,27.0,-35,56,-8.0,-4.66,,4,0,-4.29,0,1,-0.09,4,Road · Full house · Top-10 opponent,1.4,-4.0
2019,2019-11-09,Baylor,TCU,away,29,23,-2.0,6,0,4.0,6.22,,8,6,-14.16,2,4,0.61,4,Road,1.1,-1.0
2019,2019-11-09,Miami,Louisville,home,52,27,-6.5,31,41,24.5,17.98,14.48,4,21,10.02,2,2,1.22,5,,1,10.3
2019,2019-11-09,Stanford,Colorado,away,13,16,-4.0,-3,0,-7.0,-1.82,,5,10,-3.1,1,2,0.27,4,Road · Full house,1.2,-1.8
2019,2019-11-09,Purdue,Northwestern,away,24,22,1.0,2,0,3.0,12.19,,8,24,5.03,0,2,-0.64,4,Road,1.1,3.4
2019,2019-11-09,Texas,Kansas State,home,27,24,-7.0,3,0,-4.0,-13.95,-9.78,5,17,3.15,0,2,-0.79,5,Ranked opponent,1.1,-4.0
2019,2019-11-09,SMU,East Carolina,home,59,51,-22.0,8,0,-14.0,6.01,-13.53,5,14,-3.59,7,7,3.31,5,Group of 5 opponent,0.85,0.1
2019,2019-11-09,Virginia,Georgia Tech,home,33,28,-16.0,5,0,-11.0,0.71,-14.43,6,20,0.68,2,3,0.58,5,,1,-2.3
2019,2019-11-09,Virginia Tech,Wake Forest,home,36,17,2.5,19,0,21.5,1.47,9.13,9,27,6.34,1,3,0.08,5,Ranked opponent,1.1,5.7
2019,2019-11-09,TCU,Baylor,home,23,29,2.0,-6,0,-4.0,-8.85,-13.13,8,6,-12.57,1,5,-0.56,5,Ranked opponent,1.1,-6.9
2019,2019-11-08,Washington,Oregon State,away,19,7,-10.5,12,0,1.5,-17.81,-2.59,11,17,-15.39,0,1,-0.42,5,Road · Night · Group of 5 opponent,1.15,-6.6
2019,2019-11-09,Texas Tech,West Virginia,away,38,17,-2.5,25,41,22.5,24.45,13.55,2,14,8.91,1,1,0.65,5,Road · Full house,1.2,12.0
2019,2019-11-09,Wisconsin,Iowa,home,24,22,-7.5,2,0,-5.5,-14.86,-16.04,5,14,0.02,2,4,0.41,5,Ranked opponent,1.1,-4.6
2019,2019-11-09,West Virginia,Texas Tech,home,17,38,2.5,-25,41,-22.5,-27.09,,0,0,,1,1,0.69,3,,1,-9.5
2019,2019-11-09,USC,Arizona State,away,31,26,-4.0,5,0,1.0,-16.46,-10.23,8,17,-3.96,1,3,-0.1,5,Road · Full house,1.2,-5.0
2019,2019-11-09,Alabama,LSU,home,41,46,-6.0,-5,0,-11.0,-5.45,,4,21,10.12,0,2,-0.77,4,Top-10 opponent,1.2,-0.8
2019,2019-11-09,Illinois,Michigan State,away,37,34,16.0,3,0,19.0,15.4,,6,14,4.27,2,2,1.63,4,Road,1.1,9.4
2019,2019-11-09,Colorado,Stanford,home,16,13,4.0,3,0,7.0,-0.81,,5,6,-5.11,1,3,0.12,4,,1,-0.1
2019,2019-11-09,Florida State,Boston College,away,38,31,1.0,7,0,8.0,4.43,-1.64,6,21,6.78,2,3,1.04,5,Road,1.1,4.0
2019,2019-11-09,Florida,Vanderbilt,home,56,0,-27.0,35,56,8.0,2.02,7.89,8,28,-2.15,0,0,,4,,1,2.3
2019,2019-11-09,Georgia Tech,Virginia,away,28,33,16.0,-5,0,11.0,-3.34,,4,7,0.51,1,4,0.26,4,Road,1.1,1.8
2019,2019-11-09,Northwestern,Purdue,home,22,24,-1.0,-2,0,-3.0,-14.83,-15.68,7,21,3.71,0,4,-1.35,5,,1,-4.9
2019,2019-11-09,Arkansas,Western Kentucky,home,19,45,-1.0,-31,65,-32.0,-6.22,,1,0,-2.47,1,2,0.32,4,Group of 5 opponent,1,-5.4
2019,2019-11-09,Arizona State,USC,home,26,31,4.0,-5,0,-1.0,13.83,,7,14,-1.55,0,1,-0.29,4,,1,1.6
2019,2019-11-09,Louisville,Miami,away,27,52,6.5,-31,41,-24.5,-20.61,,2,0,-4.19,1,2,0.46,4,Road,1.1,-7.8
2019,2019-11-09,LSU,Alabama,away,46,41,6.0,5,0,11.0,2.82,-1.06,7,24,9.15,4,4,2.9,5,Road · Full house · Top-10 opponent,1.4,8.6
2019,2019-11-09,Missouri,Georgia,away,0,27,18.5,-27,37,-8.5,-6.83,,5,0,-7.49,0,1,-0.16,4,Road · Night · Full house · Top-10 opponent,1.45,-6.0
2019,2019-11-09,Duke,Notre Dame,home,7,38,7.0,-24,31,-17.0,-2.2,,8,7,-9.57,0,1,-0.27,4,Night · Ranked opponent,1.15,-6.0
2019,2019-11-09,NC State,Clemson,home,10,55,35.0,-42,93,-7.0,-9.84,,0,0,,0,1,-0.01,3,Night,1.05,-3.9
2019,2019-11-09,Oklahoma,Iowa State,home,42,41,-14.5,1,0,-13.5,-2.33,-19.65,6,28,9.13,1,2,0.08,5,Night,1.05,-2.6
2019,2019-11-09,Clemson,NC State,away,55,10,-35.0,42,93,7.0,7.2,10.76,3,21,8.5,0,0,,4,Road · Night · Full house,1.25,7.1
2019,2019-11-09,California,Washington State,home,33,20,8.5,13,0,21.5,2.86,9.23,8,28,12.03,2,2,1.49,5,Group of 5 opponent,0.85,6.7
2019,2019-11-09,BYU,Liberty,home,31,24,-17.0,7,0,-10.0,1.84,-10.94,6,17,-2.62,2,4,0.07,5,Group of 5 opponent,1,-2.6
2019,2019-11-09,South Carolina,Appalachian State,home,15,20,-6.5,-5,0,-11.5,-20.61,,6,10,-6.47,1,3,-0.16,4,Night · Group of 5 opponent,1.05,-7.0
2019,2019-11-09,Tennessee,Kentucky,away,17,13,1.5,4,0,5.5,5.66,,5,10,-1.73,0,1,-0.32,4,Road · Night · Full house,1.25,1.3
2019,2019-11-09,Georgia,Missouri,home,27,0,-18.5,27,37,8.5,4.19,8.28,10,23,-10.44,0,0,,4,Night,1.05,1.0
2019,2019-11-09,Iowa State,Oklahoma,away,41,42,14.5,-1,0,13.5,-0.3,,6,21,10.82,0,1,-0.2,4,Road · Night · Full house · Top-10 opponent,1.45,6.4
2019,2019-11-09,Notre Dame,Duke,away,38,7,-7.0,24,31,17.0,-0.44,7.22,12,38,4.76,0,0,,4,Road · Night · Full house,1.25,5.5
2019,2019-11-09,Kentucky,Tennessee,home,13,17,-1.5,-4,0,-5.5,-8.29,-16.94,5,7,-5.48,0,2,-0.69,5,Night,1.05,-5.9
2019,2019-11-14,North Carolina,Pittsburgh,away,27,34,4.0,-7,0,-3.0,-4.67,,4,7,-1.88,2,4,0.83,4,Road · Night,1.15,-0.5
2019,2019-11-14,Pittsburgh,North Carolina,home,34,27,-4.0,7,0,3.0,2.04,-4.23,4,24,13.52,1,4,-0.46,5,Night,1.05,2.4
2019,2019-11-16,Michigan State,Michigan,away,10,44,13.5,-24,38,-10.5,-4.31,,2,7,3.51,0,2,-0.42,4,Road · Full house · Ranked opponent,1.3,-2.1
2019,2019-11-16,Michigan,Michigan State,home,44,10,-13.5,24,38,10.5,1.67,7.86,6,27,8.43,1,1,0.55,5,,1,4.8
2019,2019-11-16,Minnesota,Iowa,away,19,23,3.0,-4,0,-1.0,-17.88,,3,0,-6.81,0,1,-0.3,4,Road · Full house · Ranked opponent,1.3,-6.5
2019,2019-11-16,Missouri,Florida,home,6,23,6.5,-17,0,-10.5,-5.56,,8,6,-10.77,0,2,-0.54,4,Ranked opponent,1.1,-6.1
2019,2019-11-16,Duke,Syracuse,home,6,49,-9.0,-29,53,-38.0,-27.82,,5,6,-8.35,0,1,-0.41,4,,1,-12.3
2019,2019-11-16,Wake Forest,Clemson,away,3,52,34.5,-35,62,-0.5,-10.03,,3,3,0.9,0,1,-0.02,4,Road · Full house,1.2,-1.6
2019,2019-11-16,Nebraska,Wisconsin,home,21,37,14.0,-16,0,-2.0,-19.81,,3,7,1.83,1,3,0.39,4,Ranked opponent,1.1,-2.7
2019,2019-11-16,Rutgers,Ohio State,home,21,56,52.0,-35,86,17.0,-3.8,,2,0,0.35,0,1,0.14,4,Top-10 opponent,1.2,2.6
2019,2019-11-16,Syracuse,Duke,away,49,6,9.0,29,53,38.0,25.19,20.49,7,28,14.2,0,0,,4,Road,1.1,16.3
2019,2019-11-16,Ohio State,Rutgers,away,56,21,-52.0,35,86,-17.0,1.16,-5.02,6,28,-2.1,0,0,,4,Road,1.1,-3.1
2019,2019-11-16,Oklahoma State,Kansas,home,31,13,-17.5,31,53,13.5,2.44,8.8,10,31,-1.94,0,0,,4,,1,3.2
2019,2019-11-16,Auburn,Georgia,home,14,21,3.0,-7,0,-4.0,-14.36,,11,7,-17.98,0,1,-0.3,4,Top-10 opponent,1.2,-9.1
2019,2019-11-16,Penn State,Indiana,home,34,27,-15.0,7,0,-8.0,13.26,-12.91,4,10,-2.68,3,3,1.61,5,,1,0.3
2019,2019-11-16,Clemson,Wake Forest,home,52,3,-34.5,35,62,0.5,7.4,4.02,7,31,2.0,0,0,,4,,1,2.5
2019,2019-11-16,Iowa,Minnesota,home,23,19,-3.0,4,0,1.0,15.25,-9.71,4,10,-0.28,0,1,-0.36,5,Top-10 opponent,1.2,0.6
2019,2019-11-16,Kansas,Oklahoma State,away,13,31,17.5,-31,53,-13.5,-5.07,,6,7,-2.28,0,1,-0.17,4,Road · Full house · Ranked opponent,1.3,-4.3
2019,2019-11-16,Kansas State,West Virginia,home,20,24,-14.0,-4,0,-18.0,-17.98,,7,17,-4.84,1,4,-0.82,4,,1,-7.5
2019,2019-11-16,Vanderbilt,Kentucky,home,14,38,9.5,-24,44,-14.5,11.52,-29.25,0,0,,1,2,0.51,4,,1,-4.7
2019,2019-11-16,Stanford,Washington State,away,22,49,10.5,-27,10,-16.5,-27.17,,1,7,5.1,0,1,-0.24,4,Road · Full house · Group of 5 opponent,1.2,-6.8
2019,2019-11-16,Houston,Memphis,home,27,45,9.5,-25,15,-15.5,1.69,-29.25,2,3,-0.89,2,3,1.27,5,Ranked opponent · Group of 5 opponent,1.1,-4.7
2019,2019-11-16,Texas,Iowa State,away,21,23,7.0,-2,0,5.0,10.02,,8,14,-2.57,0,1,-0.27,4,Road · Full house,1.2,1.9
2019,2019-11-16,BYU,Idaho State,home,42,10,-33.0,32,62,-1.0,14.57,1.79,4,14,-2.27,0,0,,4,FCS opponent,0.6,1.2
2019,2019-11-16,Virginia Tech,Georgia Tech,away,45,0,-6.0,31,73,25.0,6.18,14.74,5,21,7.4,0,0,,4,Road,1.1,8.9
2019,2019-11-16,TCU,Texas Tech,away,33,31,-3.5,2,0,-1.5,-13.13,-8.97,5,10,-2.98,3,4,1.56,5,Road,1.1,-2.2
2019,2019-11-16,Texas Tech,TCU,home,31,33,3.5,-2,0,1.5,10.5,,5,14,2.77,1,3,0.11,4,,1,3.0
2019,2019-11-16,Wisconsin,Nebraska,away,37,21,-14.0,16,0,2.0,17.18,-0.39,6,23,4.28,2,2,1.09,5,Road · Full house,1.2,5.3
2019,2019-11-16,West Virginia,Kansas State,away,24,20,14.0,4,0,18.0,15.34,,6,10,-0.33,2,4,1.18,4,Road · Ranked opponent,1.2,8.0
2019,2019-11-16,Alabama,Mississippi State,away,38,7,-19.0,31,51,12.0,6.08,8.02,3,21,10.89,1,1,0.5,5,Road · Full house,1.2,7.1
2019,2019-11-16,Mississippi State,Alabama,home,7,38,19.0,-31,51,-12.0,-8.72,,0,0,,0,1,-0.16,3,Top-10 opponent,1.2,-5.6
2019,2019-11-16,Florida State,Alabama State,home,49,12,-41.0,23,44,-18.0,23.7,-8.34,6,21,-5.8,2,2,0.6,5,FCS opponent,1,-0.4
2019,2019-11-16,Florida,Missouri,away,23,6,-6.5,17,0,10.5,2.92,4.48,10,10,-17.45,2,2,1.22,5,Road · Full house,1.2,0.2
2019,2019-11-16,Georgia Tech,Virginia Tech,home,0,45,6.0,-31,73,-25.0,-8.81,,2,0,-4.24,0,1,-0.28,4,,1,-6.1
2019,2019-11-16,Georgia,Auburn,away,21,14,-3.0,7,0,4.0,11.73,-7.71,11,21,-7.27,0,1,-0.36,5,Road · Full house · Ranked opponent,1.3,-0.9
2019,2019-11-16,Iowa State,Texas,home,23,21,-7.0,2,0,-5.0,-12.65,-10.78,10,16,-11.7,0,2,-0.79,5,Ranked opponent,1.1,-7.2
2019,2019-11-16,Northwestern,Massachusetts,home,45,6,-39.5,25,34,-14.5,18.98,-9.57,8,17,-18.14,1,2,-0.37,5,Group of 5 opponent,1,-4.1
2019,2019-11-16,Indiana,Penn State,away,27,34,15.0,-7,0,8.0,-15.9,,3,7,1.98,2,4,1.22,4,Road · Full house · Top-10 opponent,1.4,0.9
2019,2019-11-16,Notre Dame,Navy,home,52,20,-7.5,35,76,27.5,18.52,17.96,3,21,12.61,0,0,,4,Ranked opponent · Group of 5 opponent,0.95,11.2
2019,2019-11-16,Kentucky,Vanderbilt,away,38,14,-9.5,24,44,14.5,-14.16,9.93,3,17,8.32,0,1,-0.42,5,Road,1.1,2.7
2019,2019-11-16,Arizona,Oregon,away,6,34,27.0,-28,31,-1.0,-0.06,,3,0,-3.22,0,1,-0.09,4,Road · Night · Full house · Top-10 opponent,1.45,-1.2
2019,2019-11-16,Ole Miss,LSU,home,37,58,21.0,-21,0,0.0,-9.85,,3,7,2.88,0,1,-0.14,4,Night · Top-10 opponent,1.25,-1.2
2019,2019-11-16,NC State,Louisville,home,20,34,4.5,-14,0,-9.5,-19.83,,4,7,-1.78,1,2,0.42,4,Night,1.05,-4.6
2019,2019-11-16,Oklahoma,Baylor,away,34,31,-10.5,3,0,-7.5,-18.75,,5,20,5.28,0,1,-0.42,4,Road · Night · Full house · Ranked opponent,1.35,-4.3
2019,2019-11-16,Cincinnati,South Florida,away,20,17,-13.0,3,0,-10.0,17.89,,9,17,-10.63,0,1,-0.45,4,Road · Night · Group of 5 opponent,1.15,-1.5
2019,2019-11-16,Baylor,Oklahoma,home,31,34,10.5,-3,0,7.5,16.12,-7.74,4,21,13.41,1,4,0.06,5,Night · Top-10 opponent,1.25,5.8
2019,2019-11-16,Texas A&M,South Carolina,home,30,6,-10.5,27,22,16.5,-5.11,12.41,9,23,-3.5,1,1,0.58,5,Night,1.05,3.0
2019,2019-11-16,Oregon,Arizona,home,34,6,-27.0,28,31,1.0,-2.58,0.89,6,21,-1.61,0,0,,4,Night,1.05,-0.2
2019,2019-11-16,California,USC,home,17,41,4.0,-24,38,-20.0,-7.0,,3,0,-6.66,1,2,0.41,4,Night,1.05,-5.1
2019,2019-11-16,Utah,UCLA,home,49,3,-21.0,32,73,11.0,17.35,10.99,3,14,3.59,1,1,0.48,5,Night,1.05,6.6
2019,2019-11-16,South Carolina,Texas A&M,away,6,30,10.5,-27,22,-16.5,2.48,,5,3,-6.48,0,2,-0.47,4,Road · Night · Full house,1.25,-4.8
2019,2019-11-16,UCLA,Utah,away,3,49,21.0,-32,73,-11.0,-19.98,,1,0,-1.37,0,1,-0.14,4,Road · Night · Full house · Top-10 opponent,1.45,-7.5
2019,2019-11-16,USC,California,away,41,17,-4.0,24,38,20.0,4.36,8.77,6,27,11.28,1,2,0.27,5,Road · Night · Full house,1.25,8.2
2019,2019-11-16,Arizona State,Oregon State,away,34,35,-1.0,-1,0,-2.0,-3.76,,6,14,-0.82,1,3,-0.02,4,Road · Night · Group of 5 opponent,1.15,-1.1
2019,2019-11-16,Louisville,NC State,away,34,20,-4.5,14,0,9.5,17.19,2.51,5,21,7.77,0,2,-0.74,5,Road · Night · Full house,1.25,5.7
2019,2019-11-16,LSU,Ole Miss,away,58,37,-21.0,21,0,0.0,7.21,-3.01,7,31,6.72,0,0,,4,Road · Night · Full house,1.25,2.9
2019,2019-11-21,NC State,Georgia Tech,away,26,28,-2.5,-2,0,-4.5,-9.65,,5,17,4.27,0,1,-0.35,4,Road · Night,1.15,-1.6
2019,2019-11-21,Georgia Tech,NC State,home,28,26,2.5,2,0,4.5,7.01,-9.87,4,7,-2.18,0,1,-0.31,5,Night,1.05,-0.6
2019,2019-11-23,Boston College,Notre Dame,away,7,40,20.5,-26,42,-5.5,-0.17,,3,0,-4.19,1,3,0.56,4,Road · Full house · Ranked opponent,1.3,-1.2
2019,2019-11-23,Maryland,Nebraska,home,7,54,6.5,-34,73,-27.5,-18.53,,3,0,-6.29,0,1,-0.27,4,,1,-8.6
2019,2019-11-23,Michigan State,Rutgers,away,27,0,-21.5,27,33,5.5,-0.99,6.73,9,27,-4.44,0,0,,4,Road,1.1,1.0
2019,2019-11-23,Michigan,Indiana,away,39,14,-9.5,25,31,15.5,4.98,10.93,8,21,-2.16,2,2,1.17,5,Road,1.1,5.2
2019,2019-11-23,Minnesota,Northwestern,away,38,22,-16.0,16,0,0.0,-4.02,-5.43,6,24,4.68,0,0,,4,Road,1.1,-0.2
2019,2019-11-23,Nebraska,Maryland,away,54,7,-6.5,34,73,27.5,15.89,17.48,7,31,11.78,0,0,,4,Road,1.1,12.3
2019,2019-11-23,Rutgers,Michigan State,home,0,27,21.5,-27,33,-5.5,-1.65,,5,0,-6.74,0,1,-0.14,4,,1,-2.7
2019,2019-11-23,Syracuse,Louisville,away,34,56,7.5,-22,0,-14.5,-16.32,,3,0,-6.14,1,1,0.74,4,Road,1.1,-5.6
2019,2019-11-23,Ohio State,Penn State,home,28,17,-20.0,11,0,-9.0,-11.9,-12.49,7,21,-2.93,0,2,-1.02,5,Top-10 opponent,1.2,-6.8
2019,2019-11-23,Oklahoma State,West Virginia,away,20,13,-6.5,7,0,0.5,10.29,,4,10,-0.98,1,3,-0.16,4,Road,1.1,1.7
2019,2019-11-23,Auburn,Samford,home,52,0,-45.5,31,76,-14.5,6.47,-5.67,6,28,-0.15,0,0,,4,FCS opponent,1,-1.5
2019,2019-11-23,UCF,Tulane,away,34,31,-7.0,3,0,-4.0,-7.62,-9.78,8,20,-2.16,1,2,0.21,5,Road · Group of 5 opponent,1.1,-3.1
2019,2019-11-23,Penn State,Ohio State,away,17,28,20.0,-11,0,9.0,9.27,,7,10,0.04,0,1,-0.15,4,Road · Full house · Top-10 opponent,1.4,3.9
2019,2019-11-23,Pittsburgh,Virginia Tech,away,0,28,3.5,-28,24,-24.5,-20.4,,8,0,-17.97,0,2,-0.6,4,Road,1.1,-12.9
2019,2019-11-23,Iowa,Illinois,home,19,10,-15.5,9,0,-6.5,2.79,-7.17,10,12,-19.94,0,2,-0.94,5,,1,-5.9
2019,2019-11-23,Kansas,Iowa State,away,31,41,26.5,-10,0,16.5,-12.66,,6,20,13.41,2,4,1.63,4,Road · Full house · Ranked opponent,1.3,7.4
2019,2019-11-23,Vanderbilt,East Tennessee State,home,38,0,-20.5,31,41,10.5,6.18,7.25,7,24,-0.11,0,0,,4,FCS opponent,0.6,2.1
2019,2019-11-23,Baylor,Texas,home,24,10,-4.0,14,0,10.0,13.74,1.77,10,24,-2.2,1,1,0.63,5,,1,3.5
2019,2019-11-23,Stanford,California,home,20,24,-1.0,-4,0,-5.0,2.36,,5,7,-5.35,2,4,0.65,4,,1,-0.6
2019,2019-11-23,Texas A&M,Georgia,away,13,19,12.0,-6,0,6.0,-8.66,,6,6,-4.93,0,2,-0.44,4,Road · Full house · Top-10 opponent,1.4,-3.1
2019,2019-11-23,California,Stanford,away,24,20,1.0,4,0,5.0,-4.99,,5,14,2.15,2,4,0.72,4,Road · Full house,1.2,1.8
2019,2019-11-23,Purdue,Wisconsin,away,24,45,24.5,-21,0,3.5,-0.25,,4,7,2.21,1,3,0.67,4,Road · Ranked opponent,1.2,2.4
2019,2019-11-23,Texas,Baylor,away,10,24,4.0,-14,0,-10.0,-16.37,,7,10,-5.55,0,1,-0.29,4,Road · Full house · Ranked opponent,1.3,-7.4
2019,2019-11-23,BYU,Massachusetts,away,56,24,-41.5,42,105,0.5,9.5,7.4,4,28,10.03,0,0,,4,Road · Group of 5 opponent,0.95,4.8
2019,2019-11-23,SMU,Navy,away,28,35,3.5,-7,0,-3.5,10.58,-15.35,4,7,-1.98,3,6,1.21,5,Road · Group of 5 opponent,1.1,-0.2
2019,2019-11-23,Virginia,Liberty,home,55,27,-16.0,27,37,11.0,9.28,9.57,7,38,15.46,0,2,-0.95,5,Group of 5 opponent,0.85,5.0
2019,2019-11-23,Virginia Tech,Pittsburgh,home,28,0,-3.5,28,24,24.5,17.76,13.03,10,21,-4.95,0,1,-0.36,5,,1,5.6
2019,2019-11-23,UCLA,USC,away,35,52,13.5,-17,0,-3.5,-7.96,,4,7,0.01,1,3,0.38,4,Road · Ranked opponent,1.2,-1.4
2019,2019-11-23,Wisconsin,Purdue,home,45,24,-24.5,21,0,-3.5,-2.38,-1.82,6,24,2.14,2,3,0.35,5,,1,-0.0
2019,2019-11-23,West Virginia,Oklahoma State,home,13,20,6.5,-7,0,-0.5,-12.92,,4,13,4.61,0,4,-1.09,4,Ranked opponent,1.1,-2.5
2019,2019-11-23,USC,UCLA,home,52,35,-13.5,17,0,3.5,5.32,0.86,6,24,5.43,1,2,0.1,5,,1,2.5
2019,2019-11-23,Alabama,Western Carolina,home,66,3,-58.5,38,65,-20.5,18.55,-1.38,4,21,-0.36,0,0,,4,FCS opponent,0.6,0.1
2019,2019-11-23,Illinois,Iowa,away,10,19,15.5,-9,0,6.5,-5.43,,7,7,-4.53,0,3,-0.57,4,Road · Ranked opponent,1.2,-2.0
2019,2019-11-23,Georgia,Texas A&M,home,19,13,-12.0,6,0,-6.0,6.02,-9.36,7,13,-8.14,1,2,0.12,5,,1,-2.5
2019,2019-11-23,Iowa State,Kansas,home,41,31,-26.5,10,0,-16.5,10.02,-14.85,6,21,-1.46,3,5,0.16,5,,1,-2.5
2019,2019-11-23,Northwestern,Minnesota,home,22,38,16.0,-16,0,0.0,1.39,,1,0,-1.62,0,1,-0.19,4,Top-10 opponent,1.2,-0.2
2019,2019-11-23,Indiana,Michigan,home,14,39,9.5,-25,31,-15.5,-7.61,,3,7,1.16,0,3,-0.73,4,Ranked opponent,1.1,-4.2
2019,2019-11-23,Notre Dame,Boston College,home,40,7,-20.5,26,42,5.5,-2.47,7.25,9,27,-4.0,1,1,0.49,5,,1,1.2
2019,2019-11-23,Kentucky,UT Martin,home,50,7,-30.5,29,78,-1.5,12.72,5.08,9,35,-0.49,1,1,0.4,5,FCS opponent,0.6,1.6
2019,2019-11-23,Louisville,Syracuse,home,56,34,-7.5,22,0,14.5,13.68,7.96,4,21,9.82,0,1,-0.4,5,,1,6.1
2019,2019-11-23,Arizona,Utah,home,7,35,23.5,-28,37,-4.5,7.04,,1,0,-1.25,0,1,-0.12,4,Night · Top-10 opponent,1.25,0.4
2019,2019-11-23,Missouri,Tennessee,home,20,24,-2.5,-4,0,-6.5,15.88,,7,13,-4.82,1,4,-0.41,4,Night,1.05,0.3
2019,2019-11-23,Duke,Wake Forest,away,27,39,6.5,-12,0,-5.5,20.07,,5,3,-7.48,2,5,0.64,4,Road · Night,1.15,2.1
2019,2019-11-23,Wake Forest,Duke,home,39,27,-6.5,12,0,5.5,-22.7,-0.52,8,16,-5.96,3,5,1.06,5,Night,1.05,-2.5
2019,2019-11-23,Oklahoma,TCU,home,28,24,-18.0,4,0,-14.0,-26.29,-18.46,6,21,1.09,1,2,0.02,5,Night,1.05,-7.5
2019,2019-11-23,Cincinnati,Temple,home,15,13,-9.0,2,0,-7.0,11.43,-14.81,9,6,-19.83,0,2,-0.82,5,Night · Group of 5 opponent,1.05,-6.1
2019,2019-11-23,Kansas State,Texas Tech,away,30,27,1.0,3,0,4.0,14.92,-5.64,7,10,-6.6,3,4,1.72,5,Road · Night · Full house,1.25,2.7
2019,2019-11-23,Miami,Florida International,away,24,30,-21.0,-6,0,-27.0,-16.05,,6,7,-13.81,0,1,-0.52,4,Road · Night · Full house · Group of 5 opponent,1.25,-12.8
2019,2019-11-23,Houston,Tulsa,away,24,14,6.0,10,0,16.0,22.98,3.94,9,10,-9.09,1,2,0.45,5,Road · Night · Group of 5 opponent,1.0,4.1
2019,2019-11-23,Oregon,Arizona State,away,28,31,-13.5,-3,0,-16.5,3.93,,5,14,-1.47,0,3,-1.35,4,Road · Full house,1.2,-4.2
2019,2019-11-23,Utah,Arizona,away,35,7,-23.5,28,37,4.5,-9.68,2.7,5,21,3.03,0,0,,4,Road · Night,1.15,0.5
2019,2019-11-23,TCU,Oklahoma,away,24,28,18.0,-4,0,14.0,23.65,,5,17,9.39,0,1,-0.17,4,Road · Night · Full house · Top-10 opponent,1.45,11.9
2019,2019-11-23,Tennessee,Missouri,away,24,20,2.5,4,0,6.5,-18.52,,6,24,10.22,0,4,-1.23,4,Road · Night · Full house,1.25,-1.3
2019,2019-11-23,Washington,Colorado,away,14,20,-14.0,-6,0,-20.0,11.39,,5,0,-15.6,0,2,-0.91,4,Road · Night · Full house,1.25,-7.0
2019,2019-11-23,Texas Tech,Kansas State,home,27,30,-1.0,-3,0,-4.0,-17.56,,5,10,-2.35,1,3,-0.02,4,Night,1.05,-4.1
2019,2019-11-23,Mississippi State,Abilene Christian,home,45,7,-37.0,24,36,-13.0,3.21,-8.28,8,38,3.86,0,0,,4,Night · FCS opponent,1.05,-1.4
2019,2019-11-23,Colorado,Washington,home,20,14,14.0,6,0,20.0,-14.02,1.07,6,13,2.67,1,2,0.59,5,Night,1.05,1.8
2019,2019-11-23,Arkansas,LSU,away,20,56,41.5,-29,57,12.5,-4.7,,3,6,4.95,0,2,0.09,4,Road · Night · Full house · Top-10 opponent,1.45,3.6
2019,2019-11-23,Arizona State,Oregon,home,31,28,13.5,3,0,16.5,-6.57,-3.19,8,13,-0.98,2,2,1.58,5,Top-10 opponent,1.2,2.4
2019,2019-11-23,LSU,Arkansas,home,56,20,-41.5,29,57,-12.5,2.07,-6.6,5,21,-1.46,1,2,-0.41,5,Night,1.05,-2.6
2019,2019-11-29,Missouri,Arkansas,away,24,14,-15.0,10,0,-5.0,1.3,-6.91,8,17,-8.36,1,2,0.07,5,Road,1.1,-3.0
2019,2019-11-28,Ole Miss,Mississippi State,away,20,21,-1.5,-1,0,-2.5,-10.09,,7,14,-3.47,0,2,-0.69,4,Road · Night,1.15,-4.1
2019,2019-11-29,Nebraska,Iowa,home,24,27,4.0,-3,0,1.0,-1.82,,9,17,-2.99,0,2,-0.59,4,Ranked opponent,1.1,-1.6
2019,2019-11-29,Cincinnati,Memphis,away,24,34,13.5,-10,0,3.5,-7.38,,5,7,-1.73,1,2,0.58,4,Road · Ranked opponent · Group of 5 opponent,1.2,-0.3
2019,2019-11-29,Iowa,Nebraska,away,27,24,-4.0,3,0,-1.0,-0.81,-9.23,10,13,-13.2,2,4,0.54,5,Road · Full house,1.2,-4.0
2019,2019-11-29,Texas,Texas Tech,home,49,24,-8.0,25,19,17.0,16.1,7.71,7,28,8.26,1,2,0.2,5,,1,6.9
2019,2019-11-29,Virginia,Virginia Tech,home,39,30,1.5,9,0,10.5,10.27,0.61,6,3,-11.08,4,6,2.1,5,Ranked opponent,1.1,2.9
2019,2019-11-29,Virginia Tech,Virginia,away,30,39,-1.5,-9,0,-10.5,-12.91,,7,13,-4.47,2,5,0.28,4,Road,1.1,-4.6
2019,2019-11-29,TCU,West Virginia,home,17,20,-13.5,-3,0,-16.5,-10.84,,7,10,-11.66,0,3,-1.35,4,,1,-8.5
2019,2019-11-29,Washington,Washington State,home,31,13,-7.0,18,0,11.0,16.78,4.22,6,17,0.38,1,2,0.21,5,Group of 5 opponent,0.85,3.7
2019,2019-11-29,Texas Tech,Texas,away,24,49,8.0,-25,19,-17.0,-18.74,-34.03,5,21,10.89,0,4,-1.03,5,Road,1.1,-8.6
2019,2019-11-29,West Virginia,TCU,away,20,17,13.5,3,0,16.5,8.21,,9,17,1.28,1,2,0.58,4,Road,1.1,5.4
2019,2019-11-28,Mississippi State,Ole Miss,home,21,20,1.5,1,0,2.5,7.45,-11.39,8,21,2.23,0,1,-0.32,5,Night,1.05,-0.1
2019,2019-11-29,Arkansas,Missouri,home,14,24,15.0,-10,0,5.0,-3.93,,6,14,3.97,0,3,-0.58,4,,1,0.5
2019,2019-11-30,Boston College,Pittsburgh,away,26,19,8.5,7,0,15.5,7.79,2.23,7,12,-1.98,2,4,0.99,5,Road,1.1,4.1
2019,2019-11-30,Maryland,Michigan State,away,16,19,21.5,-3,0,18.5,8.34,,6,14,5.91,0,5,-0.68,4,Road,1.1,5.2
2019,2019-11-30,Michigan State,Maryland,home,19,16,-21.5,3,0,-18.5,-10.98,,7,13,-11.46,1,3,-0.57,4,,1,-7.7
2019,2019-11-30,Michigan,Ohio State,home,27,56,9.0,-37,23,-28.0,-18.08,,3,7,1.09,1,3,0.25,4,Top-10 opponent,1.2,-7.3
2019,2019-11-30,Minnesota,Wisconsin,home,17,38,3.0,-28,13,-25.0,-16.27,,4,7,-2.08,0,2,-0.61,4,Ranked opponent,1.1,-8.0
2019,2019-11-30,Duke,Miami,home,27,17,9.5,10,0,19.5,8.01,5.75,11,20,-1.41,1,3,0.27,5,,1,4.1
2019,2019-11-30,Wake Forest,Syracuse,away,30,39,-6.5,-9,0,-15.5,-35.16,,8,6,-15.96,3,6,0.67,4,Road,1.1,-12.0
2019,2019-11-30,Rutgers,Penn State,away,6,27,39.0,-21,0,18.0,-26.63,,5,6,3.63,0,1,0.02,4,Road · Top-10 opponent,1.3,-1.2
2019,2019-11-30,Syracuse,Wake Forest,home,39,30,6.5,9,0,15.5,32.53,-0.8,9,17,-1.87,4,5,2.64,5,,1,8.2
2019,2019-11-30,Ohio State,Michigan,away,56,27,-9.0,37,23,28.0,15.44,18.19,6,35,17.78,2,2,1.18,5,Road · Full house · Ranked opponent,1.3,16.0
2019,2019-11-30,Auburn,Alabama,home,48,45,3.5,3,0,6.5,16.55,,3,13,6.26,1,3,0.11,4,Top-10 opponent,1.2,6.7
2019,2019-11-29,UCF,South Florida,home,34,7,-24.0,24,38,0.0,-4.75,-1.56,8,17,-11.95,0,0,,4,Night · Group of 5 opponent,1.05,-3.4
2019,2019-11-30,Penn State,Rutgers,home,27,6,-39.0,21,0,-18.0,24.0,-8.31,6,14,-12.2,2,2,0.64,5,,1,-1.5
2019,2019-11-30,Pittsburgh,Boston College,home,19,26,-8.5,-7,0,-15.5,-10.43,,5,10,-4.22,1,4,-0.62,4,,1,-5.5
2019,2019-11-30,Clemson,South Carolina,away,38,3,-27.5,28,37,0.5,-0.85,0.63,4,21,5.83,0,0,,4,Road · Full house,1.2,1.9
2019,2019-11-30,Kansas,Baylor,home,6,61,14.0,-34,83,-20.0,-16.71,,0,0,,0,1,-0.2,3,,1,-8.1
2019,2019-11-30,Vanderbilt,Tennessee,away,10,28,23.0,-18,0,5.0,-5.5,,6,10,2.36,0,1,-0.12,4,Road,1.1,0.4
2019,2019-11-30,Baylor,Kansas,away,61,6,-14.0,34,83,20.0,14.07,13.61,5,24,8.4,0,0,,4,Road,1.1,9.6
2019,2019-11-30,Miami,Duke,away,17,27,-9.5,-10,0,-19.5,-10.65,,10,3,-25.95,2,4,0.34,4,Road,1.1,-11.3
2019,2019-11-30,Stanford,Notre Dame,home,24,45,17.0,-21,0,-4.0,-16.37,-21.38,6,14,4.57,1,3,0.47,5,Ranked opponent,1.1,-4.5
2019,2019-11-30,Oregon,Oregon State,home,24,10,-20.5,14,0,-6.5,13.55,-9.75,9,14,-17.0,1,2,-0.03,5,Group of 5 opponent,1,-3.4
2019,2019-11-30,Purdue,Indiana,home,41,44,7.0,-3,0,4.0,-10.84,,6,14,1.57,2,3,1.2,4,,1,0.8
2019,2019-11-30,SMU,Tulane,home,37,20,-3.0,17,0,14.0,24.89,2.29,7,28,10.01,0,2,-0.71,5,Group of 5 opponent,0.85,5.5
2019,2019-11-30,South Carolina,Clemson,home,3,38,27.5,-28,37,-0.5,-1.79,,2,3,0.9,0,1,-0.08,4,,1,-0.0
2019,2019-11-30,Tennessee,Vanderbilt,home,28,10,-23.0,18,0,-5.0,2.87,-4.04,8,21,-7.55,0,1,-0.54,5,,1,-2.5
2019,2019-11-30,Wisconsin,Minnesota,away,38,17,-3.0,28,13,25.0,13.64,17.29,6,31,15.58,1,2,0.29,5,Road · Full house · Top-10 opponent,1.4,14.4
2019,2019-11-30,Alabama,Auburn,away,45,48,-3.5,-3,0,-6.5,-19.19,,4,10,-0.38,4,6,1.83,4,Road · Full house · Ranked opponent,1.3,-2.2
2019,2019-11-30,Illinois,Northwestern,home,10,29,-6.0,-19,0,-25.0,8.37,,3,7,-1.16,0,2,-0.77,4,,1,-3.1
2019,2019-11-30,Georgia Tech,Georgia,home,7,52,28.5,-31,45,-2.5,-2.68,,4,0,-3.99,0,1,-0.07,4,Top-10 opponent,1.2,-2.0
2019,2019-11-30,Georgia,Georgia Tech,away,52,7,-28.5,31,45,2.5,0.04,7.12,10,31,-7.43,0,0,,4,Road · Full house,1.2,0.1
2019,2019-11-30,Northwestern,Illinois,away,29,10,6.0,19,0,25.0,-11.0,12.94,6,17,4.27,2,2,1.45,5,Road,1.1,6.0
2019,2019-11-30,Indiana,Purdue,away,44,41,-7.0,3,0,-4.0,8.21,-13.78,6,21,4.38,4,5,2.04,5,Road · Full house,1.2,2.1
2019,2019-11-30,Notre Dame,Stanford,away,45,24,-17.0,21,0,4.0,13.73,2.06,8,28,1.85,1,2,0.03,5,Road,1.1,3.4
2019,2019-11-30,Kentucky,Louisville,home,45,13,-3.5,25,33,21.5,5.07,13.03,8,31,10.24,1,1,0.64,5,,1,7.5
2019,2019-11-30,Louisville,Kentucky,away,13,45,3.5,-25,33,-21.5,-7.71,,3,7,0.26,0,2,-0.6,4,Road,1.1,-5.2
2019,2019-11-30,Arizona,Arizona State,away,14,24,13.5,-10,0,3.5,-14.1,,6,7,-3.48,0,3,-0.62,4,Road · Night · Full house,1.25,-4.2
2019,2019-11-30,NC State,North Carolina,home,10,41,11.0,-24,34,-13.0,1.06,,6,10,-1.23,0,3,-0.69,4,Night,1.05,-2.7
2019,2019-11-30,North Carolina,NC State,away,41,10,-11.0,24,34,13.0,-3.7,9.16,10,41,11.3,0,2,-0.86,5,Road · Night · Full house,1.25,4.6
2019,2019-11-30,Oklahoma State,Oklahoma,home,16,34,14.0,-18,0,-4.0,-9.63,,2,3,-0.44,1,2,0.59,4,Night · Top-10 opponent,1.25,-1.7
2019,2019-11-30,Oklahoma,Oklahoma State,away,34,16,-14.0,18,0,4.0,6.99,1.61,4,14,1.52,3,3,1.63,5,Road · Night · Full house · Ranked opponent,1.35,4.9
2019,2019-11-30,Kansas State,Iowa State,home,27,17,5.0,10,0,15.0,3.02,-0.58,8,17,-0.37,1,2,0.43,5,Night · Ranked opponent,1.15,2.8
2019,2019-11-30,Texas A&M,LSU,away,7,50,17.5,-38,80,-20.5,-2.48,,0,0,,0,1,-0.17,3,Road · Night · Full house · Top-10 opponent,1.45,-7.0
2019,2019-11-30,Houston,Navy,home,41,56,9.5,-15,0,-5.5,-13.63,,4,10,2.21,3,6,1.53,4,Night · Group of 5 opponent,1.05,-0.4
2019,2019-11-30,California,UCLA,away,28,18,1.0,10,0,11.0,9.07,0.36,7,21,4.4,1,3,0.04,5,Road · Night,1.15,4.0
2019,2019-11-30,BYU,San Diego State,away,3,13,-4.5,-10,0,-14.5,-26.76,,8,3,-18.16,0,1,-0.37,4,Road · Night · Group of 5 opponent,1.15,-12.9
2019,2019-11-30,Utah,Colorado,home,45,15,-27.5,31,32,3.5,13.37,7.63,6,24,1.24,1,1,0.42,5,,1,4.0
2019,2019-11-30,UCLA,California,home,18,28,-1.0,-10,0,-11.0,-11.7,,6,10,-4.82,0,2,-0.68,4,Night,1.05,-5.6
2019,2019-11-30,Colorado,Utah,away,15,45,27.5,-31,32,-3.5,-16.01,,3,7,3.86,0,2,-0.16,4,Road · Top-10 opponent,1.3,-2.9
2019,2019-11-30,Florida State,Florida,away,17,40,17.0,-23,35,-6.0,-3.12,,3,0,-4.72,1,2,0.65,4,Road · Night · Full house · Ranked opponent,1.35,-2.0
2019,2019-11-30,Florida,Florida State,home,40,17,-17.0,23,35,6.0,0.48,2.06,6,17,-2.62,1,1,0.52,5,Night,1.05,1.2
2019,2019-11-30,Iowa State,Kansas State,away,17,27,-5.0,-10,0,-15.0,-5.66,,6,17,0.98,0,3,-1.12,4,Road · Night · Full house,1.25,-5.0
2019,2019-11-30,Arizona State,Arizona,home,24,14,-13.5,10,0,-3.5,11.46,-10.14,9,16,-11.85,0,1,-0.45,5,Night,1.05,-3.0
2019,2019-11-30,LSU,Texas A&M,home,50,7,-17.5,38,80,20.5,-0.16,15.8,3,21,11.12,0,0,,4,Night,1.05,8.0
2019,2019-12-07,Oklahoma,Baylor,neutral,30,23,-9.5,7,0,-2.5,-11.59,-7.07,8,23,-0.16,0,4,-1.66,5,Top-10 opponent,1.2,-5.1
2019,2019-12-07,Cincinnati,Memphis,away,24,29,9.0,-5,0,4.0,-2.29,,6,10,-1.83,1,6,-0.49,4,Road · Ranked opponent · Group of 5 opponent,1.2,-0.9
2019,2019-12-07,Baylor,Oklahoma,neutral,23,30,9.5,-7,0,2.5,8.95,,7,16,2.37,0,3,-0.73,4,Top-10 opponent,1.2,2.0
2019,2019-12-06,Oregon,Utah,neutral,37,15,-6.5,22,0,15.5,11.28,9.48,10,37,9.55,0,0,,4,Night · Top-10 opponent,1.25,9.2
2019,2019-12-06,Utah,Oregon,neutral,15,37,6.5,-22,0,-15.5,-13.92,,6,7,-5.58,0,1,-0.27,4,Night · Ranked opponent,1.15,-6.9
2019,2019-12-07,Georgia,LSU,neutral,10,37,7.0,-31,43,-24.0,-10.35,,2,0,-4.14,0,1,-0.27,4,Top-10 opponent,1.2,-7.4
2019,2019-12-07,LSU,Georgia,neutral,37,10,-7.0,31,43,24.0,7.71,14.22,7,31,11.61,0,0,,4,Top-10 opponent,1.2,10.8
2019,2019-12-07,Ohio State,Wisconsin,neutral,34,21,-16.5,13,0,-3.5,7.37,-4.68,7,27,4.29,0,1,-0.48,5,Night · Top-10 opponent,1.25,0.6
2019,2019-12-07,Clemson,Virginia,neutral,62,17,-29.0,31,48,2.0,9.63,6.86,5,31,11.66,1,1,0.41,5,Night,1.05,5.5
2019,2019-12-07,Virginia,Clemson,neutral,17,62,29.0,-31,48,-2.0,-12.27,,1,7,6.03,1,2,0.86,4,Night,1.05,0.5
2019,2019-12-07,Wisconsin,Ohio State,neutral,21,34,16.5,-13,0,3.5,-10.0,-17.64,3,7,2.21,1,4,0.27,5,Night · Top-10 opponent,1.25,-3.2
2019,2019-12-21,SMU,Florida Atlantic,away,28,52,-7.0,-28,37,-35.0,-18.48,,7,7,-12.39,1,3,-0.18,4,Road · Postseason · Group of 5 opponent,1.2,-13.2
2019,2019-12-21,Washington,Boise State,neutral,38,7,-3.5,24,29,20.5,15.77,9.03,7,35,16.83,0,0,,4,Ranked opponent · Postseason · Group of 5 opponent,1.05,10.6
2019,2019-12-23,UCF,Marshall,neutral,48,25,-15.5,23,22,7.5,7.68,1.83,6,10,-9.17,2,5,-0.35,5,Postseason · Group of 5 opponent,0.95,0.1
2019,2019-12-24,BYU,Hawai'i,away,34,38,2.5,0,0,2.5,-3.62,-11.87,7,10,-6.07,0,2,-0.61,5,Road · Night · Full house · Postseason · Group of 5 opponent,1.35,-4.7
2019,2019-12-26,Miami,Louisiana Tech,neutral,0,14,-6.5,-14,0,-20.5,-4.77,,10,0,-27.45,0,1,-0.39,4,Postseason · Group of 5 opponent,1.1,-11.7
2019,2019-12-27,Michigan State,Wake Forest,neutral,27,21,-3.5,6,0,2.5,-8.27,,7,3,-15.17,2,3,0.92,4,Postseason,1.1,-3.8
2019,2019-12-27,North Carolina,Temple,neutral,55,13,-6.0,35,42,29.0,6.53,22.74,4,17,6.12,1,1,0.62,5,Postseason · Group of 5 opponent,0.95,8.6
2019,2019-12-27,Wake Forest,Michigan State,neutral,21,27,3.5,-6,0,-2.5,5.63,,7,7,-8.72,1,4,-0.19,4,Postseason,1.1,-1.8
2019,2019-12-27,Oklahoma State,Texas A&M,neutral,21,24,4.5,-3,0,1.5,-5.28,-13.84,6,14,0.82,0,3,-0.87,5,Night · Postseason,1.15,-3.5
2019,2019-12-26,Pittsburgh,Eastern Michigan,neutral,34,30,-12.0,4,0,-8.0,1.34,,5,17,1.9,2,5,-0.19,4,Night · Postseason · Group of 5 opponent,1.15,-0.5
2019,2019-12-27,Texas A&M,Oklahoma State,neutral,24,21,-4.5,3,0,-1.5,2.64,-8.49,7,24,5.48,0,1,-0.37,5,Night · Ranked opponent · Postseason,1.25,-0.2
2019,2019-12-28,Oklahoma,LSU,neutral,28,63,12.5,-35,70,-22.5,-6.87,,1,7,5.2,0,2,-0.43,4,Top-10 opponent · Postseason,1.3,-4.3
2019,2019-12-28,Penn State,Memphis,neutral,53,39,-6.5,14,0,7.5,13.83,-3.52,4,21,10.02,3,7,0.28,5,Ranked opponent · Postseason · Group of 5 opponent,1.05,4.7
2019,2019-12-27,Iowa,USC,neutral,49,24,1.5,25,5,26.5,26.27,12.61,7,21,4.58,3,3,2.05,5,Night · Ranked opponent · Postseason,1.25,13.9
2019,2019-12-27,USC,Iowa,neutral,24,49,-1.5,-25,5,-26.5,-28.91,,4,0,-9.98,2,3,0.97,4,Night · Ranked opponent · Postseason,1.25,-11.9
2019,2019-12-28,Iowa State,Notre Dame,neutral,9,33,3.5,-24,10,-20.5,-13.9,,3,6,-0.74,0,1,-0.3,4,Ranked opponent · Postseason,1.2,-6.6
2019,2019-12-28,Notre Dame,Iowa State,neutral,33,9,-3.5,24,10,20.5,11.27,13.03,7,24,5.83,1,1,0.64,5,Postseason,1.1,8.1
2019,2019-12-28,LSU,Oklahoma,neutral,63,28,-12.5,35,70,22.5,4.23,15.38,5,28,12.78,1,1,0.56,5,Top-10 opponent · Postseason,1.3,10.8
2019,2019-12-28,Ohio State,Clemson,neutral,23,29,2.5,-6,0,-3.5,-16.82,-13.87,8,20,1.63,0,3,-0.92,5,Night · Postseason,1.15,-5.7
2019,2019-12-28,Clemson,Ohio State,neutral,29,23,-2.5,6,0,3.5,14.18,,6,21,5.73,0,2,-0.7,4,Night · Postseason,1.15,4.1
2019,2019-12-30,California,Illinois,neutral,35,20,-6.0,15,0,9.0,16.56,1.74,7,21,1.96,2,2,1.23,5,Postseason,1.1,5.6
2019,2019-12-30,Mississippi State,Louisville,neutral,28,38,-4.5,-10,0,-14.5,-3.16,-25.49,6,14,-1.87,2,4,0.52,5,Postseason,1.1,-5.8
2019,2019-12-30,Illinois,California,neutral,20,35,6.0,-15,0,-9.0,-19.2,,5,3,-7.61,1,2,0.45,4,Postseason,1.1,-6.1
2019,2019-12-30,Louisville,Mississippi State,neutral,38,28,4.5,10,0,14.5,0.53,3.16,5,21,10.02,1,4,-0.16,5,Postseason,1.1,4.4
2019,2019-12-31,Kansas State,Navy,neutral,17,20,2.0,-3,0,-1.0,21.58,,2,7,2.36,0,1,-0.31,4,Ranked opponent · Postseason · Group of 5 opponent,1.05,4.1
2019,2019-12-30,Virginia,Florida,neutral,28,36,-15.5,-8,0,-23.5,3.73,,3,7,-2.58,1,3,-0.41,4,Night · Top-10 opponent · Postseason,1.35,-4.8
2019,2019-12-31,Virginia Tech,Kentucky,neutral,30,37,-2.5,-7,0,-9.5,-3.52,-17.45,4,10,-0.18,3,4,1.59,5,Postseason,1.1,-2.5
2019,2019-12-31,Florida State,Arizona State,neutral,14,20,3.0,-6,0,-3.0,-26.02,,10,14,-8.71,0,4,-1.21,4,Postseason,1.1,-9.1
2019,2019-12-30,Florida,Virginia,neutral,36,28,15.5,8,0,23.5,-6.36,6.85,6,13,3.12,3,3,2.43,5,Night · Ranked opponent · Postseason,1.25,7.2
2019,2019-12-31,Arizona State,Florida State,neutral,20,14,-3.0,6,0,3.0,23.39,-3.71,11,9,-19.27,1,2,0.29,5,Postseason,1.1,-0.4
2019,2019-12-31,Kentucky,Virginia Tech,neutral,37,30,2.5,7,0,9.5,0.89,,2,14,9.41,2,5,0.46,4,Postseason,1.1,5.0
2019,2020-01-01,Michigan,Alabama,neutral,16,35,7.5,-19,0,-11.5,-11.4,,6,13,0.72,0,2,-0.52,4,Ranked opponent · Postseason,1.2,-4.5
2019,2020-01-01,Minnesota,Auburn,neutral,31,24,7.0,7,0,14.0,-19.45,,5,14,3.64,2,4,0.93,4,Ranked opponent · Postseason,1.2,1.1
2019,2020-01-01,Auburn,Minnesota,neutral,24,31,-7.0,-7,0,-14.0,16.82,,5,10,-3.85,2,4,0.43,4,Ranked opponent · Postseason,1.2,0.8
2019,2020-01-01,Oregon,Wisconsin,neutral,28,27,-3.0,1,0,-2.0,14.17,,6,14,-1.42,0,2,-0.71,4,Top-10 opponent · Postseason,1.3,1.4
2019,2019-12-31,Texas,Utah,neutral,38,10,7.0,28,16,35.0,10.47,22.45,6,21,8.57,0,0,,4,Night · Ranked opponent · Postseason,1.25,14.2
2019,2019-12-31,Utah,Texas,neutral,10,38,-7.0,-28,16,-35.0,-13.11,,3,0,-8.31,0,1,-0.39,4,Night · Postseason,1.15,-10.7
2019,2020-01-01,Wisconsin,Oregon,neutral,27,28,3.0,-1,0,2.0,-16.8,,8,6,-12.17,2,2,1.39,4,Top-10 opponent · Postseason,1.3,-4.7
2019,2020-01-01,Alabama,Michigan,neutral,35,16,-7.5,19,0,11.5,8.76,3.96,7,21,1.43,1,3,-0.19,5,Ranked opponent · Postseason,1.2,3.8
2019,2020-01-02,Boston College,Cincinnati,neutral,6,38,-7.5,-25,41,-32.5,-0.7,,3,0,-8.39,0,1,-0.4,4,Ranked opponent · Postseason,1.2,-8.3
2019,2020-01-02,Cincinnati,Boston College,neutral,38,6,7.5,25,41,32.5,-1.93,19.71,7,24,9.68,0,0,,4,Postseason,1.1,10.0
2019,2020-01-01,Baylor,Georgia,neutral,14,26,-3.5,-12,0,-15.5,-6.6,,7,0,-18.17,0,1,-0.36,4,Night · Top-10 opponent · Postseason,1.35,-10.8
2019,2020-01-01,Georgia,Baylor,neutral,26,14,3.5,12,0,15.5,3.97,4.65,9,27,6.79,0,0,,4,Night · Top-10 opponent · Postseason,1.35,6.6
2019,2020-01-02,Tennessee,Indiana,neutral,23,22,-3.5,1,0,-2.5,-9.05,,6,13,-2.57,1,3,-0.08,4,Night · Postseason,1.15,-2.8
2019,2020-01-02,Indiana,Tennessee,neutral,22,23,3.5,-1,0,2.5,6.41,-8.35,5,3,-8.23,1,5,-0.49,5,Night · Postseason,1.15,-2.3
2019,2020-01-13,Clemson,LSU,neutral,25,42,4.5,-17,0,-12.5,2.79,-23.84,8,21,3.43,1,3,0.13,5,Night · Postseason,1.15,-3.9
2019,2020-01-13,LSU,Clemson,neutral,42,25,-4.5,17,0,12.5,-5.42,4.51,9,35,11.19,0,3,-1.11,5,Night · Postseason,1.15,2.8
2020,2020-09-05,SMU,Texas State,away,31,24,-24.5,7,0,-17.5,-6.8,-15.16,9,10,-25.35,2,2,0.97,5,Road · Group of 5 opponent,1.1,-9.5
2020,2020-09-07,BYU,Navy,away,55,3,-1.0,31,71,30.0,5.72,18.05,6,31,14.92,0,0,,4,Road · Night · Group of 5 opponent,1.0,10.8
2020,2020-09-10,Miami,UAB,home,31,14,-15.5,17,0,1.5,-1.81,-0.1,8,14,-13.6,2,2,1.1,5,Night · Group of 5 opponent,1.05,-1.5
2020,2020-09-12,Duke,Notre Dame,away,13,27,21.5,-14,0,7.5,-3.93,,7,13,2.6,0,3,-0.54,4,Road · Top-10 opponent,1.3,0.7
2020,2020-09-12,North Carolina,Syracuse,home,31,6,-24.0,25,25,1.0,-1.83,2.13,8,21,-10.21,1,2,-0.02,5,,1,-1.7
2020,2020-09-12,Wake Forest,Clemson,home,13,37,34.5,-31,80,3.5,-7.81,,2,0,-1.59,0,1,-0.09,4,Night,1.05,-1.2
2020,2020-09-12,Syracuse,North Carolina,away,6,31,24.0,-25,25,-1.0,0.65,,6,3,-5.12,0,2,-0.32,4,Road · Ranked opponent,1.2,-1.8
2020,2020-09-12,Oklahoma,Missouri State,home,48,0,-50.5,41,88,-9.5,9.71,0.24,4,28,6.77,0,0,,4,Night · Group of 5 opponent,0.9,1.8
2020,2020-09-12,Pittsburgh,Austin Peay,home,55,0,-30.5,42,73,11.5,12.17,12.47,4,28,11.01,0,0,,4,FCS opponent,0.6,4.7
2020,2020-09-12,Clemson,Wake Forest,away,37,13,-34.5,31,80,-3.5,6.63,-0.77,5,24,1.71,0,0,,4,Road · Night,1.15,1.2
2020,2020-09-12,Kansas State,Arkansas State,home,31,35,-14.5,-4,0,-18.5,5.52,-24.54,6,24,3.62,1,4,-0.77,5,Group of 5 opponent,1,-4.6
2020,2020-09-12,West Virginia,Eastern Kentucky,home,56,10,-41.0,35,76,-6.0,12.18,-0.43,5,21,-3.02,0,0,,4,FCS opponent,0.6,0.4
2020,2020-09-12,Florida State,Georgia Tech,home,13,16,-12.5,-3,0,-15.5,6.98,-18.41,7,10,-13.04,1,3,-0.28,5,,1,-6.0
2020,2020-09-12,Georgia Tech,Florida State,away,16,13,12.5,3,0,15.5,-8.16,,6,10,-1.78,1,2,0.51,4,Road,1.1,1.3
2020,2020-09-12,Iowa State,Louisiana,home,14,31,-13.5,-17,0,-30.5,-20.41,,7,7,-16.41,1,2,0.13,4,Group of 5 opponent,1,-11.3
2020,2020-09-12,Notre Dame,Duke,home,27,13,-21.5,14,0,-7.5,2.75,-7.47,7,17,-9.38,1,3,-0.48,5,,1,-3.6
2020,2020-09-12,Kansas,Coastal Carolina,home,23,38,-6.0,-15,0,-21.0,-19.32,,3,7,-1.84,0,1,-0.38,4,Night · Group of 5 opponent,1.05,-7.2
2020,2020-09-12,Texas,UTEP,home,59,3,-45.0,42,85,-3.0,7.25,4.33,4,21,0.94,0,0,,4,Night · Group of 5 opponent,0.9,1.7
2020,2020-09-12,Texas Tech,Houston Baptist,home,35,33,-40.0,2,0,-38.0,1.14,-29.86,5,21,-2.75,1,4,-1.51,5,Night · FCS opponent,1.05,-10.5
2020,2020-09-12,Louisville,Western Kentucky,home,35,21,-13.0,14,0,1.0,-8.73,-5.69,8,21,-5.54,1,1,0.57,5,Night · Group of 5 opponent,1.05,-2.3
2020,2020-09-19,Syracuse,Pittsburgh,away,10,21,21.0,-11,0,10.0,1.99,,8,10,-2.1,0,2,-0.37,4,Road · Ranked opponent,1.2,1.1
2020,2020-09-19,Oklahoma State,Tulsa,home,16,7,-24.0,9,0,-15.0,8.23,-11.87,11,16,-26.92,0,0,,4,Group of 5 opponent,1,-8.0
2020,2020-09-19,UCF,Georgia Tech,away,49,21,-9.5,28,10,18.5,11.56,10.27,11,35,0.55,2,2,1.19,5,Road,1.1,7.0
2020,2020-09-19,Cincinnati,Austin Peay,home,55,20,-39.5,29,66,-10.5,15.11,-2.58,3,21,6.83,1,1,0.38,5,FCS opponent,0.6,1.4
2020,2020-09-19,Pittsburgh,Syracuse,home,21,10,-21.0,11,0,-10.0,-3.16,-10.19,9,7,-26.68,2,2,1.02,5,,1,-6.9
2020,2020-09-19,Clemson,The Citadel,home,49,0,-50.5,42,110,-8.5,22.19,1.24,4,28,6.77,0,0,,4,FCS opponent,0.6,2.5
2020,2020-09-19,Miami,Louisville,away,47,34,-2.5,13,0,10.5,17.51,2.21,6,16,-0.56,4,4,2.58,5,Road · Night · Ranked opponent,1.25,7.9
2020,2020-09-19,SMU,North Texas,away,65,35,-14.5,34,49,19.5,7.54,13.46,7,34,10.22,0,0,,4,Road · Group of 5 opponent,0.95,7.6
2020,2020-09-19,Georgia Tech,UCF,home,21,49,9.5,-28,10,-18.5,-12.74,,7,7,-7.86,0,2,-0.53,4,Ranked opponent,1.1,-7.8
2020,2020-09-19,Notre Dame,South Florida,home,52,0,-22.5,35,77,12.5,14.0,9.97,3,21,9.53,0,0,,4,Group of 5 opponent,0.85,6.3
2020,2020-09-19,Louisville,Miami,home,34,47,2.5,-13,0,-10.5,-18.69,,3,3,-4.48,0,1,-0.32,4,Night · Ranked opponent,1.15,-6.8
2020,2020-09-19,NC State,Wake Forest,home,45,42,2.0,3,0,5.0,-3.06,-8.27,6,24,8.87,2,5,0.39,5,Night,1.05,1.3
2020,2020-09-19,Wake Forest,NC State,away,42,45,-2.0,-3,0,-5.0,1.88,,4,14,3.07,1,4,-0.4,4,Road · Night,1.15,0.1
2020,2020-09-26,Boston College,Texas State,home,24,21,-21.5,3,0,-18.5,7.88,,7,17,-9.38,0,2,-0.99,4,Group of 5 opponent,1,-4.6
2020,2020-09-26,Missouri,Alabama,home,19,38,28.5,-35,55,-6.5,-13.81,,2,3,0.77,0,1,-0.13,4,Night · Top-10 opponent,1.25,-3.7
2020,2020-09-26,Ole Miss,Florida,home,35,51,14.0,-24,6,-10.0,-14.57,,2,0,-3.77,2,3,1.3,4,Top-10 opponent,1.2,-3.5
2020,2020-09-26,Duke,Virginia,away,20,38,4.0,-18,0,-14.0,-10.48,-24.14,9,17,-4.74,0,4,-1.23,5,Road,1.1,-9.0
2020,2020-09-26,Syracuse,Georgia Tech,home,37,20,7.5,17,0,24.5,27.07,12.82,11,17,-7.52,1,1,0.72,5,,1,7.4
2020,2020-09-26,Oklahoma State,West Virginia,home,27,13,-6.5,14,0,7.5,13.05,-2.04,7,13,-7.81,1,1,0.62,5,,1,1.5
2020,2020-09-26,Auburn,Kentucky,home,29,13,-6.5,16,0,9.5,20.79,4.96,7,21,0.19,1,2,0.23,5,Ranked opponent,1.1,5.3
2020,2020-09-26,Oklahoma,Kansas State,home,35,38,-27.5,-3,0,-30.5,-14.25,-30.84,6,21,-3.52,1,4,-1.15,5,,1,-11.1
2020,2020-09-26,UCF,East Carolina,away,51,28,-28.0,34,60,6.0,2.8,6.88,7,27,-1.8,1,1,0.46,5,Road · Group of 5 opponent,0.95,2.1
2020,2020-09-26,Cincinnati,Army,home,24,10,-12.5,14,0,1.5,4.48,-1.41,8,21,-5.33,0,0,,4,Ranked opponent · Group of 5 opponent,1.1,-0.3
2020,2020-09-26,Pittsburgh,Louisville,home,23,20,-2.5,3,0,0.5,-10.98,-9.79,7,13,-6.32,1,4,-0.42,5,Ranked opponent,1.1,-4.7
2020,2020-09-26,Kansas,Baylor,away,14,47,17.0,-24,48,-7.0,-17.03,,4,0,-6.9,0,2,-0.43,4,Road · Night,1.15,-6.7
2020,2020-09-26,Kansas State,Oklahoma,away,38,35,27.5,3,0,30.5,13.07,,7,24,15.83,0,1,-0.14,4,Road · Top-10 opponent,1.3,13.4
2020,2020-09-26,Vanderbilt,Texas A&M,away,12,17,31.5,-5,0,26.5,4.43,,6,7,1.27,0,2,-0.21,4,Road · Night,1.15,5.3
2020,2020-09-26,Baylor,Kansas,home,47,14,-17.0,24,48,7.0,15.85,6.06,7,24,-0.71,0,1,-0.46,5,Night,1.05,3.4
2020,2020-09-26,Miami,Florida State,home,52,10,-12.0,35,54,23.0,4.8,18.87,2,14,7.47,1,1,0.58,5,Night,1.05,8.3
2020,2020-09-26,Texas A&M,Vanderbilt,home,17,12,-31.5,5,0,-26.5,-5.61,-20.09,6,7,-18.8,1,2,-0.13,5,Night,1.05,-10.5
2020,2020-09-26,Texas,Texas Tech,away,63,56,-17.5,7,0,-10.5,4.59,-11.22,7,28,3.1,3,5,0.68,5,Road,1.1,-0.7
2020,2020-09-26,SMU,Stephen F. Austin,home,50,7,-38.5,29,79,-9.5,14.93,-4.02,3,14,-0.01,0,0,,4,Night · FCS opponent,0.65,0.4
2020,2020-09-26,South Carolina,Tennessee,home,27,31,4.0,-4,0,0.0,-2.95,,6,13,-1.49,0,4,-1.23,4,Night · Ranked opponent,1.15,-2.6
2020,2020-09-26,Virginia,Duke,home,38,20,-4.0,18,0,14.0,9.3,6.36,12,31,-3.08,0,3,-1.1,5,,1,2.1
2020,2020-09-26,TCU,Iowa State,home,34,37,3.5,-3,0,0.5,-8.96,,7,14,-3.09,1,2,0.38,4,,1,-1.5
2020,2020-09-26,Tennessee,South Carolina,away,31,27,-4.0,4,0,0.0,1.77,-10.64,6,7,-10.04,2,5,0.17,5,Road · Night,1.15,-3.3
2020,2020-09-26,Texas Tech,Texas,home,56,63,17.5,-7,0,10.5,-5.77,-10.56,7,35,23.11,1,3,0.37,5,Top-10 opponent,1.2,4.6
2020,2020-09-26,West Virginia,Oklahoma State,away,13,27,6.5,-14,0,-7.5,-14.22,,7,6,-9.98,0,1,-0.29,4,Road · Ranked opponent,1.2,-7.3
2020,2020-09-26,Alabama,Missouri,away,38,19,-28.5,35,55,6.5,12.64,6.6,4,21,4.44,0,0,,4,Road · Night,1.15,5.6
2020,2020-09-26,Mississippi State,LSU,away,44,34,14.5,10,0,24.5,-9.45,9.76,8,17,2.14,5,6,3.61,5,Road · Top-10 opponent,1.3,8.9
2020,2020-09-26,Florida State,Miami,away,10,52,12.0,-35,54,-23.0,-5.98,,0,0,,1,1,0.75,3,Road · Night,1.15,-5.2
2020,2020-09-26,Florida,Ole Miss,away,51,35,-14.0,24,6,10.0,13.39,3.74,6,34,13.78,0,2,-0.88,5,Road,1.1,5.8
2020,2020-09-26,Georgia Tech,Syracuse,away,20,37,-7.5,-17,0,-24.5,-28.25,,9,14,-13.23,0,1,-0.39,4,Road,1.1,-12.8
2020,2020-09-26,Georgia,Arkansas,away,37,10,-28.0,24,38,-4.0,14.21,-0.12,11,20,-25.25,1,2,-0.08,5,Road,1.1,-3.7
2020,2020-09-26,Iowa State,TCU,away,37,34,-3.5,3,0,-0.5,7.79,-6.36,9,21,-4.32,3,4,1.55,5,Road,1.1,1.0
2020,2020-09-26,Arkansas,Georgia,home,10,37,28.0,-24,38,4.0,-15.39,,10,10,-1.41,1,3,0.6,4,Top-10 opponent,1.2,-1.7
2020,2020-09-26,Kentucky,Auburn,away,13,29,6.5,-16,0,-9.5,-21.96,,6,7,-6.69,1,3,0.13,4,Road · Top-10 opponent,1.3,-8.2
2020,2020-09-26,Louisville,Pittsburgh,away,20,23,2.5,-3,0,-0.5,9.8,,6,13,-1.97,0,4,-1.27,4,Road · Ranked opponent,1.2,-0.4
2020,2020-09-26,LSU,Mississippi State,home,34,44,-14.5,-10,0,-24.5,8.27,,5,10,-6.99,2,6,-0.65,4,,1,-4.3
2020,2020-09-26,NC State,Virginia Tech,away,24,45,6.0,-28,11,-22.0,-12.74,,4,7,-2.24,0,1,-0.29,4,Road · Night · Ranked opponent,1.25,-7.3
2020,2020-09-26,BYU,Troy,home,48,7,-14.5,31,46,16.5,3.26,10.46,7,28,4.22,0,0,,4,Night · Group of 5 opponent,0.9,4.7
2020,2020-09-26,Virginia Tech,NC State,home,45,24,-6.0,28,11,22.0,11.56,16.24,9,34,7.49,0,0,,4,Night,1.05,9.2
2020,2020-10-02,Wake Forest,Campbell,home,66,14,-34.5,31,72,-3.5,17.02,-0.77,4,17,-0.84,1,1,0.41,5,Night · FCS opponent,0.65,1.4
2020,2020-10-03,Boston College,North Carolina,home,22,26,14.5,-4,0,10.5,1.24,,5,14,4.71,2,3,1.31,4,Ranked opponent,1.1,5.1
2020,2020-10-03,Missouri,Tennessee,away,12,35,10.0,-23,20,-13.0,-9.56,,3,3,-3.29,0,1,-0.26,4,Road · Ranked opponent,1.2,-5.2
2020,2020-10-03,Ole Miss,Kentucky,away,42,41,7.0,1,0,8.0,7.06,,6,14,0.46,2,4,0.86,4,Road,1.1,4.1
2020,2020-10-03,Duke,Virginia Tech,home,31,38,11.0,-7,0,4.0,0.98,,7,14,-0.31,0,1,-0.26,4,,1,0.5
2020,2020-10-03,NC State,Pittsburgh,away,30,29,14.0,1,0,15.0,10.43,0.48,5,10,0.58,3,5,1.83,5,Road · Ranked opponent,1.2,6.1
2020,2020-10-03,North Carolina,Boston College,away,26,22,-14.5,4,0,-10.5,-2.42,-13.54,5,17,0.01,1,4,-0.77,5,Road,1.1,-4.3
2020,2020-10-03,Oklahoma State,Kansas,away,47,7,-21.5,31,95,9.5,2.9,10.53,7,31,4.62,0,0,,4,Road,1.1,4.9
2020,2020-10-03,Auburn,Georgia,away,6,27,7.5,-21,0,-13.5,-1.18,,2,0,-4.46,0,1,-0.28,4,Road · Night · Top-10 opponent,1.35,-4.5
2020,2020-10-03,Oklahoma,Iowa State,away,30,37,-7.5,-7,0,-14.5,-7.32,-20.6,2,7,0.95,4,7,1.26,5,Road · Night,1.15,-4.4
2020,2020-10-03,UCF,Tulsa,home,26,34,-20.5,-8,0,-28.5,-8.68,-26.91,9,14,-19.44,1,3,-0.46,5,Night · Group of 5 opponent,1.05,-12.6
2020,2020-10-03,Cincinnati,South Florida,home,28,7,-22.5,21,0,-1.5,16.77,-4.03,11,21,-21.04,0,0,,4,Group of 5 opponent,1,-2.6
2020,2020-10-03,Pittsburgh,NC State,home,29,30,-14.0,-1,0,-15.0,-11.61,,6,16,-4.22,1,3,-0.32,4,,1,-5.2
2020,2020-10-03,Kansas,Oklahoma State,home,7,47,21.5,-31,95,-9.5,-4.07,,2,0,-2.97,0,1,-0.18,4,Ranked opponent,1.1,-3.0
2020,2020-10-03,Kansas State,Texas Tech,home,31,21,-1.0,10,0,9.0,14.33,-2.95,6,21,4.92,2,3,0.97,5,,1,4.5
2020,2020-10-03,Vanderbilt,LSU,home,7,41,21.0,-27,33,-6.0,-12.56,,4,7,0.95,0,1,-0.18,4,Night · Ranked opponent,1.15,-3.1
2020,2020-10-03,Baylor,West Virginia,away,21,27,-1.5,-6,0,-7.5,2.07,,11,14,-15.78,1,3,-0.04,4,Road,1.1,-4.9
2020,2020-10-03,Texas A&M,Alabama,away,24,52,18.0,-32,32,-14.0,-17.56,,3,10,4.98,0,2,-0.41,4,Road · Top-10 opponent,1.3,-5.1
2020,2020-10-03,Texas,TCU,home,31,33,-10.5,-2,0,-12.5,5.06,,5,0,-15.92,3,5,0.93,4,,1,-3.4
2020,2020-10-02,BYU,Louisiana Tech,home,45,14,-24.0,31,54,7.0,8.27,5.13,6,35,11.59,0,1,-0.51,5,Night · Group of 5 opponent,0.9,4.0
2020,2020-10-03,SMU,Memphis,home,30,27,-2.0,3,0,1.0,-0.87,-10.51,7,20,0.86,2,4,0.6,5,Ranked opponent · Group of 5 opponent,1.1,-0.6
2020,2020-10-03,South Carolina,Florida,away,24,38,14.5,-14,0,0.5,-11.49,,4,14,6.57,0,3,-0.69,4,Road · Top-10 opponent,1.3,-1.2
2020,2020-10-03,Virginia Tech,Duke,away,38,31,-11.0,7,0,-4.0,-2.15,-7.57,10,24,-8.11,1,1,0.58,5,Road,1.1,-2.9
2020,2020-10-03,TCU,Texas,away,33,31,10.5,2,0,12.5,-6.24,0.51,8,23,6.44,1,4,-0.04,5,Road · Top-10 opponent,1.3,2.5
2020,2020-10-03,Tennessee,Missouri,home,35,12,-10.0,23,20,13.0,8.38,4.99,4,21,8.37,1,1,0.59,5,,1,5.5
2020,2020-10-03,Texas Tech,Kansas State,away,21,31,1.0,-10,0,-9.0,-15.51,,4,7,-3.3,0,2,-0.66,4,Road,1.1,-5.8
2020,2020-10-03,West Virginia,Baylor,home,27,21,1.5,6,0,7.5,-3.24,,12,14,-16.57,1,2,0.35,4,,1,-3.0
2020,2020-10-03,Alabama,Texas A&M,home,52,24,-18.0,32,32,14.0,16.38,9.5,4,28,13.67,0,2,-0.94,5,Ranked opponent,1.1,7.5
2020,2020-10-03,Mississippi State,Arkansas,home,14,21,-16.5,-7,0,-23.5,-16.52,,8,0,-28.03,1,2,0.09,4,Night,1.05,-13.2
2020,2020-10-03,Florida State,Jacksonville State,home,41,24,-27.0,17,0,-10.0,-4.63,-6.56,6,21,-3.36,1,2,-0.07,5,Group of 5 opponent,1,-3.1
2020,2020-10-03,Florida,South Carolina,home,38,24,-14.5,14,0,-0.5,10.31,-2.54,5,28,11.01,2,2,1.12,5,,1,4.3
2020,2020-10-03,Georgia,Auburn,home,27,6,-7.5,21,0,13.5,0.0,8.4,5,24,8.87,0,0,,4,Night · Top-10 opponent,1.25,6.4
2020,2020-10-03,Iowa State,Oklahoma,home,37,30,7.5,7,0,14.5,6.14,,3,17,10.31,4,5,2.59,4,Night · Ranked opponent,1.15,10.4
2020,2020-10-03,Arkansas,Mississippi State,away,21,14,16.5,7,0,23.5,15.34,3.88,8,7,-7.01,0,2,-0.43,5,Road · Night · Ranked opponent,1.25,4.3
2020,2020-10-03,Kentucky,Ole Miss,home,41,42,-7.0,-1,0,-8.0,-8.24,-17.32,5,21,6.0,1,5,-0.94,5,,1,-4.0
2020,2020-10-03,LSU,Vanderbilt,away,41,7,-21.0,27,33,6.0,11.38,2.81,8,27,-2.94,1,1,0.51,5,Road · Night,1.15,3.0
2020,2020-10-03,Clemson,Virginia,home,41,23,-28.0,24,11,-4.0,14.85,-0.12,7,24,-4.8,1,1,0.46,5,Night,1.05,1.2
2020,2020-10-03,Virginia,Clemson,away,23,41,28.0,-24,11,4.0,-16.02,,3,7,3.58,0,1,-0.13,4,Road · Night,1.15,-1.4
2020,2020-10-08,Houston,Tulane,home,49,31,-6.5,18,0,11.5,-4.73,4.96,5,28,13.14,2,3,0.85,5,Night · Group of 5 opponent,0.9,4.3
2020,2020-10-09,Georgia Tech,Louisville,home,46,27,4.5,19,0,23.5,18.23,11.14,8,42,22.89,0,3,-0.91,5,Night,1.05,10.6
2020,2020-10-09,Louisville,Georgia Tech,away,27,46,-4.5,-19,0,-23.5,-19.41,-33.92,5,21,6.67,1,5,-0.85,5,Road · Night,1.15,-10.6
2020,2020-10-10,Boston College,Pittsburgh,home,31,30,6.5,1,0,7.5,-1.96,-3.74,9,17,-3.54,1,4,-0.16,5,,1,-0.7
2020,2020-10-10,Missouri,LSU,home,45,41,14.0,4,0,18.0,-5.43,,4,17,9.46,2,6,0.59,4,,1,4.8
2020,2020-10-10,Ole Miss,Alabama,home,48,63,24.0,-15,0,9.0,-7.94,,2,7,4.29,5,6,4.03,4,Night · Top-10 opponent,1.25,7.8
2020,2020-10-10,Duke,Syracuse,away,38,24,-2.5,14,0,11.5,-21.76,4.21,8,30,7.92,0,1,-0.35,5,Road,1.1,0.3
2020,2020-10-10,NC State,Virginia,away,38,21,7.0,17,0,24.0,18.32,8.54,11,31,6.18,0,0,,4,Road,1.1,9.4
2020,2020-10-10,North Carolina,Virginia Tech,home,56,45,-3.5,11,0,7.5,-5.53,-3.36,5,28,13.93,2,2,1.28,5,Ranked opponent,1.1,4.1
2020,2020-10-10,Syracuse,Duke,home,24,38,2.5,-14,0,-11.5,20.58,,5,0,-12.47,1,2,0.36,4,,1,-0.5
2020,2020-10-10,Auburn,Arkansas,home,30,28,-13.5,2,0,-11.5,1.59,-13.98,5,13,-3.72,2,4,0.26,5,,1,-3.3
2020,2020-10-10,Oklahoma,Texas,neutral,53,45,-3.0,8,0,5.0,2.22,-2.08,10,31,3.13,1,6,-1.15,5,Ranked opponent,1.1,0.2
2020,2020-10-10,Pittsburgh,Boston College,away,30,31,-6.5,-1,0,-7.5,0.78,,8,10,-13.78,3,4,1.46,4,Road,1.1,-2.5
2020,2020-10-10,Clemson,Miami,home,42,17,-14.5,32,32,17.5,-5.94,11.46,7,14,-9.78,0,0,,4,Night,1.05,1.2
2020,2020-10-10,Kansas State,TCU,away,21,14,11.0,7,0,18.0,11.24,0.79,8,10,-6.35,1,2,0.49,5,Road,1.1,3.2
2020,2020-10-10,Vanderbilt,South Carolina,home,7,41,14.0,-27,28,-13.0,-11.46,,2,0,-3.77,0,1,-0.23,4,,1,-4.7
2020,2020-10-10,Miami,Clemson,away,17,42,14.5,-32,32,-17.5,4.77,,4,3,-4.43,0,1,-0.23,4,Road · Night,1.15,-3.2
2020,2020-10-10,Texas A&M,Florida,home,41,38,6.0,3,0,9.0,-34.49,,1,7,4.69,1,1,0.71,4,Top-10 opponent,1.2,-2.8
2020,2020-10-10,Texas,Oklahoma,neutral,45,53,3.0,-8,0,-5.0,-3.4,,9,24,1.79,3,6,1.11,4,,1,0.8
2020,2020-10-10,BYU,UTSA,home,27,20,-34.0,7,0,-27.0,-5.52,-21.49,6,21,-5.59,1,3,-0.75,5,Group of 5 opponent,1,-8.3
2020,2020-10-10,South Carolina,Vanderbilt,away,41,7,-14.0,27,28,13.0,10.29,10.74,6,27,6.78,0,0,,4,Road,1.1,7.1
2020,2020-10-10,Virginia,NC State,home,21,38,-7.0,-17,0,-24.0,-19.5,,9,7,-19.99,0,1,-0.39,4,,1,-11.8
2020,2020-10-10,Virginia Tech,North Carolina,away,45,56,3.5,-11,0,-7.5,4.36,,3,14,6.67,0,1,-0.31,4,Road · Top-10 opponent,1.3,1.5
2020,2020-10-10,TCU,Kansas State,home,14,21,-11.0,-7,0,-18.0,-12.42,,7,7,-15.48,1,3,-0.25,4,,1,-8.5
2020,2020-10-10,Tennessee,Georgia,away,21,44,12.0,-23,28,-11.0,-6.46,,4,7,-0.96,0,1,-0.25,4,Road · Top-10 opponent,1.3,-3.8
2020,2020-10-10,Texas Tech,Iowa State,away,15,31,10.0,-24,23,-14.0,8.85,,0,0,,0,1,-0.26,3,Road · Ranked opponent,1.2,-1.3
2020,2020-10-10,Alabama,Ole Miss,away,63,48,-24.0,15,0,-9.0,6.76,-7.87,2,7,-0.8,7,8,2.91,5,Road · Night,1.15,1.9
2020,2020-10-10,Mississippi State,Kentucky,away,2,24,3.5,-22,0,-18.5,-29.24,,9,0,-21.98,0,1,-0.31,4,Road · Night,1.15,-15.0
2020,2020-10-10,Florida State,Notre Dame,away,26,42,20.5,-16,0,4.5,-1.65,,5,10,2.3,0,2,-0.37,4,Road · Night · Top-10 opponent,1.35,0.9
2020,2020-10-10,Florida,Texas A&M,away,38,41,-6.0,-3,0,-9.0,33.31,-15.76,2,14,8.11,2,2,1.24,5,Road · Ranked opponent,1.2,4.9
2020,2020-10-10,Georgia,Tennessee,home,44,21,-12.0,23,28,11.0,5.28,8.87,9,34,4.62,0,0,,4,Ranked opponent,1.1,5.2
2020,2020-10-10,Iowa State,Texas Tech,home,31,15,-10.0,24,23,14.0,-10.03,5.99,3,21,11.52,0,0,,4,,1,3.9
2020,2020-10-10,Arkansas,Auburn,away,28,30,13.5,-2,0,11.5,-2.77,,6,21,9.53,1,2,0.52,4,Road · Ranked opponent,1.2,5.2
2020,2020-10-10,Notre Dame,Florida State,home,42,26,-20.5,16,0,-4.5,0.47,-4.91,6,14,-8.29,4,5,1.57,5,Night,1.05,-1.0
2020,2020-10-10,Kentucky,Mississippi State,home,24,2,-3.5,22,0,18.5,28.06,7.64,12,17,-16.76,0,0,,4,Night,1.05,4.4
2020,2020-10-10,LSU,Missouri,away,41,45,-14.0,-4,0,-18.0,4.25,-20.26,5,17,0.15,3,7,-0.07,5,Road,1.1,-4.5
2020,2020-10-16,SMU,Tulane,away,37,34,-6.5,3,0,-3.5,-13.53,,6,9,-8.84,4,5,2.08,4,Road · Group of 5 opponent,1.1,-2.3
2020,2020-10-17,Ole Miss,Arkansas,away,21,33,1.0,-12,0,-11.0,-16.96,,8,14,-6.6,0,1,-0.33,4,Road,1.1,-6.8
2020,2020-10-17,Duke,NC State,away,20,31,3.5,-11,0,-7.5,-7.12,-17.42,8,3,-16.53,2,3,1.07,5,Road,1.1,-6.8
2020,2020-10-17,NC State,Duke,home,31,20,-3.5,11,0,7.5,5.95,-0.36,9,17,-8.32,1,3,-0.09,5,,1,0.0
2020,2020-10-17,North Carolina,Florida State,away,28,31,-13.5,-3,0,-16.5,-17.8,,8,21,-5.75,0,1,-0.44,4,Road · Night,1.15,-8.1
2020,2020-10-17,Wake Forest,Virginia,home,40,23,-2.5,17,0,14.5,11.76,3.21,8,20,-2.08,3,4,1.58,5,,1,4.8
2020,2020-10-17,Syracuse,Liberty,home,21,38,3.0,-17,0,-14.0,4.46,,4,21,11.13,0,3,-0.94,4,Group of 5 opponent,0.85,0.5
2020,2020-10-17,Auburn,South Carolina,away,22,30,-2.5,-8,0,-10.5,-23.99,-16.79,6,10,-6.56,1,3,-0.06,5,Road,1.1,-8.6
2020,2020-10-17,UCF,Memphis,away,49,50,-3.0,-1,0,-4.0,-6.87,-14.08,5,28,14.07,2,6,-0.15,5,Road · Group of 5 opponent,1.1,-0.7
2020,2020-10-17,Pittsburgh,Miami,away,19,31,11.5,-12,0,-0.5,-9.86,,8,10,-6.14,0,1,-0.25,4,Road · Ranked opponent,1.2,-4.0
2020,2020-10-17,Clemson,Georgia Tech,away,73,7,-26.5,45,86,18.5,12.16,21.72,7,31,2.76,1,1,0.47,5,Road,1.1,8.5
2020,2020-10-17,Kansas,West Virginia,away,17,38,21.0,-28,1,-7.0,10.5,-24.59,9,10,-3.62,0,2,-0.37,5,Road,1.1,-4.1
2020,2020-10-17,Miami,Pittsburgh,home,31,19,-11.5,12,0,0.5,8.68,-6.85,8,24,-1.9,0,1,-0.42,5,,1,-0.4
2020,2020-10-17,Texas A&M,Mississippi State,away,28,14,-4.5,14,0,9.5,4.67,-0.92,7,21,0.94,1,1,0.63,5,Road,1.1,2.7
2020,2020-10-16,Houston,BYU,home,26,43,3.0,-17,0,-14.0,-13.67,-25.7,5,21,8.66,0,3,-0.94,5,Night · Ranked opponent,1.15,-6.9
2020,2020-10-16,BYU,Houston,away,43,26,-3.0,17,0,14.0,12.49,5.92,6,28,11.28,1,3,-0.08,5,Road · Night,1.15,7.1
2020,2020-10-17,South Carolina,Auburn,home,30,22,2.5,8,0,10.5,22.81,0.01,5,24,11.53,1,3,0.04,5,Ranked opponent,1.1,7.2
2020,2020-10-17,Virginia,Wake Forest,away,23,40,2.5,-17,0,-14.5,-12.94,,5,7,-5.47,3,5,1.41,4,Road,1.1,-3.9
2020,2020-10-17,Tennessee,Kentucky,home,7,34,-6.5,-27,25,-33.5,-23.67,,4,0,-11.89,0,1,-0.38,4,,1,-11.8
2020,2020-10-17,West Virginia,Kansas,home,38,17,-21.0,28,1,7.0,-11.67,3.81,12,38,-6.91,0,1,-0.49,5,,1,-1.9
2020,2020-10-17,Mississippi State,Texas A&M,home,14,28,4.5,-14,0,-9.5,-5.84,,5,7,-4.94,0,1,-0.3,4,Ranked opponent,1.1,-4.1
2020,2020-10-17,Florida State,North Carolina,home,31,28,13.5,3,0,16.5,16.62,2.2,7,17,3.62,0,1,-0.24,5,Night · Top-10 opponent,1.25,6.1
2020,2020-10-17,Georgia Tech,Clemson,home,7,73,26.5,-45,86,-18.5,-13.34,,2,0,-2.44,1,2,0.71,4,,1,-4.3
2020,2020-10-17,Arkansas,Ole Miss,home,33,21,-1.0,12,0,11.0,15.78,3.05,9,13,-11.13,1,2,0.31,5,,1,2.0
2020,2020-10-17,Notre Dame,Louisville,home,12,7,-15.5,5,0,-10.5,-7.43,,4,3,-10.8,1,1,0.55,4,,1,-4.5
2020,2020-10-17,Kentucky,Tennessee,away,34,7,6.5,27,25,33.5,22.49,18.26,6,20,6.31,0,0,,4,Road · Ranked opponent,1.2,14.2
2020,2020-10-17,Louisville,Notre Dame,away,7,12,15.5,-5,0,10.5,6.26,,3,0,-5.41,0,3,-0.67,4,Road · Top-10 opponent,1.3,0.7
2020,2020-10-17,Boston College,Virginia Tech,away,14,40,13.0,-26,14,-13.0,-20.58,,3,7,1.19,1,2,0.52,4,Road · Night · Ranked opponent,1.25,-5.1
2020,2020-10-17,Virginia Tech,Boston College,home,40,14,-13.0,26,14,13.0,19.4,10.31,8,27,0.46,2,2,1.14,5,Night,1.05,7.1
2020,2020-10-17,Alabama,Georgia,home,41,24,-6.0,17,0,11.0,3.66,5.24,7,28,7.38,2,3,0.86,5,Night · Top-10 opponent,1.25,6.0
2020,2020-10-17,Georgia,Alabama,away,24,41,6.0,-17,0,-11.0,-4.83,,5,14,2.45,2,5,0.54,4,Road · Night · Top-10 opponent,1.35,-1.1
2020,2020-10-24,Boston College,Georgia Tech,home,48,27,-3.5,27,15,23.5,23.86,12.64,7,31,11.31,0,0,,4,,1,11.0
2020,2020-10-24,Maryland,Northwestern,away,3,43,13.0,-34,52,-21.0,-4.07,,1,0,-1.94,0,1,-0.24,4,Road · Night,1.15,-4.8
2020,2020-10-24,Michigan State,Rutgers,home,27,38,-9.5,-11,0,-20.5,-22.34,,7,10,-11.92,0,1,-0.41,4,,1,-9.8
2020,2020-10-24,Michigan,Minnesota,away,49,24,-3.0,25,41,22.0,15.12,13.92,4,14,2.85,3,3,1.92,5,Road · Night · Ranked opponent,1.25,11.1
2020,2020-10-24,Minnesota,Michigan,home,24,49,3.0,-25,41,-22.0,-16.3,,3,14,6.6,1,2,0.37,4,Night · Ranked opponent,1.15,-4.0
2020,2020-10-24,Missouri,Kentucky,home,20,10,3.0,10,0,13.0,-12.73,-0.7,6,20,5.19,0,2,-0.63,5,,1,0.2
2020,2020-10-24,Ole Miss,Auburn,home,28,35,3.5,-7,0,-3.5,-4.49,,4,7,-2.77,3,5,1.44,4,,1,0.1
2020,2020-10-24,NC State,North Carolina,away,21,48,15.0,-31,50,-16.0,-7.17,,4,7,-0.33,0,1,-0.23,4,Road · Ranked opponent,1.2,-4.3
2020,2020-10-24,North Carolina,NC State,home,48,21,-15.0,31,50,16.0,5.99,10.18,7,35,11.03,0,0,,4,Ranked opponent,1.1,7.8
2020,2020-10-24,Wake Forest,Virginia Tech,home,23,16,10.5,7,0,17.5,17.62,4.51,5,10,-0.35,2,4,0.96,5,Ranked opponent,1.1,6.4
2020,2020-10-24,Nebraska,Ohio State,away,17,52,27.5,-28,29,-0.5,-21.66,,3,7,3.5,0,3,-0.41,4,Road · Top-10 opponent,1.3,-4.1
2020,2020-10-24,Rutgers,Michigan State,away,38,27,9.5,11,0,20.5,21.16,3.95,8,17,0.01,0,2,-0.53,5,Road,1.1,5.7
2020,2020-10-24,Syracuse,Clemson,away,21,47,47.5,-26,22,21.5,-10.01,,6,14,13.36,0,1,0.01,4,Road,1.1,5.3
2020,2020-10-24,Ohio State,Nebraska,home,52,17,-27.5,28,29,0.5,20.49,4.16,6,28,3.48,1,3,-0.61,5,,1,3.5
2020,2020-10-24,Oklahoma State,Iowa State,home,24,21,-2.5,3,0,0.5,-4.69,-6.79,10,17,-10.6,1,3,-0.06,5,Ranked opponent,1.1,-3.8
2020,2020-10-24,Auburn,Ole Miss,away,35,28,-3.5,7,0,3.5,3.31,,5,21,6.93,2,4,0.55,4,Road,1.1,4.0
2020,2020-10-24,Oklahoma,TCU,away,33,14,-6.5,26,19,19.5,1.27,13.96,8,23,-0.78,0,0,,4,Road,1.1,5.3
2020,2020-10-24,UCF,Tulane,home,51,34,-21.0,23,23,2.0,-9.57,2.81,4,28,13.03,1,2,0.02,5,Group of 5 opponent,0.85,1.7
2020,2020-10-24,Penn State,Indiana,away,35,36,-6.5,-1,0,-7.5,-26.37,,8,21,-2.78,0,4,-1.54,4,Road,1.1,-8.7
2020,2020-10-24,Pittsburgh,Notre Dame,home,3,45,10.0,-35,55,-25.0,-13.54,,3,0,-6.29,1,1,0.74,4,Top-10 opponent,1.2,-7.3
2020,2020-10-24,Clemson,Syracuse,home,47,21,-47.5,26,22,-21.5,8.83,-9.08,11,31,-25.64,0,1,-0.68,5,,1,-7.9
2020,2020-10-24,Iowa,Purdue,away,20,24,-3.5,-4,0,-7.5,-10.06,,8,20,-2.51,0,4,-1.45,4,Road,1.1,-5.5
2020,2020-10-24,Kansas,Kansas State,away,14,55,19.0,-34,85,-15.0,-28.85,,2,0,-3.24,0,2,-0.4,4,Road · Ranked opponent,1.2,-9.6
2020,2020-10-24,Kansas State,Kansas,home,55,14,-19.0,34,85,15.0,27.67,14.93,4,6,-8.54,0,1,-0.48,5,,1,5.4
2020,2020-10-24,Baylor,Texas,away,16,27,11.0,-17,9,-6.0,-2.56,,5,10,-0.22,0,2,-0.51,4,Road,1.1,-1.9
2020,2020-10-24,Houston,Navy,away,37,21,-15.5,24,17,8.5,10.11,6.9,7,34,9.85,1,2,0.1,5,Road · Group of 5 opponent,0.95,5.1
2020,2020-10-24,Purdue,Iowa,home,24,20,3.5,4,0,7.5,8.88,,8,14,-5.53,2,4,0.76,4,,1,2.3
2020,2020-10-24,Texas,Baylor,home,27,16,-11.0,17,9,6.0,1.38,2.43,6,17,-2.27,1,1,0.58,5,,1,1.5
2020,2020-10-24,South Carolina,LSU,away,24,52,4.5,-28,35,-23.5,-21.85,,1,3,0.61,1,2,0.39,4,Road · Night,1.15,-6.9
2020,2020-10-24,Virginia Tech,Wake Forest,away,16,23,-10.5,-7,0,-17.5,-18.79,,5,13,-2.92,0,2,-0.83,4,Road,1.1,-7.8
2020,2020-10-24,TCU,Oklahoma,home,14,33,6.5,-26,19,-19.5,-2.44,,4,7,-2.13,0,1,-0.29,4,,1,-3.8
2020,2020-10-24,Tennessee,Alabama,home,17,48,21.5,-32,46,-10.5,-1.16,,3,0,-4.46,0,1,-0.18,4,Top-10 opponent,1.2,-3.3
2020,2020-10-24,Texas Tech,West Virginia,home,34,27,2.5,7,0,9.5,19.35,0.01,6,14,-0.97,2,6,0.09,5,,1,3.6
2020,2020-10-23,Wisconsin,Illinois,home,45,7,-20.5,28,30,7.5,12.2,4.09,8,28,-1.73,1,1,0.51,5,Night,1.05,3.5
2020,2020-10-24,West Virginia,Texas Tech,away,27,34,-2.5,-7,0,-9.5,-20.53,,6,17,0.44,2,3,0.94,4,Road,1.1,-3.6
2020,2020-10-24,Alabama,Tennessee,away,48,17,-21.5,32,46,10.5,-0.02,7.53,6,24,1.39,0,0,,4,Road,1.1,3.3
2020,2020-10-23,Illinois,Wisconsin,away,7,45,20.5,-28,30,-7.5,-13.37,,4,0,-6.16,0,1,-0.19,4,Road · Night · Ranked opponent,1.25,-6.0
2020,2020-10-24,Florida State,Louisville,away,16,48,5.5,-25,41,-19.5,-5.54,,1,0,-2.34,0,2,-0.59,4,Road,1.1,-5.2
2020,2020-10-24,Georgia Tech,Boston College,away,27,48,3.5,-27,15,-23.5,-25.04,,3,7,-0.33,0,1,-0.31,4,Road,1.1,-8.5
2020,2020-10-24,Iowa State,Oklahoma State,away,21,24,2.5,-3,0,-0.5,3.52,,9,21,-1.45,0,3,-0.96,4,Road · Top-10 opponent,1.3,-1.1
2020,2020-10-24,Northwestern,Maryland,home,43,3,-13.0,34,52,21.0,2.89,17.31,6,23,3.09,1,1,0.57,5,Night,1.05,6.7
2020,2020-10-24,Indiana,Penn State,home,36,35,6.5,1,0,7.5,25.19,-3.74,9,17,-3.54,3,5,1.55,5,Top-10 opponent,1.2,5.5
2020,2020-10-24,Notre Dame,Pittsburgh,away,45,3,-10.0,35,55,25.0,12.36,19.99,4,14,1.37,0,1,-0.41,5,Road,1.1,7.8
2020,2020-10-24,Kentucky,Missouri,away,10,20,-3.0,-10,0,-13.0,11.55,,5,0,-13.93,1,2,0.28,4,Road,1.1,-3.0
2020,2020-10-24,Louisville,Florida State,home,48,16,-5.5,25,41,19.5,4.37,9.52,7,31,10.56,1,1,0.62,5,,1,6.8
2020,2020-10-24,LSU,South Carolina,home,52,24,-4.5,28,35,23.5,20.67,17.08,3,14,5.4,2,2,1.26,5,Night,1.05,10.5
2020,2020-10-24,Cincinnati,SMU,away,42,13,1.0,29,6,30.0,17.75,17.17,9,35,11.83,0,1,-0.33,5,Road · Night · Ranked opponent,1.25,12.5
2020,2020-10-24,Miami,Virginia,home,19,14,-13.5,5,0,-8.5,-2.51,-12.98,7,13,-10.41,0,2,-0.87,5,Night,1.05,-6.0
2020,2020-10-24,BYU,Texas State,home,52,14,-30.0,35,62,5.0,5.99,5.75,5,28,6.9,1,1,0.44,5,Night · Group of 5 opponent,0.9,3.6
2020,2020-10-24,SMU,Cincinnati,home,13,42,-1.0,-29,6,-30.0,-18.93,,6,10,-6.08,0,1,-0.34,4,Night · Top-10 opponent,1.25,-11.3
2020,2020-10-24,Virginia,Miami,away,14,19,13.5,-5,0,8.5,1.34,,6,7,-4.47,1,2,0.52,4,Road · Night · Ranked opponent,1.25,1.4
2020,2020-10-30,Maryland,Minnesota,home,45,44,18.5,1,0,19.5,-18.54,-1.0,3,17,12.06,1,4,0.19,5,Night,1.05,2.3
2020,2020-10-30,Minnesota,Maryland,away,44,45,-18.5,-1,0,-19.5,17.36,-23.78,3,17,6.17,1,4,-0.89,5,Road · Night,1.15,-3.1
2020,2020-10-31,Boston College,Clemson,away,28,34,26.5,-6,0,20.5,10.36,-3.5,3,0,-3.66,1,4,0.43,5,Road,1.1,3.2
2020,2020-10-31,Michigan State,Michigan,away,27,24,21.5,3,0,24.5,5.42,6.69,7,24,13.6,1,3,0.46,5,Road · Ranked opponent,1.2,9.0
2020,2020-10-31,Michigan,Michigan State,home,24,27,-21.5,-3,0,-24.5,-6.6,,6,3,-19.61,2,4,0.03,4,,1,-9.1
2020,2020-10-31,Missouri,Florida,away,17,41,13.5,-27,43,-13.5,7.4,,4,0,-7.64,0,3,-0.71,4,Road · Night · Top-10 opponent,1.35,-4.3
2020,2020-10-31,Duke,Charlotte,home,53,19,-10.5,31,25,20.5,28.22,12.71,8,38,12.52,0,0,,4,Night · Group of 5 opponent,0.9,10.4
2020,2020-10-31,Wake Forest,Syracuse,away,38,14,-14.0,31,44,17.0,9.73,14.74,6,28,7.78,0,1,-0.44,5,Road,1.1,7.0
2020,2020-10-31,Rutgers,Indiana,home,21,37,11.5,-16,0,-4.5,-10.03,,5,14,3.91,0,3,-0.76,4,Ranked opponent,1.1,-2.3
2020,2020-10-31,Syracuse,Wake Forest,home,14,38,14.0,-31,44,-17.0,-10.91,,3,7,1.35,0,1,-0.23,4,,1,-3.9
2020,2020-10-31,Ohio State,Penn State,away,38,25,-10.0,13,0,3.0,-3.9,-5.01,6,17,-1.95,0,0,,4,Road · Night · Ranked opponent,1.25,-1.5
2020,2020-10-31,Oklahoma State,Texas,home,34,41,-3.5,-7,0,-10.5,-35.1,-18.36,9,27,1.68,1,6,-1.17,5,,1,-9.0
2020,2020-10-31,Auburn,LSU,home,48,11,-1.0,32,69,31.0,18.75,19.05,8,28,6.56,1,1,0.66,5,,1,10.5
2020,2020-10-31,UCF,Houston,away,44,21,-3.0,31,15,28.0,-1.57,20.92,6,27,10.28,0,0,,4,Road,1.1,9.8
2020,2020-10-31,Penn State,Ohio State,home,25,38,10.0,-13,0,-3.0,2.72,,3,0,-6.29,0,1,-0.26,4,Night · Top-10 opponent,1.25,-2.0
2020,2020-10-31,Cincinnati,Memphis,home,49,10,-6.5,25,41,18.5,16.39,8.96,6,28,10.16,1,1,0.62,5,Group of 5 opponent,0.85,6.9
2020,2020-10-31,Clemson,Boston College,home,34,28,-26.5,6,0,-20.5,-11.53,,5,14,-6.17,1,2,-0.06,4,,1,-6.1
2020,2020-10-31,Iowa,Northwestern,home,20,21,1.0,-1,0,0.0,-2.5,-12.83,8,10,-10.6,0,2,-0.66,5,,1,-4.7
2020,2020-10-31,Kansas,Iowa State,home,22,52,27.5,-31,24,-3.5,-1.61,,5,7,1.16,0,1,-0.14,4,Ranked opponent,1.1,-0.5
2020,2020-10-31,Kansas State,West Virginia,away,10,37,5.0,-27,35,-22.0,-10.37,,3,3,-4.09,0,2,-0.6,4,Road,1.1,-7.0
2020,2020-10-31,Baylor,TCU,home,23,33,2.5,-10,0,-7.5,0.44,,8,24,4.04,0,1,-0.32,4,,1,-0.2
2020,2020-10-31,Texas A&M,Arkansas,home,42,31,-14.5,18,5,3.5,13.58,-2.54,5,21,4.01,2,2,1.12,5,Night,1.05,4.0
2020,2020-10-31,Houston,UCF,home,21,44,3.0,-31,15,-28.0,0.39,,2,0,-4.94,0,1,-0.31,4,,1,-5.2
2020,2020-10-31,Purdue,Illinois,away,31,24,-9.5,7,0,-2.5,8.14,-10.73,6,21,2.21,1,4,-0.62,5,Road,1.1,-0.8
2020,2020-10-31,Texas,Oklahoma State,away,41,34,3.5,7,0,10.5,33.93,,9,20,-1.98,2,5,0.44,4,Road · Top-10 opponent,1.3,9.6
2020,2020-10-31,SMU,Navy,home,51,37,-13.0,21,20,8.0,4.1,4.31,4,24,10.73,3,3,1.71,5,Night · Group of 5 opponent,0.9,5.3
2020,2020-10-31,Virginia Tech,Louisville,away,42,35,-5.0,7,0,2.0,13.88,-8.2,6,24,6.64,2,2,1.25,5,Road,1.1,3.9
2020,2020-10-31,TCU,Baylor,away,33,23,-2.5,10,0,7.5,-1.61,-3.79,9,27,2.16,0,1,-0.35,5,Road,1.1,0.3
2020,2020-10-31,West Virginia,Kansas State,home,37,10,-5.0,27,35,22.0,9.19,11.8,7,24,3.75,1,1,0.63,5,Ranked opponent,1.1,7.4
2020,2020-10-31,Alabama,Mississippi State,home,41,0,-29.5,27,48,-2.5,0.9,2.04,6,24,-1.16,0,0,,4,Night,1.05,0.2
2020,2020-10-31,Mississippi State,Alabama,away,0,41,29.5,-27,48,2.5,-2.08,,2,0,-2.12,0,1,-0.12,4,Road · Night · Top-10 opponent,1.35,-0.7
2020,2020-10-31,Illinois,Purdue,home,24,31,9.5,-7,0,2.5,-9.32,,6,21,8.26,0,1,-0.27,4,,1,0.7
2020,2020-10-31,Florida,Missouri,home,41,17,-13.5,27,43,13.5,-8.57,8.02,8,27,0.25,0,1,-0.44,5,Night,1.05,1.3
2020,2020-10-31,Georgia Tech,Notre Dame,home,13,31,20.5,-24,18,-3.5,-1.9,,3,7,2.38,0,2,-0.37,4,Top-10 opponent,1.2,-0.6
2020,2020-10-31,Georgia,Kentucky,away,14,3,-17.0,11,0,-6.0,-1.61,-7.94,6,7,-14.18,0,1,-0.46,5,Road,1.1,-5.5
2020,2020-10-31,Iowa State,Kansas,away,52,22,-27.5,31,24,3.5,0.44,4.16,9,38,1.21,1,1,0.46,5,Road,1.1,2.0
2020,2020-10-31,Northwestern,Iowa,away,21,20,-1.0,1,0,0.0,1.32,,6,7,-9.08,0,1,-0.34,4,Road,1.1,-2.5
2020,2020-10-31,Arkansas,Texas A&M,away,31,42,14.5,-18,5,-3.5,-14.76,,4,14,6.57,0,2,-0.46,4,Road · Night · Top-10 opponent,1.35,-2.3
2020,2020-10-31,Indiana,Rutgers,away,37,21,-11.5,16,0,4.5,8.85,-1.85,9,27,-2.14,1,1,0.58,5,Road,1.1,1.9
2020,2020-10-31,Notre Dame,Georgia Tech,away,31,13,-20.5,24,18,3.5,0.73,4.09,7,17,-9.01,1,1,0.51,5,Road,1.1,-0.0
2020,2020-10-31,Kentucky,Georgia,home,3,14,17.0,-11,0,6.0,0.44,,4,3,-3.9,0,1,-0.21,4,Top-10 opponent,1.2,-0.2
2020,2020-10-31,Louisville,Virginia Tech,home,35,42,5.0,-7,0,-2.0,-15.06,,3,7,-0.09,0,1,-0.3,4,,1,-3.0
2020,2020-10-31,LSU,Auburn,away,11,48,1.0,-32,69,-31.0,-19.92,,4,7,-3.3,0,1,-0.33,4,Road,1.1,-9.5
2020,2020-10-31,North Carolina,Virginia,away,41,44,-7.5,-3,0,-10.5,-11.51,,2,14,7.95,2,3,0.83,4,Road · Night,1.15,-0.2
2020,2020-10-31,Oklahoma,Texas Tech,away,62,28,-16.0,34,77,18.0,18.38,12.62,2,14,7.05,0,1,-0.45,5,Road · Night,1.15,8.2
2020,2020-10-31,BYU,Western Kentucky,home,41,10,-31.0,35,68,4.0,11.27,8.19,2,14,5.45,1,1,0.44,5,Night · Group of 5 opponent,0.9,4.2
2020,2020-10-31,Virginia,North Carolina,home,44,41,7.5,3,0,10.5,10.34,-5.18,2,7,2.54,4,5,2.59,5,Night · Ranked opponent,1.15,5.7
2020,2020-10-31,Texas Tech,Oklahoma,home,28,62,16.0,-34,77,-18.0,-19.56,,1,0,-1.78,0,3,-0.66,4,Night · Ranked opponent,1.15,-7.8
2020,2020-11-07,Boston College,Syracuse,away,16,13,-14.5,3,0,-11.5,-10.62,-13.54,7,13,-10.78,1,2,0.12,5,Road,1.1,-6.9
2020,2020-11-07,Maryland,Penn State,away,35,19,27.5,22,16,49.5,21.14,25.06,8,21,11.66,0,1,-0.14,5,Road,1.1,15.2
2020,2020-11-07,Michigan State,Iowa,away,7,49,5.5,-42,85,-36.5,-27.65,,4,0,-9.34,0,1,-0.3,4,Road,1.1,-13.3
2020,2020-11-07,Michigan,Indiana,away,21,38,-4.0,-17,0,-21.0,-9.57,,5,21,6.8,0,2,-0.73,4,Road · Ranked opponent,1.2,-4.2
2020,2020-11-07,Minnesota,Illinois,away,41,14,-7.5,34,29,26.5,5.17,17.4,6,28,9.85,0,0,,4,Road,1.1,10.0
2020,2020-11-07,Duke,North Carolina,home,24,56,11.5,-32,82,-20.5,-20.02,,0,0,,0,1,-0.25,3,,1,-9.1
2020,2020-11-06,NC State,Miami,home,41,44,10.5,-3,0,7.5,14.45,-5.49,3,10,3.79,4,8,1.92,5,Night · Ranked opponent,1.15,5.4
2020,2020-11-07,North Carolina,Duke,away,56,24,-11.5,32,82,20.5,18.84,13.15,3,21,11.29,0,0,,4,Road,1.1,11.0
2020,2020-11-07,Nebraska,Northwestern,away,13,21,4.0,-8,0,-4.0,-22.71,,8,13,-6.32,0,3,-0.92,4,Road,1.1,-7.6
2020,2020-11-07,Syracuse,Boston College,home,13,16,14.5,-3,0,11.5,9.44,,6,3,-8.15,1,2,0.54,4,,1,2.0
2020,2020-11-07,Oklahoma State,Kansas State,away,20,18,-14.0,2,0,-12.0,18.36,,7,13,-10.59,0,3,-1.32,4,Road,1.1,-2.9
2020,2020-11-07,Oklahoma,Kansas,home,62,9,-38.5,31,76,-7.5,11.01,-3.02,7,31,-1.7,0,0,,4,,1,0.1
2020,2020-11-07,Penn State,Maryland,home,19,35,-27.5,-22,16,-49.5,-22.32,,7,14,-14.61,0,1,-0.54,4,,1,-14.6
2020,2020-11-07,Cincinnati,Houston,home,38,10,-12.5,28,40,15.5,3.54,8.59,5,21,4.54,1,1,0.57,5,,1,4.9
2020,2020-11-07,Pittsburgh,Florida State,away,41,17,-1.5,24,17,22.5,21.59,14.77,9,31,6.64,0,1,-0.35,5,Road,1.1,9.2
2020,2020-11-07,Iowa,Michigan State,home,49,7,-5.5,42,85,36.5,26.47,26.52,6,14,-3.52,0,0,,4,,1,12.0
2020,2020-11-07,Kansas,Oklahoma,away,9,62,38.5,-31,76,7.5,-12.18,,2,0,-1.17,0,1,-0.06,4,Road,1.1,-1.3
2020,2020-11-07,Kansas State,Oklahoma State,home,18,20,14.0,-2,0,12.0,-19.53,-4.52,8,20,4.92,0,2,-0.47,5,Ranked opponent,1.1,-1.4
2020,2020-11-07,Vanderbilt,Mississippi State,away,17,24,18.0,-7,0,11.0,-33.28,,6,14,3.97,0,1,-0.21,4,Road,1.1,-3.5
2020,2020-11-06,Miami,NC State,away,44,41,-10.5,3,0,-7.5,-15.63,,3,17,7.45,3,6,0.52,4,Road · Night,1.15,-1.1
2020,2020-11-07,Houston,Cincinnati,away,10,38,12.5,-28,40,-15.5,-4.72,,2,0,-3.93,0,1,-0.25,4,Road · Top-10 opponent,1.3,-5.2
2020,2020-11-07,Texas,West Virginia,home,17,13,-6.5,4,0,-2.5,4.05,,7,3,-17.81,1,3,-0.15,4,,1,-4.0
2020,2020-11-06,BYU,Boise State,away,51,17,-4.5,35,48,30.5,5.62,21.08,5,21,6.67,1,1,0.63,5,Road · Night · Ranked opponent · Group of 5 opponent,1.1,9.9
2020,2020-11-07,SMU,Temple,away,47,23,-17.5,24,25,6.5,4.37,5.78,7,27,2.1,2,3,0.61,5,Road · Group of 5 opponent,0.95,3.1
2020,2020-11-07,Virginia Tech,Liberty,home,35,38,-17.0,-3,0,-20.0,0.06,,3,13,2.41,2,4,0.16,4,Ranked opponent · Group of 5 opponent,1.1,-1.9
2020,2020-11-07,TCU,Texas Tech,home,34,18,-9.5,16,0,6.5,12.31,2.27,11,27,-7.45,0,0,,4,,1,1.6
2020,2020-11-07,Texas Tech,TCU,away,18,34,9.5,-16,0,-6.5,-13.49,,7,7,-7.86,0,1,-0.27,4,Road,1.1,-5.8
2020,2020-11-07,West Virginia,Texas,away,13,17,6.5,-4,0,2.5,-5.23,,7,3,-12.98,1,3,0.13,4,Road · Ranked opponent,1.2,-4.0
2020,2020-11-07,USC,Arizona State,home,28,27,-11.5,1,0,-10.5,-11.52,,6,14,-5.43,1,3,-0.26,4,,1,-4.8
2020,2020-11-07,Mississippi State,Vanderbilt,home,24,17,-18.0,7,0,-11.0,32.1,-15.5,8,24,-4.66,0,1,-0.47,5,,1,-0.4
2020,2020-11-07,Illinois,Minnesota,home,14,41,7.5,-34,29,-26.5,-6.34,,3,0,-6.69,0,1,-0.28,4,,1,-6.5
2020,2020-11-07,Florida State,Pittsburgh,home,17,41,1.5,-24,17,-22.5,-22.77,-32.55,5,7,-5.74,1,3,0.02,5,,1,-10.9
2020,2020-11-07,Florida,Georgia,neutral,44,28,3.0,16,0,19.0,-11.37,9.3,9,27,4.79,1,2,0.37,5,Top-10 opponent,1.2,3.9
2020,2020-11-07,Georgia,Florida,neutral,28,44,-3.0,-16,0,-19.0,10.2,-30.08,5,14,0.07,0,4,-1.43,5,Top-10 opponent,1.2,-7.4
2020,2020-11-07,Northwestern,Nebraska,home,21,13,-4.0,8,0,4.0,21.53,,8,14,-8.72,0,3,-1.1,4,,1,0.8
2020,2020-11-07,Indiana,Michigan,home,38,21,4.0,17,0,21.0,8.39,10.86,7,24,7.09,1,1,0.69,5,Ranked opponent,1.1,7.8
2020,2020-11-07,Arizona State,USC,away,27,28,11.5,-1,0,10.5,10.35,-2.93,8,17,0.86,1,4,-0.01,5,Road · Ranked opponent,1.2,2.8
2020,2020-11-07,Rutgers,Ohio State,away,27,49,37.5,-46,53,-8.5,-15.61,,1,0,-0.64,1,1,0.94,4,Road · Night · Top-10 opponent,1.35,-3.5
2020,2020-11-07,Ohio State,Rutgers,home,49,27,-37.5,46,53,8.5,14.43,15.54,4,28,9.53,0,1,-0.61,5,Night,1.05,6.7
2020,2020-11-07,Clemson,Notre Dame,away,40,47,-5.0,-7,0,-12.0,-6.59,,6,24,6.64,2,3,0.88,4,Road · Night,1.15,0.2
2020,2020-11-07,Baylor,Iowa State,away,31,38,14.0,-7,0,7.0,-7.95,-11.52,4,14,6.46,0,4,-0.94,5,Road · Night · Ranked opponent,1.25,-1.8
2020,2020-11-07,Stanford,Oregon,away,14,35,11.5,-21,0,-9.5,-11.29,,4,14,5.93,0,1,-0.25,4,Road · Ranked opponent,1.2,-2.2
2020,2020-11-07,Texas A&M,South Carolina,away,48,3,-9.5,34,50,24.5,7.9,16.27,6,21,2.21,0,0,,4,Road · Night,1.15,8.5
2020,2020-11-07,Oregon,Stanford,home,35,14,-11.5,21,0,9.5,10.12,2.15,6,14,-5.43,1,1,0.58,5,,1,2.3
2020,2020-11-07,South Carolina,Texas A&M,home,3,48,9.5,-34,50,-24.5,-9.08,,3,0,-6.37,0,1,-0.27,4,Night · Top-10 opponent,1.25,-8.2
2020,2020-11-07,UCLA,Colorado,away,42,48,-6.5,-6,0,-12.5,-1.4,,5,21,6.14,0,1,-0.38,4,Road,1.1,-0.8
2020,2020-11-07,Tennessee,Arkansas,away,13,24,-2.0,-11,0,-13.0,-0.56,-20.51,6,10,-6.4,0,3,-1.05,5,Road · Night,1.15,-7.4
2020,2020-11-07,Colorado,UCLA,home,48,42,6.5,6,0,12.5,0.22,-2.74,8,24,5.74,3,3,2.13,5,,1,4.3
2020,2020-11-07,Iowa State,Baylor,home,38,31,-14.0,7,0,-7.0,6.78,-13.26,5,28,11.15,0,2,-0.88,5,Night,1.05,-0.3
2020,2020-11-07,Arkansas,Tennessee,home,24,13,2.0,11,0,13.0,-0.61,2.73,7,17,-0.65,0,1,-0.32,5,Night,1.05,1.5
2020,2020-11-07,Notre Dame,Clemson,home,47,40,5.0,7,0,12.0,5.41,1.42,4,16,6.55,2,5,0.5,5,Night,1.05,4.3
2020,2020-11-14,Boston College,Notre Dame,home,31,45,13.0,-14,0,-1.0,4.09,,4,10,2.25,2,3,1.27,4,Top-10 opponent,1.2,3.5
2020,2020-11-14,Arizona,USC,home,30,34,15.0,-4,0,11.0,-0.12,,5,6,-3.16,4,5,2.86,4,Ranked opponent,1.1,5.0
2020,2020-11-14,Michigan State,Indiana,home,0,24,7.5,-24,30,-16.5,-4.45,,7,0,-15.61,0,1,-0.28,4,Top-10 opponent,1.2,-8.4
2020,2020-11-13,Minnesota,Iowa,home,7,35,3.0,-28,29,-25.0,-23.94,,5,0,-12.34,0,1,-0.31,4,Night,1.05,-11.2
2020,2020-11-14,North Carolina,Wake Forest,home,59,53,-12.5,6,0,-6.5,-5.61,-13.41,7,31,7.96,3,4,1.29,5,,1,-0.4
2020,2020-11-14,Wake Forest,North Carolina,away,53,59,12.5,-6,0,6.5,4.44,-8.37,5,21,11.18,3,7,1.28,5,Road,1.1,4.0
2020,2020-11-14,Nebraska,Penn State,home,30,23,2.5,7,0,9.5,24.36,0.01,4,6,-3.98,2,6,0.09,5,,1,3.7
2020,2020-11-14,Rutgers,Illinois,home,20,23,-5.5,-3,0,-8.5,-3.41,-14.48,6,6,-11.52,1,4,-0.51,5,,1,-5.9
2020,2020-11-14,Penn State,Nebraska,away,23,30,-2.5,-7,0,-9.5,-25.54,,5,10,-3.8,1,3,-0.06,4,Road,1.1,-7.1
2020,2020-11-13,Cincinnati,East Carolina,home,55,17,-27.5,32,43,4.5,3.81,4.16,4,14,-2.35,1,1,0.46,5,Night · Group of 5 opponent,0.9,1.6
2020,2020-11-13,Iowa,Minnesota,away,35,7,-3.0,28,29,25.0,22.76,13.92,8,28,5.71,0,0,,4,Road · Night,1.15,11.5
2020,2020-11-14,Vanderbilt,Kentucky,away,35,38,17.5,-3,0,14.5,0.42,,3,14,8.9,0,1,-0.21,4,Road,1.1,4.6
2020,2020-11-14,Baylor,Texas Tech,away,23,24,1.0,-1,0,0.0,-0.13,-12.83,6,13,-2.45,1,5,-0.65,5,Road,1.1,-3.0
2020,2020-11-14,Miami,Virginia Tech,away,25,24,2.0,1,0,3.0,0.41,,8,7,-13.17,1,1,0.68,4,Road,1.1,-1.9
2020,2020-11-14,Stanford,Colorado,home,32,35,-9.5,-3,0,-12.5,-1.86,,7,14,-7.92,2,2,1.19,4,,1,-2.3
2020,2020-11-14,Houston,South Florida,home,56,21,-14.5,42,71,27.5,12.62,21.46,6,28,7.62,1,2,0.12,5,Group of 5 opponent,0.85,7.9
2020,2020-11-14,Purdue,Northwestern,home,20,27,3.5,-7,0,-3.5,-5.13,,7,10,-7.09,0,3,-0.93,4,Ranked opponent,1.1,-4.5
2020,2020-11-14,Virginia,Louisville,home,31,17,-6.0,14,0,8.0,23.16,1.24,7,14,-6.62,2,3,0.86,5,,1,3.8
2020,2020-11-14,Virginia Tech,Miami,home,24,25,-2.0,-1,0,-3.0,-1.59,-11.51,8,24,2.13,0,4,-1.4,5,Top-10 opponent,1.2,-3.6
2020,2020-11-14,TCU,West Virginia,away,6,24,3.0,-18,0,-15.0,-8.84,,3,0,-7.4,1,1,0.69,4,Road,1.1,-4.7
2020,2020-11-14,Texas Tech,Baylor,home,24,23,-1.0,1,0,0.0,-1.05,,8,23,1.56,1,3,-0.03,4,,1,0.4
2020,2020-11-14,West Virginia,TCU,home,24,6,-3.0,18,0,15.0,7.66,6.92,6,7,-9.72,1,1,0.64,5,,1,2.5
2020,2020-11-14,USC,Arizona,away,34,30,-15.0,4,0,-11.0,-1.05,,5,10,-7.12,4,5,1.77,4,Road,1.1,-1.1
2020,2020-11-14,Illinois,Rutgers,away,23,20,5.5,3,0,8.5,2.23,,7,6,-10.35,0,2,-0.59,4,Road,1.1,-1.7
2020,2020-11-14,Colorado,Stanford,away,35,32,9.5,3,0,12.5,0.68,-2.05,5,14,3.38,1,4,-0.07,5,Road,1.1,2.1
2020,2020-11-14,Northwestern,Purdue,away,27,20,-3.5,7,0,3.5,3.95,-7.36,7,7,-12.69,2,3,0.91,5,Road,1.1,-1.7
2020,2020-11-14,Indiana,Michigan State,away,24,0,-7.5,24,30,16.5,3.28,7.4,11,24,-9.28,0,0,,4,Road,1.1,2.1
2020,2020-11-14,Notre Dame,Boston College,away,45,31,-13.0,14,0,1.0,-5.27,-2.69,5,21,4.41,2,4,0.27,5,Road,1.1,0.3
2020,2020-11-14,Kentucky,Vanderbilt,home,38,35,-17.5,3,0,-14.5,-1.6,-19.22,4,21,6.77,2,2,1.07,5,,1,-1.9
2020,2020-11-14,Louisville,Virginia,away,17,31,6.0,-14,0,-8.0,-24.34,,5,14,2.45,1,3,0.12,4,Road,1.1,-4.6
2020,2020-11-14,Michigan,Wisconsin,home,11,49,7.0,-32,36,-25.0,-16.1,,1,0,-2.26,0,1,-0.29,4,Night · Ranked opponent,1.15,-7.9
2020,2020-11-14,Ole Miss,South Carolina,home,59,42,-12.5,17,0,4.5,4.57,1.59,4,24,10.84,4,6,1.43,5,Night,1.05,5.2
2020,2020-11-14,NC State,Florida State,home,38,22,-11.5,23,12,11.5,13.57,4.15,4,21,8.05,0,0,,4,Night,1.05,6.3
2020,2020-11-14,UCF,Temple,home,38,13,-28.5,35,49,6.5,18.56,6.6,6,21,-3.84,0,0,,4,Night · Group of 5 opponent,0.9,3.6
2020,2020-11-14,Oregon,Washington State,away,43,29,-10.5,14,0,3.5,-2.62,0.71,4,21,8.26,2,4,0.35,5,Road · Night · Group of 5 opponent,1.0,2.2
2020,2020-11-15,California,UCLA,away,10,34,-3.5,-24,26,-27.5,-0.54,,5,3,-11.07,0,1,-0.36,4,Road,1.1,-7.5
2020,2020-11-14,SMU,Tulsa,away,24,28,-2.0,-4,0,-6.0,1.97,-17.51,6,14,-2.4,0,2,-0.7,5,Road · Night · Group of 5 opponent,1.15,-4.4
2020,2020-11-14,South Carolina,Ole Miss,away,42,59,12.5,-17,0,-4.5,-5.74,,2,7,3.07,4,6,2.53,4,Road · Night,1.15,3.0
2020,2020-11-15,UCLA,California,home,34,10,3.5,24,26,27.5,-0.64,16.58,7,28,10.91,1,2,0.38,5,,1,7.8
2020,2020-11-14,Washington,Oregon State,home,27,21,-13.5,6,0,-7.5,-9.62,-9.98,6,20,-0.06,1,2,0.13,5,Night · Group of 5 opponent,1.05,-3.3
2020,2020-11-14,Wisconsin,Michigan,away,49,11,-7.0,32,36,25.0,14.92,15.68,4,28,16.0,0,0,,4,Road · Night,1.15,13.1
2020,2020-11-14,Florida State,NC State,away,22,38,11.5,-23,12,-11.5,-14.75,,2,0,-4.03,0,1,-0.25,4,Road · Night,1.15,-5.9
2020,2020-11-14,Florida,Arkansas,home,63,35,-17.0,28,38,11.0,10.92,6.06,6,35,13.82,1,2,0.08,5,Night,1.05,6.7
2020,2020-11-14,Arkansas,Florida,away,35,63,17.0,-28,38,-11.0,-12.1,,3,7,1.82,1,2,0.57,4,Road · Night · Top-10 opponent,1.35,-2.9
2020,2020-11-20,Minnesota,Purdue,home,34,31,2.5,3,0,5.5,10.79,-4.99,2,0,-4.99,4,5,2.41,5,Night,1.05,3.0
2020,2020-11-21,Nebraska,Illinois,home,23,41,-16.5,-24,25,-40.5,-7.73,,3,10,-0.51,1,2,0.09,4,,1,-6.7
2020,2020-11-20,Syracuse,Louisville,away,0,30,19.5,-27,40,-7.5,-1.08,,3,0,-4.78,0,1,-0.19,4,Road · Night,1.15,-2.8
2020,2020-11-21,Ohio State,Indiana,home,42,35,-21.0,7,0,-14.0,-5.07,-17.19,8,21,-8.94,1,2,0.02,5,Top-10 opponent,1.2,-7.3
2020,2020-11-21,UCF,Cincinnati,home,33,36,4.5,-3,0,1.5,5.52,-9.86,4,0,-9.55,2,6,0.18,5,Top-10 opponent,1.2,-2.4
2020,2020-11-21,Penn State,Iowa,home,21,41,-1.0,-20,0,-21.0,-19.22,,7,14,-4.76,1,2,0.31,4,,1,-6.7
2020,2020-11-21,Cincinnati,UCF,away,36,33,-4.5,3,0,-1.5,-6.7,-8.92,7,31,10.94,1,3,-0.11,5,Road,1.1,-0.2
2020,2020-11-21,Pittsburgh,Virginia Tech,home,47,14,6.5,26,32,32.5,15.12,22.26,9,23,2.46,2,2,1.42,5,,1,10.6
2020,2020-11-21,Iowa,Penn State,away,41,21,1.0,20,0,21.0,18.04,12.17,9,27,3.83,1,1,0.67,5,Road,1.1,8.6
2020,2020-11-21,Kansas State,Iowa State,away,0,45,13.5,-35,71,-21.5,-8.62,,1,0,-1.91,0,1,-0.24,4,Road · Ranked opponent,1.2,-6.0
2020,2020-11-21,Vanderbilt,Florida,home,17,38,31.5,-21,0,10.5,-3.82,,3,0,-2.87,1,3,0.68,4,Top-10 opponent,1.2,1.4
2020,2020-11-21,Oregon,UCLA,home,38,35,-17.5,3,0,-14.5,8.24,-19.22,6,21,-0.34,0,1,-0.46,5,,1,-3.5
2020,2020-11-21,California,Oregon State,away,27,31,-1.0,-4,0,-5.0,-12.24,,6,17,0.92,2,5,0.28,4,Road · Group of 5 opponent,1.1,-2.2
2020,2020-11-20,Purdue,Minnesota,away,31,34,-2.5,-3,0,-5.5,-11.97,,3,3,-5.28,1,2,0.29,4,Road · Night,1.15,-4.0
2020,2020-11-21,BYU,North Alabama,home,66,14,-50.0,35,67,-15.0,23.39,-5.48,4,28,6.87,0,0,,4,FCS opponent,0.6,1.5
2020,2020-11-21,Virginia,Abilene Christian,home,55,15,-38.5,35,67,-3.5,10.09,0.98,5,28,4.64,0,0,,4,FCS opponent,0.6,1.5
2020,2020-11-21,Virginia Tech,Pittsburgh,away,14,47,-6.5,-26,32,-32.5,-16.29,,3,7,-1.92,0,2,-0.77,4,Road,1.1,-9.3
2020,2020-11-21,UCLA,Oregon,away,35,38,17.5,-3,0,14.5,-9.42,,7,7,-4.89,1,1,0.79,4,Road · Ranked opponent,1.2,0.5
2020,2020-11-21,Wisconsin,Northwestern,away,7,17,-7.5,-10,0,-17.5,-20.06,,12,7,-29.31,0,1,-0.39,4,Road · Ranked opponent,1.2,-16.0
2020,2020-11-21,Alabama,Kentucky,home,63,3,-31.5,32,62,0.5,21.39,4.91,4,28,10.8,0,1,-0.57,5,,1,5.2
2020,2020-11-21,Illinois,Nebraska,away,41,23,16.5,24,25,40.5,6.56,20.88,6,17,6.49,1,1,0.78,5,Road,1.1,11.3
2020,2020-11-21,Florida,Vanderbilt,away,38,17,-31.5,21,0,-10.5,2.65,-9.09,5,24,2.5,1,2,-0.13,5,Road,1.1,-1.7
2020,2020-11-21,Iowa State,Kansas State,home,45,0,-13.5,35,71,21.5,7.44,15.02,4,21,7.62,0,0,,4,,1,7.9
2020,2020-11-21,Northwestern,Wisconsin,home,17,7,7.5,10,0,17.5,18.89,5.82,14,17,-14.21,0,1,-0.28,5,Top-10 opponent,1.2,2.8
2020,2020-11-21,Arkansas,LSU,home,24,27,1.5,-3,0,-1.5,-4.32,,8,17,-3.38,0,3,-0.98,4,,1,-2.8
2020,2020-11-21,Indiana,Ohio State,away,35,42,21.0,-7,0,14.0,3.89,,9,21,7.38,0,2,-0.37,4,Road · Top-10 opponent,1.3,5.4
2020,2020-11-21,Kentucky,Alabama,away,3,63,31.5,-32,62,-0.5,-22.57,,1,0,-0.96,1,1,0.89,4,Road · Top-10 opponent,1.3,-3.6
2020,2020-11-20,Louisville,Syracuse,home,30,0,-19.5,27,40,7.5,-0.1,4.65,7,20,-5.64,0,0,,4,Night,1.05,0.7
2020,2020-11-21,LSU,Arkansas,away,27,24,-1.5,3,0,1.5,3.14,-6.23,8,17,-4.66,1,3,-0.04,5,Road,1.1,-1.2
2020,2020-11-21,Arizona,Washington,away,27,44,12.0,-30,80,-18.0,-5.17,,1,7,5.01,0,1,-0.25,4,Road · Night,1.15,-2.5
2020,2020-11-21,Michigan,Rutgers,away,48,42,-12.0,6,0,-6.0,4.77,,6,14,-5.59,1,3,-0.27,4,Road · Night,1.15,-1.8
2020,2020-11-21,Missouri,South Carolina,away,17,10,-4.5,7,0,2.5,6.96,-7.92,8,17,-5.93,0,1,-0.37,5,Road · Night,1.15,-1.5
2020,2020-11-21,NC State,Liberty,home,15,14,-4.0,1,0,-3.0,-4.96,,9,14,-11.56,0,1,-0.37,4,Night · Ranked opponent · Group of 5 opponent,1.15,-5.0
2020,2020-11-21,Rutgers,Michigan,home,42,48,12.0,-6,0,6.0,-5.95,-11.65,7,17,3.07,3,4,2.0,5,Night,1.05,1.0
2020,2020-11-21,Oklahoma State,Oklahoma,away,13,41,6.5,-28,21,-21.5,-4.35,,3,3,-3.85,0,1,-0.29,4,Road · Night · Ranked opponent,1.25,-6.0
2020,2020-11-21,Auburn,Tennessee,home,30,17,-10.5,13,0,2.5,19.61,-1.29,4,10,-2.74,0,1,-0.41,5,Night,1.05,2.0
2020,2020-11-21,Oklahoma,Oklahoma State,home,41,13,-6.5,28,21,21.5,3.18,11.96,7,31,10.19,0,0,,4,Night · Ranked opponent,1.15,8.5
2020,2020-11-21,Utah,USC,home,17,33,-1.0,-16,0,-17.0,-13.86,,5,3,-10.4,0,3,-1.03,4,Night · Ranked opponent,1.15,-9.6
2020,2020-11-21,South Carolina,Missouri,home,10,17,4.5,-7,0,-2.5,-8.14,,8,10,-9.11,0,1,-0.3,4,Night,1.05,-4.3
2020,2020-11-21,Tennessee,Auburn,away,17,30,10.5,-13,0,-2.5,-20.79,-15.49,2,10,5.86,0,3,-0.78,5,Road · Night · Ranked opponent,1.25,-5.8
2020,2020-11-21,Washington,Arizona,home,44,27,-12.0,30,80,18.0,3.99,14.87,5,24,7.68,0,0,,4,Night,1.05,7.4
2020,2020-11-21,USC,Utah,away,33,17,1.0,16,0,17.0,12.68,4.17,10,20,-5.74,2,2,1.34,5,Road · Night,1.15,5.1
2020,2020-11-21,Mississippi State,Georgia,away,24,31,26.5,-7,0,19.5,-5.22,,4,0,-4.88,3,4,2.43,4,Road · Night · Ranked opponent,1.25,4.8
2020,2020-11-21,Georgia,Mississippi State,home,31,24,-26.5,7,0,-19.5,4.04,,4,14,-2.14,2,4,-0.12,4,Night,1.05,-2.6
2020,2020-11-27,North Carolina,Notre Dame,home,17,31,4.5,-14,0,-9.5,0.17,,6,10,-4.33,1,3,0.09,4,Top-10 opponent,1.2,-2.4
2020,2020-11-27,Nebraska,Iowa,away,20,26,12.5,-6,0,6.5,-6.77,,3,3,-2.89,1,5,-0.23,4,Road · Ranked opponent,1.2,-1.3
2020,2020-11-27,UCF,South Florida,away,58,46,-25.0,12,0,-13.0,19.98,-14.44,8,35,3.36,1,2,-0.04,5,Road · Group of 5 opponent,1.1,-0.0
2020,2020-11-27,Iowa,Nebraska,home,26,20,-12.5,6,0,-6.5,5.59,-9.41,5,10,-6.46,2,3,0.72,5,,1,-1.7
2020,2020-11-27,Stanford,California,away,24,23,-1.5,1,0,-0.5,10.16,,7,17,-1.95,0,3,-1.04,4,Road,1.1,0.0
2020,2020-11-27,California,Stanford,home,23,24,1.5,-1,0,0.5,-11.34,,6,7,-8.29,2,4,0.7,4,,1,-2.8
2020,2020-11-27,Texas,Iowa State,home,20,23,1.5,-3,0,-1.5,-3.59,-10.55,4,17,6.81,0,5,-1.63,5,Ranked opponent,1.1,-2.5
2020,2020-11-27,Iowa State,Texas,away,23,20,-1.5,3,0,1.5,2.41,,5,10,-3.54,1,2,0.3,4,Road · Ranked opponent,1.2,0.4
2020,2020-11-27,Notre Dame,North Carolina,away,31,17,-4.5,14,0,9.5,-1.35,-0.92,7,14,-6.06,2,2,1.26,5,Road · Ranked opponent,1.2,1.1
2020,2020-11-28,Boston College,Louisville,home,34,27,-1.0,7,0,6.0,11.06,-1.95,3,17,8.96,2,5,0.28,5,,1,4.0
2020,2020-11-28,Maryland,Indiana,away,11,27,11.5,-24,16,-12.5,-13.66,,7,10,-4.12,0,2,-0.51,4,Road · Ranked opponent,1.2,-6.6
2020,2020-11-28,Michigan State,Northwestern,home,29,20,13.5,9,0,22.5,2.22,8.2,8,23,7.71,0,2,-0.48,5,Top-10 opponent,1.2,6.0
2020,2020-11-28,Michigan,Penn State,home,17,27,-1.0,-10,0,-11.0,1.35,,4,7,-3.72,0,2,-0.69,4,,1,-2.9
2020,2020-11-28,Missouri,Vanderbilt,home,41,0,-14.0,27,36,13.0,-2.56,6.74,7,24,0.41,0,0,,4,,1,2.6
2020,2020-11-28,Ole Miss,Mississippi State,home,31,24,-9.5,7,0,-2.5,8.32,-10.73,7,24,2.08,1,3,-0.22,5,,1,-0.3
2020,2020-11-28,NC State,Syracuse,away,36,29,-17.0,7,0,-10.0,-9.17,,7,17,-7.71,0,1,-0.46,4,Road,1.1,-5.7
2020,2020-11-28,Rutgers,Purdue,away,37,30,12.5,7,0,19.5,8.42,,5,17,7.18,1,3,0.26,4,Road,1.1,7.0
2020,2020-11-28,Syracuse,NC State,home,29,36,17.0,-7,0,10.0,7.99,-4.84,5,13,4.37,0,2,-0.43,5,,1,2.0
2020,2020-11-28,Oklahoma State,Texas Tech,home,50,44,-11.5,6,0,-5.5,17.07,-8.85,8,14,-11.9,4,4,2.32,5,,1,0.6
2020,2020-11-28,Auburn,Alabama,away,13,42,24.5,-29,54,-4.5,-16.83,,3,3,-0.98,0,1,-0.16,4,Road · Top-10 opponent,1.3,-4.8
2020,2020-11-28,Penn State,Michigan,away,27,17,1.0,10,0,11.0,-2.52,2.17,5,10,-2.87,1,3,0.01,5,Road,1.1,0.8
2020,2020-11-28,Pittsburgh,Clemson,away,17,52,24.0,-28,47,-4.0,-1.8,,3,0,-4.06,0,1,-0.16,4,Road,1.1,-2.0
2020,2020-11-28,Clemson,Pittsburgh,home,52,17,-24.0,28,47,4.0,0.63,6.13,8,38,6.79,0,0,,4,,1,3.3
2020,2020-11-28,Vanderbilt,Missouri,away,0,41,14.0,-27,36,-13.0,1.38,,2,0,-3.77,0,1,-0.23,4,Road,1.1,-2.8
2020,2020-11-27,Oregon,Oregon State,away,38,41,-13.0,-3,0,-16.0,1.97,-19.69,4,3,-10.27,4,7,0.98,5,Road · Night · Group of 5 opponent,1.15,-5.8
2020,2020-11-28,Purdue,Rutgers,home,30,37,-12.5,-7,0,-19.5,-9.59,-22.41,2,7,0.42,1,6,-1.57,5,,1,-7.8
2020,2020-11-28,SMU,East Carolina,away,38,52,-11.5,-35,52,-46.5,-13.9,,4,10,-2.95,0,1,-0.42,4,Road · Group of 5 opponent,1.1,-10.7
2020,2020-11-28,Texas Tech,Oklahoma State,away,44,50,11.5,-6,0,5.5,-18.25,,9,31,12.85,1,4,-0.01,4,Road · Ranked opponent,1.2,1.3
2020,2020-11-28,Alabama,Auburn,home,42,13,-24.5,29,54,4.5,15.66,2.84,5,21,1.36,0,0,,4,Ranked opponent,1.1,4.2
2020,2020-11-28,Mississippi State,Ole Miss,away,24,31,9.5,-7,0,2.5,-9.5,,5,7,-3.62,0,1,-0.27,4,Road,1.1,-2.5
2020,2020-11-28,Colorado,San Diego State,home,20,10,-5.0,10,0,5.0,-1.25,-5.2,11,20,-11.82,0,1,-0.37,5,Group of 5 opponent,1,-2.8
2020,2020-11-28,Florida,Kentucky,home,34,10,-24.0,24,17,0.0,7.29,1.13,7,20,-7.31,0,2,-1.02,5,,1,-1.1
2020,2020-11-28,Northwestern,Michigan State,away,20,29,-13.5,-9,0,-22.5,-3.39,,7,10,-13.41,0,3,-1.31,4,Road,1.1,-9.3
2020,2020-11-28,Indiana,Maryland,home,27,11,-11.5,24,16,12.5,12.48,5.15,9,17,-12.14,0,1,-0.42,5,,1,1.1
2020,2020-11-28,Kentucky,Florida,away,10,34,24.0,-24,17,0.0,-8.46,,5,10,3.23,0,3,-0.48,4,Road · Top-10 opponent,1.3,-1.3
2020,2020-11-28,Louisville,Boston College,away,27,34,1.0,-7,0,-6.0,-12.24,,3,0,-7.72,1,2,0.34,4,Road,1.1,-4.6
2020,2020-11-28,Arizona,UCLA,away,10,27,7.5,-17,0,-9.5,-8.48,,7,10,-5.61,0,2,-0.56,4,Road · Night,1.15,-5.3
2020,2020-11-28,Duke,Georgia Tech,away,33,56,-2.5,-23,14,-25.5,-9.1,,7,24,4.68,0,2,-0.71,4,Road · Night,1.15,-5.2
2020,2020-11-28,Kansas,TCU,home,23,59,23.0,-33,56,-10.0,-10.45,,7,7,-2.85,0,1,-0.17,4,Night,1.05,-4.0
2020,2020-11-28,Kansas State,Baylor,away,31,32,5.5,-1,0,4.5,3.6,-7.3,5,10,-1.68,2,5,0.52,5,Road · Night,1.15,0.3
2020,2020-11-28,Baylor,Kansas State,home,32,31,-5.5,1,0,-4.5,-4.78,,5,17,2.4,2,4,0.49,4,Night,1.05,-0.0
2020,2020-11-28,Texas A&M,LSU,home,20,7,-15.5,13,0,-2.5,12.05,-4.1,13,10,-34.85,0,0,,4,Night,1.05,-6.8
2020,2020-11-28,Utah,Washington,away,21,24,9.0,-3,0,6.0,-4.96,-10.33,6,21,8.1,0,2,-0.54,5,Road,1.1,-0.3
2020,2020-11-28,South Carolina,Georgia,home,16,45,22.0,-28,29,-6.0,-11.1,,1,3,1.54,0,1,-0.18,4,Night,1.05,-2.4
2020,2020-11-28,UCLA,Arizona,home,27,10,-7.5,17,0,9.5,7.3,4.4,9,24,-3.23,1,1,0.61,5,Night,1.05,2.9
2020,2020-11-28,TCU,Kansas,away,59,23,-23.0,33,56,10.0,9.27,11.69,10,35,-3.48,0,0,,4,Road · Night,1.15,4.5
2020,2020-11-28,Washington,Utah,home,24,21,-9.0,3,0,-6.0,3.78,,7,17,-4.74,0,1,-0.4,4,,1,-1.7
2020,2020-11-28,Georgia Tech,Duke,home,56,33,2.5,23,14,25.5,7.93,17.01,11,35,7.56,3,5,1.41,5,Night,1.05,9.6
2020,2020-11-28,Georgia,South Carolina,away,45,16,-22.0,28,29,6.0,9.92,3.25,4,21,5.82,0,0,,4,Road · Night,1.15,4.8
2020,2020-11-28,LSU,Texas A&M,away,7,20,15.5,-13,0,2.5,-13.22,,12,7,-14.66,0,1,-0.22,4,Road · Night · Top-10 opponent,1.35,-7.5
2020,2020-12-05,Boston College,Virginia,away,32,43,6.0,-11,0,-5.0,-11.04,,5,17,5.45,1,3,0.12,4,Road,1.1,-0.9
2020,2020-12-05,Michigan State,Ohio State,home,12,52,22.5,-38,52,-15.5,-12.17,,2,0,-2.87,0,1,-0.17,4,Top-10 opponent,1.2,-5.9
2020,2020-12-05,Missouri,Arkansas,home,50,48,-2.5,2,0,-0.5,-9.25,-7.79,5,27,13.2,3,4,1.58,5,,1,1.9
2020,2020-12-05,NC State,Georgia Tech,home,23,13,-7.0,10,0,3.0,12.24,-2.32,5,16,1.0,1,2,0.22,5,,1,2.2
2020,2020-12-05,North Carolina,Western Carolina,home,49,9,-48.5,39,70,-9.5,13.9,2.36,4,21,0.19,1,1,0.31,5,FCS opponent,0.6,1.0
2020,2020-12-05,Nebraska,Purdue,away,37,27,1.0,10,0,11.0,8.59,-1.83,7,17,-1.02,1,1,0.67,5,Road,1.1,2.9
2020,2020-12-05,Rutgers,Penn State,home,7,23,13.0,-16,0,-3.0,-0.55,,6,7,-4.62,0,1,-0.24,4,,1,-1.7
2020,2020-12-05,Syracuse,Notre Dame,away,21,45,34.0,-24,38,10.0,-14.2,,7,14,8.24,0,2,-0.18,4,Road · Top-10 opponent,1.3,1.3
2020,2020-12-05,Ohio State,Michigan State,away,52,12,-22.5,38,52,15.5,10.99,12.97,5,21,1.89,0,0,,4,Road,1.1,6.8
2020,2020-12-05,Oklahoma State,TCU,away,22,29,-2.5,-7,0,-9.5,4.16,-19.79,11,14,-16.36,0,1,-0.35,5,Road,1.1,-7.2
2020,2020-12-05,Auburn,Texas A&M,home,20,31,6.0,-11,0,-5.0,2.44,,3,13,6.07,0,3,-0.88,4,Top-10 opponent,1.2,0.4
2020,2020-12-05,Penn State,Rutgers,away,23,7,-13.0,16,0,3.0,-0.62,0.31,10,23,-10.18,0,0,,4,Road,1.1,-1.8
2020,2020-12-05,Iowa,Illinois,away,35,21,-13.5,14,0,0.5,6.67,-5.98,8,34,7.25,0,1,-0.44,5,Road,1.1,1.3
2020,2020-12-05,Kansas,Texas Tech,away,13,16,26.5,-3,0,23.5,16.27,,9,13,2.01,0,2,-0.29,4,Road,1.1,6.9
2020,2020-12-05,Kansas State,Texas,home,31,69,7.5,-35,37,-27.5,-23.74,,1,7,4.77,0,1,-0.28,4,,1,-6.7
2020,2020-12-05,Stanford,Washington,away,31,26,12.0,5,0,17.0,-4.79,-0.65,1,7,5.01,0,2,-0.5,5,Road · Ranked opponent,1.2,2.1
2020,2020-12-05,Texas A&M,Auburn,away,31,20,-6.0,11,0,5.0,-3.62,-1.76,3,10,1.16,2,4,0.48,5,Road,1.1,0.7
2020,2020-12-05,Purdue,Nebraska,home,27,37,-1.0,-10,0,-11.0,-9.77,,5,17,3.6,0,1,-0.34,4,,1,-2.5
2020,2020-12-05,Texas,Kansas State,away,69,31,-7.5,35,37,27.5,22.57,22.4,5,24,8.87,0,0,,4,Road,1.1,13.6
2020,2020-12-05,BYU,Coastal Carolina,away,17,22,-10.5,-5,0,-15.5,-10.69,,5,0,-15.92,2,4,0.35,4,Road · Ranked opponent · Group of 5 opponent,1.2,-8.7
2020,2020-12-05,Virginia,Boston College,home,43,32,-6.0,11,0,5.0,9.86,-3.76,9,34,7.49,1,3,-0.14,5,,1,2.7
2020,2020-12-05,TCU,Oklahoma State,home,29,22,2.5,7,0,9.5,-5.34,,13,28,-4.43,0,1,-0.32,4,Ranked opponent,1.1,-1.0
2020,2020-12-05,Tennessee,Florida,home,19,31,18.0,-18,14,0.0,-2.92,,6,14,3.97,0,2,-0.41,4,Top-10 opponent,1.2,0.2
2020,2020-12-05,Washington,Stanford,home,26,31,-12.0,-5,0,-17.0,3.61,,2,10,3.47,0,1,-0.42,4,,1,-1.2
2020,2020-12-05,Texas Tech,Kansas,home,16,13,-26.5,3,0,-23.5,-17.45,-20.28,10,13,-27.34,1,3,-0.59,5,,1,-13.3
2020,2020-12-05,Wisconsin,Indiana,home,6,14,-13.5,-8,0,-21.5,-19.98,,5,3,-13.72,1,1,0.56,4,Ranked opponent,1.1,-9.6
2020,2020-12-05,West Virginia,Iowa State,away,6,42,6.0,-35,45,-29.0,-14.72,,2,0,-4.62,0,1,-0.29,4,Road · Top-10 opponent,1.3,-10.1
2020,2020-12-05,Illinois,Iowa,home,21,35,13.5,-14,0,-0.5,-7.85,-18.8,5,14,4.45,0,3,-0.71,5,Ranked opponent,1.1,-3.8
2020,2020-12-05,Florida,Tennessee,away,31,19,-18.0,18,14,0.0,1.74,-0.5,8,17,-11.66,1,1,0.53,5,Road,1.1,-1.5
2020,2020-12-05,Georgia Tech,NC State,away,13,23,7.0,-10,0,-3.0,-13.41,,4,3,-6.02,0,1,-0.29,4,Road,1.1,-4.7
2020,2020-12-05,Iowa State,West Virginia,home,42,6,-6.0,35,45,29.0,13.55,19.24,5,28,13.27,0,0,,4,,1,11.6
2020,2020-12-05,Arkansas,Missouri,away,48,50,2.5,-2,0,0.5,8.07,-8.99,2,7,2.01,4,6,2.09,5,Road,1.1,2.7
2020,2020-12-05,Indiana,Wisconsin,away,14,6,13.5,8,0,21.5,18.8,6.2,5,7,-2.55,0,2,-0.48,5,Road · Ranked opponent,1.2,5.8
2020,2020-12-05,Notre Dame,Syracuse,home,45,21,-34.0,24,38,-10.0,13.03,-3.49,11,42,-6.76,0,1,-0.58,5,,1,-1.6
2020,2020-12-05,Arizona,Colorado,home,13,24,9.5,-11,0,-1.5,-2.11,-14.05,8,13,-3.99,0,3,-0.8,5,,1,-3.8
2020,2020-12-05,Duke,Miami,home,0,48,14.5,-35,48,-20.5,-11.08,,4,0,-7.43,0,1,-0.23,4,Night · Top-10 opponent,1.25,-8.2
2020,2020-12-05,Oklahoma,Baylor,home,27,14,-23.5,13,0,-10.5,14.14,-8.59,9,24,-10.87,0,0,,4,Night,1.05,-2.8
2020,2020-12-05,Clemson,Virginia Tech,away,45,10,-23.0,28,28,5.0,23.13,2.69,8,24,-6.79,3,3,1.49,5,Road · Night,1.15,4.9
2020,2020-12-05,Baylor,Oklahoma,away,14,27,23.5,-13,0,10.5,-15.32,,6,0,-8.28,0,1,-0.17,4,Road · Night · Ranked opponent,1.25,-4.0
2020,2020-12-05,Miami,Duke,away,48,0,-14.5,35,48,20.5,9.9,14.46,7,28,4.22,0,0,,4,Road · Night,1.15,8.5
2020,2020-12-05,Oregon,California,away,17,21,-9.0,-4,0,-13.0,-14.61,,8,10,-14.84,0,2,-0.8,4,Road,1.1,-9.6
2020,2020-12-05,California,Oregon,home,21,17,9.0,4,0,13.0,13.43,-0.33,8,14,-3.2,1,2,0.46,5,Ranked opponent,1.1,3.4
2020,2020-12-05,Utah,Oregon State,home,30,24,-14.0,6,0,-8.0,2.4,-9.26,6,13,-7.22,1,3,-0.32,5,Night · Group of 5 opponent,1.05,-3.6
2020,2020-12-05,South Carolina,Kentucky,away,18,41,11.5,-38,52,-26.5,-16.9,,5,7,-3.09,0,1,-0.25,4,Road · Night,1.15,-8.5
2020,2020-12-05,Virginia Tech,Clemson,home,10,45,23.0,-28,28,-5.0,-24.31,,5,10,2.97,1,2,0.66,4,Night,1.05,-3.1
2020,2020-12-05,UCLA,Arizona State,away,25,18,2.5,7,0,9.5,10.69,0.01,6,17,2.03,1,3,0.04,5,Road · Night,1.15,3.5
2020,2020-12-05,Alabama,LSU,away,55,17,-28.5,31,83,2.5,5.17,2.6,4,24,7.44,0,0,,4,Road · Night,1.15,3.8
2020,2020-12-05,Colorado,Arizona,away,24,13,-9.5,11,0,1.5,0.94,-3.73,8,24,-1.05,0,1,-0.41,5,Road,1.1,-0.8
2020,2020-12-05,Arizona State,UCLA,home,18,25,-2.5,-7,0,-9.5,-11.87,,4,14,2.96,0,2,-0.71,4,Night,1.05,-3.4
2020,2020-12-05,Kentucky,South Carolina,home,41,18,-11.5,38,52,26.5,15.73,23.15,8,27,1.1,0,1,-0.42,5,Night,1.05,8.5
2020,2020-12-05,LSU,Alabama,home,17,55,28.5,-31,83,-2.5,-6.35,,0,0,,0,1,-0.13,3,Night · Top-10 opponent,1.25,-2.8
2020,2020-12-06,USC,Washington State,home,38,13,-11.0,29,75,18.0,24.31,10.43,4,28,15.15,0,0,,4,Group of 5 opponent,0.85,9.3
2020,2020-12-10,Pittsburgh,Georgia Tech,away,34,20,-7.5,14,0,6.5,-3.63,2.4,7,17,-4.18,1,2,0.22,5,Road · Night,1.15,0.1
2020,2020-12-10,Georgia Tech,Pittsburgh,home,20,34,7.5,-14,0,-6.5,2.45,,4,14,5.08,0,3,-0.85,4,Night,1.05,-0.1
2020,2020-12-11,Arizona,Arizona State,home,7,70,9.0,-42,94,-33.0,-36.67,,1,0,-2.15,0,1,-0.27,4,,1,-11.4
2020,2020-12-12,Maryland,Rutgers,home,24,27,-3.0,-3,0,-6.0,-9.78,,11,10,-20.65,2,4,0.57,4,,1,-6.6
2020,2020-12-12,Michigan State,Penn State,away,24,39,14.5,-15,0,-0.5,-14.13,-16.24,5,17,7.71,1,5,-0.15,5,Road,1.1,-3.0
2020,2020-12-12,Minnesota,Nebraska,away,24,17,9.5,7,0,16.5,-2.79,3.95,7,17,2.14,1,2,0.47,5,Road,1.1,3.3
2020,2020-12-12,Missouri,Georgia,home,14,49,14.0,-28,32,-14.0,3.57,,3,7,1.35,0,1,-0.23,4,,1,-1.1
2020,2020-12-12,Duke,Florida State,away,35,56,3.0,-35,29,-32.0,-17.37,,4,14,4.13,0,1,-0.31,4,Road,1.1,-7.1
2020,2020-12-12,North Carolina,Miami,away,62,26,3.0,38,37,41.0,-9.42,30.3,5,31,18.66,1,1,0.69,5,Road · Top-10 opponent,1.3,15.4
2020,2020-12-12,Wake Forest,Louisville,away,21,45,2.5,-24,6,-21.5,-13.47,,6,14,-0.97,1,2,0.36,4,Road,1.1,-5.3
2020,2020-12-12,Nebraska,Minnesota,home,17,24,-9.5,-7,0,-16.5,1.61,,6,10,-8.79,0,2,-0.81,4,,1,-5.0
2020,2020-12-12,Rutgers,Maryland,away,27,24,3.0,3,0,6.0,8.61,,10,14,-10.68,1,3,0.06,4,Road,1.1,-0.1
2020,2020-12-12,Oklahoma State,Baylor,away,42,3,-6.0,35,48,29.0,-2.12,19.24,4,21,9.22,0,0,,4,Road,1.1,9.3
2020,2020-12-12,Penn State,Michigan State,home,39,24,-14.5,15,0,0.5,12.95,-6.54,6,10,-10.38,2,3,0.67,5,,1,-0.3
2020,2020-12-12,Iowa,Wisconsin,home,28,7,2.0,21,0,23.0,10.57,9.73,12,27,-3.26,0,1,-0.32,5,,1,4.4
2020,2020-12-12,Vanderbilt,Tennessee,home,17,42,14.5,-32,39,-17.5,-7.26,,4,3,-4.43,1,2,0.54,4,,1,-3.8
2020,2020-12-12,Baylor,Oklahoma State,home,3,42,6.0,-35,48,-29.0,0.95,,1,0,-2.31,0,1,-0.29,4,Ranked opponent,1.1,-5.0
2020,2020-12-12,Miami,North Carolina,home,26,62,-3.0,-38,37,-41.0,8.24,,1,0,-2.79,0,1,-0.36,4,Ranked opponent,1.1,-5.7
2020,2020-12-12,Houston,Memphis,away,27,30,-6.5,-3,0,-9.5,-19.17,,6,24,6.16,1,4,-0.54,4,Road · Group of 5 opponent,1.1,-3.8
2020,2020-12-12,Utah,Colorado,away,38,21,-2.5,17,0,14.5,12.13,3.21,10,23,-4.6,1,2,0.29,5,Road · Ranked opponent,1.2,3.8
2020,2020-12-12,Tennessee,Vanderbilt,away,42,17,-14.5,32,39,17.5,6.08,14.46,6,28,7.62,0,2,-0.88,5,Road,1.1,6.0
2020,2020-12-12,Wisconsin,Iowa,away,7,28,-2.0,-21,0,-23.0,-11.75,,9,0,-24.6,0,1,-0.35,4,Road · Ranked opponent,1.2,-13.7
2020,2020-12-12,Alabama,Arkansas,away,52,3,-30.0,35,70,5.0,20.2,5.75,5,31,9.9,0,1,-0.56,5,Road,1.1,6.0
2020,2020-12-12,Illinois,Northwestern,away,10,28,13.5,-25,15,-11.5,2.93,,4,3,-4.64,0,1,-0.24,4,Road · Ranked opponent,1.2,-2.8
2020,2020-12-12,Colorado,Utah,home,21,38,2.5,-17,0,-14.5,-13.31,-24.99,6,7,-7.97,1,3,0.04,5,,1,-8.1
2020,2020-12-12,Florida State,Duke,home,56,35,-3.0,35,29,32.0,16.19,20.92,8,42,19.71,0,1,-0.36,5,,1,12.1
2020,2020-12-12,Georgia,Missouri,away,49,14,-14.0,28,32,14.0,-4.75,7.74,6,28,7.78,1,2,0.12,5,Road,1.1,4.1
2020,2020-12-12,Northwestern,Illinois,home,28,10,-13.5,25,15,11.5,-4.11,8.02,5,14,-2.72,1,1,0.56,5,,1,2.0
2020,2020-12-12,Arkansas,Alabama,home,3,52,30.0,-35,70,-5.0,-21.38,,1,0,-1.04,1,2,0.76,4,Top-10 opponent,1.2,-4.0
2020,2020-12-11,Arizona State,Arizona,away,70,7,-9.0,42,94,33.0,35.49,24.55,4,21,8.58,0,0,,4,Road,1.1,16.7
2020,2020-12-12,Louisville,Wake Forest,home,45,21,-2.5,24,6,21.5,12.3,13.21,8,24,1.92,2,3,0.94,5,,1,7.2
2020,2020-12-12,Auburn,Mississippi State,away,24,10,-5.5,14,0,8.5,1.29,-0.48,9,16,-10.28,1,2,0.25,5,Road · Night,1.15,-0.7
2020,2020-12-12,Stanford,Oregon State,away,27,24,-2.5,3,0,0.5,5.6,,4,10,-1.04,2,4,0.58,4,Road · Night · Group of 5 opponent,1.0,1.7
2020,2020-12-12,BYU,San Diego State,home,28,14,-16.5,14,0,-2.5,14.32,-7.66,5,17,-0.52,0,2,-0.91,5,Night · Group of 5 opponent,1.05,-0.3
2020,2020-12-12,Virginia,Virginia Tech,away,15,33,3.0,-18,0,-15.0,-4.83,,3,0,-7.4,1,3,0.06,4,Road · Night,1.15,-5.1
2020,2020-12-12,Virginia Tech,Virginia,home,33,15,-3.0,18,0,15.0,3.65,4.92,7,23,3.49,1,1,0.64,5,Night,1.05,4.4
2020,2020-12-12,UCLA,USC,home,38,43,3.5,-5,0,-1.5,-16.52,-15.42,6,24,9.35,1,5,-0.56,5,Ranked opponent,1.1,-3.4
2020,2020-12-12,TCU,Louisiana Tech,home,52,10,-21.5,31,73,9.5,14.01,10.53,6,31,8.39,0,0,,4,Night · Group of 5 opponent,0.9,6.2
2020,2020-12-12,USC,UCLA,away,43,38,-3.5,5,0,1.5,15.34,,7,17,-2.69,1,2,0.28,4,Road,1.1,2.9
2020,2020-12-12,Mississippi State,Auburn,home,10,24,5.5,-14,0,-8.5,-2.47,,7,3,-13.35,0,3,-0.89,4,Night,1.05,-6.1
2020,2020-12-12,Florida,LSU,home,34,37,-23.0,-3,0,-26.0,-23.09,,8,27,-3.79,1,6,-2.03,4,Night,1.05,-11.3
2020,2020-12-12,LSU,Florida,away,37,34,23.0,3,0,26.0,21.91,7.53,6,7,-1.44,3,6,1.99,5,Road · Night · Top-10 opponent,1.35,11.5
2020,2020-12-19,Minnesota,Wisconsin,away,17,20,10.5,-3,0,7.5,-5.32,,5,10,-0.35,1,3,0.22,4,Road,1.1,0.6
2020,2020-12-19,Missouri,Mississippi State,away,32,51,-1.5,-30,29,-31.5,-13.92,,4,14,3.17,1,4,-0.39,4,Road,1.1,-6.8
2020,2020-12-19,Ole Miss,LSU,away,48,53,-1.0,-5,0,-6.0,0.42,,6,21,4.92,1,5,-0.72,4,Road,1.1,-0.3
2020,2020-12-18,Nebraska,Rutgers,away,28,21,-6.5,7,0,0.5,-26.21,,6,21,3.16,0,3,-1.15,4,Road · Night,1.15,-5.5
2020,2020-12-18,Rutgers,Nebraska,home,21,28,6.5,-7,0,-0.5,25.03,,6,13,-0.69,1,4,-0.16,4,Night,1.05,4.2
2020,2020-12-19,Ohio State,Northwestern,neutral,22,10,-16.5,12,0,-4.5,-3.99,-7.66,8,17,-11.03,1,2,0.09,5,,1,-4.0
2020,2020-12-19,Oklahoma,Iowa State,neutral,27,21,-5.5,6,0,0.5,10.7,-9.48,9,10,-16.28,1,1,0.62,5,Top-10 opponent,1.2,-2.7
2020,2020-12-19,Penn State,Illinois,home,56,21,-16.0,28,42,12.0,8.64,6.62,8,28,0.19,2,3,0.64,5,,1,4.2
2020,2020-12-19,Clemson,Notre Dame,neutral,34,10,-11.0,28,42,17.0,3.72,12.43,6,31,11.73,0,1,-0.42,5,,1,6.0
2020,2020-12-19,Texas A&M,Tennessee,away,34,13,-13.5,21,0,7.5,-5.46,5.02,5,20,3.28,2,2,1.13,5,Road,1.1,3.0
2020,2020-12-18,Oregon,USC,away,31,24,3.0,7,0,10.0,16.98,-3.7,7,24,6.72,0,3,-0.94,5,Road · Night · Ranked opponent,1.25,4.1
2020,2020-12-19,Utah,Washington State,home,45,28,-11.5,17,0,5.5,1.74,2.15,10,38,5.62,0,1,-0.42,5,Group of 5 opponent,0.85,1.6
2020,2020-12-19,Tennessee,Texas A&M,home,13,34,13.5,-21,0,-7.5,4.29,,2,0,-3.82,0,2,-0.48,4,Top-10 opponent,1.2,-2.0
2020,2020-12-19,Wisconsin,Minnesota,home,20,17,-10.5,3,0,-7.5,4.14,,6,3,-16.11,2,3,0.76,4,,1,-3.1
2020,2020-12-18,USC,Oregon,home,24,31,-3.0,-7,0,-10.0,-18.16,,5,7,-6.93,0,1,-0.36,4,Night,1.05,-6.7
2020,2020-12-19,Mississippi State,Missouri,home,51,32,1.5,30,29,31.5,12.74,22.45,7,23,5.16,1,4,-0.3,5,,1,9.0
2020,2020-12-19,Illinois,Penn State,away,21,56,16.0,-28,42,-12.0,-9.82,,5,14,5.11,1,4,0.12,4,Road,1.1,-1.8
2020,2020-12-19,Iowa State,Oklahoma,neutral,21,27,5.5,-6,0,-0.5,-11.87,,8,21,2.32,0,2,-0.59,4,Top-10 opponent,1.2,-2.4
2020,2020-12-19,Northwestern,Ohio State,neutral,10,22,16.5,-12,0,4.5,2.81,,5,3,-5.76,1,4,0.13,4,,1,0.0
2020,2020-12-19,Notre Dame,Clemson,neutral,10,34,11.0,-28,42,-17.0,-4.9,,4,0,-8.17,0,1,-0.26,4,,1,-5.3
2020,2020-12-19,LSU,Ole Miss,home,53,48,1.0,5,0,6.0,-1.6,-2.83,7,30,11.98,2,5,0.35,5,,1,2.8
2020,2020-12-19,Cincinnati,Tulsa,home,27,24,-13.5,3,0,-10.5,-4.51,-12.98,7,17,-6.41,1,3,-0.31,5,Night · Ranked opponent · Group of 5 opponent,1.15,-5.6
2020,2020-12-19,Stanford,UCLA,away,48,47,6.5,1,0,7.5,-8.06,-3.74,4,21,11.87,2,5,0.55,5,Road,1.1,2.4
2020,2020-12-19,UCLA,Stanford,home,47,48,-6.5,-1,0,-7.5,6.88,-17.04,5,24,9.14,3,5,1.08,5,,1,0.7
2020,2020-12-19,Alabama,Florida,neutral,52,46,-16.0,6,0,-10.0,-7.62,-12.38,3,10,-0.43,3,5,0.73,5,Night · Top-10 opponent,1.25,-3.8
2020,2020-12-19,Florida,Alabama,neutral,46,52,16.0,-6,0,10.0,6.44,,2,7,3.44,2,2,1.56,4,Night · Top-10 opponent,1.25,6.8
2020,2020-12-19,Arizona State,Oregon State,away,46,33,-7.5,13,0,5.5,10.13,-1.6,7,35,13.82,1,1,0.61,5,Road · Night · Group of 5 opponent,1.0,5.1
2020,2020-12-22,UCF,BYU,neutral,23,49,6.0,-32,82,-26.0,-8.72,,1,0,-2.31,0,1,-0.29,4,Ranked opponent · Postseason,1.2,-6.9
2020,2020-12-22,BYU,UCF,neutral,49,23,-6.0,32,82,26.0,7.54,16.24,4,21,9.22,0,0,,4,Postseason,1.1,9.9
2020,2020-12-24,Houston,Hawai'i,neutral,14,28,-7.0,-14,0,-21.0,-20.97,,9,7,-19.99,0,1,-0.39,4,Postseason · Group of 5 opponent,1.1,-12.8
2020,2020-12-29,Oklahoma State,Miami,neutral,37,34,-1.0,3,0,2.0,12.16,-9.95,4,21,10.28,2,4,0.62,5,Ranked opponent · Postseason,1.2,3.8
2020,2020-12-29,Miami,Oklahoma State,neutral,34,37,1.0,-3,0,-2.0,-13.34,,5,10,-2.87,0,2,-0.66,4,Ranked opponent · Postseason,1.2,-4.6
2020,2020-12-30,Wake Forest,Wisconsin,neutral,28,42,7.5,-14,0,-6.5,-37.55,-22.18,7,21,5.39,0,4,-1.13,5,Postseason,1.1,-9.5
2020,2020-12-29,Texas,Colorado,neutral,55,23,-7.0,32,41,25.0,7.91,15.68,11,34,1.01,0,1,-0.39,5,Night · Postseason,1.15,6.8
2020,2020-12-30,Wisconsin,Wake Forest,neutral,42,28,-7.5,14,0,6.5,36.37,-2.6,10,35,4.74,1,2,0.22,5,Postseason,1.1,7.0
2020,2020-12-29,Colorado,Texas,neutral,23,55,7.0,-32,41,-25.0,-9.08,,6,7,-6.54,0,1,-0.29,4,Night · Ranked opponent · Postseason,1.25,-8.4
2020,2020-12-30,Oklahoma,Florida,neutral,55,20,3.0,28,36,31.0,21.49,17.3,6,20,5.19,1,2,0.37,5,Night · Top-10 opponent · Postseason,1.35,13.6
2020,2020-12-31,West Virginia,Army,neutral,24,21,-7.0,3,0,-4.0,-3.97,,6,10,-7.99,1,1,0.61,4,Postseason · Group of 5 opponent,1.1,-2.4
2020,2020-12-31,Mississippi State,Tulsa,neutral,28,26,2.5,2,0,4.5,19.0,-3.99,5,7,-5.47,1,4,-0.27,5,Ranked opponent · Postseason · Group of 5 opponent,1.05,1.3
2020,2020-12-30,Florida,Oklahoma,neutral,20,55,-3.0,-28,36,-31.0,-22.67,,4,13,1.85,0,1,-0.36,4,Night · Top-10 opponent · Postseason,1.35,-10.6
2020,2021-01-01,Auburn,Northwestern,neutral,19,35,3.5,-16,0,-12.5,-7.39,,6,13,-1.65,0,2,-0.62,4,Ranked opponent · Postseason,1.2,-4.7
2020,2021-01-01,Cincinnati,Georgia,neutral,21,24,-7.0,-3,0,-10.0,6.62,-16.32,8,7,-16.99,1,4,-0.55,5,Top-10 opponent · Postseason,1.3,-8.0
2020,2021-01-01,Alabama,Notre Dame,neutral,31,14,-19.5,24,35,4.5,6.65,0.65,6,24,2.02,1,1,0.52,5,Top-10 opponent · Postseason,1.3,3.2
2020,2021-01-01,Georgia,Cincinnati,neutral,24,21,7.0,3,0,10.0,-7.79,,10,23,0.44,0,1,-0.29,4,Top-10 opponent · Postseason,1.3,0.0
2020,2021-01-01,Northwestern,Auburn,neutral,35,19,-3.5,16,0,12.5,6.21,1.64,8,28,5.49,0,1,-0.36,5,Postseason,1.1,3.6
2020,2021-01-01,Notre Dame,Alabama,neutral,14,31,19.5,-24,35,-4.5,-7.82,,3,7,2.22,0,1,-0.19,4,Top-10 opponent · Postseason,1.3,-1.9
2020,2021-01-02,Ole Miss,Indiana,neutral,26,20,7.5,6,0,13.5,-6.8,1.82,5,7,-4.15,3,4,1.87,5,Ranked opponent · Postseason,1.2,2.4
2020,2021-01-02,NC State,Kentucky,neutral,21,23,2.5,-2,0,0.5,0.96,,6,7,-7.97,0,1,-0.32,4,Postseason,1.1,-2.1
2020,2021-01-01,Ohio State,Clemson,neutral,49,28,7.5,28,12,35.5,6.0,19.82,7,35,19.39,1,2,0.44,5,Night · Postseason,1.15,13.4
2020,2021-01-01,Clemson,Ohio State,neutral,28,49,-7.5,-28,12,-35.5,-7.18,,5,7,-8.13,1,3,-0.17,4,Night · Postseason,1.15,-9.3
2020,2021-01-02,Oregon,Iowa State,neutral,17,34,4.5,-17,0,-12.5,-9.66,,3,7,-0.17,2,3,1.09,4,Top-10 opponent · Postseason,1.3,-2.3
2020,2021-01-02,Iowa State,Oregon,neutral,34,17,-4.5,17,0,12.5,8.49,2.08,5,3,-11.33,2,2,1.26,5,Ranked opponent · Postseason,1.2,2.3
2020,2021-01-02,Indiana,Ole Miss,neutral,20,26,-7.5,-6,0,-13.5,5.62,,5,20,4.87,0,3,-1.17,4,Postseason,1.1,-1.1
2020,2021-01-02,Kentucky,NC State,neutral,23,21,-2.5,2,0,-0.5,-2.14,-7.79,8,20,-2.08,0,2,-0.71,5,Ranked opponent · Postseason,1.2,-2.8
2020,2021-01-02,North Carolina,Texas A&M,neutral,27,41,7.5,-14,0,-6.5,-2.38,,5,10,-1.15,3,5,1.59,4,Night · Top-10 opponent · Postseason,1.35,0.9
2020,2021-01-02,Texas A&M,North Carolina,neutral,41,27,-7.5,14,0,6.5,1.2,-2.6,6,24,5.85,3,5,1.04,5,Night · Ranked opponent · Postseason,1.25,3.5
2020,2021-01-11,Ohio State,Alabama,neutral,24,52,9.5,-28,37,-18.5,-0.89,,1,7,4.88,2,3,1.2,4,Night · Top-10 opponent · Postseason,1.35,0.3
2020,2021-01-11,Alabama,Ohio State,neutral,52,24,-9.5,28,37,18.5,-0.29,13.27,5,21,5.34,3,3,1.78,5,Night · Top-10 opponent · Postseason,1.35,9.1
2021,2021-08-28,Nebraska,Illinois,away,22,30,-6.5,-8,0,-14.5,-21.46,,7,24,4.57,1,3,-0.19,4,Road,1.1,-5.0
2021,2021-08-28,UCLA,Hawai'i,home,44,10,-17.5,34,72,16.5,17.31,16.42,4,24,10.35,0,0,,4,Group of 5 opponent,0.85,8.2
2021,2021-08-28,Illinois,Nebraska,home,30,22,6.5,8,0,14.5,19.61,-1.47,5,7,-3.12,0,2,-0.61,5,,1,2.9
2021,2021-09-02,NC State,South Florida,home,45,0,-19.0,31,57,12.0,7.35,12.66,8,31,3.01,0,0,,4,Night · Group of 5 opponent,0.9,4.9
2021,2021-09-02,UCF,Boise State,home,36,31,-6.5,5,0,-1.5,-24.52,,7,14,-5.43,1,2,0.21,4,Night · Group of 5 opponent,1.05,-5.5
2021,2021-09-02,Utah,Weber State,home,40,17,-29.5,23,25,-6.5,2.88,-2.64,7,20,-8.74,0,0,,4,FCS opponent,1,-2.4
2021,2021-09-02,Minnesota,Ohio State,home,31,45,14.0,-14,0,0.0,-5.62,,2,7,3.82,1,3,0.24,4,Night · Top-10 opponent,1.25,0.6
2021,2021-09-03,Duke,Charlotte,away,28,31,-6.5,-3,0,-9.5,-14.4,,6,14,-2.66,1,4,-0.59,4,Road · Night · Full house · Group of 5 opponent,1.25,-6.1
2021,2021-09-03,North Carolina,Virginia Tech,away,10,17,-5.5,-7,0,-12.5,-12.43,,6,10,-6.31,0,1,-0.39,4,Road · Full house,1.2,-6.8
2021,2021-09-02,Ohio State,Minnesota,away,45,31,-14.0,14,0,0.0,3.77,-1.82,3,17,7.37,2,5,-0.25,5,Road · Night · Full house,1.25,2.0
2021,2021-09-03,Virginia Tech,North Carolina,home,17,10,5.5,7,0,12.5,10.58,-2.97,7,7,-7.58,1,2,0.37,5,Top-10 opponent,1.2,1.6
2021,2021-09-02,Tennessee,Bowling Green,home,38,6,-37.0,25,27,-12.0,7.82,-6.42,8,24,-12.32,0,1,-0.61,5,Night · Group of 5 opponent,1.05,-4.2
2021,2021-09-02,Arizona State,Southern Utah,home,41,14,-44.5,27,17,-17.5,7.57,-7.21,6,35,5.16,0,1,-0.66,5,Night · FCS opponent,1.05,-1.5
2021,2021-09-04,Boston College,Colgate,home,51,0,-42.5,30,48,-12.5,3.91,-4.2,5,21,-3.29,0,0,,4,FCS opponent,1,-2.0
2021,2021-09-04,Maryland,West Virginia,home,30,24,2.5,6,0,8.5,-12.16,-1.49,8,20,1.95,1,3,-0.0,5,,1,-0.4
2021,2021-09-03,Michigan State,Northwestern,away,38,21,3.0,17,0,20.0,2.95,5.76,8,21,3.18,0,0,,4,Road · Night · Full house,1.25,5.9
2021,2021-09-04,Michigan,Western Michigan,home,47,14,-16.5,26,42,9.5,14.69,8.92,5,24,7.23,1,1,0.53,5,Group of 5 opponent,0.85,5.3
2021,2021-09-04,Missouri,Central Michigan,home,34,24,-14.0,10,0,-4.0,15.83,-5.82,8,10,-15.68,3,4,1.2,5,Group of 5 opponent,1,-0.8
2021,2021-09-04,Nebraska,Fordham,home,52,7,-42.0,41,83,-1.0,30.87,5.05,6,35,6.03,1,1,0.36,5,FCS opponent,0.6,3.8
2021,2021-09-04,Rutgers,Temple,home,61,14,-14.0,26,38,12.0,22.33,8.18,6,21,1.74,0,0,,4,Group of 5 opponent,0.85,5.7
2021,2021-09-04,Oklahoma State,Missouri State,home,23,16,-32.5,7,0,-25.5,3.63,-21.15,8,14,-20.23,1,2,-0.16,5,Night · Group of 5 opponent,1.05,-9.6
2021,2021-09-04,Auburn,Akron,home,60,10,-37.0,37,75,0.0,11.4,6.58,4,28,9.84,0,0,,4,Night · Group of 5 opponent,0.9,4.6
2021,2021-09-04,Oklahoma,Tulane,home,40,35,-31.0,5,0,-26.0,1.43,-19.4,6,20,-5.16,2,2,0.86,5,Group of 5 opponent,1,-5.3
2021,2021-09-04,Penn State,Wisconsin,away,16,10,5.5,6,0,11.5,11.34,,9,14,-4.74,1,2,0.37,4,Road · Full house · Ranked opponent,1.3,3.9
2021,2021-09-04,Cincinnati,Miami (OH),home,49,14,-22.5,35,84,12.5,8.12,10.89,4,21,6.2,0,0,,4,Group of 5 opponent,0.85,5.1
2021,2021-09-04,Clemson,Georgia,neutral,3,10,-2.5,-7,0,-9.5,-1.46,,7,3,-14.81,0,1,-0.37,4,Night · Top-10 opponent,1.25,-6.8
2021,2021-09-04,Iowa,Indiana,home,34,6,-3.5,25,31,21.5,20.45,10.48,6,10,-5.62,0,0,,4,Ranked opponent,1.1,6.9
2021,2021-09-03,Kansas,South Dakota,home,17,14,-11.5,3,0,-8.5,2.76,-11.55,8,10,-14.52,1,3,-0.29,5,Night · FCS opponent,1.05,-5.3
2021,2021-09-04,Kansas State,Stanford,neutral,24,7,-3.0,24,12,21.0,6.52,9.74,7,24,5.98,0,0,,4,,1,6.6
2021,2021-09-04,Baylor,Texas State,away,29,20,-13.5,9,0,-4.5,-5.73,-10.56,5,13,-2.9,2,2,1.11,5,Road · Night · Full house · Group of 5 opponent,1.25,-2.5
2021,2021-09-04,Miami,Alabama,neutral,13,44,19.5,-31,66,-11.5,-9.6,,0,0,,0,1,-0.22,3,Top-10 opponent,1.2,-5.8
2021,2021-09-04,Stanford,Kansas State,neutral,7,24,3.0,-24,12,-21.0,-8.38,,4,0,-8.91,0,1,-0.33,4,,1,-6.7
2021,2021-09-04,Houston,Texas Tech,neutral,21,38,-2.5,-17,0,-19.5,-8.03,-31.01,6,7,-8.27,0,4,-1.48,5,Night,1.05,-10.9
2021,2021-09-04,Oregon,Fresno State,home,31,24,-19.5,7,0,-12.5,11.17,-15.59,7,24,-0.69,1,3,-0.46,5,Group of 5 opponent,1,-2.5
2021,2021-09-04,Purdue,Oregon State,home,30,21,-7.0,9,0,2.0,1.51,-2.28,8,23,0.56,1,3,-0.2,5,Night · Group of 5 opponent,0.9,0.1
2021,2021-09-04,Texas,Louisiana,home,38,18,-8.5,26,11,17.5,10.68,11.96,5,14,-0.46,1,1,0.59,5,Ranked opponent · Group of 5 opponent,0.95,5.3
2021,2021-09-04,SMU,Abilene Christian,home,56,9,-32.0,32,79,0.0,12.37,3.1,6,31,5.5,0,0,,4,Night · FCS opponent,0.65,2.4
2021,2021-09-04,South Carolina,Eastern Illinois,home,46,0,-31.5,29,71,-2.5,13.68,-0.65,8,31,-2.77,0,0,,4,Night · FCS opponent,0.65,0.8
2021,2021-09-04,Virginia,William & Mary,home,43,0,-30.5,29,38,-1.5,6.14,4.86,6,13,-11.98,1,1,0.44,5,Night · FCS opponent,1.05,-0.4
2021,2021-09-04,Texas Tech,Houston,neutral,38,21,2.5,17,0,19.5,6.18,9.51,9,31,10.7,0,1,-0.33,5,Night,1.05,6.4
2021,2021-09-04,Wisconsin,Penn State,home,10,16,-5.5,-6,0,-11.5,-13.19,,8,3,-18.75,1,3,-0.17,4,Ranked opponent,1.1,-9.3
2021,2021-09-04,West Virginia,Maryland,away,24,30,-2.5,-6,0,-8.5,10.31,,6,7,-8.27,1,3,-0.11,4,Road,1.1,-1.5
2021,2021-09-04,Alabama,Miami,neutral,44,13,-19.5,31,66,11.5,7.75,12.41,4,20,5.89,0,0,,4,Ranked opponent,1.1,6.6
2021,2021-09-04,Mississippi State,Louisiana Tech,home,35,34,-20.5,1,0,-19.5,-5.02,-22.1,8,28,-0.68,0,3,-1.48,5,Group of 5 opponent,1,-7.3
2021,2021-09-04,Illinois,UTSA,home,30,37,-4.5,-7,0,-11.5,1.48,,5,3,-10.3,1,2,0.23,4,Night · Group of 5 opponent,1.05,-3.5
2021,2021-09-03,Colorado,Northern Colorado,home,35,7,-37.5,28,21,-9.5,12.19,-3.68,7,28,-3.98,0,0,,4,Night · FCS opponent,1.05,-0.6
2021,2021-09-04,Florida,Florida Atlantic,home,35,14,-23.5,35,18,11.5,2.74,10.39,8,21,-9.07,0,0,,4,Night · Group of 5 opponent,0.9,1.5
2021,2021-09-04,Georgia,Clemson,neutral,10,3,2.5,7,0,9.5,-0.39,-0.49,6,3,-10.53,0,1,-0.33,5,Night · Top-10 opponent,1.25,-1.6
2021,2021-09-04,Iowa State,Northern Iowa,home,16,10,-28.5,6,0,-22.5,-0.8,,7,10,-18.34,1,1,0.45,4,FCS opponent,1,-7.0
2021,2021-09-03,Northwestern,Michigan State,home,21,38,-3.0,-17,0,-20.0,-4.8,,6,21,5.56,0,1,-0.37,4,Night,1.05,-2.6
2021,2021-09-04,Indiana,Iowa,away,6,34,3.5,-25,31,-21.5,-22.3,,6,3,-10.19,0,1,-0.33,4,Road · Full house · Ranked opponent,1.3,-12.2
2021,2021-09-04,Kentucky,UL Monroe,home,45,10,-31.0,24,43,-7.0,-16.69,-4.4,8,31,-2.54,1,1,0.43,5,Group of 5 opponent,1,-3.5
2021,2021-09-04,Arizona,BYU,neutral,16,24,13.5,-8,0,5.5,-13.72,,5,3,-5.1,0,1,-0.26,4,Night,1.05,-3.1
2021,2021-09-04,Texas A&M,Kent State,home,41,10,-29.5,24,52,-5.5,0.84,0.36,7,17,-11.74,1,1,0.44,5,Night · Group of 5 opponent,1.05,-2.2
2021,2021-09-04,California,Nevada,home,17,22,-3.0,-5,0,-8.0,0.44,-19.26,5,10,-2.87,0,3,-1.12,5,Night · Group of 5 opponent,1.05,-5.2
2021,2021-09-04,BYU,Arizona,neutral,24,16,-13.5,8,0,-5.5,11.87,-11.56,8,24,-1.45,0,0,,4,Night,1.05,-0.8
2021,2021-09-04,UCLA,LSU,home,38,27,2.0,11,0,13.0,2.53,2.26,6,21,7.29,3,4,1.65,5,,1,5.2
2021,2021-09-04,Washington,Montana,home,7,13,-22.5,-6,0,-28.5,-14.07,,7,3,-22.91,0,4,-2.03,4,FCS opponent,1,-14.3
2021,2021-09-05,Florida State,Notre Dame,home,38,41,7.5,-3,0,4.5,-3.14,,7,24,10.23,0,4,-1.2,4,Night,1.05,1.4
2021,2021-09-05,Notre Dame,Florida State,away,41,38,-7.5,3,0,-4.5,1.29,-10.54,8,24,1.33,2,5,-0.02,5,Road · Night · Full house,1.25,-1.7
2021,2021-09-04,LSU,UCLA,away,27,38,-2.0,-11,0,-13.0,-4.39,,5,10,-2.58,1,3,-0.1,4,Road,1.1,-3.4
2021,2021-09-06,Ole Miss,Louisville,neutral,43,24,9.0,33,27,42.0,-0.93,29.79,5,17,7.6,0,0,,4,Night,1.05,12.1
2021,2021-09-06,Louisville,Ole Miss,neutral,24,43,-9.0,-33,27,-42.0,-0.92,,2,0,-5.84,0,1,-0.41,4,Night,1.05,-8.1
2021,2021-09-10,Kansas,Coastal Carolina,away,22,49,27.0,-27,15,0.0,-20.97,,3,7,4.48,1,2,0.67,4,Road · Night · Full house · Group of 5 opponent,1.25,-1.7
2021,2021-09-11,Boston College,Massachusetts,away,45,28,-39.0,17,0,-22.0,3.05,-15.43,4,21,2.38,2,2,0.75,5,Road · Group of 5 opponent,1.1,-3.0
2021,2021-09-11,Maryland,Howard,home,62,0,-48.5,38,66,-10.5,11.02,0.77,6,28,-3.23,0,0,,4,Night · FCS opponent,0.65,0.0
2021,2021-09-11,Michigan State,Youngstown State,home,42,14,-28.5,28,39,-0.5,-1.52,0.87,4,14,-2.19,0,0,,4,FCS opponent,1,-0.4
2021,2021-09-11,Minnesota,Miami (OH),home,31,26,-19.0,5,0,-14.0,9.66,-14.34,5,17,-0.49,2,3,0.55,5,Group of 5 opponent,1,-1.6
2021,2021-09-11,Missouri,Kentucky,away,28,35,5.5,-7,0,-1.5,-0.78,,4,14,5.67,0,2,-0.63,4,Road · Night · Full house,1.25,0.6
2021,2021-09-11,Ole Miss,Austin Peay,home,54,17,-37.0,30,78,-7.0,17.62,-1.42,4,14,-4.16,0,0,,4,Night · FCS opponent,0.65,0.6
2021,2021-09-10,Duke,North Carolina A&T,home,45,17,-22.5,25,39,2.5,10.56,0.89,3,14,2.9,2,2,0.98,5,Night · FCS opponent,0.65,2.2
2021,2021-09-11,NC State,Mississippi State,away,10,24,-1.5,-14,0,-15.5,-16.49,,8,13,-6.9,0,2,-0.72,4,Road · Night · Full house,1.25,-9.1
2021,2021-09-11,North Carolina,Georgia State,home,59,17,-26.0,35,45,9.0,1.86,9.13,6,31,7.58,0,0,,4,Night · Group of 5 opponent,0.9,4.2
2021,2021-09-11,Wake Forest,Norfolk State,home,41,16,-43.0,32,48,-11.0,16.68,0.55,4,24,4.45,1,1,0.35,5,FCS opponent,0.6,1.5
2021,2021-09-11,Nebraska,Buffalo,home,28,3,-13.5,25,28,11.5,8.7,5.44,8,24,-1.45,0,0,,4,Group of 5 opponent,0.85,2.9
2021,2021-09-11,Rutgers,Syracuse,away,17,7,-2.5,10,0,7.5,11.72,-0.01,10,20,-5.45,0,1,-0.37,5,Road,1.1,1.2
2021,2021-09-11,Syracuse,Rutgers,home,7,17,2.5,-10,0,-7.5,-13.57,,8,3,-15.05,1,3,-0.0,4,,1,-6.8
2021,2021-09-11,Ohio State,Oregon,home,28,35,-15.0,-7,0,-22.0,-16.94,,5,14,-2.34,0,2,-0.91,4,Ranked opponent,1.1,-8.1
2021,2021-09-11,Oklahoma State,Tulsa,home,28,23,-12.0,5,0,-7.0,8.77,,8,14,-10.75,2,3,0.69,4,Group of 5 opponent,1,-1.1
2021,2021-09-11,Auburn,Alabama State,home,62,0,-49.5,34,58,-15.5,18.48,-2.73,7,27,-9.83,0,1,-0.7,5,FCS opponent,1,-2.0
2021,2021-09-11,Oklahoma,Western Carolina,home,76,0,-52.5,45,82,-7.5,11.86,9.75,5,31,3.82,0,0,,4,Night · FCS opponent,0.65,2.3
2021,2021-09-11,UCF,Bethune-Cookman,home,63,14,-46.0,42,58,-4.0,11.7,6.03,4,28,7.76,0,1,-0.67,5,FCS opponent,0.6,1.8
2021,2021-09-11,Penn State,Ball State,home,44,13,-22.5,28,46,5.5,9.35,3.89,5,21,2.49,0,0,,4,Group of 5 opponent,0.85,2.9
2021,2021-09-11,Cincinnati,Murray State,home,42,7,-36.5,28,27,-8.5,11.11,-3.17,7,28,-3.57,0,1,-0.61,5,FCS opponent,1,-1.0
2021,2021-09-11,Pittsburgh,Tennessee,away,41,34,-3.5,7,0,3.5,2.06,-7.52,6,20,4.38,2,5,0.12,5,Road,1.1,0.8
2021,2021-09-11,Clemson,South Carolina State,home,49,3,-50.5,32,81,-18.5,13.25,-6.24,3,21,5.04,0,0,,4,FCS opponent,0.6,0.1
2021,2021-09-11,Iowa,Iowa State,away,27,17,4.0,10,0,14.0,27.39,2.27,10,20,-1.69,1,3,0.03,5,Road · Full house · Top-10 opponent,1.4,7.4
2021,2021-09-11,Kansas State,Southern Illinois,home,31,23,-17.0,8,0,-9.0,-3.8,-13.33,7,20,-3.68,0,2,-0.94,5,Night · FCS opponent,1.05,-5.0
2021,2021-09-11,Baylor,Texas Southern,home,66,7,-44.5,42,87,-2.5,1.31,6.79,3,21,6.08,0,0,,4,Night · FCS opponent,0.65,1.6
2021,2021-09-11,Miami,Appalachian State,home,25,23,-7.5,2,0,-5.5,-0.49,,6,13,-4.0,1,4,-0.61,4,Night · Group of 5 opponent,1.05,-2.5
2021,2021-09-11,Texas A&M,Colorado,neutral,10,7,-17.0,3,0,-14.0,0.31,,10,10,-23.83,0,1,-0.47,4,,1,-8.1
2021,2021-09-11,Houston,Rice,away,44,7,-7.5,24,37,16.5,3.19,11.46,8,34,11.33,0,0,,4,Road · Group of 5 opponent,0.95,6.6
2021,2021-09-11,Oregon,Ohio State,away,35,28,15.0,7,0,22.0,15.08,1.82,7,7,-3.73,3,4,2.01,5,Road · Full house · Top-10 opponent,1.4,8.4
2021,2021-09-11,California,TCU,away,32,34,11.5,-2,0,9.5,5.99,-6.95,5,14,5.32,1,4,-0.09,5,Road,1.1,2.1
2021,2021-09-11,Purdue,UConn,away,49,0,-35.0,35,77,0.0,14.78,4.58,4,21,3.3,0,0,,4,Road · Group of 5 opponent,0.95,3.7
2021,2021-09-11,Texas,Arkansas,away,21,40,-6.0,-33,20,-39.0,-3.27,,3,7,-1.24,0,1,-0.39,4,Road · Night · Full house,1.25,-8.1
2021,2021-09-11,SMU,North Texas,home,35,12,-22.5,23,23,0.5,22.27,3.89,12,28,-16.41,1,3,-0.52,5,Night · Group of 5 opponent,0.9,0.0
2021,2021-09-11,South Carolina,East Carolina,away,20,17,-2.5,3,0,0.5,-3.31,,9,7,-15.9,1,2,0.26,4,Road · Group of 5 opponent,1.1,-4.3
2021,2021-09-11,Virginia,Illinois,home,42,14,-10.5,28,29,17.5,-3.09,9.95,5,24,8.96,0,0,,4,,1,5.4
2021,2021-09-11,TCU,California,home,34,32,-11.5,2,0,-9.5,-7.84,,7,17,-4.46,1,2,0.14,4,,1,-3.3
2021,2021-09-11,Tennessee,Pittsburgh,home,34,41,3.5,-7,0,-3.5,-3.91,-13.98,6,10,-3.19,2,4,0.69,5,,1,-2.6
2021,2021-09-11,Wisconsin,Eastern Michigan,home,34,7,-26.0,34,23,8.0,-5.8,12.13,6,34,10.58,0,0,,4,Night · Group of 5 opponent,0.9,4.1
2021,2021-09-11,West Virginia,Long Island University,home,66,0,-50.0,38,77,-12.0,13.96,0.01,4,28,6.84,0,0,,4,FCS opponent,0.6,1.4
2021,2021-09-11,Mississippi State,NC State,home,24,10,1.5,14,0,15.5,14.64,2.01,9,17,-3.82,0,2,-0.68,5,Night,1.05,2.7
2021,2021-09-11,Illinois,Virginia,away,14,42,10.5,-28,29,-17.5,1.24,,1,7,5.21,0,1,-0.28,4,Road,1.1,-1.2
2021,2021-09-11,Colorado,Texas A&M,neutral,7,10,17.0,-3,0,14.0,-2.16,,10,7,-7.18,0,1,-0.23,4,,1,-0.3
2021,2021-09-11,Florida,South Florida,away,42,20,-28.5,39,45,10.5,-1.69,14.87,5,28,7.76,1,1,0.45,5,Road · Group of 5 opponent,0.95,4.8
2021,2021-09-11,Georgia,UAB,home,56,7,-22.5,35,72,12.5,14.59,10.89,4,21,6.2,0,0,,4,Group of 5 opponent,0.85,5.9
2021,2021-09-11,Iowa State,Iowa,home,17,27,-4.0,-10,0,-14.0,-29.24,,9,17,-6.68,0,3,-1.14,4,Top-10 opponent,1.2,-11.7
2021,2021-09-11,Northwestern,Indiana State,home,24,6,-28.5,24,13,-4.5,3.1,-3.13,9,17,-19.43,0,0,,4,FCS opponent,1,-4.5
2021,2021-09-11,Arkansas,Texas,home,40,21,6.0,33,20,39.0,1.42,27.28,8,26,9.57,0,0,,4,Night · Ranked opponent,1.15,13.2
2021,2021-09-11,Notre Dame,Toledo,home,32,29,-16.5,3,0,-13.5,-9.78,,7,17,-6.48,1,5,-1.33,4,Group of 5 opponent,1,-6.6
2021,2021-09-11,Kentucky,Missouri,home,35,28,-5.5,7,0,1.5,-1.07,-8.53,6,24,7.69,1,3,-0.17,5,Night,1.05,0.3
2021,2021-09-11,Louisville,Eastern Kentucky,home,30,3,-30.0,24,35,-6.0,4.86,-2.89,5,7,-13.67,0,0,,4,Night · FCS opponent,1.05,-3.3
2021,2021-09-11,Arizona,San Diego State,home,14,38,-1.5,-31,53,-32.5,-6.37,,4,0,-9.95,0,1,-0.36,4,Night · Group of 5 opponent,1.05,-8.6
2021,2021-09-11,Michigan,Washington,home,31,10,-6.5,21,0,14.5,17.23,8.97,7,17,-2.43,0,0,,4,Night,1.05,5.7
2021,2021-09-11,Vanderbilt,Colorado State,away,24,21,6.5,3,0,9.5,26.36,,11,24,1.73,0,1,-0.31,4,Road · Night · Group of 5 opponent,1.0,6.0
2021,2021-09-11,Stanford,USC,away,42,28,17.5,21,11,38.5,14.49,20.08,4,21,15.45,2,3,1.31,5,Road · Night · Full house · Ranked opponent,1.35,17.9
2021,2021-09-11,BYU,Utah,home,26,17,7.0,9,0,16.0,5.63,3.78,6,24,12.03,1,2,0.39,5,Night · Ranked opponent,1.15,6.7
2021,2021-09-11,Utah,BYU,away,17,26,-7.0,-9,0,-16.0,-7.48,,5,7,-7.03,0,1,-0.4,4,Road · Night · Full house,1.25,-6.9
2021,2021-09-11,Washington,Michigan,away,10,31,6.5,-21,0,-14.5,-19.09,,4,0,-8.1,0,1,-0.31,4,Road · Night · Full house,1.25,-9.2
2021,2021-09-11,USC,Stanford,home,28,42,-17.5,-21,11,-38.5,-16.34,,4,14,0.35,1,2,0.05,4,Night,1.05,-8.0
2021,2021-09-11,Florida State,Jacksonville State,home,17,20,-27.5,-3,0,-30.5,-6.08,-25.63,9,17,-18.91,0,2,-1.09,5,Night · Group of 5 opponent,1.05,-12.8
2021,2021-09-11,Arizona State,UNLV,home,37,10,-34.5,24,20,-10.5,-4.74,-3.16,6,21,-5.37,2,2,0.82,5,Night · Group of 5 opponent,1.05,-2.4
2021,2021-09-11,LSU,McNeese,home,34,7,-39.0,24,42,-15.0,6.92,-8.43,10,27,-19.55,0,0,,4,Night · FCS opponent,1.05,-6.4
2021,2021-09-17,UCF,Louisville,away,35,42,-7.0,-7,0,-14.0,-1.27,,8,21,-1.44,1,4,-0.6,4,Road · Night,1.15,-3.5
2021,2021-09-17,Louisville,UCF,home,42,35,7.0,7,0,14.0,-0.58,,7,28,14.03,1,5,-0.51,4,Night,1.05,5.1
2021,2021-09-18,Boston College,Temple,away,28,3,-15.0,25,14,10.0,13.6,4.68,8,14,-12.14,0,0,,4,Road · Group of 5 opponent,0.95,1.5
2021,2021-09-17,Maryland,Illinois,away,20,17,-7.0,3,0,-4.0,-14.77,,8,13,-9.44,1,4,-0.6,4,Road · Night,1.15,-6.8
2021,2021-09-18,Michigan State,Miami,away,38,17,7.0,21,0,28.0,20.56,15.78,9,31,13.04,1,3,0.09,5,Road · Ranked opponent,1.2,12.8
2021,2021-09-18,Michigan,Northern Illinois,home,63,10,-27.5,32,73,4.5,9.43,8.37,3,21,9.03,1,1,0.46,5,Group of 5 opponent,0.85,4.4
2021,2021-09-18,Minnesota,Colorado,away,30,0,2.5,23,26,25.5,-6.13,12.51,9,28,7.7,0,0,,4,Road,1.1,6.7
2021,2021-09-18,Missouri,Southeast Missouri State,home,59,28,-34.5,38,69,3.5,-0.73,7.84,4,24,6.42,0,0,,4,FCS opponent,0.6,1.9
2021,2021-09-18,Duke,Northwestern,home,30,23,2.5,7,0,9.5,-7.93,-4.49,10,30,7.44,0,0,,4,,1,1.1
2021,2021-09-18,NC State,Furman,home,45,7,-27.5,38,65,10.5,4.76,15.37,5,24,4.05,1,1,0.46,5,Night · FCS opponent,0.65,3.4
2021,2021-09-18,North Carolina,Virginia,home,59,39,-7.5,20,0,12.5,6.54,3.46,5,31,16.83,2,2,1.19,5,Night,1.05,7.6
2021,2021-09-18,Wake Forest,Florida State,home,35,14,-4.5,21,0,16.5,4.8,5.98,9,24,0.06,1,1,0.62,5,,1,4.0
2021,2021-09-18,Nebraska,Oklahoma,away,16,23,22.5,-7,0,15.5,-4.11,,5,7,1.5,1,1,0.81,4,Road · Full house · Top-10 opponent,1.4,4.2
2021,2021-09-18,Rutgers,Delaware,home,45,13,-20.0,25,36,5.0,10.56,2.16,4,14,-0.23,1,1,0.51,5,Group of 5 opponent,0.85,2.4
2021,2021-09-18,Syracuse,Albany,home,62,24,-21.5,35,74,13.5,-1.77,11.4,4,24,9.43,1,1,0.5,5,FCS opponent,0.6,3.2
2021,2021-09-18,Ohio State,Tulsa,home,41,20,-24.5,21,0,-3.5,19.68,-4.12,5,17,-2.08,3,4,0.91,5,Group of 5 opponent,0.85,1.9
2021,2021-09-18,Auburn,Penn State,away,20,28,4.0,-8,0,-4.0,-9.51,,5,6,-4.85,1,3,0.03,4,Road · Night · Full house · Top-10 opponent,1.45,-4.5
2021,2021-09-18,Oklahoma,Nebraska,home,23,16,-22.5,7,0,-15.5,2.26,-14.11,4,7,-7.8,1,3,-0.52,5,,1,-5.2
2021,2021-09-18,Penn State,Auburn,home,28,20,-4.0,8,0,4.0,7.66,-3.77,6,21,5.21,1,4,-0.52,5,Night · Ranked opponent,1.15,1.8
2021,2021-09-18,Cincinnati,Indiana,away,38,24,-4.0,14,0,10.0,19.24,-0.77,8,14,-7.05,2,3,0.86,5,Road · Full house,1.2,3.7
2021,2021-09-18,Pittsburgh,Western Michigan,home,41,44,-14.5,-3,0,-17.5,-1.58,,8,21,-4.91,3,6,0.28,4,Group of 5 opponent,1,-3.3
2021,2021-09-18,Clemson,Georgia Tech,home,14,8,-27.5,6,0,-21.5,7.03,-17.63,8,14,-17.92,0,0,,4,,1,-8.0
2021,2021-09-18,Iowa,Kent State,home,30,7,-22.5,23,12,0.5,8.95,3.89,9,21,-12.31,0,1,-0.51,5,Group of 5 opponent,1,-0.9
2021,2021-09-18,Kansas,Baylor,home,7,45,17.0,-28,31,-11.0,-2.88,,3,7,2.75,0,1,-0.23,4,,1,-1.4
2021,2021-09-18,Kansas State,Nevada,home,38,17,1.5,21,0,22.5,17.63,13.01,5,17,5.43,2,3,0.98,5,Group of 5 opponent,0.85,7.4
2021,2021-09-18,Baylor,Kansas,away,45,7,-17.0,28,31,11.0,1.02,6.67,7,28,4.32,0,1,-0.47,5,Road,1.1,3.0
2021,2021-09-18,Miami,Michigan State,home,17,38,-7.0,-21,0,-28.0,-22.42,,6,0,-16.83,1,2,0.2,4,,1,-11.3
2021,2021-09-18,Texas A&M,New Mexico,home,34,0,-30.0,34,47,4.0,4.67,6.11,6,24,-0.81,0,0,,4,Group of 5 opponent,0.85,1.9
2021,2021-09-18,Houston,Grambling,home,45,0,-41.0,35,48,-6.0,6.46,1.56,8,28,-10.17,0,0,,4,Night · FCS opponent,1.05,-1.5
2021,2021-09-18,Oregon,Stony Brook,home,48,7,-42.0,24,45,-18.0,13.09,-5.95,7,27,-6.8,1,1,0.36,5,FCS opponent,1,-1.8
2021,2021-09-18,California,Sacramento State,home,42,30,-24.5,19,27,-5.5,2.7,-7.12,5,21,1.92,2,6,-1.13,5,Group of 5 opponent,1,-1.8
2021,2021-09-18,Purdue,Notre Dame,away,13,27,7.5,-14,0,-6.5,-13.95,,7,3,-10.77,0,3,-0.9,4,Road · Full house,1.2,-8.2
2021,2021-09-18,Utah,San Diego State,away,31,33,-8.0,-2,0,-10.0,-9.58,,9,17,-8.77,0,2,-0.81,4,Road · Night · Full house · Group of 5 opponent,1.25,-7.5
2021,2021-09-18,SMU,Louisiana Tech,away,39,37,-11.0,2,0,-9.0,-8.91,-11.3,6,10,-8.22,4,6,1.43,5,Road · Group of 5 opponent,1.1,-4.1
2021,2021-09-18,South Carolina,Georgia,away,13,40,31.5,-34,56,-2.5,-11.13,,4,3,0.68,1,1,0.87,4,Road · Night · Full house · Top-10 opponent,1.45,-1.1
2021,2021-09-18,Virginia,North Carolina,away,39,59,7.5,-20,0,-12.5,-8.39,,1,7,5.03,1,3,0.1,4,Road · Night · Full house,1.25,-1.9
2021,2021-09-18,Virginia Tech,West Virginia,away,21,27,2.0,-6,0,-4.0,-8.3,,6,14,0.29,0,1,-0.34,4,Road · Full house,1.2,-2.5
2021,2021-09-18,Tennessee,Tennessee Tech,home,56,0,-38.0,35,72,-3.0,11.45,3.07,6,28,0.42,0,0,,4,FCS opponent,0.6,1.3
2021,2021-09-18,Washington,Arkansas State,home,52,3,-17.5,35,67,17.5,4.7,13.42,3,21,10.76,1,1,0.53,5,Group of 5 opponent,0.85,6.0
2021,2021-09-18,Texas Tech,Florida International,home,54,21,-20.5,23,37,2.5,1.12,-0.1,6,24,2.49,1,2,0.01,5,Night · Group of 5 opponent,0.9,0.9
2021,2021-09-18,West Virginia,Virginia Tech,home,27,21,-2.0,6,0,4.0,6.45,-7.76,7,24,6.39,0,2,-0.73,5,Ranked opponent,1.1,0.9
2021,2021-09-18,USC,Washington State,away,45,14,-7.0,24,25,17.0,1.04,7.72,9,38,12.75,1,2,0.2,5,Road · Group of 5 opponent,0.95,5.5
2021,2021-09-18,Alabama,Florida,away,31,29,-14.0,2,0,-12.0,12.34,-14.82,3,7,-2.63,3,4,1.2,5,Road · Full house,1.2,-1.1
2021,2021-09-18,Mississippi State,Memphis,away,29,31,-3.5,-2,0,-5.5,-27.7,-12.52,6,14,-1.62,2,4,0.5,5,Road · Group of 5 opponent,1.1,-6.2
2021,2021-09-17,Illinois,Maryland,home,17,20,7.0,-3,0,4.0,12.92,,7,17,3.03,1,4,-0.21,4,Night,1.05,3.6
2021,2021-09-18,Colorado,Minnesota,home,0,30,-2.5,-23,26,-25.5,4.28,,5,0,-12.72,0,1,-0.37,4,,1,-6.2
2021,2021-09-18,Florida State,Wake Forest,away,14,35,4.5,-21,0,-16.5,-6.65,,6,0,-12.84,0,1,-0.32,4,Road,1.1,-7.4
2021,2021-09-18,Florida,Alabama,home,29,31,14.0,-2,0,12.0,-14.19,,3,7,2.23,2,2,1.49,4,,1,1.9
2021,2021-09-18,Georgia Tech,Clemson,away,8,14,27.5,-6,0,21.5,-8.88,,5,0,-4.05,0,1,-0.16,4,Road · Full house,1.2,0.5
2021,2021-09-18,Georgia,South Carolina,home,40,13,-31.5,34,56,2.5,9.28,8.35,5,21,-0.11,1,2,-0.14,5,Night,1.05,2.8
2021,2021-09-18,Northwestern,Duke,away,23,30,-2.5,-7,0,-9.5,6.08,,7,17,-0.81,0,1,-0.37,4,Road,1.1,-0.8
2021,2021-09-18,Arkansas,Georgia Southern,home,45,10,-23.0,28,30,5.0,-2.11,3.64,7,31,4.89,0,0,,4,Group of 5 opponent,0.85,1.8
2021,2021-09-18,Indiana,Cincinnati,home,24,38,4.0,-14,0,-10.0,-21.1,-24.73,8,14,-3.35,2,4,0.71,5,,1,-7.1
2021,2021-09-18,Notre Dame,Purdue,home,27,13,-7.5,14,0,6.5,12.09,0.46,9,20,-5.51,1,3,-0.21,5,,1,1.2
2021,2021-09-18,Kentucky,Chattanooga,home,28,23,-33.5,5,0,-28.5,3.49,-22.66,5,7,-14.69,1,4,-1.34,5,FCS opponent,1,-9.7
2021,2021-09-18,LSU,Central Michigan,home,49,21,-19.5,42,36,22.5,11.5,19.41,4,21,6.89,0,0,,4,Night · Group of 5 opponent,0.9,8.3
2021,2021-09-18,Arizona,Northern Arizona,home,19,21,-26.5,-2,0,-28.5,-18.89,-24.12,12,20,-27.19,0,3,-1.61,5,Night · FCS opponent,1.05,-16.3
2021,2021-09-18,Ole Miss,Tulane,home,61,21,-14.0,33,66,19.0,4.65,14.18,5,28,11.95,1,1,0.55,5,Night · Group of 5 opponent,0.9,6.9
2021,2021-09-18,Oklahoma State,Boise State,away,21,20,3.5,1,0,4.5,-1.98,,7,7,-8.39,0,1,-0.33,4,Road · Night · Full house · Group of 5 opponent,1.25,-2.5
2021,2021-09-18,Vanderbilt,Stanford,home,23,41,12.5,-24,9,-11.5,-14.74,,5,7,-1.39,0,1,-0.26,4,Night,1.05,-4.8
2021,2021-09-18,Stanford,Vanderbilt,away,41,23,-12.5,24,9,11.5,12.89,8.94,9,31,2.89,1,1,0.56,5,Road · Night,1.15,6.2
2021,2021-09-18,BYU,Arizona State,home,27,17,3.0,10,0,13.0,12.5,-1.24,6,21,7.64,0,3,-0.99,5,Night · Ranked opponent,1.15,4.0
2021,2021-09-18,UCLA,Fresno State,home,37,40,-11.0,-3,0,-14.0,19.19,,6,14,-4.22,3,3,1.72,4,Night · Group of 5 opponent,0.9,2.4
2021,2021-09-18,Arizona State,BYU,away,17,27,-3.0,-10,0,-13.0,-14.35,,6,10,-5.44,1,2,0.26,4,Road · Night · Full house · Ranked opponent,1.35,-6.8
2021,2021-09-24,Wake Forest,Virginia,away,37,17,3.5,20,0,23.5,23.38,13.02,6,9,-4.19,1,1,0.67,5,Road · Night,1.15,8.5
2021,2021-09-24,Virginia,Wake Forest,home,17,37,-3.5,-20,0,-23.5,-25.23,,2,0,-5.21,0,1,-0.38,4,Night,1.05,-9.5
2021,2021-09-25,Boston College,Missouri,home,41,34,-1.0,7,0,6.0,3.43,-2.25,3,10,2.63,3,5,1.21,5,,1,2.6
2021,2021-09-25,Maryland,Kent State,home,37,16,-13.0,28,13,15.0,13.66,7.69,5,21,5.24,2,2,1.12,5,Group of 5 opponent,0.85,5.7
2021,2021-09-25,Michigan State,Nebraska,home,23,20,-3.5,3,0,-0.5,22.35,,8,10,-10.82,2,4,0.5,4,Night,1.05,1.9
2021,2021-09-25,Michigan,Rutgers,home,20,13,-20.5,7,0,-13.5,15.87,-13.1,6,6,-15.51,1,2,0.01,5,,1,-4.0
2021,2021-09-25,Minnesota,Bowling Green,home,10,14,-30.5,-4,0,-34.5,-13.35,,9,3,-34.47,0,2,-1.13,4,Group of 5 opponent,1,-16.7
2021,2021-09-25,Missouri,Boston College,away,34,41,1.0,-7,0,-6.0,-5.28,,3,10,2.97,1,3,-0.03,4,Road · Full house,1.2,-1.0
2021,2021-09-25,Duke,Kansas,home,52,33,-16.5,19,0,2.5,11.42,-3.08,6,24,3.87,3,6,0.2,5,,1,2.4
2021,2021-09-25,NC State,Clemson,home,27,21,10.5,6,0,16.5,-10.79,,9,14,-2.14,1,3,0.17,4,Top-10 opponent,1.2,0.4
2021,2021-09-25,North Carolina,Georgia Tech,neutral,22,45,-14.5,-23,7,-37.5,-25.88,,4,7,-5.95,0,3,-1.36,4,Night,1.05,-13.1
2021,2021-09-25,Nebraska,Michigan State,away,20,23,3.5,-3,0,0.5,-24.2,,8,10,-7.58,2,3,1.02,4,Road · Night · Full house · Ranked opponent,1.35,-5.9
2021,2021-09-25,Rutgers,Michigan,away,13,20,20.5,-7,0,13.5,-17.72,,6,10,2.71,1,1,0.79,4,Road · Full house,1.2,0.9
2021,2021-09-24,Syracuse,Liberty,home,24,21,6.5,3,0,9.5,10.4,-6.47,8,24,7.8,0,3,-0.92,5,Night · Group of 5 opponent,0.9,2.0
2021,2021-09-25,Ohio State,Akron,home,59,7,-48.5,31,83,-17.5,9.31,-6.23,4,21,0.18,1,1,0.31,5,Night · Group of 5 opponent,1.05,-1.1
2021,2021-09-25,Oklahoma State,Kansas State,home,31,20,-6.0,11,0,5.0,-11.27,-1.78,3,10,1.76,1,1,0.61,5,Night · Ranked opponent,1.15,-0.1
2021,2021-09-25,Auburn,Georgia State,home,34,24,-27.5,10,0,-17.5,4.18,-12.63,7,10,-17.93,3,3,1.37,5,Group of 5 opponent,1,-5.0
2021,2021-09-25,Oklahoma,West Virginia,home,16,13,-17.5,3,0,-14.5,-4.39,,5,3,-14.06,1,2,0.05,4,Night,1.05,-6.2
2021,2021-09-25,Penn State,Villanova,home,38,17,-29.5,28,32,-1.5,-7.5,3.36,8,17,-15.85,1,1,0.44,5,FCS opponent,1,-3.1
2021,2021-09-25,Pittsburgh,New Hampshire,home,77,7,-29.0,42,80,13.0,9.15,14.61,3,21,8.77,0,0,,4,FCS opponent,0.6,4.4
2021,2021-09-25,Clemson,NC State,away,21,27,-10.5,-6,0,-16.5,8.94,,9,21,-6.07,0,2,-0.85,4,Road · Full house,1.2,-3.8
2021,2021-09-25,Iowa,Colorado State,home,24,14,-23.5,10,0,-13.5,5.35,-10.61,11,24,-17.35,0,1,-0.52,5,Group of 5 opponent,1,-5.9
2021,2021-09-25,Kansas,Duke,away,33,52,16.5,-19,0,-2.5,-13.27,,4,13,7.21,2,5,0.82,4,Road,1.1,0.5
2021,2021-09-25,Kansas State,Oklahoma State,away,20,31,6.0,-11,0,-5.0,9.42,-16.72,2,0,-4.11,0,1,-0.31,5,Road · Night · Full house,1.25,-3.2
2021,2021-09-25,Vanderbilt,Georgia,home,0,62,36.0,-38,74,-2.0,-12.58,,0,0,,0,1,-0.1,3,Top-10 opponent,1.2,-4.2
2021,2021-09-25,Baylor,Iowa State,home,31,29,7.0,2,0,9.0,20.56,-4.22,4,10,2.02,2,5,0.49,5,Ranked opponent,1.1,4.5
2021,2021-09-25,Texas A&M,Arkansas,neutral,10,20,-4.5,-10,0,-14.5,4.84,,7,10,-8.62,0,1,-0.38,4,Ranked opponent,1.1,-3.9
2021,2021-09-25,Houston,Navy,home,28,20,-20.0,8,0,-12.0,-3.31,-11.84,4,21,6.77,0,2,-0.98,5,Night · Group of 5 opponent,1.05,-3.0
2021,2021-09-25,Purdue,Illinois,home,13,9,-10.5,4,0,-6.5,-1.23,,6,10,-8.04,0,3,-1.27,4,,1,-4.5
2021,2021-09-25,Texas,Texas Tech,home,70,35,-9.0,49,56,40.0,16.05,31.71,2,14,8.16,1,1,0.59,5,,1,13.1
2021,2021-09-25,Utah,Washington State,home,24,13,-15.0,11,0,-4.0,13.31,-6.32,7,14,-8.87,1,3,-0.37,5,Group of 5 opponent,1,-1.5
2021,2021-09-25,SMU,TCU,away,42,34,9.5,8,0,17.5,-6.73,5.04,4,7,-0.4,3,5,1.57,5,Road,1.1,3.7
2021,2021-09-25,South Carolina,Kentucky,home,10,16,4.5,-6,0,-1.5,4.43,,6,0,-12.84,1,3,0.04,4,Night,1.05,-2.5
2021,2021-09-25,Virginia Tech,Richmond,home,21,10,-29.0,11,0,-18.0,4.2,-13.39,7,0,-28.54,1,2,-0.11,5,FCS opponent,1,-8.7
2021,2021-09-25,TCU,SMU,home,34,42,-9.5,-8,0,-17.5,4.88,,5,20,5.25,3,5,0.91,4,,1,1.1
2021,2021-09-25,Tennessee,Florida,away,14,38,19.0,-24,11,-5.0,-10.53,,4,7,1.79,1,3,0.34,4,Road · Night · Full house · Ranked opponent,1.35,-1.9
2021,2021-09-25,Texas Tech,Texas,away,35,70,9.0,-49,56,-40.0,-17.9,,0,0,,0,1,-0.29,3,Road · Full house,1.2,-14.9
2021,2021-09-25,Wisconsin,Notre Dame,neutral,13,41,-6.0,-28,4,-34.0,-35.58,,9,13,-11.72,0,3,-1.18,4,Ranked opponent,1.1,-16.3
2021,2021-09-25,West Virginia,Oklahoma,away,13,16,17.5,-3,0,14.5,2.54,,4,0,-5.55,1,3,0.31,4,Road · Night · Full house,1.25,2.0
2021,2021-09-25,Alabama,Southern Miss,home,63,14,-45.0,35,76,-10.0,9.89,-0.46,3,21,5.99,0,0,,4,Night · Group of 5 opponent,0.9,1.6
2021,2021-09-25,Mississippi State,LSU,home,25,28,1.5,-3,0,-1.5,-19.4,,5,10,-1.57,0,1,-0.34,4,,1,-4.1
2021,2021-09-25,Illinois,Purdue,away,9,13,10.5,-4,0,6.5,-0.62,,7,6,-6.55,0,3,-0.83,4,Road,1.1,-1.9
2021,2021-09-25,Florida State,Louisville,home,23,31,-1.5,-8,0,-9.5,-15.58,,8,3,-16.9,0,1,-0.36,4,,1,-8.3
2021,2021-09-25,Florida,Tennessee,home,38,14,-19.0,24,11,5.0,8.68,5.66,8,35,7.01,1,2,0.03,5,Night,1.05,4.2
2021,2021-09-25,Georgia Tech,North Carolina,neutral,45,22,14.5,23,7,37.5,24.03,18.57,8,34,21.5,0,1,-0.25,5,Night · Ranked opponent,1.15,15.9
2021,2021-09-25,Georgia,Vanderbilt,away,62,0,-36.0,38,74,2.0,10.73,7.08,3,21,7.56,0,0,,4,Road,1.1,5.3
2021,2021-09-25,Iowa State,Baylor,away,29,31,-7.0,-2,0,-9.0,-22.41,,5,13,-1.03,2,3,0.8,4,Road,1.1,-4.4
2021,2021-09-25,Northwestern,Ohio,home,35,6,-13.5,28,16,14.5,15.03,8.44,10,27,-4.81,0,0,,4,Group of 5 opponent,0.85,3.8
2021,2021-09-25,Arkansas,Texas A&M,neutral,20,10,4.5,10,0,14.5,-6.69,3.52,9,20,0.74,0,1,-0.32,5,Top-10 opponent,1.2,1.4
2021,2021-09-25,Notre Dame,Wisconsin,neutral,41,13,6.0,28,4,34.0,33.73,21.28,10,20,-0.53,1,3,0.07,5,Ranked opponent,1.1,12.3
2021,2021-09-25,Kentucky,South Carolina,away,16,10,-4.5,6,0,1.5,-6.29,-5.02,7,3,-15.62,1,1,0.62,5,Road · Night · Full house,1.25,-4.5
2021,2021-09-25,Louisville,Florida State,away,31,23,1.5,8,0,9.5,13.73,0.01,8,17,-1.51,0,1,-0.34,5,Road,1.1,2.6
2021,2021-09-25,LSU,Mississippi State,away,28,25,-1.5,3,0,1.5,17.55,-7.51,6,14,-0.92,0,1,-0.36,5,Road,1.1,1.1
2021,2021-09-25,Arizona,Oregon,away,19,41,29.5,-22,0,7.5,-29.58,,2,0,-1.39,0,2,-0.29,4,Road · Night · Full house · Top-10 opponent,1.45,-6.5
2021,2021-09-25,Oregon,Arizona,home,41,19,-29.5,22,0,-7.5,27.73,-1.64,6,17,-7.63,2,2,0.89,5,Night,1.05,2.3
2021,2021-09-25,California,Washington,away,24,31,7.5,-7,0,0.5,-24.48,,5,10,0.17,1,2,0.4,4,Road · Night · Full house,1.25,-4.1
2021,2021-09-25,BYU,South Florida,home,35,27,-23.5,8,0,-15.5,-0.56,-16.61,2,14,6.48,0,0,,4,Night · Group of 5 opponent,1.05,-3.1
2021,2021-09-25,Washington,California,home,31,24,-7.5,7,0,-0.5,22.62,,6,20,3.0,1,3,-0.21,4,Night,1.05,4.6
2021,2021-09-25,USC,Oregon State,home,27,45,-11.0,-25,13,-36.0,-11.73,,4,10,-2.15,2,3,0.72,4,Night · Group of 5 opponent,1.05,-6.6
2021,2021-09-25,Colorado,Arizona State,away,13,35,14.0,-25,12,-11.0,-3.3,,4,6,-0.36,0,2,-0.51,4,Road · Night · Full house,1.25,-3.2
2021,2021-09-25,Indiana,Western Kentucky,away,33,31,-9.5,2,0,-7.5,-4.21,-15.54,4,17,5.2,3,4,1.33,5,Road · Night · Full house · Group of 5 opponent,1.25,-1.3
2021,2021-09-25,Arizona State,Colorado,home,35,13,-14.0,25,12,11.0,1.45,5.18,6,21,1.74,2,2,1.1,5,Night,1.05,3.8
2021,2021-09-30,Miami,Virginia,home,28,30,-3.5,-2,0,-5.5,3.54,,8,21,0.18,1,2,0.25,4,Night,1.05,0.4
2021,2021-09-30,Virginia,Miami,away,30,28,3.5,2,0,5.5,-5.39,-3.98,7,10,-5.39,3,4,1.69,5,Road · Night,1.15,0.1
2021,2021-10-01,Houston,Tulsa,away,45,10,3.5,32,82,35.5,14.13,21.02,4,28,19.21,0,0,,4,Road · Night · Group of 5 opponent,1.0,14.1
2021,2021-10-02,Boston College,Clemson,away,13,19,14.5,-6,0,8.5,1.99,,7,0,-10.93,1,4,-0.0,4,Road · Night · Full house · Ranked opponent,1.35,-1.4
2021,2021-10-01,Maryland,Iowa,home,14,51,3.0,-34,82,-31.0,-19.16,,1,0,-2.23,1,2,0.34,4,Night · Top-10 opponent,1.25,-9.2
2021,2021-10-02,Michigan State,Western Kentucky,home,48,31,-10.5,25,12,14.5,24.07,6.95,4,17,4.97,4,5,1.88,5,Night · Group of 5 opponent,0.9,7.8
2021,2021-10-02,Michigan,Wisconsin,away,38,17,2.5,28,11,30.5,8.17,20.51,9,31,10.7,1,1,0.67,5,Road · Full house,1.2,12.1
2021,2021-10-02,Minnesota,Purdue,away,20,13,2.5,7,0,9.5,19.88,,7,13,-2.79,0,2,-0.67,4,Road,1.1,3.6
2021,2021-10-02,Missouri,Tennessee,home,24,62,-2.5,-32,79,-34.5,-15.0,,0,0,,1,1,0.63,3,,1,-9.0
2021,2021-10-02,Ole Miss,Alabama,away,21,42,15.0,-35,53,-20.0,-13.6,,1,0,-1.53,0,1,-0.25,4,Road · Full house · Top-10 opponent,1.4,-7.7
2021,2021-10-02,Duke,North Carolina,away,7,38,19.5,-24,24,-4.5,-22.38,,7,0,-8.91,0,1,-0.22,4,Road · Full house,1.2,-8.0
2021,2021-10-02,NC State,Louisiana Tech,home,34,27,-17.5,7,0,-10.5,10.29,-10.58,7,20,-3.88,2,5,-0.37,5,Group of 5 opponent,1,-2.2
2021,2021-10-02,North Carolina,Duke,home,38,7,-19.5,24,24,4.5,20.53,1.41,10,31,-4.28,0,0,,4,,1,3.1
2021,2021-10-02,Wake Forest,Louisville,home,37,34,-7.0,3,0,-4.0,6.19,-9.28,4,14,2.78,3,7,0.2,5,,1,-0.0
2021,2021-10-02,Nebraska,Northwestern,home,56,7,-11.5,35,73,23.5,7.73,16.45,4,21,8.74,0,0,,4,Night,1.05,9.1
2021,2021-10-02,Rutgers,Ohio State,home,13,52,15.0,-39,88,-24.0,-15.74,,0,0,,0,1,-0.25,3,Ranked opponent,1.1,-9.6
2021,2021-10-02,Syracuse,Florida State,away,30,33,5.5,-3,0,2.5,-4.12,,7,17,2.42,0,2,-0.63,4,Road,1.1,-0.4
2021,2021-10-02,Ohio State,Rutgers,away,52,13,-15.0,39,88,24.0,13.89,18.68,4,24,10.93,0,0,,4,Road,1.1,11.5
2021,2021-10-02,Oklahoma State,Baylor,home,24,14,-4.0,10,0,6.0,-5.13,-4.77,9,14,-9.68,1,2,0.24,5,Night · Ranked opponent,1.15,-2.5
2021,2021-10-02,Oklahoma,Kansas State,away,37,31,-12.5,6,0,-6.5,15.45,-9.06,3,17,7.63,2,2,1.12,5,Road · Full house,1.2,3.3
2021,2021-10-02,UCF,Navy,away,30,34,-15.0,-4,0,-19.0,0.17,-20.32,4,14,0.93,3,5,0.72,5,Road · Group of 5 opponent,1.1,-4.2
2021,2021-10-02,Penn State,Indiana,home,24,0,-12.5,24,20,11.5,5.35,4.94,11,24,-10.35,0,0,,4,Night,1.05,1.0
2021,2021-10-02,Cincinnati,Notre Dame,away,24,13,-2.0,11,0,9.0,1.95,1.24,8,14,-6.13,1,1,0.63,5,Road · Full house · Top-10 opponent,1.4,1.4
2021,2021-10-02,Pittsburgh,Georgia Tech,away,52,21,-3.0,35,44,32.0,23.2,20.74,5,28,15.13,0,1,-0.37,5,Road,1.1,13.3
2021,2021-10-02,Clemson,Boston College,home,19,13,-14.5,6,0,-8.5,-3.84,-10.07,9,19,-10.15,0,2,-0.91,5,Night,1.05,-5.8
2021,2021-10-01,Iowa,Maryland,away,51,14,-3.0,34,82,31.0,17.31,23.74,5,20,7.13,1,1,0.63,5,Road · Night · Full house,1.25,13.8
2021,2021-10-02,Kansas,Iowa State,away,7,59,34.5,-38,80,-3.5,-23.65,,0,0,,0,1,-0.11,3,Road · Night · Full house,1.25,-8.0
2021,2021-10-02,Kansas State,Oklahoma,home,31,37,12.5,-6,0,6.5,-17.31,,1,0,-1.68,2,2,1.47,4,Top-10 opponent,1.2,-0.4
2021,2021-10-02,Vanderbilt,UConn,home,30,28,-14.5,2,0,-12.5,8.52,-15.07,5,17,0.81,3,6,0.28,5,Night · Group of 5 opponent,1.05,-1.8
2021,2021-10-02,Baylor,Oklahoma State,away,14,24,4.0,-10,0,-6.0,3.27,,8,7,-10.35,0,1,-0.32,4,Road · Night · Full house · Ranked opponent,1.35,-4.1
2021,2021-10-02,Stanford,Oregon,home,31,24,8.5,7,0,15.5,11.07,2.54,5,7,-2.54,1,4,-0.17,5,,1,3.0
2021,2021-10-02,Texas A&M,Mississippi State,home,22,26,-7.0,-4,0,-11.0,6.43,,5,6,-8.03,2,3,0.8,4,Night,1.05,-1.3
2021,2021-10-02,Oregon,Stanford,away,24,31,-8.5,-7,0,-15.5,-12.92,,7,24,3.76,0,1,-0.41,4,Road,1.1,-4.1
2021,2021-10-02,California,Washington State,home,6,21,-7.5,-15,0,-22.5,-12.11,,7,0,-19.84,1,2,0.19,4,Group of 5 opponent,1,-9.6
2021,2021-10-02,Purdue,Minnesota,home,13,20,-2.5,-7,0,-9.5,-21.73,,6,7,-8.27,2,4,0.52,4,,1,-6.1
2021,2021-10-02,Texas,TCU,away,32,27,-4.0,5,0,1.0,3.58,-4.77,5,13,-0.16,3,4,1.48,5,Road,1.1,1.6
2021,2021-10-01,BYU,Utah State,away,34,20,-8.0,14,0,6.0,0.05,1.21,5,10,-4.31,3,4,1.37,5,Road · Night · Full house · Group of 5 opponent,1.1,1.6
2021,2021-10-02,SMU,South Florida,home,41,17,-21.0,24,13,3.0,15.53,4.65,7,31,5.7,1,1,0.5,5,Group of 5 opponent,0.85,4.0
2021,2021-10-02,South Carolina,Troy,home,23,14,-6.5,9,0,2.5,1.02,-3.03,5,13,-0.88,0,2,-0.79,5,Group of 5 opponent,1,-0.8
2021,2021-10-02,TCU,Texas,home,27,32,4.0,-5,0,-1.0,-5.44,,2,7,2.66,2,5,0.38,4,,1,0.3
2021,2021-10-02,Tennessee,Missouri,away,62,24,2.5,32,79,34.5,13.15,23.51,3,21,14.23,1,1,0.67,5,Road,1.1,13.5
2021,2021-10-02,Texas Tech,West Virginia,away,23,20,7.5,3,0,10.5,11.18,-5.96,3,14,8.1,2,4,0.8,5,Road,1.1,4.7
2021,2021-10-02,Wisconsin,Michigan,home,17,38,-2.5,-28,11,-30.5,-10.03,,4,3,-7.18,0,1,-0.37,4,Ranked opponent,1.1,-8.7
2021,2021-10-02,West Virginia,Texas Tech,home,20,23,-7.5,-3,0,-10.5,-13.03,,4,10,-1.34,1,2,0.19,4,,1,-3.5
2021,2021-10-02,USC,Colorado,away,37,14,-9.0,23,30,14.0,-0.94,9.71,8,30,6.63,0,0,,4,Road,1.1,5.2
2021,2021-10-02,Alabama,Ole Miss,home,42,21,-15.0,35,53,20.0,11.75,14.68,5,28,11.66,0,0,,4,Ranked opponent,1.1,10.1
2021,2021-10-02,Mississippi State,Texas A&M,away,26,22,7.0,4,0,11.0,-8.29,-2.22,3,10,4.01,2,5,0.49,5,Road · Night · Full house · Ranked opponent,1.35,1.6
2021,2021-10-02,Illinois,Charlotte,home,24,14,-10.5,10,0,-0.5,-6.59,-4.05,4,17,4.97,1,2,0.15,5,Group of 5 opponent,1,-0.2
2021,2021-10-02,Colorado,USC,home,14,37,9.0,-23,30,-14.0,-0.91,,4,7,-0.52,0,0,,3,,1,-2.2
2021,2021-10-02,Florida State,Syracuse,home,33,30,-5.5,3,0,-2.5,2.27,-7.53,8,20,-1.75,2,5,0.05,5,,1,-1.2
2021,2021-10-02,Florida,Kentucky,away,13,20,-7.5,-7,0,-14.5,-21.93,,7,17,-2.84,1,2,0.19,4,Road · Full house,1.2,-7.1
2021,2021-10-02,Georgia Tech,Pittsburgh,home,21,52,3.0,-35,44,-32.0,-25.06,,3,0,-6.68,0,1,-0.33,4,,1,-10.5
2021,2021-10-02,Georgia,Arkansas,home,37,0,-16.5,27,31,10.5,10.41,5.92,4,13,-0.42,0,0,,4,Top-10 opponent,1.2,4.7
2021,2021-10-02,Iowa State,Kansas,home,59,7,-34.5,38,80,3.5,21.8,7.84,4,28,10.42,0,0,,4,Night,1.05,7.7
2021,2021-10-02,Northwestern,Nebraska,away,7,56,11.5,-35,73,-23.5,-9.58,,1,0,-1.74,0,1,-0.27,4,Road · Night · Full house,1.25,-6.7
2021,2021-10-02,Arkansas,Georgia,away,0,37,16.5,-27,31,-10.5,-12.26,,1,0,-1.45,0,1,-0.24,4,Road · Full house · Top-10 opponent,1.4,-5.5
2021,2021-10-02,Indiana,Penn State,away,0,24,12.5,-24,20,-11.5,-7.2,,7,0,-11.74,0,1,-0.26,4,Road · Night · Full house · Top-10 opponent,1.45,-8.4
2021,2021-10-02,Notre Dame,Cincinnati,home,13,24,2.0,-11,0,-9.0,-3.8,,8,14,-4.28,0,1,-0.34,4,Top-10 opponent,1.2,-3.8
2021,2021-10-02,Kentucky,Florida,home,20,13,7.5,7,0,14.5,20.08,2.04,6,7,-4.8,1,3,0.1,5,Top-10 opponent,1.2,4.5
2021,2021-10-02,Louisville,Wake Forest,away,34,37,7.0,-3,0,4.0,-8.04,,5,17,7.02,4,6,2.18,4,Road · Ranked opponent,1.2,4.7
2021,2021-10-02,Auburn,LSU,away,24,19,3.0,5,0,8.0,-3.27,,4,10,1.09,0,2,-0.66,4,Road · Night · Full house,1.25,0.2
2021,2021-10-02,UCLA,Arizona State,home,23,42,-3.0,-19,0,-22.0,-15.91,,3,0,-7.72,3,5,1.14,4,Night,1.05,-6.2
2021,2021-10-02,Washington,Oregon State,away,24,27,2.5,-3,0,-0.5,-6.67,,7,17,1.21,0,4,-1.34,4,Road · Night · Group of 5 opponent,1.15,-2.7
2021,2021-10-02,Arizona State,UCLA,away,42,23,3.0,19,0,22.0,14.06,12.76,5,13,1.87,4,5,2.35,5,Road · Night,1.15,10.1
2021,2021-10-02,LSU,Auburn,home,19,24,-3.0,-5,0,-8.0,1.42,-15.26,6,16,0.56,0,4,-1.49,5,Night,1.05,-4.2
2021,2021-10-07,Houston,Tulane,away,40,22,-6.5,18,0,11.5,6.11,1.97,9,41,16.01,0,3,-1.19,5,Road · Night · Group of 5 opponent,1.0,4.4
2021,2021-10-08,Cincinnati,Temple,home,52,3,-30.0,35,55,5.0,6.26,11.11,4,10,-6.54,0,0,,4,Night · Group of 5 opponent,0.9,1.9
2021,2021-10-09,Maryland,Ohio State,away,17,66,21.5,-32,71,-10.5,-11.87,,0,0,,0,1,-0.2,3,Road · Full house · Top-10 opponent,1.4,-7.2
2021,2021-10-09,Michigan State,Rutgers,away,31,13,-4.0,18,0,14.0,-3.2,2.23,9,10,-13.68,3,3,1.86,5,Road,1.1,0.8
2021,2021-10-09,Michigan,Nebraska,away,32,29,-2.5,3,0,0.5,-2.14,-10.01,7,23,5.19,2,4,0.52,5,Road · Night · Full house,1.25,0.0
2021,2021-10-09,Ole Miss,Arkansas,home,52,51,-5.0,1,0,-4.0,11.83,-10.27,5,10,-3.45,6,7,3.3,5,Ranked opponent,1.1,2.7
2021,2021-10-09,Duke,Georgia Tech,home,27,31,4.5,-4,0,0.5,-10.02,,8,16,-1.12,1,3,0.04,4,,1,-1.6
2021,2021-10-09,North Carolina,Florida State,home,25,35,-17.5,-10,0,-27.5,-15.72,-27.58,3,21,10.76,0,2,-0.95,5,,1,-7.6
2021,2021-10-09,Wake Forest,Syracuse,away,40,37,-6.0,3,0,-3.0,12.16,,7,24,4.77,1,4,-0.57,4,Road,1.1,2.5
2021,2021-10-09,Nebraska,Michigan,home,29,32,2.5,-3,0,-0.5,0.29,,5,7,-4.28,1,5,-0.67,4,Night · Top-10 opponent,1.25,-2.2
2021,2021-10-09,Rutgers,Michigan State,home,13,31,4.0,-18,0,-14.0,1.35,,8,13,-4.35,0,3,-0.97,4,,1,-3.8
2021,2021-10-09,Syracuse,Wake Forest,home,37,40,6.0,-3,0,3.0,-14.01,-9.72,6,14,1.68,3,6,1.14,5,Ranked opponent,1.1,-1.4
2021,2021-10-09,Ohio State,Maryland,home,66,17,-21.5,32,71,10.5,10.02,11.4,3,21,10.07,1,1,0.5,5,,1,6.6
2021,2021-10-09,Auburn,Georgia,home,10,34,14.5,-24,25,-9.5,-10.63,,4,0,-6.25,0,2,-0.5,4,Top-10 opponent,1.2,-6.1
2021,2021-10-09,Oklahoma,Texas,neutral,55,48,-4.0,7,0,3.0,-8.22,,7,16,-2.42,1,2,0.24,4,Ranked opponent,1.1,-1.2
2021,2021-10-09,UCF,East Carolina,home,20,16,-10.0,4,0,-6.0,2.68,,6,10,-7.87,2,4,0.32,4,Group of 5 opponent,1,-1.7
2021,2021-10-09,Penn State,Iowa,away,20,23,2.5,-3,0,-0.5,-2.16,-11.49,9,13,-7.3,1,5,-0.67,5,Road · Full house · Top-10 opponent,1.4,-5.4
2021,2021-10-09,Iowa,Penn State,home,23,20,-2.5,3,0,0.5,0.31,,10,13,-12.45,0,1,-0.37,4,Top-10 opponent,1.2,-3.9
2021,2021-10-09,Vanderbilt,Florida,away,0,42,39.0,-35,62,4.0,-19.08,,3,0,-0.44,0,1,-0.08,4,Road · Full house · Ranked opponent,1.3,-3.5
2021,2021-10-09,Baylor,West Virginia,home,45,20,-1.0,29,59,28.0,11.92,15.75,5,21,8.71,1,1,0.64,5,,1,9.2
2021,2021-10-08,Stanford,Arizona State,away,10,28,13.5,-18,0,-4.5,-13.93,,6,3,-6.72,1,2,0.49,4,Road · Night · Full house,1.25,-4.8
2021,2021-10-09,Texas,Oklahoma,neutral,48,55,4.0,-7,0,-3.0,6.37,-17.73,6,35,21.99,0,4,-1.29,5,Top-10 opponent,1.2,1.3
2021,2021-10-09,BYU,Boise State,home,17,26,-6.0,-9,0,-15.0,-19.82,-20.78,4,14,3.01,0,4,-1.57,5,Group of 5 opponent,1,-7.9
2021,2021-10-09,SMU,Navy,away,31,24,-13.5,7,0,-6.5,-9.99,,7,24,1.73,0,2,-0.89,4,Road · Group of 5 opponent,1.1,-3.4
2021,2021-10-09,South Carolina,Tennessee,away,20,45,10.5,-38,44,-27.5,-22.18,,2,7,3.41,0,1,-0.28,4,Road,1.1,-7.5
2021,2021-10-09,Virginia,Louisville,away,34,33,2.5,1,0,3.5,-4.92,,5,10,-1.28,2,5,0.33,4,Road,1.1,-0.0
2021,2021-10-09,Virginia Tech,Notre Dame,home,29,32,-1.0,-3,0,-4.0,1.85,-12.25,7,17,-0.21,0,4,-1.43,5,Night · Ranked opponent,1.15,-3.7
2021,2021-10-09,TCU,Texas Tech,away,52,31,-2.5,21,0,18.5,26.05,6.99,3,7,-0.63,1,1,0.63,5,Road · Night · Full house,1.25,8.8
2021,2021-10-09,Tennessee,South Carolina,home,45,20,-10.5,38,44,27.5,20.33,19.95,5,35,19.96,0,0,,4,,1,14.0
2021,2021-10-09,Texas Tech,TCU,home,31,52,2.5,-21,0,-18.5,-27.9,,2,7,2.49,0,1,-0.33,4,Night,1.05,-7.2
2021,2021-10-09,Wisconsin,Illinois,away,24,0,-12.0,24,37,12.0,-13.45,9.19,7,17,-4.66,0,0,,4,Road,1.1,0.2
2021,2021-10-09,West Virginia,Baylor,away,20,45,1.0,-29,59,-28.0,-13.77,,2,0,-4.69,1,2,0.31,4,Road,1.1,-7.4
2021,2021-10-09,Illinois,Wisconsin,home,0,24,12.0,-24,37,-12.0,11.6,,4,0,-6.83,0,1,-0.27,4,,1,-1.5
2021,2021-10-09,Florida State,North Carolina,away,35,25,17.5,10,0,27.5,13.87,9.08,4,21,15.45,1,2,0.54,5,Road,1.1,10.6
2021,2021-10-09,Florida,Vanderbilt,home,42,0,-39.0,35,62,-4.0,17.23,2.57,6,21,-6.93,0,0,,4,,1,1.2
2021,2021-10-09,Georgia Tech,Duke,away,31,27,-4.5,4,0,-0.5,8.17,-11.02,6,24,8.04,1,5,-0.91,5,Road,1.1,0.3
2021,2021-10-09,Georgia,Auburn,away,34,10,-14.5,24,25,9.5,8.78,3.93,8,31,5.09,0,1,-0.45,5,Road · Full house · Ranked opponent,1.3,4.4
2021,2021-10-09,Arkansas,Ole Miss,away,51,52,5.0,-1,0,4.0,-13.68,,4,17,8.55,3,6,1.1,4,Road · Ranked opponent,1.2,2.3
2021,2021-10-09,Notre Dame,Virginia Tech,away,32,29,1.0,3,0,4.0,-3.7,,7,17,0.6,1,4,-0.38,4,Road · Night · Full house,1.25,-0.3
2021,2021-10-08,Arizona State,Stanford,home,28,10,-13.5,18,0,4.5,12.08,-1.56,6,14,-5.08,1,1,0.55,5,Night,1.05,1.6
2021,2021-10-09,Kentucky,LSU,home,42,21,-2.0,28,5,26.0,16.5,14.24,5,21,8.42,0,0,,4,Night,1.05,10.4
2021,2021-10-09,Louisville,Virginia,home,33,34,-2.5,-1,0,-3.5,3.07,-15.01,7,16,-1.81,2,5,0.16,5,,1,-2.1
2021,2021-10-09,LSU,Kentucky,away,21,42,2.0,-28,5,-26.0,-18.35,,3,7,0.15,0,1,-0.34,4,Road · Night · Full house · Ranked opponent,1.35,-9.2
2021,2021-10-09,Arizona,UCLA,home,16,34,16.0,-18,0,-2.0,-16.58,,3,0,-4.43,3,4,2.04,4,Night,1.05,-1.4
2021,2021-10-09,Texas A&M,Alabama,home,41,38,18.5,3,0,21.5,16.37,3.59,4,7,1.68,3,4,2.11,5,Night · Top-10 opponent,1.25,9.4
2021,2021-10-09,Utah,USC,away,42,26,3.0,24,13,27.0,14.95,15.76,6,14,0.64,2,3,1.01,5,Road,1.1,9.2
2021,2021-10-09,UCLA,Arizona,away,34,16,-16.0,18,0,2.0,14.72,-3.83,5,17,0.37,2,4,0.15,5,Road · Night · Full house,1.25,2.5
2021,2021-10-09,USC,Utah,home,26,42,-3.0,-24,13,-27.0,-16.8,,5,24,11.13,1,2,0.26,4,,1,-3.2
2021,2021-10-09,Alabama,Texas A&M,away,38,41,-18.5,-3,0,-21.5,-18.22,,5,16,-1.35,1,3,-0.44,4,Road · Night · Full house,1.25,-8.4
2021,2021-10-15,Syracuse,Clemson,home,14,17,13.5,-3,0,10.5,-9.02,,8,0,-12.96,1,1,0.74,4,Night,1.05,-2.2
2021,2021-10-15,Clemson,Syracuse,away,17,14,-13.5,3,0,-10.5,7.17,-12.56,8,17,-8.45,0,2,-0.89,5,Road · Night · Full house,1.25,-5.4
2021,2021-10-16,Boston College,NC State,home,7,33,3.0,-24,35,-21.0,-13.17,,6,0,-13.36,1,2,0.34,4,Night · Ranked opponent,1.15,-8.9
2021,2021-10-16,Arizona,Colorado,away,0,34,6.0,-28,40,-22.0,-22.17,,4,0,-8.21,0,2,-0.62,4,Road · Full house,1.2,-11.2
2021,2021-10-16,Michigan State,Indiana,away,20,15,-3.5,5,0,1.5,14.45,,7,10,-8.22,2,5,0.12,4,Road · Full house,1.2,1.2
2021,2021-10-16,Minnesota,Nebraska,home,30,23,4.5,7,0,11.5,7.74,-0.48,6,7,-5.84,2,3,1.04,5,,1,2.2
2021,2021-10-16,Missouri,Texas A&M,home,14,35,11.5,-21,0,-9.5,-9.39,,5,14,5.32,0,1,-0.27,4,Ranked opponent,1.1,-1.9
2021,2021-10-16,Ole Miss,Tennessee,away,31,26,-1.0,5,0,4.0,-2.19,-9.25,7,14,-3.21,4,5,2.21,5,Road · Night · Full house,1.25,0.7
2021,2021-10-16,Duke,Virginia,away,0,48,10.5,-34,89,-23.5,-12.79,,0,0,,1,2,0.44,3,Road,1.1,-7.4
2021,2021-10-16,NC State,Boston College,away,33,7,-3.0,24,35,21.0,11.32,13.74,8,17,-3.59,0,1,-0.37,5,Road · Night · Full house,1.25,5.9
2021,2021-10-16,North Carolina,Miami,home,45,42,-7.5,3,0,-4.5,9.03,-10.54,6,24,7.0,1,4,-0.61,5,,1,0.1
2021,2021-10-16,Nebraska,Minnesota,away,23,30,-4.5,-7,0,-11.5,-9.59,,7,14,-4.62,2,2,1.23,4,Road,1.1,-2.8
2021,2021-10-16,Rutgers,Northwestern,away,7,21,-2.5,-14,0,-16.5,1.92,,9,7,-15.9,0,2,-0.74,4,Road,1.1,-7.3
2021,2021-10-16,Oklahoma State,Texas,away,32,24,3.5,8,0,11.5,-1.84,,8,26,8.42,0,2,-0.65,4,Road · Full house · Ranked opponent,1.3,3.5
2021,2021-10-16,Auburn,Arkansas,away,38,23,4.5,15,0,19.5,19.85,7.52,6,21,8.16,0,2,-0.64,5,Road · Full house · Ranked opponent,1.3,8.9
2021,2021-10-16,Oklahoma,TCU,home,52,31,-12.5,21,0,8.5,18.02,1.94,6,31,12.26,0,2,-0.88,5,Night,1.05,5.4
2021,2021-10-16,UCF,Cincinnati,away,21,56,21.5,-35,49,-13.5,-14.87,,2,0,-2.31,0,1,-0.2,4,Road · Full house · Top-10 opponent,1.4,-7.0
2021,2021-10-16,Cincinnati,UCF,home,56,21,-21.5,35,49,13.5,13.02,11.4,6,28,6.14,0,0,,4,,1,6.9
2021,2021-10-16,Pittsburgh,Virginia Tech,away,28,7,-6.5,21,0,14.5,1.57,4.97,11,28,-2.54,0,0,,4,Road,1.1,2.7
2021,2021-10-16,Iowa,Purdue,home,7,24,-11.5,-17,0,-28.5,0.49,,5,7,-8.33,0,1,-0.43,4,,1,-6.2
2021,2021-10-16,Kansas,Texas Tech,home,14,41,18.5,-31,61,-12.5,-9.89,,1,0,-1.33,1,2,0.55,4,,1,-2.8
2021,2021-10-16,Kansas State,Iowa State,home,20,33,6.5,-13,0,-6.5,-6.48,,2,0,-4.05,0,1,-0.31,4,Night,1.05,-3.3
2021,2021-10-16,Vanderbilt,South Carolina,away,20,21,18.5,-1,0,17.5,12.47,,8,17,6.35,1,3,0.33,4,Road,1.1,7.4
2021,2021-10-16,Baylor,BYU,home,38,24,-5.5,14,0,8.5,0.83,2.47,5,17,3.41,2,2,1.22,5,Ranked opponent,1.1,3.7
2021,2021-10-16,Miami,North Carolina,away,42,45,7.5,-3,0,4.5,-10.88,,5,14,4.17,1,2,0.4,4,Road · Full house,1.2,0.6
2021,2021-10-16,Stanford,Washington State,away,31,34,1.0,-3,0,-2.0,-0.01,-11.25,6,13,-1.06,1,4,-0.38,5,Road · Night · Full house · Group of 5 opponent,1.25,-2.8
2021,2021-10-16,Texas A&M,Missouri,away,35,14,-11.5,21,0,9.5,7.54,2.45,8,21,-3.52,0,0,,4,Road,1.1,2.3
2021,2021-10-15,Oregon,California,home,24,17,-13.5,7,0,-6.5,1.18,,5,14,-1.9,1,3,-0.34,4,Night,1.05,-1.5
2021,2021-10-15,California,Oregon,away,17,24,13.5,-7,0,6.5,-3.03,,4,10,3.52,1,4,-0.03,4,Road · Night · Full house · Top-10 opponent,1.45,2.1
2021,2021-10-16,Purdue,Iowa,away,24,7,11.5,17,0,28.5,-2.34,14.05,8,14,0.12,1,1,0.73,5,Road · Full house · Top-10 opponent,1.4,7.8
2021,2021-10-16,Texas,Oklahoma State,home,24,32,-3.5,-8,0,-11.5,-0.01,-22.52,7,14,-4.22,1,5,-0.88,5,Ranked opponent,1.1,-6.5
2021,2021-10-16,BYU,Baylor,away,24,38,5.5,-14,0,-8.5,-2.68,,4,3,-5.33,1,2,0.37,4,Road · Full house,1.2,-2.7
2021,2021-10-16,South Carolina,Vanderbilt,home,21,20,-18.5,1,0,-17.5,-14.32,-18.09,8,0,-27.76,3,4,1.08,5,,1,-10.4
2021,2021-10-16,Virginia,Duke,home,48,0,-10.5,34,89,23.5,10.94,19.95,4,24,11.97,1,1,0.58,5,,1,9.8
2021,2021-10-16,Virginia Tech,Pittsburgh,home,7,28,6.5,-21,0,-14.5,-3.42,,7,0,-14.17,0,1,-0.31,4,,1,-6.2
2021,2021-10-16,TCU,Oklahoma,away,31,52,12.5,-21,0,-8.5,-19.87,,4,7,0.29,0,1,-0.26,4,Road · Night · Full house · Top-10 opponent,1.45,-6.6
2021,2021-10-16,Tennessee,Ole Miss,home,26,31,1.0,-5,0,-4.0,0.34,,4,3,-6.37,1,4,-0.38,4,Night · Ranked opponent,1.15,-2.7
2021,2021-10-16,Texas Tech,Kansas,away,41,14,-18.5,31,61,12.5,8.04,12.91,4,24,10.12,0,1,-0.48,5,Road,1.1,6.4
2021,2021-10-16,Alabama,Mississippi State,away,49,9,-17.5,26,37,8.5,11.36,7.42,4,21,7.35,0,1,-0.47,5,Road · Night · Full house,1.25,5.7
2021,2021-10-16,Mississippi State,Alabama,home,9,49,17.5,-26,37,-8.5,-13.22,,3,0,-4.17,1,1,0.77,4,Night · Top-10 opponent,1.25,-4.0
2021,2021-10-16,Colorado,Arizona,home,34,0,-6.0,28,40,22.0,20.32,13.22,6,13,-3.48,0,0,,4,,1,7.2
2021,2021-10-16,Florida,LSU,away,42,49,-12.5,-7,0,-19.5,-13.7,,5,14,-1.61,0,2,-0.88,4,Road · Full house,1.2,-7.5
2021,2021-10-16,Georgia,Kentucky,home,30,13,-21.5,23,26,1.5,-0.65,-0.6,7,24,-1.5,0,1,-0.5,5,,1,-0.6
2021,2021-10-16,Iowa State,Kansas State,away,33,20,-6.5,13,0,6.5,4.63,0.97,4,17,5.9,1,2,0.21,5,Road · Night · Full house,1.25,3.7
2021,2021-10-16,Northwestern,Rutgers,home,21,7,2.5,14,0,16.5,-3.77,2.51,10,14,-8.56,1,1,0.67,5,,1,0.8
2021,2021-10-16,Arkansas,Auburn,home,23,38,-4.5,-15,0,-19.5,-21.7,,5,14,0.7,2,4,0.47,4,,1,-5.4
2021,2021-10-16,Indiana,Michigan State,home,15,20,3.5,-5,0,-1.5,-16.31,,9,12,-7.78,1,4,-0.31,4,Top-10 opponent,1.2,-6.1
2021,2021-10-16,Kentucky,Georgia,away,13,30,21.5,-23,26,-1.5,-1.21,,4,0,-4.63,0,1,-0.2,4,Road · Full house,1.2,-1.9
2021,2021-10-16,LSU,Florida,home,49,42,12.5,7,0,19.5,11.85,-0.44,6,21,10.93,2,3,1.21,5,Ranked opponent,1.1,7.7
2021,2021-10-16,Utah,Arizona State,home,35,21,-1.5,14,0,12.5,4.55,0.49,6,21,6.08,1,2,0.28,5,Night · Ranked opponent,1.15,4.1
2021,2021-10-16,UCLA,Washington,away,24,17,1.5,7,0,8.5,-8.91,-4.99,4,17,7.75,1,3,-0.02,5,Road,1.1,0.7
2021,2021-10-16,Washington,UCLA,home,17,24,-1.5,-7,0,-8.5,7.06,,3,10,2.54,0,3,-1.09,4,,1,-0.5
2021,2021-10-16,Wisconsin,Army,home,20,14,-14.0,6,0,-8.0,-1.68,-12.82,6,21,1.74,0,1,-0.45,5,Night · Group of 5 opponent,1.05,-3.0
2021,2021-10-16,Arizona State,Utah,away,21,35,1.5,-14,0,-12.5,-6.41,-25.99,4,14,4.75,0,4,-1.36,5,Road · Night · Full house,1.25,-7.6
2021,2021-10-21,SMU,Tulane,home,55,26,-14.0,29,8,15.0,10.25,13.18,8,38,12.32,0,0,,4,Night · Group of 5 opponent,0.9,7.5
2021,2021-10-22,UCF,Memphis,home,24,7,-1.0,17,0,16.0,17.64,3.75,10,10,-14.58,0,1,-0.36,5,Night · Group of 5 opponent,0.9,1.4
2021,2021-10-23,Boston College,Louisville,away,14,28,4.0,-14,0,-10.0,-0.43,,8,14,-3.35,0,1,-0.32,4,Road,1.1,-2.7
2021,2021-10-22,Arizona,Washington,home,16,21,17.0,-5,0,12.0,-5.53,-5.17,7,13,3.08,1,3,0.3,5,Night,1.05,0.9
2021,2021-10-23,Maryland,Minnesota,away,16,34,4.0,-24,23,-20.0,0.93,,2,10,5.66,0,2,-0.65,4,Road,1.1,-2.0
2021,2021-10-23,Michigan,Northwestern,home,33,7,-23.5,26,34,2.5,4.22,5.39,8,27,-3.07,0,1,-0.52,5,,1,0.6
2021,2021-10-23,Minnesota,Maryland,home,34,16,-4.0,24,23,20.0,-2.78,9.23,6,24,8.21,1,2,0.24,5,,1,5.0
2021,2021-10-23,Ole Miss,LSU,home,31,17,-9.0,17,23,8.0,2.07,3.71,7,31,10.56,0,1,-0.41,5,,1,3.4
2021,2021-10-23,NC State,Miami,away,30,31,-3.5,-1,0,-4.5,-5.35,,7,13,-5.22,2,4,0.5,4,Road · Night,1.15,-2.3
2021,2021-10-23,Wake Forest,Army,away,70,56,-3.0,14,0,11.0,10.14,-0.26,2,7,1.85,7,7,4.39,5,Road · Full house · Group of 5 opponent,1.05,7.7
2021,2021-10-23,Syracuse,Virginia Tech,away,41,36,3.5,5,0,8.5,-3.76,,5,21,10.01,2,6,0.04,4,Road,1.1,3.6
2021,2021-10-23,Ohio State,Indiana,away,54,7,-21.0,37,71,16.0,7.97,13.65,2,14,6.77,1,1,0.5,5,Road · Night · Full house,1.25,8.3
2021,2021-10-23,Oklahoma State,Iowa State,away,21,24,7.0,-3,0,4.0,-1.28,,6,21,9.03,0,4,-1.21,4,Road · Full house,1.2,1.5
2021,2021-10-23,Oklahoma,Kansas,away,35,23,-38.5,12,0,-26.5,9.8,-17.18,3,14,0.12,1,2,-0.24,5,Road,1.1,-4.4
2021,2021-10-23,Penn State,Illinois,home,18,20,-24.5,-2,0,-26.5,36.74,,8,10,-20.53,2,4,-0.09,4,,1,-2.4
2021,2021-10-23,Cincinnati,Navy,away,27,20,-28.5,7,0,-21.5,12.64,-16.13,5,17,-3.24,1,2,-0.1,5,Road · Group of 5 opponent,1.1,-3.8
2021,2021-10-23,Pittsburgh,Clemson,home,27,17,-3.5,10,0,6.5,-6.99,-4.52,6,17,1.38,0,1,-0.38,5,,1,-0.8
2021,2021-10-23,Clemson,Pittsburgh,away,17,27,3.5,-10,0,-6.5,5.13,,5,7,-3.99,0,1,-0.33,4,Road · Ranked opponent,1.2,-1.5
2021,2021-10-23,Kansas,Oklahoma,home,23,35,38.5,-12,0,26.5,-11.65,-1.32,2,3,2.65,1,3,0.75,5,Top-10 opponent,1.2,3.0
2021,2021-10-23,Kansas State,Texas Tech,away,25,24,-1.0,1,0,0.0,-7.76,,4,17,7.17,0,1,-0.36,4,Road,1.1,0.2
2021,2021-10-23,Vanderbilt,Mississippi State,home,6,45,20.5,-25,42,-4.5,-1.44,,2,3,0.57,0,1,-0.21,4,,1,-0.8
2021,2021-10-23,Miami,NC State,home,31,30,3.5,1,0,4.5,3.5,-6.98,6,14,0.81,2,5,0.36,5,Night · Ranked opponent,1.15,0.7
2021,2021-10-23,Texas A&M,South Carolina,home,44,14,-19.5,31,95,11.5,6.86,8.41,6,28,6.83,0,0,,4,Night,1.05,5.7
2021,2021-10-23,Houston,East Carolina,home,31,24,-13.5,7,0,-6.5,15.18,-12.56,9,14,-14.63,2,4,0.22,5,Group of 5 opponent,1,-2.9
2021,2021-10-23,Oregon,UCLA,away,34,31,1.0,3,0,4.0,1.88,-5.25,5,21,9.29,0,2,-0.69,5,Road,1.1,1.3
2021,2021-10-23,California,Colorado,home,26,3,-8.5,23,13,14.5,-11.32,9.96,9,19,-7.03,0,0,,4,,1,0.4
2021,2021-10-23,Purdue,Wisconsin,home,13,30,3.5,-17,0,-13.5,2.84,,5,7,-3.99,0,2,-0.65,4,,1,-3.0
2021,2021-10-23,BYU,Washington State,away,21,19,-3.5,2,0,-1.5,-4.41,,5,0,-13.01,2,2,1.25,4,Road · Group of 5 opponent,1.1,-2.6
2021,2021-10-23,Utah,Oregon State,away,34,42,-3.0,-8,0,-11.0,-4.42,-22.26,3,17,9.28,2,5,0.14,5,Road · Night · Group of 5 opponent,1.15,-3.2
2021,2021-10-23,South Carolina,Texas A&M,away,14,44,19.5,-31,95,-11.5,-8.72,,2,0,-2.55,0,1,-0.22,4,Road · Night · Full house · Ranked opponent,1.35,-5.0
2021,2021-10-23,Virginia,Georgia Tech,home,48,40,-6.5,8,0,1.5,3.84,-5.03,4,17,5.9,1,2,0.21,5,Night,1.05,1.5
2021,2021-10-23,Virginia Tech,Syracuse,home,36,41,-3.5,-5,0,-8.5,1.91,-14.52,5,14,0.99,3,5,1.12,5,,1,-1.2
2021,2021-10-23,UCLA,Oregon,home,31,34,-1.0,-3,0,-4.0,-3.73,-16.25,5,14,1.71,0,3,-1.08,5,Top-10 opponent,1.2,-4.5
2021,2021-10-23,TCU,West Virginia,home,17,29,-4.5,-12,0,-16.5,-5.39,,3,0,-7.98,0,1,-0.38,4,Night,1.05,-5.7
2021,2021-10-23,Tennessee,Alabama,away,24,52,25.5,-28,12,-2.5,-3.76,,4,10,6.3,1,4,0.31,4,Road · Night · Full house · Top-10 opponent,1.45,1.7
2021,2021-10-22,Washington,Arizona,away,21,16,-17.0,5,0,-12.0,3.68,,6,21,0.7,0,1,-0.47,4,Road · Night,1.15,-1.4
2021,2021-10-23,Texas Tech,Kansas State,home,24,25,1.0,-1,0,0.0,5.91,-13.25,4,0,-9.37,1,3,-0.03,5,,1,-2.8
2021,2021-10-23,Wisconsin,Purdue,away,30,13,-3.5,17,0,13.5,-4.69,2.48,8,31,10.18,1,1,0.62,5,Road · Full house · Ranked opponent,1.3,5.1
2021,2021-10-23,West Virginia,TCU,away,29,17,4.5,12,0,16.5,3.53,3.52,7,23,8.02,1,1,0.68,5,Road · Night,1.15,5.8
2021,2021-10-23,USC,Notre Dame,away,16,31,7.5,-15,0,-7.5,-20.33,,3,7,1.1,0,1,-0.3,4,Road · Night · Full house · Ranked opponent,1.35,-5.9
2021,2021-10-23,Alabama,Tennessee,home,52,24,-25.5,28,12,2.5,1.91,2.38,8,42,11.0,2,4,-0.12,5,Night,1.05,3.2
2021,2021-10-23,Mississippi State,Vanderbilt,away,45,6,-20.5,25,42,4.5,-0.41,5.9,5,17,-0.93,0,1,-0.49,5,Road,1.1,0.8
2021,2021-10-23,Illinois,Penn State,away,20,18,24.5,2,0,26.5,-38.59,,7,3,-3.89,1,2,0.64,4,Road · Full house,1.2,-3.4
2021,2021-10-23,Colorado,California,away,3,26,8.5,-23,13,-14.5,9.47,,4,0,-7.64,0,1,-0.29,4,Road,1.1,-2.7
2021,2021-10-23,Florida State,Massachusetts,home,59,3,-35.5,35,73,-0.5,8.32,4.33,4,24,6.19,1,1,0.4,5,Group of 5 opponent,0.85,2.9
2021,2021-10-23,Georgia Tech,Virginia,away,40,48,6.5,-8,0,-1.5,-5.69,-16.47,2,10,5.95,1,4,-0.22,5,Road · Night · Full house,1.25,-2.7
2021,2021-10-23,Iowa State,Oklahoma State,home,24,21,-7.0,3,0,-4.0,-0.57,,7,17,-2.64,1,3,-0.2,4,Top-10 opponent,1.2,-1.6
2021,2021-10-23,Northwestern,Michigan,away,7,33,23.5,-26,34,-2.5,-6.07,,3,0,-3.13,0,1,-0.19,4,Road · Full house · Top-10 opponent,1.4,-3.0
2021,2021-10-23,Arkansas,Arkansas-Pine Bluff,home,45,3,-50.5,45,63,-5.5,16.07,6.76,6,24,-7.92,0,0,,4,FCS opponent,0.6,0.8
2021,2021-10-23,Indiana,Ohio State,home,7,54,21.0,-37,71,-16.0,-9.82,,0,0,,1,2,0.59,3,Night,1.05,-4.6
2021,2021-10-23,Notre Dame,USC,home,31,16,-7.5,15,0,7.5,18.48,2.46,4,17,5.66,2,2,1.19,5,Night,1.05,6.3
2021,2021-10-23,Louisville,Boston College,home,28,14,-4.0,14,0,10.0,-1.42,-0.77,8,14,-7.05,2,2,1.24,5,,1,0.8
2021,2021-10-23,LSU,Ole Miss,away,17,31,9.0,-17,23,-8.0,-3.92,,5,17,7.6,0,2,-0.58,4,Road · Full house,1.2,-0.5
2021,2021-10-30,Boston College,Syracuse,away,6,21,6.5,-15,0,-8.5,-4.57,,8,3,-13.2,0,2,-0.61,4,Road,1.1,-6.3
2021,2021-10-30,Arizona,USC,away,34,41,21.5,-7,0,14.5,-3.52,,3,10,6.53,2,3,1.4,4,Road,1.1,5.5
2021,2021-10-30,Maryland,Indiana,home,38,35,-3.5,3,0,-0.5,-2.23,-11.52,8,24,3.18,2,4,0.5,5,,1,-0.7
2021,2021-10-30,Michigan State,Michigan,home,37,33,4.0,4,0,8.0,17.18,,5,14,3.15,1,4,-0.29,4,Top-10 opponent,1.2,5.5
2021,2021-10-30,Michigan,Michigan State,away,33,37,-4.0,-4,0,-8.0,-19.03,-14.77,7,20,1.58,3,4,1.48,5,Road · Full house · Top-10 opponent,1.4,-4.9
2021,2021-10-30,Minnesota,Northwestern,away,41,14,-7.5,34,15,26.5,8.49,21.46,5,17,2.83,1,1,0.6,5,Road,1.1,9.1
2021,2021-10-30,Missouri,Vanderbilt,away,37,28,-16.0,9,0,-7.0,-2.4,-7.83,7,24,0.72,2,4,0.15,5,Road,1.1,-1.9
2021,2021-10-30,Ole Miss,Auburn,away,20,31,3.0,-11,0,-8.0,-9.28,,5,10,-1.13,1,1,0.67,4,Road · Night · Full house,1.25,-2.4
2021,2021-10-30,Duke,Wake Forest,away,7,45,16.5,-35,70,-18.5,-11.05,,1,0,-1.45,0,1,-0.24,4,Road · Full house · Ranked opponent,1.3,-6.3
2021,2021-10-30,NC State,Louisville,home,28,13,-6.0,15,0,9.0,19.46,-1.78,6,14,-2.48,2,4,0.43,5,Night,1.05,3.5
2021,2021-10-30,North Carolina,Notre Dame,away,34,44,3.5,-10,0,-6.5,-11.32,,2,0,-4.4,3,4,1.69,4,Road · Night · Full house · Ranked opponent,1.35,-2.1
2021,2021-10-30,Wake Forest,Duke,home,45,7,-16.5,35,70,18.5,9.2,13.92,4,21,7.58,0,0,,4,,1,7.7
2021,2021-10-30,Nebraska,Purdue,home,23,28,-7.5,-5,0,-12.5,-8.96,,7,14,-5.84,2,3,0.79,4,,1,-3.5
2021,2021-10-30,Rutgers,Illinois,away,20,14,-1.5,6,0,4.5,-3.64,,8,20,0.1,1,2,0.28,4,Road,1.1,0.6
2021,2021-10-30,Syracuse,Boston College,home,21,6,-6.5,15,0,8.5,2.71,-2.03,7,7,-12.43,1,2,0.21,5,,1,-1.1
2021,2021-10-30,Ohio State,Penn State,home,33,24,-18.5,9,0,-9.5,8.66,-9.09,7,20,-4.29,2,3,0.56,5,Night · Ranked opponent,1.15,-1.5
2021,2021-10-30,Oklahoma State,Kansas,home,55,3,-29.0,38,71,9.0,9.46,14.61,7,31,2.46,0,0,,4,Night,1.05,5.8
2021,2021-10-30,Auburn,Ole Miss,home,31,20,-3.0,11,0,8.0,7.43,-0.26,5,3,-9.87,3,4,1.51,5,Night,1.05,1.6
2021,2021-10-30,Oklahoma,Texas Tech,home,52,21,-19.0,31,47,12.0,19.5,8.66,5,28,10.51,1,1,0.52,5,,1,7.7
2021,2021-10-30,UCF,Temple,away,49,7,-11.5,35,76,23.5,22.71,16.45,4,14,1.74,0,0,,4,Road · Group of 5 opponent,0.95,8.9
2021,2021-10-30,Penn State,Ohio State,away,24,33,18.5,-9,0,9.5,-10.51,,5,7,0.35,1,6,-0.34,4,Road · Night · Full house · Top-10 opponent,1.45,-0.9
2021,2021-10-30,Cincinnati,Tulane,away,31,12,-28.0,19,0,-9.0,12.88,-2.88,8,24,-8.15,2,2,0.91,5,Road · Group of 5 opponent,1.1,-0.2
2021,2021-10-30,Pittsburgh,Miami,home,34,38,-9.5,-4,0,-13.5,-15.8,,6,21,3.3,1,3,-0.25,4,,1,-3.8
2021,2021-10-30,Clemson,Florida State,home,30,20,-9.5,10,0,0.5,-5.52,-3.54,10,23,-6.5,2,3,0.75,5,,1,-1.5
2021,2021-10-30,Iowa,Wisconsin,away,7,27,3.0,-20,0,-17.0,-12.8,,7,7,-8.59,0,1,-0.33,4,Road · Full house,1.2,-8.2
2021,2021-10-30,Kansas,Oklahoma State,away,3,55,29.0,-38,71,-9.0,-11.31,,2,0,-1.45,0,1,-0.15,4,Road · Night · Full house · Ranked opponent,1.35,-4.7
2021,2021-10-30,Kansas State,TCU,home,31,12,-3.5,19,0,15.5,11.32,9.48,7,21,2.78,1,1,0.62,5,,1,5.8
2021,2021-10-30,Vanderbilt,Missouri,home,28,37,16.0,-9,0,7.0,0.55,,5,14,6.62,0,3,-0.72,4,,1,2.0
2021,2021-10-30,Baylor,Texas,home,31,24,-2.5,7,0,4.5,3.04,-3.01,6,17,1.73,1,3,-0.11,5,,1,0.8
2021,2021-10-30,Miami,Pittsburgh,away,38,34,9.5,4,0,13.5,13.94,-3.96,4,14,6.6,3,5,1.57,5,Road · Ranked opponent,1.2,6.8
2021,2021-10-30,Houston,SMU,home,44,37,1.0,7,0,8.0,-7.05,-5.25,5,10,-1.71,3,4,1.62,5,Night,1.05,0.6
2021,2021-10-30,Oregon,Colorado,home,52,29,-24.5,38,43,13.5,3.78,12.88,4,28,12.73,0,0,,4,,1,7.2
2021,2021-10-30,California,Oregon State,home,39,25,2.0,14,0,16.0,-1.42,6.26,7,20,4.01,1,1,0.66,5,Group of 5 opponent,0.85,3.4
2021,2021-10-30,Purdue,Nebraska,away,28,23,7.5,5,0,12.5,7.11,-0.96,7,14,0.23,1,3,0.1,5,Road · Full house,1.2,2.9
2021,2021-10-30,Texas,Baylor,away,24,31,2.5,-7,0,-4.5,-4.89,-15.49,6,7,-6.53,1,4,-0.34,5,Road · Full house · Ranked opponent,1.3,-6.1
2021,2021-10-30,SMU,Houston,away,37,44,-1.0,-7,0,-8.0,5.2,,4,17,7.17,1,3,-0.08,4,Road · Night,1.15,1.9
2021,2021-10-30,Virginia Tech,Georgia Tech,away,26,17,3.5,9,0,12.5,-7.1,2.02,7,19,3.61,1,2,0.35,5,Road,1.1,2.1
2021,2021-10-30,TCU,Kansas State,away,12,31,3.5,-19,0,-15.5,-13.17,,4,3,-5.79,0,1,-0.33,4,Road,1.1,-6.6
2021,2021-10-30,Texas Tech,Oklahoma,away,21,52,19.0,-31,47,-12.0,-21.35,,1,0,-1.3,1,2,0.56,4,Road · Full house · Top-10 opponent,1.4,-6.5
2021,2021-10-30,Wisconsin,Iowa,home,27,7,-3.0,20,0,17.0,10.95,9.74,10,24,-1.74,0,0,,4,Top-10 opponent,1.2,6.1
2021,2021-10-30,West Virginia,Iowa State,home,38,31,7.5,7,0,14.5,1.08,,7,10,-3.77,4,4,2.8,4,Ranked opponent,1.1,5.5
2021,2021-10-30,USC,Arizona,home,41,34,-21.5,7,0,-14.5,1.67,-16.6,4,14,-0.57,2,3,0.5,5,,1,-3.1
2021,2021-10-30,Mississippi State,Kentucky,home,31,17,-1.0,14,0,13.0,-9.65,0.75,5,21,8.71,1,1,0.64,5,Night · Ranked opponent,1.15,3.1
2021,2021-10-30,Illinois,Rutgers,home,14,20,1.5,-6,0,-4.5,1.79,,5,14,2.43,0,4,-1.36,4,,1,-1.2
2021,2021-10-30,Colorado,Oregon,away,29,52,24.5,-38,43,-13.5,-5.63,,1,7,6.02,0,1,-0.18,4,Road · Top-10 opponent,1.3,-1.7
2021,2021-10-30,Florida State,Clemson,away,20,30,9.5,-10,0,-0.5,3.67,,5,0,-9.26,2,4,0.86,4,Road · Full house,1.2,-0.5
2021,2021-10-30,Florida,Georgia,neutral,7,34,14.0,-34,34,-20.0,-23.76,,5,0,-7.95,0,1,-0.25,4,Top-10 opponent,1.2,-10.6
2021,2021-10-30,Georgia Tech,Virginia Tech,home,17,26,-3.5,-9,0,-12.5,5.25,,5,7,-6.01,1,2,0.25,4,,1,-1.8
2021,2021-10-30,Georgia,Florida,neutral,34,7,-14.0,34,34,20.0,21.91,18.18,8,20,-5.68,0,0,,4,,1,7.5
2021,2021-10-30,Iowa State,West Virginia,away,31,38,-7.5,-7,0,-14.5,-2.93,,5,17,2.83,1,6,-1.42,4,Road,1.1,-3.7
2021,2021-10-30,Northwestern,Minnesota,home,14,41,7.5,-34,15,-26.5,-10.35,,1,0,-1.97,0,1,-0.3,4,,1,-6.0
2021,2021-10-30,Indiana,Maryland,away,35,38,3.5,-3,0,0.5,0.38,,7,17,1.61,0,2,-0.65,4,Road,1.1,-0.1
2021,2021-10-30,Notre Dame,North Carolina,home,44,34,-3.5,10,0,6.5,9.47,-1.52,4,24,13.59,4,5,2.12,5,Night,1.05,6.9
2021,2021-10-30,Arizona State,Washington State,home,21,34,-16.5,-17,25,-33.5,-19.79,,5,3,-13.77,0,1,-0.47,4,Group of 5 opponent,1,-11.7
2021,2021-10-30,Kentucky,Mississippi State,away,17,31,1.0,-14,0,-13.0,7.79,-22.25,3,3,-4.03,0,1,-0.34,5,Road · Night · Full house,1.25,-5.6
2021,2021-10-30,Louisville,NC State,away,13,28,6.0,-15,0,-9.0,-21.31,,6,3,-9.32,2,3,1.07,4,Road · Night · Full house,1.25,-6.9
2021,2021-10-30,Stanford,Washington,home,13,20,-2.5,-7,0,-9.5,3.34,,5,3,-9.72,0,4,-1.48,4,Night,1.05,-5.0
2021,2021-10-30,BYU,Virginia,home,66,49,-2.5,17,0,14.5,1.78,2.99,6,35,19.73,3,4,1.52,5,Night,1.05,8.0
2021,2021-10-30,Utah,UCLA,home,44,24,-6.5,20,0,13.5,15.06,6.97,4,7,-4.1,2,2,1.21,5,Night,1.05,5.2
2021,2021-10-30,Virginia,BYU,away,49,66,2.5,-17,0,-14.5,-3.63,,3,21,14.23,1,4,-0.34,4,Road · Night · Full house · Ranked opponent,1.35,0.9
2021,2021-10-30,UCLA,Utah,away,24,44,6.5,-20,0,-13.5,-16.91,,4,7,-1.1,1,1,0.69,4,Road · Night · Full house,1.25,-4.9
2021,2021-10-30,Washington,Stanford,away,20,13,2.5,7,0,9.5,-5.19,0.51,6,19,5.47,0,3,-1.0,5,Road · Night,1.15,0.7
2021,2021-11-05,Boston College,Virginia Tech,home,17,3,1.0,14,0,15.0,-0.24,5.75,7,10,-6.4,0,0,,4,Night,1.05,1.6
2021,2021-11-05,Virginia Tech,Boston College,away,3,17,-1.0,-14,0,-15.0,-1.61,,5,0,-12.29,0,1,-0.36,4,Road · Night · Full house,1.25,-7.0
2021,2021-11-06,Arizona,California,home,10,3,7.0,7,0,14.0,-14.98,,10,10,-9.96,0,1,-0.3,4,,1,-3.2
2021,2021-11-06,Maryland,Penn State,home,14,31,10.0,-17,0,-7.0,-15.28,,7,14,1.24,0,3,-0.85,4,,1,-4.1
2021,2021-11-06,Michigan State,Purdue,away,29,40,-2.5,-11,0,-13.5,1.39,,3,7,-0.63,1,3,-0.11,4,Road · Full house,1.2,-2.0
2021,2021-11-06,Michigan,Indiana,home,29,7,-20.5,22,0,1.5,-1.74,2.9,9,23,-9.27,1,1,0.51,5,Night,1.05,-0.8
2021,2021-11-06,Minnesota,Illinois,home,6,14,-14.5,-8,0,-22.5,-12.74,,7,7,-15.67,0,1,-0.45,4,,1,-9.5
2021,2021-11-06,Missouri,Georgia,away,6,43,40.0,-30,75,10.0,-7.52,,1,3,2.91,0,2,-0.15,4,Road · Full house · Top-10 opponent,1.4,1.2
2021,2021-11-06,Ole Miss,Liberty,home,27,14,-7.5,13,0,5.5,12.56,0.46,7,17,-2.84,0,0,,4,Group of 5 opponent,0.85,1.9
2021,2021-11-06,Duke,Pittsburgh,home,29,54,21.0,-25,10,-4.0,0.32,,3,0,-3.56,1,3,0.38,4,Ranked opponent,1.1,-0.8
2021,2021-11-06,NC State,Florida State,away,28,14,-3.0,14,0,11.0,0.25,-0.26,11,21,-7.31,1,2,0.26,5,Road,1.1,0.2
2021,2021-11-06,North Carolina,Wake Forest,home,58,55,-2.5,3,0,0.5,7.07,-7.01,6,27,11.73,2,4,0.52,5,Top-10 opponent,1.2,3.5
2021,2021-11-06,Wake Forest,North Carolina,away,55,58,2.5,-3,0,-0.5,-8.92,-10.49,5,17,5.72,5,7,2.66,5,Road · Full house,1.2,1.4
2021,2021-11-06,Nebraska,Ohio State,home,17,26,14.0,-9,0,5.0,5.74,,6,0,-9.55,0,1,-0.25,4,Top-10 opponent,1.2,-1.0
2021,2021-11-06,Rutgers,Wisconsin,home,3,52,13.0,-35,63,-22.0,-14.67,,1,0,-1.65,1,2,0.48,4,Ranked opponent,1.1,-5.6
2021,2021-11-06,Ohio State,Nebraska,away,26,17,-14.0,9,0,-5.0,-7.59,-6.82,8,16,-9.68,1,3,-0.35,5,Road · Full house,1.2,-5.4
2021,2021-11-06,Oklahoma State,West Virginia,away,24,3,-3.5,21,0,17.5,5.97,6.48,9,17,-6.42,0,1,-0.38,5,Road,1.1,2.3
2021,2021-11-06,Auburn,Texas A&M,away,3,20,4.5,-17,0,-12.5,-4.41,,6,0,-12.84,1,4,-0.28,4,Road · Full house · Ranked opponent,1.3,-7.5
2021,2021-11-06,UCF,Tulane,home,14,10,-13.5,4,0,-9.5,3.27,,8,14,-11.45,0,2,-0.89,4,Group of 5 opponent,1,-4.5
2021,2021-11-06,Penn State,Maryland,away,31,14,-10.0,17,0,7.0,13.43,3.2,9,17,-9.81,1,1,0.58,5,Road,1.1,2.0
2021,2021-11-06,Cincinnati,Tulsa,home,28,20,-22.5,8,0,-14.5,16.57,-16.11,7,21,-4.91,0,2,-1.02,5,Group of 5 opponent,1,-3.4
2021,2021-11-06,Pittsburgh,Duke,away,54,29,-21.0,25,10,4.0,-2.17,0.65,7,30,4.7,0,3,-1.49,5,Road,1.1,-0.2
2021,2021-11-06,Clemson,Louisville,away,30,24,-3.5,6,0,2.5,11.44,,7,20,1.78,1,3,-0.13,4,Road · Night · Full house,1.25,3.4
2021,2021-11-06,Iowa,Northwestern,away,17,12,-12.0,5,0,-7.0,3.29,-13.81,9,17,-10.85,0,1,-0.44,5,Road · Night · Full house,1.25,-5.8
2021,2021-11-06,Kansas,Kansas State,home,10,35,24.0,-25,33,-1.0,-0.56,,1,0,-1.01,1,1,0.82,4,,1,0.8
2021,2021-11-06,Kansas State,Kansas,away,35,10,-24.0,25,33,1.0,-1.29,3.14,3,17,5.64,1,2,-0.04,5,Road,1.1,1.7
2021,2021-11-06,Baylor,TCU,away,28,30,-7.5,-2,0,-9.5,14.21,,4,7,-4.34,1,4,-0.61,4,Road,1.1,-0.6
2021,2021-11-06,Miami,Georgia Tech,home,33,30,-10.0,3,0,-7.0,-15.06,,9,27,0.19,0,4,-1.68,4,,1,-5.4
2021,2021-11-05,Stanford,Utah,home,7,52,11.0,-38,66,-27.0,2.69,,1,0,-1.76,0,1,-0.27,4,Night,1.05,-4.0
2021,2021-11-06,Texas A&M,Auburn,home,20,3,-4.5,17,0,12.5,2.56,1.98,8,12,-9.28,0,2,-0.77,5,Ranked opponent,1.1,-0.5
2021,2021-11-06,Houston,South Florida,away,54,42,-13.5,12,0,-1.5,-13.41,-5.56,6,21,1.92,2,5,-0.23,5,Road · Night · Group of 5 opponent,1.15,-2.8
2021,2021-11-06,Oregon,Washington,away,26,16,-7.0,10,0,3.0,-17.07,-7.28,9,21,-4.25,1,3,-0.2,5,Road,1.1,-4.2
2021,2021-11-06,California,Arizona,away,3,10,-7.0,-7,0,-14.0,13.13,,10,0,-28.05,1,2,0.2,4,Road,1.1,-6.8
2021,2021-11-06,Purdue,Michigan State,home,40,29,2.5,11,0,13.5,-3.24,-0.49,7,30,14.21,1,2,0.33,5,Top-10 opponent,1.2,5.0
2021,2021-11-06,Texas,Iowa State,away,7,30,6.0,-23,15,-17.0,3.1,,7,7,-7.37,0,2,-0.62,4,Road · Night · Full house,1.25,-5.3
2021,2021-11-06,BYU,Idaho State,home,59,14,-36.5,35,94,-1.5,5.58,3.83,4,28,9.96,0,0,,4,FCS opponent,0.6,2.2
2021,2021-11-05,Utah,Stanford,away,52,7,-11.0,38,66,27.0,-4.55,19.7,4,21,8.85,0,0,,4,Road · Night,1.15,9.0
2021,2021-11-06,SMU,Memphis,away,25,28,-3.5,-3,0,-6.5,8.02,,7,14,-4.22,1,2,0.25,4,Road · Group of 5 opponent,1.1,-0.1
2021,2021-11-06,South Carolina,Florida,home,40,17,20.5,30,44,50.5,7.04,31.6,7,23,14.49,2,3,1.37,5,Night,1.05,15.8
2021,2021-11-06,TCU,Baylor,home,30,28,7.5,2,0,9.5,-16.06,-1.96,5,27,17.17,1,4,-0.2,5,Ranked opponent,1.1,2.1
2021,2021-11-06,Tennessee,Kentucky,away,45,42,-1.0,3,0,2.0,15.88,-6.25,2,7,2.08,3,6,0.85,5,Road · Night · Full house · Ranked opponent,1.35,3.8
2021,2021-11-06,Washington,Oregon,home,16,26,7.0,-10,0,-3.0,15.22,,6,7,-4.97,0,3,-0.91,4,Top-10 opponent,1.2,-0.0
2021,2021-11-06,Wisconsin,Rutgers,away,52,3,-13.0,35,63,22.0,12.82,15.69,3,17,7.54,1,1,0.56,5,Road,1.1,9.2
2021,2021-11-06,West Virginia,Oklahoma State,home,3,24,3.5,-21,0,-17.5,-7.82,,7,0,-15.39,0,1,-0.33,4,Ranked opponent,1.1,-8.5
2021,2021-11-06,Alabama,LSU,home,20,14,-29.0,6,0,-23.0,4.49,-20.39,9,21,-15.69,0,2,-1.11,5,Night,1.05,-9.1
2021,2021-11-06,Mississippi State,Arkansas,away,28,31,4.0,-3,0,1.0,-11.96,,3,7,0.49,0,3,-0.97,4,Road · Full house,1.2,-3.3
2021,2021-11-06,Illinois,Minnesota,away,14,6,14.5,8,0,22.5,10.89,2.57,7,14,3.07,0,1,-0.25,5,Road,1.1,5.1
2021,2021-11-06,Colorado,Oregon State,home,37,34,11.5,3,0,14.5,7.85,0.05,8,27,13.12,2,6,0.37,5,Group of 5 opponent,0.85,4.8
2021,2021-11-06,Florida State,NC State,home,14,28,3.0,-14,0,-11.0,-2.1,,9,7,-13.04,0,1,-0.33,4,Ranked opponent,1.1,-5.8
2021,2021-11-06,Florida,South Carolina,away,17,40,-20.5,-30,44,-50.5,-8.89,,3,0,-10.76,2,3,0.52,4,Road · Night · Full house,1.25,-12.8
2021,2021-11-06,Georgia Tech,Miami,away,30,33,10.0,-3,0,7.0,13.21,,7,7,-5.76,1,5,-0.41,4,Road,1.1,1.6
2021,2021-11-06,Georgia,Missouri,home,43,6,-40.0,30,75,-10.0,5.67,-1.94,3,10,-4.14,1,1,0.37,5,,1,-0.9
2021,2021-11-06,Iowa State,Texas,home,30,7,-6.0,23,15,17.0,-4.95,11.22,12,23,-9.97,0,1,-0.39,5,Night,1.05,0.6
2021,2021-11-06,Northwestern,Iowa,home,12,17,12.0,-5,0,7.0,-5.14,,9,10,-5.36,0,1,-0.27,4,Night · Ranked opponent,1.15,-1.6
2021,2021-11-06,Arkansas,Mississippi State,home,31,28,-4.0,3,0,-1.0,10.1,-7.77,5,20,6.84,2,3,0.86,5,,1,2.4
2021,2021-11-06,Indiana,Michigan,away,7,29,20.5,-22,0,-1.5,-0.11,,4,0,-4.86,0,1,-0.21,4,Road · Night · Top-10 opponent,1.35,-2.0
2021,2021-11-06,Notre Dame,Navy,home,34,6,-21.0,28,9,7.0,-1.13,4.65,6,24,2.31,0,1,-0.5,5,Group of 5 opponent,0.85,1.2
2021,2021-11-06,Kentucky,Tennessee,home,42,45,1.0,-3,0,-2.0,-17.73,,4,14,4.63,3,6,0.93,4,Night,1.05,-0.8
2021,2021-11-06,Louisville,Clemson,home,24,30,3.5,-6,0,-2.5,-13.29,-12.98,6,10,-3.19,0,5,-1.64,5,Night,1.05,-6.2
2021,2021-11-06,LSU,Alabama,away,14,20,29.0,-6,0,23.0,-6.34,,8,14,8.21,0,1,-0.15,4,Road · Night · Top-10 opponent,1.35,5.6
2021,2021-11-06,USC,Arizona State,away,16,31,9.5,-15,0,-5.5,-3.68,,6,10,-1.11,2,4,0.86,4,Road · Night · Full house,1.25,-0.4
2021,2021-11-06,Arizona State,USC,home,31,16,-9.5,15,0,5.5,1.83,-3.54,6,21,3.3,1,4,-0.67,5,Night,1.05,0.5
2021,2021-11-11,North Carolina,Pittsburgh,away,23,30,6.5,-7,0,-0.5,-2.34,,7,24,9.83,0,1,-0.31,4,Road · Night · Ranked opponent,1.25,2.2
2021,2021-11-12,Cincinnati,South Florida,away,45,28,-23.5,17,0,-6.5,0.41,-7.61,5,21,2.21,2,3,0.45,5,Road · Night · Group of 5 opponent,1.15,-0.8
2021,2021-11-11,Pittsburgh,North Carolina,home,30,23,-6.5,7,0,0.5,0.49,-9.03,8,17,-5.21,0,1,-0.4,5,Night,1.05,-2.5
2021,2021-11-13,Boston College,Georgia Tech,away,41,30,-1.5,11,0,9.5,-2.17,0.49,4,20,10.05,2,3,0.91,5,Road,1.1,4.2
2021,2021-11-13,Arizona,Utah,home,29,38,24.0,-9,0,15.0,0.45,,3,10,6.96,2,5,1.08,4,Ranked opponent,1.1,6.0
2021,2021-11-13,Maryland,Michigan State,away,21,40,11.5,-19,0,-7.5,-16.5,,6,7,-3.41,0,1,-0.27,4,Road,1.1,-5.3
2021,2021-11-13,Michigan State,Maryland,home,40,21,-11.5,19,0,7.5,14.65,1.45,8,28,3.48,1,1,0.57,5,,1,4.3
2021,2021-11-13,Michigan,Penn State,away,21,17,-2.5,4,0,1.5,2.88,,6,7,-8.27,1,3,-0.11,4,Road · Full house,1.2,-1.5
2021,2021-11-13,Minnesota,Iowa,away,22,27,4.0,-5,0,-1.0,-19.93,,6,17,3.99,2,4,0.71,4,Road · Full house · Ranked opponent,1.3,-1.8
2021,2021-11-13,Missouri,South Carolina,home,31,28,1.5,3,0,4.5,-12.81,-4.99,7,24,7.8,0,2,-0.68,5,,1,-0.9
2021,2021-11-13,Duke,Virginia Tech,away,17,48,13.0,-24,32,-11.0,2.59,,4,3,-3.6,0,1,-0.26,4,Road,1.1,-2.3
2021,2021-11-13,Rutgers,Indiana,away,38,3,6.5,28,47,34.5,29.13,18.53,11,24,1.73,0,0,,4,Road,1.1,13.2
2021,2021-11-13,Syracuse,Louisville,away,3,41,3.0,-32,70,-29.0,-13.05,,0,0,,1,1,0.67,3,Road,1.1,-8.2
2021,2021-11-13,Ohio State,Purdue,home,59,31,-19.0,35,36,16.0,12.33,12.66,3,21,10.5,1,1,0.52,5,Ranked opponent,1.1,8.6
2021,2021-11-13,Auburn,Mississippi State,home,34,43,-5.5,-9,0,-14.5,-9.04,-21.53,3,14,5.85,1,3,-0.17,5,,1,-4.6
2021,2021-11-13,Oklahoma,Baylor,away,14,27,-4.0,-13,0,-17.0,18.39,,5,7,-6.16,0,2,-0.76,4,Road · Full house · Ranked opponent,1.3,-2.0
2021,2021-11-13,UCF,SMU,away,28,55,7.0,-23,42,-16.0,8.2,,4,14,6.02,0,3,-0.91,4,Road,1.1,-0.3
2021,2021-11-13,Penn State,Michigan,home,17,21,2.5,-4,0,-1.5,-4.73,,7,13,-2.79,0,3,-1.0,4,Top-10 opponent,1.2,-3.3
2021,2021-11-13,Clemson,UConn,home,44,7,-40.5,30,73,-10.5,-0.7,0.81,8,27,-10.93,0,0,,4,Group of 5 opponent,1,-3.3
2021,2021-11-13,Iowa,Minnesota,home,27,22,-4.0,5,0,1.0,18.08,,6,20,4.21,1,5,-0.9,4,,1,3.3
2021,2021-11-13,Kansas State,West Virginia,home,34,17,-6.0,17,0,11.0,18.82,1.22,6,13,-3.48,1,1,0.61,5,,1,3.9
2021,2021-11-13,Baylor,Oklahoma,home,27,14,4.0,13,0,17.0,-20.24,6.27,7,14,-1.18,2,2,1.35,5,Top-10 opponent,1.2,1.6
2021,2021-11-13,Miami,Florida State,away,28,31,-2.5,-3,0,-5.5,7.92,,7,28,10.19,0,2,-0.74,4,Road · Full house,1.2,2.8
2021,2021-11-13,Stanford,Oregon State,away,14,35,12.5,-28,16,-15.5,6.04,,3,0,-5.03,0,1,-0.26,4,Road · Group of 5 opponent,1.1,-2.7
2021,2021-11-13,Houston,Temple,away,37,8,-24.5,37,21,12.5,8.65,15.88,9,24,-10.35,0,0,,4,Road · Group of 5 opponent,0.95,3.1
2021,2021-11-13,Purdue,Ohio State,away,31,59,19.0,-35,36,-16.0,-14.19,,0,0,,1,2,0.56,3,Road · Full house · Top-10 opponent,1.4,-7.6
2021,2021-11-13,Utah,Arizona,away,38,29,-24.0,9,0,-15.0,-2.31,-12.86,3,7,-4.36,4,6,0.89,5,Road,1.1,-3.9
2021,2021-11-13,SMU,UCF,home,55,28,-7.0,23,42,16.0,-10.05,10.72,8,38,15.56,2,2,1.2,5,,1,6.2
2021,2021-11-13,South Carolina,Missouri,away,28,31,-1.5,-3,0,-4.5,10.96,,7,21,3.59,1,3,-0.09,4,Road,1.1,2.4
2021,2021-11-13,Virginia Tech,Duke,home,48,17,-13.0,24,32,11.0,-4.44,4.69,7,31,8.94,0,0,,4,,1,3.6
2021,2021-11-13,Tennessee,Georgia,home,17,41,19.5,-24,43,-4.5,-9.45,,4,3,-2.09,0,3,-0.65,4,Top-10 opponent,1.2,-4.0
2021,2021-11-13,Texas Tech,Iowa State,home,41,38,12.5,3,0,15.5,-7.62,-3.44,5,14,5.61,3,4,1.94,5,,1,3.3
2021,2021-11-13,Wisconsin,Northwestern,home,35,7,-25.5,35,42,9.5,11.35,9.38,7,28,0.88,0,0,,4,,1,4.7
2021,2021-11-13,West Virginia,Kansas State,away,17,34,6.0,-17,0,-11.0,-20.67,,4,7,-1.21,0,1,-0.31,4,Road,1.1,-6.0
2021,2021-11-13,Alabama,New Mexico State,home,59,3,-50.5,39,99,-11.5,14.96,3.76,4,21,-0.28,1,1,0.3,5,Group of 5 opponent,0.85,1.4
2021,2021-11-13,Mississippi State,Auburn,away,43,34,5.5,9,0,14.5,7.19,-1.97,4,28,19.67,1,1,0.69,5,Road · Full house · Ranked opponent,1.3,8.9
2021,2021-11-13,Florida State,Miami,home,31,28,2.5,3,0,5.5,-9.78,-8.49,8,24,5.95,0,2,-0.67,5,,1,-1.2
2021,2021-11-13,Florida,Samford,home,70,52,-36.0,18,0,-18.0,-0.55,-12.92,4,21,3.07,5,5,1.99,5,FCS opponent,1,-1.1
2021,2021-11-13,Georgia Tech,Boston College,home,30,41,1.5,-11,0,-9.5,0.32,,3,14,7.06,1,3,-0.02,4,,1,0.7
2021,2021-11-13,Georgia,Tennessee,away,41,17,-19.5,24,43,4.5,7.6,1.41,8,34,5.78,1,2,0.03,5,Road · Full house,1.2,3.6
2021,2021-11-13,Iowa State,Texas Tech,away,38,41,-12.5,-3,0,-15.5,5.77,,5,24,8.39,0,2,-0.88,4,Road,1.1,0.0
2021,2021-11-13,Northwestern,Wisconsin,away,7,35,25.5,-35,42,-9.5,-13.21,,3,0,-2.78,0,1,-0.17,4,Road · Full house · Ranked opponent,1.3,-5.5
2021,2021-11-13,Indiana,Rutgers,home,3,38,-6.5,-28,47,-34.5,-30.98,,7,3,-16.43,0,1,-0.4,4,,1,-14.3
2021,2021-11-13,Louisville,Syracuse,home,41,3,-3.0,32,70,29.0,11.19,20.74,3,21,13.28,1,1,0.63,5,,1,10.8
2021,2021-11-13,Ole Miss,Texas A&M,home,29,19,1.0,10,0,11.0,-4.93,1.75,7,17,0.6,0,2,-0.69,5,Night · Ranked opponent,1.15,0.4
2021,2021-11-13,NC State,Wake Forest,away,42,45,1.0,-3,0,-2.0,-11.76,,10,10,-13.43,3,5,1.28,4,Road · Night · Full house · Ranked opponent,1.35,-5.1
2021,2021-11-13,Wake Forest,NC State,home,45,42,-1.0,3,0,2.0,9.91,-11.25,10,21,-3.58,3,5,1.21,5,Night · Ranked opponent,1.15,0.7
2021,2021-11-13,Kansas,Texas,away,57,56,31.0,1,0,32.0,14.57,,5,21,17.96,1,4,0.46,4,Road · Night · Full house,1.25,15.1
2021,2021-11-13,Vanderbilt,Kentucky,home,17,34,21.5,-23,12,-1.5,-3.16,,1,0,-1.16,1,1,0.8,4,Night,1.05,0.2
2021,2021-11-13,Texas A&M,Ole Miss,away,19,29,-1.0,-10,0,-11.0,3.08,,8,10,-9.67,0,1,-0.36,4,Road · Night · Full house · Ranked opponent,1.35,-4.9
2021,2021-11-13,Oregon,Washington State,home,38,24,-13.5,14,0,0.5,4.65,-5.56,8,24,-1.45,1,2,0.11,5,Night · Group of 5 opponent,1.05,-0.1
2021,2021-11-13,Texas,Kansas,home,56,57,-31.0,-1,0,-32.0,-16.42,,6,28,2.84,0,2,-1.14,4,Night,1.05,-8.1
2021,2021-11-13,Virginia,Notre Dame,home,3,28,8.5,-28,36,-19.5,-17.86,,3,0,-5.73,0,1,-0.29,4,Night · Top-10 opponent,1.25,-9.1
2021,2021-11-13,UCLA,Colorado,home,44,20,-18.0,24,28,6.0,10.64,6.17,7,21,-3.09,0,1,-0.48,5,Night,1.05,2.1
2021,2021-11-13,Washington,Arizona State,home,30,35,6.0,-5,0,1.0,1.61,-14.72,7,14,-0.37,1,4,-0.24,5,,1,-1.9
2021,2021-11-13,Colorado,UCLA,away,20,44,18.0,-24,28,-6.0,-12.49,-23.66,5,13,6.2,1,3,0.32,5,Road · Night,1.15,-4.5
2021,2021-11-13,Arkansas,LSU,away,16,13,-3.0,3,0,0.0,1.68,,9,16,-7.16,0,3,-1.12,4,Road · Night · Full house,1.25,-3.4
2021,2021-11-13,Notre Dame,Virginia,away,28,3,-8.5,28,36,19.5,16.01,10.96,6,28,10.65,0,0,,4,Road · Night · Full house,1.25,11.2
2021,2021-11-13,Arizona State,Washington,away,35,30,-6.0,5,0,-1.0,-3.47,-7.78,7,21,1.77,0,1,-0.39,5,Road,1.1,-1.7
2021,2021-11-13,Kentucky,Vanderbilt,away,34,17,-21.5,23,12,1.5,1.31,2.4,2,14,6.71,1,1,0.5,5,Road · Night,1.15,3.0
2021,2021-11-13,LSU,Arkansas,home,13,16,3.0,-3,0,0.0,-3.53,,9,10,-10.04,1,3,0.01,4,Night · Ranked opponent,1.15,-3.3
2021,2021-11-18,Duke,Louisville,home,22,62,20.0,-39,53,-19.0,-11.72,,1,0,-1.24,1,1,0.79,4,Night,1.05,-3.9
2021,2021-11-18,Louisville,Duke,away,62,22,-20.0,39,53,19.0,9.87,19.16,3,21,10.33,0,1,-0.49,5,Road · Night,1.15,8.8
2021,2021-11-20,Boston College,Florida State,home,23,26,-3.0,-3,0,-6.0,2.34,,5,14,1.13,1,1,0.63,4,,1,0.8
2021,2021-11-19,Arizona,Washington State,away,18,44,14.5,-37,48,-22.5,-18.05,,4,0,-6.25,0,1,-0.25,4,Road · Night · Group of 5 opponent,1.15,-8.9
2021,2021-11-20,Maryland,Michigan,home,18,59,15.5,-34,44,-18.5,-28.56,,3,0,-4.51,0,1,-0.24,4,Top-10 opponent,1.2,-10.3
2021,2021-11-20,Michigan State,Ohio State,away,7,56,19.5,-42,98,-22.5,-11.49,,0,0,,0,1,-0.22,3,Road · Full house · Top-10 opponent,1.4,-10.4
2021,2021-11-20,Michigan,Maryland,away,59,18,-15.5,34,44,18.5,26.71,13.43,6,31,11.22,0,0,,4,Road,1.1,12.0
2021,2021-11-20,Minnesota,Indiana,away,35,14,-7.5,28,10,20.5,4.75,11.46,8,35,12.33,0,1,-0.4,5,Road,1.1,7.2
2021,2021-11-20,Missouri,Florida,home,24,23,9.0,1,0,10.0,6.24,,7,13,-0.16,2,5,0.56,4,,1,3.3
2021,2021-11-20,NC State,Syracuse,home,41,17,-11.5,26,33,14.5,13.62,7.45,6,17,-1.39,1,1,0.57,5,,1,4.8
2021,2021-11-20,North Carolina,Wofford,home,34,14,-37.0,27,10,-10.0,0.12,-0.42,5,20,-2.7,1,1,0.39,5,FCS opponent,1,-1.1
2021,2021-11-20,Wake Forest,Clemson,away,27,48,3.5,-27,2,-23.5,-13.82,,4,3,-5.79,0,1,-0.33,4,Road · Full house,1.2,-8.6
2021,2021-11-20,Nebraska,Wisconsin,away,28,35,10.0,-7,0,3.0,-13.31,,4,14,6.71,2,5,0.59,4,Road · Ranked opponent,1.2,0.9
2021,2021-11-20,Rutgers,Penn State,away,0,28,14.0,-28,15,-14.0,-10.51,,8,0,-12.73,0,0,,3,Road · Full house,1.2,-9.2
2021,2021-11-20,Syracuse,NC State,away,17,41,11.5,-26,33,-14.5,-15.47,,4,7,0.06,0,1,-0.27,4,Road · Full house · Ranked opponent,1.3,-6.1
2021,2021-11-20,Ohio State,Michigan State,home,56,7,-19.5,42,98,22.5,9.64,19.41,3,21,10.42,0,0,,4,Top-10 opponent,1.2,11.6
2021,2021-11-20,Oklahoma,Iowa State,home,28,21,-3.0,7,0,4.0,15.57,-6.26,7,14,-4.02,1,2,0.26,5,,1,1.2
2021,2021-11-20,UCF,UConn,home,49,17,-30.0,28,45,-2.0,4.75,0.11,8,42,8.92,0,0,,4,Group of 5 opponent,0.85,2.3
2021,2021-11-20,Penn State,Rutgers,home,28,0,-14.0,28,15,14.0,8.66,8.18,11,28,-7.31,0,0,,4,,1,2.9
2021,2021-11-20,Cincinnati,SMU,home,48,14,-10.0,34,73,24.0,2.42,16.2,5,28,13.11,0,0,,4,,1,8.9
2021,2021-11-20,Pittsburgh,Virginia,home,48,38,-13.5,10,0,-3.5,10.25,-5.56,7,38,15.73,2,6,-0.67,5,,1,2.7
2021,2021-11-20,Clemson,Wake Forest,home,48,27,-3.5,27,2,23.5,11.97,16.48,6,24,8.38,1,2,0.25,5,,1,8.4
2021,2021-11-20,Iowa,Illinois,home,33,23,-12.0,10,0,-2.0,14.75,-6.81,7,13,-8.66,0,3,-1.31,5,,1,-2.0
2021,2021-11-20,Kansas,TCU,away,28,31,21.0,-3,0,18.0,6.75,,4,14,9.25,1,3,0.38,4,Road,1.1,7.2
2021,2021-11-20,Kansas State,Baylor,home,10,20,-2.5,-10,0,-12.5,2.59,,5,3,-9.72,0,1,-0.37,4,Ranked opponent,1.1,-4.3
2021,2021-11-20,Baylor,Kansas State,away,20,10,2.5,10,0,12.5,-4.44,-1.49,6,10,-3.53,1,2,0.33,5,Road,1.1,0.4
2021,2021-11-20,Texas A&M,Prairie View A&M,home,52,3,-41.5,38,73,-3.5,14.65,4.3,4,24,4.8,0,0,,4,FCS opponent,0.6,2.2
2021,2021-11-19,Houston,Memphis,home,31,13,-9.5,18,0,8.5,1.99,0.46,8,24,0.4,0,1,-0.42,5,Night · Group of 5 opponent,0.9,0.9
2021,2021-11-20,Purdue,Northwestern,neutral,32,14,-11.0,18,0,7.0,-1.63,0.7,6,19,0.78,2,2,1.14,5,,1,2.1
2021,2021-11-20,Texas,West Virginia,away,23,31,2.5,-8,0,-5.5,3.81,,5,14,2.72,0,2,-0.67,4,Road,1.1,-0.1
2021,2021-11-20,BYU,Georgia Southern,away,34,17,-20.0,17,0,-3.0,-8.31,-2.84,5,17,-0.78,2,3,0.53,5,Road · Group of 5 opponent,1.1,-1.4
2021,2021-11-20,SMU,Cincinnati,away,14,48,10.0,-34,73,-24.0,-4.27,,1,0,-1.82,0,1,-0.28,4,Road · Full house,1.2,-5.5
2021,2021-11-20,Virginia,Pittsburgh,away,38,48,13.5,-10,0,3.5,-12.1,,5,3,-5.1,2,5,0.71,4,Road · Ranked opponent,1.2,-2.1
2021,2021-11-20,UCLA,USC,away,62,33,-3.5,29,52,25.5,20.93,17.48,6,35,19.38,2,4,0.5,5,Road · Full house,1.2,14.7
2021,2021-11-20,TCU,Kansas,home,31,28,-21.0,3,0,-18.0,-8.6,-20.35,5,21,2.93,1,4,-0.99,5,,1,-6.2
2021,2021-11-20,Washington,Colorado,away,17,20,-6.5,-3,0,-9.5,-31.35,,6,7,-9.66,0,2,-0.79,4,Road,1.1,-10.7
2021,2021-11-20,Wisconsin,Nebraska,home,35,28,-10.0,7,0,-3.0,11.46,,5,14,-0.89,2,4,0.32,4,,1,1.9
2021,2021-11-20,West Virginia,Texas,home,31,23,-2.5,8,0,5.5,-5.66,-6.01,6,7,-8.27,3,3,1.89,5,,1,-0.6
2021,2021-11-20,USC,UCLA,home,33,62,3.5,-29,52,-25.5,-22.78,,4,7,-1.79,1,1,0.67,4,,1,-6.7
2021,2021-11-20,Alabama,Arkansas,home,42,35,-20.5,7,0,-13.5,-13.81,-12.1,6,20,-1.51,2,3,0.52,5,Ranked opponent,1.1,-5.0
2021,2021-11-20,Mississippi State,Tennessee State,home,55,10,-44.0,35,79,-9.0,12.33,0.04,5,28,3.28,0,0,,4,FCS opponent,0.6,1.0
2021,2021-11-20,Illinois,Iowa,away,23,33,12.0,-10,0,2.0,-16.61,-12.69,6,6,-4.24,1,5,-0.34,5,Road · Full house · Ranked opponent,1.3,-6.2
2021,2021-11-20,Colorado,Washington,home,20,17,6.5,3,0,9.5,29.49,-2.47,6,10,-2.15,0,3,-0.92,5,,1,3.4
2021,2021-11-20,Florida State,Boston College,away,26,23,3.0,3,0,6.0,-4.19,-5.24,5,7,-4.13,1,2,0.34,5,Road,1.1,-1.0
2021,2021-11-20,Florida,Missouri,away,23,24,-9.0,-1,0,-10.0,-8.1,,8,10,-13.37,1,3,-0.24,4,Road,1.1,-6.7
2021,2021-11-20,Georgia Tech,Notre Dame,away,0,55,17.5,-45,83,-27.5,-18.41,,0,0,,0,1,-0.23,3,Road · Full house · Top-10 opponent,1.4,-14.0
2021,2021-11-20,Georgia,Charleston Southern,home,56,7,-52.5,42,96,-10.5,8.86,2.75,4,28,6.26,0,0,,4,FCS opponent,0.6,1.3
2021,2021-11-20,Iowa State,Oklahoma,away,21,28,3.0,-7,0,-4.0,-17.42,,7,7,-8.59,0,1,-0.33,4,Road · Full house · Ranked opponent,1.3,-7.6
2021,2021-11-20,Northwestern,Purdue,neutral,14,32,11.0,-18,0,-7.0,-0.22,,2,0,-3.53,0,2,-0.55,4,,1,-2.4
2021,2021-11-20,Arkansas,Alabama,away,35,42,20.5,-7,0,13.5,11.95,,4,7,2.14,0,1,-0.21,4,Road · Full house · Top-10 opponent,1.4,6.1
2021,2021-11-20,Indiana,Minnesota,home,14,35,7.5,-28,10,-20.5,-6.6,,5,7,-2.83,0,2,-0.6,4,,1,-5.2
2021,2021-11-20,Notre Dame,Georgia Tech,home,55,0,-17.5,45,83,27.5,16.56,27.42,3,21,10.76,0,0,,4,,1,12.6
2021,2021-11-20,Kentucky,New Mexico State,home,56,16,-35.5,33,40,-2.5,-0.93,2.33,5,21,-1.26,1,1,0.4,5,Group of 5 opponent,0.85,0.2
2021,2021-11-20,Ole Miss,Vanderbilt,home,31,17,-36.0,14,0,-22.0,10.53,-12.92,7,17,-14.37,1,1,0.4,5,Night,1.05,-5.2
2021,2021-11-20,Oklahoma State,Texas Tech,away,23,0,-10.0,23,40,13.0,-11.71,6.2,12,23,-12.74,0,0,,4,Road · Night · Full house,1.25,-2.1
2021,2021-11-20,Auburn,South Carolina,away,17,21,-7.0,-4,0,-11.0,-12.56,-20.28,6,17,0.17,0,2,-0.8,5,Road · Night · Full house,1.25,-7.8
2021,2021-11-20,Vanderbilt,Ole Miss,away,17,31,36.0,-14,0,22.0,-12.38,,6,3,1.09,0,1,-0.1,4,Road · Night · Full house · Ranked opponent,1.35,1.7
2021,2021-11-20,Miami,Virginia Tech,home,38,26,-7.0,12,0,5.0,10.29,-1.28,5,24,9.97,1,2,0.2,5,Night,1.05,4.2
2021,2021-11-20,Stanford,California,home,11,41,2.5,-31,40,-28.5,-1.86,,3,3,-3.77,0,1,-0.33,4,,1,-5.4
2021,2021-11-20,Oregon,Utah,away,7,38,3.0,-28,38,-25.0,-21.68,,2,0,-4.45,0,1,-0.33,4,Road · Full house · Ranked opponent,1.3,-10.9
2021,2021-11-20,California,Stanford,away,41,11,-2.5,31,40,28.5,0.01,16.99,8,31,10.64,0,0,,4,Road · Full house,1.2,10.4
2021,2021-11-20,Utah,Oregon,home,38,7,-3.0,28,38,25.0,19.83,13.74,5,24,11.13,0,0,,4,Top-10 opponent,1.2,12.9
2021,2021-11-20,South Carolina,Auburn,home,21,17,7.0,4,0,11.0,10.71,,6,14,2.03,1,2,0.39,4,Night,1.05,4.7
2021,2021-11-20,Virginia Tech,Miami,away,26,38,7.0,-12,0,-5.0,-12.14,,4,0,-7.98,1,1,0.7,4,Road · Night,1.15,-4.2
2021,2021-11-20,Tennessee,South Alabama,home,60,14,-28.5,46,104,17.5,38.42,18.87,5,35,14.76,0,0,,4,Night · Group of 5 opponent,0.9,12.8
2021,2021-11-20,Texas Tech,Oklahoma State,home,0,23,10.0,-23,40,-13.0,9.86,,7,0,-12.76,0,2,-0.56,4,Night · Top-10 opponent,1.25,-4.7
2021,2021-11-20,Arizona State,Oregon State,away,10,24,-3.0,-14,0,-17.0,-9.15,,5,10,-2.87,0,1,-0.37,4,Road · Night · Group of 5 opponent,1.15,-5.6
2021,2021-11-20,LSU,UL Monroe,home,27,14,-29.0,13,0,-16.0,0.32,-10.39,8,24,-8.62,0,0,,4,Night · Group of 5 opponent,1.05,-5.4
2021,2021-11-26,Missouri,Arkansas,away,17,34,14.5,-25,22,-10.5,-5.56,,5,3,-4.81,1,2,0.5,4,Road,1.1,-3.0
2021,2021-11-25,Ole Miss,Mississippi State,away,31,21,2.0,10,0,12.0,13.77,1.26,5,21,9.58,1,2,0.32,5,Road · Night · Full house,1.25,7.0
2021,2021-11-26,Nebraska,Iowa,home,21,28,-1.0,-7,0,-8.0,-3.13,-17.25,4,7,-2.83,1,5,-0.79,5,Ranked opponent,1.1,-5.3
2021,2021-11-26,UCF,South Florida,home,17,13,-17.0,4,0,-13.0,11.69,,6,17,-3.3,0,3,-1.41,4,Group of 5 opponent,1,-2.2
2021,2021-11-26,Cincinnati,East Carolina,away,35,13,-14.5,22,0,7.5,4.62,4.93,8,28,2.09,0,3,-1.36,5,Road · Group of 5 opponent,0.95,1.3
2021,2021-11-26,Iowa,Nebraska,away,28,21,1.0,7,0,8.0,1.28,,4,10,0.63,0,1,-0.34,4,Road · Full house,1.2,1.5
2021,2021-11-26,Kansas State,Texas,away,17,22,2.5,-5,0,-2.5,2.69,,5,10,-1.28,1,5,-0.67,4,Road,1.1,-0.9
2021,2021-11-26,Texas,Kansas State,home,22,17,-2.5,5,0,2.5,-4.54,,7,6,-11.81,2,3,0.89,4,,1,-2.0
2021,2021-11-26,Utah,Colorado,home,28,13,-24.0,15,0,-9.0,-14.52,-6.86,7,21,-5.51,1,2,-0.04,5,,1,-4.8
2021,2021-11-26,TCU,Iowa State,away,14,48,15.5,-34,26,-18.5,-23.17,,1,0,-1.5,0,1,-0.24,4,Road · Full house,1.2,-8.3
2021,2021-11-25,Mississippi State,Ole Miss,home,21,31,-2.0,-10,0,-12.0,-15.63,,4,10,-0.06,1,2,0.27,4,Night · Top-10 opponent,1.25,-4.7
2021,2021-11-26,Colorado,Utah,away,13,28,24.0,-15,0,9.0,12.67,,6,6,-0.08,0,1,-0.18,4,Road · Full house · Ranked opponent,1.3,4.3
2021,2021-11-26,Iowa State,TCU,home,48,14,-15.5,34,26,18.5,21.32,17.43,6,31,11.22,0,0,,4,,1,10.8
2021,2021-11-26,Arkansas,Missouri,home,34,17,-14.5,25,22,10.5,3.7,7.93,7,31,8.33,0,2,-0.91,5,,1,3.6
2021,2021-11-27,Boston College,Wake Forest,home,10,41,6.5,-24,29,-17.5,-9.16,,5,0,-10.12,0,1,-0.31,4,Ranked opponent,1.1,-7.3
2021,2021-11-27,Arizona,Arizona State,away,15,38,20.0,-23,30,-3.0,-31.76,,4,3,-1.98,1,2,0.58,4,Road · Full house,1.2,-6.4
2021,2021-11-27,Maryland,Rutgers,away,40,16,1.5,24,15,25.5,-2.29,13.01,8,28,9.49,0,0,,4,Road,1.1,7.8
2021,2021-11-27,Michigan State,Penn State,home,30,27,4.5,3,0,7.5,-6.05,-7.48,5,14,3.3,2,3,1.04,5,,1,0.8
2021,2021-11-27,Michigan,Ohio State,home,42,27,6.5,15,0,21.5,11.23,4.53,4,14,5.9,3,4,1.78,5,Top-10 opponent,1.2,8.9
2021,2021-11-27,Minnesota,Wisconsin,home,23,13,7.0,10,0,17.0,3.3,4.78,5,10,0.02,2,3,1.09,5,Ranked opponent,1.1,4.6
2021,2021-11-27,Duke,Miami,home,10,47,20.5,-34,63,-13.5,0.82,,1,0,-1.22,0,2,-0.42,4,,1,-2.3
2021,2021-11-26,NC State,North Carolina,home,34,30,-6.5,4,0,-2.5,7.09,-12.03,4,7,-4.1,0,3,-1.19,5,Night,1.05,-3.0
2021,2021-11-26,North Carolina,NC State,away,30,34,6.5,-4,0,2.5,-8.94,-9.47,7,27,12.83,0,4,-1.22,5,Road · Night · Full house · Ranked opponent,1.35,-1.1
2021,2021-11-27,Wake Forest,Boston College,away,41,10,-6.5,24,29,17.5,7.31,7.97,9,38,13.01,1,2,0.21,5,Road,1.1,7.5
2021,2021-11-27,Rutgers,Maryland,home,16,40,-1.5,-24,15,-25.5,0.44,,4,0,-9.95,0,1,-0.36,4,,1,-6.1
2021,2021-11-27,Ohio State,Michigan,away,27,42,-6.5,-15,0,-21.5,-13.09,,3,10,1.67,1,3,-0.19,4,Road · Full house · Top-10 opponent,1.4,-6.7
2021,2021-11-27,Auburn,Alabama,home,22,24,20.5,-2,0,18.5,17.05,,11,10,-3.37,3,4,2.17,4,Top-10 opponent,1.2,9.0
2021,2021-11-27,Penn State,Michigan State,away,27,30,-4.5,-3,0,-7.5,4.2,,4,14,3.36,0,3,-1.15,4,Road · Ranked opponent,1.2,-0.9
2021,2021-11-27,Vanderbilt,Tennessee,away,21,45,32.0,-32,23,0.0,-18.33,,3,0,-1.65,0,1,-0.13,4,Road,1.1,-3.8
2021,2021-11-27,Baylor,Texas Tech,home,27,24,-14.0,3,0,-11.0,-2.82,-12.82,5,13,-3.05,1,4,-0.8,5,,1,-4.6
2021,2021-11-27,Miami,Duke,away,47,10,-20.5,34,63,13.5,-2.67,13.9,5,20,2.07,1,1,0.51,5,Road,1.1,4.5
2021,2021-11-27,Houston,UConn,away,45,17,-32.0,35,17,3.0,11.65,6.1,9,31,-7.25,1,1,0.43,5,Road · Group of 5 opponent,0.95,1.8
2021,2021-11-27,Oregon,Oregon State,home,38,29,-7.5,9,0,1.5,-2.5,-7.54,3,21,12.5,1,1,0.6,5,Group of 5 opponent,0.85,1.6
2021,2021-11-27,Purdue,Indiana,home,44,7,-17.5,24,36,6.5,2.22,6.42,6,31,10.53,0,1,-0.47,5,,1,3.6
2021,2021-11-27,SMU,Tulsa,home,31,34,-6.5,-3,0,-9.5,-8.43,-15.03,7,17,-2.43,0,1,-0.4,5,Group of 5 opponent,1,-4.9
2021,2021-11-27,Virginia,Virginia Tech,home,24,29,-7.0,-5,0,-12.0,-7.39,,5,7,-7.03,3,6,0.6,4,,1,-3.7
2021,2021-11-27,Virginia Tech,Virginia,away,29,24,7.0,5,0,12.0,5.54,,4,10,2.02,3,4,1.79,4,Road,1.1,6.1
2021,2021-11-27,Tennessee,Vanderbilt,home,45,21,-32.0,32,23,0.0,16.48,3.1,6,24,-1.5,0,0,,4,,1,2.8
2021,2021-11-26,Washington,Washington State,home,13,40,1.0,-33,33,-32.0,-6.41,,2,0,-4.69,0,1,-0.34,4,Night · Group of 5 opponent,1.05,-7.2
2021,2021-11-27,Texas Tech,Baylor,away,24,27,14.0,-3,0,11.0,0.97,,4,0,-6.36,0,1,-0.25,4,Road · Top-10 opponent,1.3,-0.0
2021,2021-11-27,Wisconsin,Minnesota,away,13,23,-7.0,-10,0,-17.0,-5.15,,3,0,-8.42,2,4,0.4,4,Road · Full house,1.2,-5.5
2021,2021-11-27,Alabama,Auburn,away,24,22,-20.5,2,0,-18.5,-18.9,,11,17,-22.44,3,4,1.02,4,Road · Full house,1.2,-11.7
2021,2021-11-27,Illinois,Northwestern,home,47,14,-7.0,30,73,23.0,12.03,13.72,6,31,14.17,0,0,,4,,1,10.0
2021,2021-11-27,Florida State,Florida,away,21,24,4.0,-3,0,1.0,-3.44,,6,14,0.99,0,2,-0.65,4,Road · Full house,1.2,-1.0
2021,2021-11-27,Florida,Florida State,home,24,21,-4.0,3,0,-1.0,1.58,-7.77,8,10,-11.05,0,1,-0.38,5,,1,-3.3
2021,2021-11-27,Georgia Tech,Georgia,home,0,45,35.5,-31,46,4.5,-5.97,,1,0,-0.35,0,1,-0.1,4,Top-10 opponent,1.2,-0.5
2021,2021-11-27,Georgia,Georgia Tech,away,45,0,-35.5,31,46,-4.5,4.12,4.33,5,24,1.74,0,0,,4,Road · Full house,1.2,1.7
2021,2021-11-27,Northwestern,Illinois,away,14,47,7.0,-30,73,-23.0,-13.89,,2,0,-3.99,0,1,-0.3,4,Road,1.1,-7.3
2021,2021-11-27,Indiana,Purdue,away,7,44,17.5,-24,36,-6.5,-4.07,,2,0,-2.78,1,2,0.54,4,Road · Full house,1.2,-1.6
2021,2021-11-27,Arizona State,Arizona,home,38,15,-20.0,23,30,3.0,29.91,2.16,3,7,-3.67,2,4,0.04,5,,1,4.0
2021,2021-11-27,Syracuse,Pittsburgh,home,14,31,12.5,-17,0,-4.5,-7.35,,5,0,-8.39,0,2,-0.53,4,Night,1.05,-4.6
2021,2021-11-27,Oklahoma State,Oklahoma,home,37,33,-4.0,4,0,0.0,9.05,,8,14,-7.05,3,4,1.48,4,Night · Top-10 opponent,1.25,2.3
2021,2021-11-27,Oklahoma,Oklahoma State,away,33,37,4.0,-4,0,0.0,-10.9,-9.73,6,7,-6.01,3,6,1.06,5,Road · Night · Full house · Top-10 opponent,1.45,-4.0
2021,2021-11-27,Pittsburgh,Syracuse,away,31,14,-12.5,17,0,4.5,5.5,-2.06,8,24,-0.98,0,1,-0.44,5,Road · Night,1.15,0.5
2021,2021-11-27,Clemson,South Carolina,away,30,0,-11.5,23,44,11.5,-0.84,8.45,11,23,-10.72,0,0,,4,Road · Night · Full house,1.25,0.7
2021,2021-11-27,Kansas,West Virginia,home,28,34,15.5,-6,0,9.5,5.51,,4,7,0.98,2,3,1.27,4,Night,1.05,4.5
2021,2021-11-27,Stanford,Notre Dame,home,14,45,21.0,-24,37,-3.0,4.55,,6,7,-0.12,0,1,-0.21,4,Night · Top-10 opponent,1.25,0.3
2021,2021-11-27,Texas A&M,LSU,away,24,27,-6.5,-3,0,-9.5,6.45,,8,17,-5.21,0,1,-0.4,4,Road · Night · Full house,1.25,-2.3
2021,2021-11-27,California,UCLA,away,14,42,6.5,-28,27,-21.5,-4.35,,2,0,-4.05,0,2,-0.61,4,Road · Night,1.15,-6.0
2021,2021-11-27,BYU,USC,away,35,31,-8.5,4,0,-4.5,4.54,-10.04,4,14,2.43,2,4,0.36,5,Road · Night · Full house,1.25,-0.4
2021,2021-11-27,South Carolina,Clemson,home,0,30,11.5,-23,44,-11.5,-1.01,,5,0,-8.68,0,1,-0.27,4,Night · Ranked opponent,1.15,-4.6
2021,2021-11-27,UCLA,California,home,42,14,-6.5,28,27,21.5,2.49,15.97,7,34,14.57,2,2,1.21,5,Night,1.05,9.5
2021,2021-11-27,West Virginia,Kansas,away,34,28,-15.5,6,0,-9.5,-7.36,-11.57,6,20,0.22,2,4,0.16,5,Road · Night,1.15,-3.7
2021,2021-11-27,USC,BYU,home,31,35,8.5,-4,0,4.5,-6.39,,4,10,2.36,0,2,-0.58,4,Night · Ranked opponent,1.15,-0.5
2021,2021-11-27,Notre Dame,Stanford,away,45,14,-21.0,24,37,3.0,-6.4,0.65,11,38,-1.76,0,0,,4,Road · Night,1.15,-0.7
2021,2021-11-27,Kentucky,Louisville,away,52,21,3.0,31,48,34.0,10.1,23.76,4,24,15.09,1,1,0.67,5,Road · Night · Full house,1.25,15.0
2021,2021-11-27,Louisville,Kentucky,home,21,52,-3.0,-31,48,-34.0,-11.95,,0,0,,1,2,0.26,3,Night,1.05,-9.3
2021,2021-11-27,LSU,Texas A&M,home,27,24,6.5,3,0,9.5,-8.31,-2.47,8,24,7.8,0,4,-1.22,5,Night · Ranked opponent,1.15,0.0
2021,2021-12-04,Oklahoma State,Baylor,neutral,16,21,-7.0,-5,0,-12.0,-14.84,,8,10,-12.44,0,1,-0.4,4,Top-10 opponent,1.2,-9.0
2021,2021-12-04,Cincinnati,Houston,home,35,20,-10.5,15,0,4.5,8.3,-4.05,7,14,-7.05,2,3,0.73,5,Ranked opponent,1.1,0.6
2021,2021-12-04,Baylor,Oklahoma State,neutral,21,16,7.0,5,0,12.0,12.99,-1.22,7,21,7.03,0,3,-0.91,5,Top-10 opponent,1.2,4.1
2021,2021-12-04,Houston,Cincinnati,away,20,35,10.5,-15,0,-4.5,-10.15,,5,7,-1.97,2,3,1.17,4,Road · Full house · Top-10 opponent,1.4,-1.6
2021,2021-12-03,Oregon,Utah,neutral,10,38,3.0,-28,33,-25.0,-12.47,,4,0,-8.91,0,1,-0.33,4,Night · Ranked opponent,1.15,-9.1
2021,2021-12-03,Utah,Oregon,neutral,38,10,-3.0,28,33,25.0,10.62,13.74,5,14,1.13,0,0,,4,Night · Top-10 opponent,1.25,9.0
2021,2021-12-04,Alabama,Georgia,neutral,41,24,6.5,17,0,23.5,8.04,7.53,6,13,0.85,1,2,0.39,5,Top-10 opponent,1.2,6.4
2021,2021-12-04,Georgia,Alabama,neutral,24,41,-6.5,-17,0,-23.5,-9.9,-29.03,5,10,-3.88,1,3,-0.19,5,Top-10 opponent,1.2,-10.4
2021,2021-12-04,Michigan,Iowa,neutral,42,3,-12.0,25,31,13.0,13.89,6.19,9,28,0.15,0,0,,4,Night · Ranked opponent,1.15,5.6
2021,2021-12-04,Wake Forest,Pittsburgh,neutral,21,45,3.5,-24,27,-20.5,-14.84,,9,7,-12.78,2,4,0.69,4,Night · Ranked opponent,1.15,-8.5
2021,2021-12-04,Pittsburgh,Wake Forest,neutral,45,21,-3.5,24,27,20.5,12.99,13.48,10,21,-5.03,1,3,-0.13,5,Night · Ranked opponent,1.15,5.6
2021,2021-12-04,Iowa,Michigan,neutral,3,42,12.0,-25,31,-13.0,-15.74,,7,0,-11.95,0,1,-0.27,4,Night · Top-10 opponent,1.25,-9.4
2021,2021-12-04,California,USC,home,24,14,-4.5,10,0,5.5,36.01,-1.02,5,10,-3.3,1,1,0.62,5,Night,1.05,5.5
2021,2021-12-04,USC,California,away,14,24,4.5,-10,0,-5.5,-37.86,,4,7,-1.56,0,2,-0.64,4,Road · Night · Full house,1.25,-10.1
2021,2021-12-18,BYU,UAB,neutral,28,31,-6.0,-3,0,-9.0,-3.83,,3,14,5.76,0,4,-1.57,4,Postseason · Group of 5 opponent,1.1,-2.5
2021,2021-12-22,Missouri,Army,neutral,22,24,7.0,-2,0,5.0,-16.83,-7.22,4,10,2.02,1,3,0.09,5,Night · Postseason · Group of 5 opponent,1.15,-2.4
2021,2021-12-23,UCF,Florida,neutral,29,17,7.0,12,0,19.0,4.22,7.78,8,20,4.03,2,3,1.09,5,Night · Postseason,1.15,6.5
2021,2021-12-23,Florida,UCF,neutral,17,29,-7.0,-12,0,-19.0,-6.07,,6,7,-9.83,2,4,0.4,4,Night · Postseason,1.15,-6.1
2021,2021-12-28,Auburn,Houston,neutral,13,17,1.5,-4,0,-2.5,-0.23,,7,7,-9.2,0,2,-0.68,4,Ranked opponent · Postseason,1.2,-4.0
2021,2021-12-28,Houston,Auburn,neutral,17,13,-1.5,4,0,2.5,-1.63,-5.51,6,10,-4.92,0,3,-1.09,5,Postseason,1.1,-2.8
2021,2021-12-28,Texas Tech,Mississippi State,neutral,34,7,10.0,27,25,37.0,-0.17,23.3,7,24,11.24,0,1,-0.28,5,Night · Postseason,1.15,10.6
2021,2021-12-28,Mississippi State,Texas Tech,neutral,7,34,-10.0,-27,25,-37.0,-1.68,,3,0,-8.94,0,1,-0.42,4,Night · Postseason,1.15,-9.1
2021,2021-12-28,Louisville,Air Force,neutral,28,31,1.0,-3,0,-2.0,-0.2,,3,7,-0.03,0,1,-0.34,4,Postseason · Group of 5 opponent,1.1,-0.6
2021,2021-12-29,Maryland,Virginia Tech,neutral,54,10,-4.5,31,35,26.5,10.98,18.98,6,28,12.04,1,1,0.62,5,Postseason,1.1,11.0
2021,2021-12-28,Minnesota,West Virginia,neutral,18,6,-6.0,12,0,6.0,-3.81,1.22,8,17,-4.98,0,1,-0.39,5,Night · Postseason,1.15,-1.0
2021,2021-12-29,Clemson,Iowa State,neutral,20,13,-2.0,7,0,5.0,1.18,-2.76,6,10,-5.1,0,2,-0.73,5,Postseason,1.1,-1.4
2021,2021-12-29,Virginia Tech,Maryland,neutral,10,54,4.5,-31,35,-26.5,-12.83,,2,3,-1.28,0,2,-0.64,4,Postseason,1.1,-7.4
2021,2021-12-28,West Virginia,Minnesota,neutral,6,18,6.0,-12,0,-6.0,1.96,,6,0,-12.32,1,2,0.38,4,Night · Postseason,1.15,-3.3
2021,2021-12-29,Iowa State,Clemson,neutral,13,20,2.0,-7,0,-5.0,-3.03,,7,13,-2.99,0,2,-0.68,4,Ranked opponent · Postseason,1.2,-3.1
2021,2021-12-30,North Carolina,South Carolina,neutral,21,38,-12.5,-17,0,-29.5,5.58,,2,3,-3.25,0,1,-0.44,4,Postseason,1.1,-4.7
2021,2021-12-29,Oklahoma,Oregon,neutral,47,32,-7.0,15,0,8.0,8.0,-0.28,4,28,16.78,1,1,0.6,5,Night · Ranked opponent · Postseason,1.25,7.3
2021,2021-12-29,Oregon,Oklahoma,neutral,32,47,7.0,-15,0,-8.0,-9.85,,2,0,-3.99,1,2,0.39,4,Night · Ranked opponent · Postseason,1.25,-3.8
2021,2021-12-30,Purdue,Tennessee,neutral,48,45,7.5,3,0,10.5,7.36,,10,23,3.33,3,6,1.2,4,Postseason,1.1,5.7
2021,2021-12-30,South Carolina,North Carolina,neutral,38,21,12.5,17,0,29.5,-7.43,9.56,5,23,14.61,1,1,0.74,5,Postseason,1.1,7.9
2021,2021-12-30,Tennessee,Purdue,neutral,45,48,-7.5,-3,0,-10.5,-9.21,-19.54,9,24,-1.51,2,6,-0.42,5,Postseason,1.1,-6.2
2021,2021-12-30,Michigan State,Pittsburgh,neutral,31,21,-3.5,10,0,6.5,-6.69,-0.52,8,21,0.18,1,1,0.62,5,Night · Ranked opponent · Postseason,1.25,0.7
2021,2021-12-31,Wake Forest,Rutgers,neutral,38,10,-16.5,28,13,11.5,9.74,10.92,5,17,0.23,2,2,1.07,5,Postseason,1.1,5.8
2021,2021-12-31,Rutgers,Wake Forest,neutral,10,38,16.5,-28,13,-11.5,-11.59,,2,0,-2.89,2,3,1.29,4,Ranked opponent · Postseason,1.2,-2.9
2021,2021-12-31,Cincinnati,Alabama,neutral,6,27,13.0,-21,0,-8.0,4.81,,4,0,-6.6,1,2,0.48,4,Top-10 opponent · Postseason,1.3,-1.4
2021,2021-12-30,Pittsburgh,Michigan State,neutral,21,31,3.5,-10,0,-6.5,4.84,-17.98,6,7,-6.19,1,3,0.02,5,Night · Top-10 opponent · Postseason,1.35,-4.9
2021,2021-12-30,Wisconsin,Arizona State,neutral,20,13,-7.5,7,0,-0.5,-1.27,-6.54,5,7,-7.17,2,3,0.79,5,Night · Postseason,1.15,-1.8
2021,2021-12-31,Alabama,Cincinnati,neutral,27,6,-13.0,21,0,8.0,-6.66,1.69,6,17,-1.91,1,1,0.56,5,Top-10 opponent · Postseason,1.3,0.7
2021,2021-12-30,Arizona State,Wisconsin,neutral,13,20,7.5,-7,0,0.5,-0.58,,4,10,2.13,1,1,0.7,4,Night · Postseason,1.15,1.8
2021,2021-12-31,Michigan,Georgia,neutral,11,34,7.5,-24,45,-16.5,-7.2,,2,0,-3.93,0,1,-0.3,4,Night · Top-10 opponent · Postseason,1.35,-6.2
2021,2022-01-01,Ohio State,Utah,neutral,48,45,4.0,3,0,7.0,-20.25,,4,21,12.32,0,2,-0.65,4,Ranked opponent · Postseason,1.2,-0.0
2021,2022-01-01,Oklahoma State,Notre Dame,neutral,37,35,-1.0,2,0,1.0,-4.12,-6.25,11,23,-4.04,0,1,-0.36,5,Top-10 opponent · Postseason,1.3,-3.0
2021,2022-01-01,Penn State,Arkansas,neutral,10,24,3.5,-14,0,-10.5,-3.86,,6,10,-3.19,0,3,-0.98,4,Ranked opponent · Postseason,1.2,-4.7
2021,2022-01-01,Iowa,Kentucky,neutral,17,20,3.0,-3,0,0.0,-5.88,,6,17,3.64,0,3,-0.99,4,Ranked opponent · Postseason,1.2,-1.4
2021,2022-01-01,Utah,Ohio State,neutral,45,48,-4.0,-3,0,-7.0,18.4,-17.77,4,14,3.47,5,7,2.34,5,Top-10 opponent · Postseason,1.3,3.0
2021,2021-12-31,Georgia,Michigan,neutral,34,11,-7.5,24,45,16.5,5.35,7.46,6,24,7.0,0,0,,4,Night · Top-10 opponent · Postseason,1.35,7.7
2021,2022-01-01,Arkansas,Penn State,neutral,24,10,-3.5,14,0,10.5,2.01,-0.52,8,17,-3.82,0,2,-0.75,5,Postseason,1.1,-0.0
2021,2022-01-01,Notre Dame,Oklahoma State,neutral,35,37,1.0,-2,0,-1.0,2.26,-14.25,9,21,-0.08,0,5,-1.72,5,Top-10 opponent · Postseason,1.3,-4.4
2021,2022-01-01,Kentucky,Iowa,neutral,20,17,-3.0,3,0,0.0,4.03,-7.26,6,17,1.56,1,3,-0.12,5,Ranked opponent · Postseason,1.2,-0.2
2021,2022-01-01,Ole Miss,Baylor,neutral,7,21,-1.0,-14,0,-15.0,-15.22,,9,7,-15.12,0,2,-0.72,4,Night · Top-10 opponent · Postseason,1.35,-12.2
2021,2022-01-01,Baylor,Ole Miss,neutral,21,7,1.0,14,0,15.0,13.37,1.75,9,14,-7.08,0,1,-0.34,5,Night · Top-10 opponent · Postseason,1.35,2.8
2021,2022-01-04,Kansas State,LSU,neutral,42,20,-9.5,28,37,18.5,7.19,10.46,5,28,13.25,0,0,,4,Night · Postseason,1.15,9.3
2021,2022-01-04,LSU,Kansas State,neutral,20,42,9.5,-28,37,-18.5,-9.05,,2,0,-3.7,0,1,-0.29,4,Night · Postseason,1.15,-5.9
2021,2022-01-10,Alabama,Georgia,neutral,18,33,3.0,-15,0,-12.0,-20.63,,6,10,-3.36,2,5,0.35,4,Night · Top-10 opponent · Postseason,1.35,-7.2
2021,2022-01-10,Georgia,Alabama,neutral,33,18,-3.0,15,0,12.0,18.77,-0.26,5,17,4.13,2,5,0.14,5,Night · Top-10 opponent · Postseason,1.35,6.5
2022,2022-08-27,Nebraska,Northwestern,neutral,28,31,-12.5,-3,0,-15.5,-1.08,-18.66,8,14,-11.71,1,5,-1.2,5,,1,-7.7
2022,2022-08-27,Illinois,Wyoming,home,38,6,-14.0,25,34,11.0,5.2,8.56,7,24,0.95,0,1,-0.45,5,Group of 5 opponent,0.85,2.5
2022,2022-08-27,Florida State,Duquesne,home,47,7,-42.0,40,57,-2.0,-0.05,7.08,4,20,0.89,0,0,,4,FCS opponent,0.6,0.8
2022,2022-08-27,Northwestern,Nebraska,neutral,31,28,12.5,3,0,15.5,-1.15,,9,17,-0.0,0,2,-0.5,4,,1,1.5
2022,2022-08-27,North Carolina,Florida A&M,home,56,24,-45.5,25,31,-20.5,10.87,-10.73,5,28,3.19,1,2,-0.37,5,Night · FCS opponent,1.05,-2.0
2022,2022-08-27,Vanderbilt,Hawai'i,away,63,10,-9.0,32,76,23.0,16.31,18.15,4,14,1.89,1,2,0.17,5,Road · Night · Group of 5 opponent,1.0,7.8
2022,2022-09-01,Wake Forest,VMI,home,44,10,-33.5,27,36,-6.5,5.93,1.47,7,30,-0.29,0,0,,4,Night · FCS opponent,0.65,0.3
2022,2022-09-01,Oklahoma State,Central Michigan,home,58,44,-20.5,21,71,0.5,14.31,3.2,5,28,9.81,0,1,-0.5,5,Night · Group of 5 opponent,0.9,3.5
2022,2022-09-01,Pittsburgh,West Virginia,home,38,31,-7.5,7,0,-0.5,7.64,,7,31,10.36,0,4,-1.61,4,Night,1.05,2.0
2022,2022-09-01,Tennessee,Ball State,home,59,10,-35.5,38,94,2.5,26.42,11.44,6,31,4.4,0,0,,4,Night · Group of 5 opponent,0.9,6.5
2022,2022-09-01,West Virginia,Pittsburgh,away,31,38,7.5,-7,0,0.5,-9.88,,7,14,-1.08,1,3,0.13,4,Road · Night · Full house · Ranked opponent,1.35,-2.0
2022,2022-09-02,Michigan State,Western Michigan,home,35,13,-21.5,22,0,0.5,10.61,1.68,8,28,-1.53,1,2,-0.01,5,Night · Group of 5 opponent,0.9,1.4
2022,2022-09-01,Minnesota,New Mexico State,home,38,0,-36.0,31,45,-5.0,-1.61,0.18,4,24,6.16,0,0,,4,Night · Group of 5 opponent,0.9,0.7
2022,2022-09-01,Missouri,Louisiana Tech,home,52,24,-20.5,35,34,14.5,9.04,15.2,9,28,-4.74,0,1,-0.5,5,Night · Group of 5 opponent,0.9,3.3
2022,2022-09-02,Duke,Temple,home,30,0,-9.5,27,39,17.5,-6.49,13.89,7,20,-1.39,0,0,,4,Night · Group of 5 opponent,0.9,3.0
2022,2022-09-01,Penn State,Purdue,away,35,31,-3.5,4,0,0.5,4.84,-7.01,8,28,6.1,1,5,-0.86,5,Road · Night,1.15,0.2
2022,2022-09-01,Purdue,Penn State,home,31,35,3.5,-4,0,-0.5,-7.07,,8,10,-8.93,1,3,0.04,4,Night,1.05,-3.4
2022,2022-09-02,Virginia Tech,Old Dominion,away,17,20,-6.0,-3,0,-9.0,-21.14,,10,24,-4.7,0,1,-0.39,4,Road · Night · Full house · Group of 5 opponent,1.25,-7.8
2022,2022-09-03,Boston College,Rutgers,home,21,22,-9.0,-1,0,-10.0,-1.04,-12.85,8,14,-10.23,1,4,-0.65,5,,1,-5.5
2022,2022-09-03,Arizona,San Diego State,away,38,20,6.5,18,0,24.5,-2.88,13.17,7,17,1.55,1,2,0.41,5,Road · Full house · Group of 5 opponent,1.05,5.2
2022,2022-09-03,Maryland,Buffalo,home,31,10,-24.0,24,21,0.0,0.48,-0.61,9,24,-10.41,0,0,,4,Group of 5 opponent,1,-2.0
2022,2022-09-03,Michigan,Colorado State,home,51,7,-31.0,30,64,-1.0,14.41,5.77,6,23,-2.17,0,0,,4,Group of 5 opponent,0.85,2.3
2022,2022-09-03,Ole Miss,Troy,home,28,10,-21.5,25,19,3.5,7.06,1.68,5,21,2.54,0,0,,4,Group of 5 opponent,0.85,2.1
2022,2022-09-03,NC State,East Carolina,away,21,20,-12.5,1,0,-11.5,5.16,-17.66,7,14,-8.5,0,3,-1.32,5,Road · Full house · Group of 5 opponent,1.2,-7.0
2022,2022-09-03,North Carolina,Appalachian State,away,63,61,3.0,2,0,5.0,6.65,-8.64,4,20,10.43,3,5,1.39,5,Road · Full house · Group of 5 opponent,1.05,3.9
2022,2022-09-03,Nebraska,North Dakota,home,38,17,-28.5,21,0,-7.5,6.78,-1.94,8,24,-8.5,1,2,-0.12,5,FCS opponent,1,-1.8
2022,2022-09-03,Rutgers,Boston College,away,22,21,9.0,1,0,10.0,-1.19,,8,24,7.4,0,3,-0.83,4,Road,1.1,2.4
2022,2022-09-03,Ohio State,Notre Dame,home,21,10,-17.0,11,0,-6.0,-2.54,-6.99,6,21,0.28,0,2,-0.95,5,Night · Top-10 opponent,1.25,-3.3
2022,2022-09-03,Auburn,Mercer,home,42,16,-30.0,35,46,5.0,2.58,7.28,6,28,3.15,0,0,,4,Night · FCS opponent,0.65,2.0
2022,2022-09-03,Oklahoma,UTEP,home,45,13,-31.0,32,46,1.0,12.88,3.77,4,28,11.22,0,0,,4,Group of 5 opponent,0.85,4.5
2022,2022-09-03,Cincinnati,Arkansas,away,24,31,6.5,-7,0,-0.5,-10.76,,7,3,-12.45,0,2,-0.59,4,Road · Full house · Ranked opponent,1.3,-7.2
2022,2022-09-03,Iowa,South Dakota State,home,7,3,-10.5,4,0,-6.5,-2.69,,11,3,-31.19,0,0,,3,FCS opponent,1,-10.2
2022,2022-09-02,Kansas,Tennessee Tech,home,56,10,-30.5,32,81,1.5,14.06,4.03,3,21,8.5,0,0,,4,Night · FCS opponent,0.65,3.2
2022,2022-09-03,Kansas State,South Dakota,home,34,0,-27.0,34,68,7.0,9.02,7.84,5,14,-5.91,0,0,,4,Night · FCS opponent,0.65,1.5
2022,2022-09-03,Vanderbilt,Elon,home,42,31,-18.5,11,0,-7.5,16.24,-10.77,9,28,-3.79,0,0,,4,Night · FCS opponent,1.05,-0.8
2022,2022-09-03,Baylor,Albany,home,69,10,-42.5,35,77,-7.5,15.59,0.82,4,14,-5.22,1,1,0.34,5,Night · FCS opponent,0.65,0.5
2022,2022-09-03,Miami,Bethune-Cookman,home,70,13,-49.5,32,77,-17.5,15.43,-2.8,2,14,3.65,1,1,0.28,5,FCS opponent,0.6,0.5
2022,2022-09-03,Texas A&M,Sam Houston,home,31,0,-36.5,24,36,-12.5,-0.2,-3.08,10,24,-20.86,0,0,,4,Group of 5 opponent,1,-6.3
2022,2022-09-03,Houston,UTSA,away,37,35,-3.5,2,0,-1.5,11.54,,6,17,0.58,0,2,-0.74,4,Road · Group of 5 opponent,0.95,1.1
2022,2022-09-03,Oregon,Georgia,neutral,3,49,16.0,-32,70,-16.0,-15.12,,0,0,,0,1,-0.23,3,Top-10 opponent,1.2,-8.4
2022,2022-09-03,California,UC Davis,home,34,13,-14.0,21,0,7.0,16.95,5.56,8,24,-2.35,0,1,-0.45,5,FCS opponent,0.6,1.8
2022,2022-09-03,BYU,South Florida,away,50,21,-11.5,40,38,28.5,9.24,21.86,2,14,7.68,0,0,,4,Road · Group of 5 opponent,0.95,9.6
2022,2022-09-03,Utah,Florida,away,26,29,-2.5,-3,0,-5.5,0.48,,4,17,6.26,2,4,0.54,4,Road · Night · Full house,1.25,2.2
2022,2022-09-03,SMU,North Texas,away,48,10,-9.5,28,37,18.5,10.45,10.89,7,24,2.61,0,0,,4,Road · Night · Full house · Group of 5 opponent,1.1,6.9
2022,2022-09-03,South Carolina,Georgia State,home,35,14,-12.5,21,0,8.5,18.61,7.34,10,13,-19.14,1,2,0.12,5,Night · Group of 5 opponent,0.9,0.9
2022,2022-09-03,Virginia,Richmond,home,34,17,-21.5,17,0,-4.5,-0.65,-6.32,6,21,-1.15,1,1,0.49,5,FCS opponent,1,-1.0
2022,2022-09-03,UCLA,Bowling Green,home,45,17,-24.0,28,10,4.0,-13.12,3.39,9,35,0.59,1,2,-0.05,5,Group of 5 opponent,1,-0.6
2022,2022-09-02,TCU,Colorado,away,38,13,-13.5,25,25,11.5,16.06,8.82,5,24,7.66,0,2,-0.89,5,Road · Night · Full house,1.25,6.6
2022,2022-09-03,Wisconsin,Illinois State,home,38,0,-36.5,31,38,-5.5,16.48,-0.08,4,17,-0.94,0,0,,4,Night · FCS opponent,0.65,1.2
2022,2022-09-03,USC,Rice,home,66,14,-32.5,31,64,-1.5,24.89,1.99,1,7,2.73,1,1,0.41,5,Group of 5 opponent,0.85,3.8
2022,2022-09-03,Alabama,Utah State,home,55,0,-42.0,41,77,-1.0,9.85,11.08,5,31,7.11,0,0,,4,Night · Group of 5 opponent,0.9,4.4
2022,2022-09-03,Mississippi State,Memphis,home,49,23,-17.0,46,45,29.0,1.45,25.01,3,14,3.64,0,0,,4,Night · Group of 5 opponent,0.9,7.8
2022,2022-09-02,Illinois,Indiana,away,20,23,1.0,-3,0,-2.0,-14.78,,8,10,-9.99,2,4,0.65,4,Road · Night · Full house,1.25,-5.3
2022,2022-09-02,Colorado,TCU,home,13,38,13.5,-25,25,-11.5,-18.29,,3,3,-2.51,1,2,0.51,4,Night,1.05,-4.6
2022,2022-09-03,Florida,Utah,home,29,26,2.5,3,0,5.5,-2.71,,2,7,2.16,3,5,1.37,4,Night · Top-10 opponent,1.25,3.5
2022,2022-09-03,Georgia,Oregon,neutral,49,3,-16.0,32,70,16.0,12.88,11.53,3,21,10.8,0,0,,4,Ranked opponent,1.1,9.0
2022,2022-09-03,Iowa State,Southeast Missouri State,home,42,10,-33.5,25,40,-8.5,11.26,-4.53,6,28,2.04,0,0,,4,FCS opponent,0.6,0.4
2022,2022-09-03,Arkansas,Cincinnati,home,31,24,-6.5,7,0,0.5,8.52,-8.56,8,21,-2.17,2,3,0.82,5,Ranked opponent,1.1,0.6
2022,2022-09-02,Indiana,Illinois,home,23,20,-1.0,3,0,2.0,12.54,,8,13,-7.84,2,4,0.59,4,Night,1.05,1.5
2022,2022-09-03,Notre Dame,Ohio State,away,10,21,17.0,-11,0,6.0,0.31,,6,7,-2.9,0,2,-0.44,4,Road · Night · Full house · Top-10 opponent,1.45,-0.3
2022,2022-09-03,Kentucky,Miami (OH),home,37,13,-15.0,24,34,9.0,19.95,8.04,6,23,2.92,1,3,-0.37,5,Night · Group of 5 opponent,0.9,4.5
2022,2022-09-03,Syracuse,Louisville,home,31,7,5.5,24,23,29.5,12.61,18.65,6,21,7.44,1,1,0.7,5,Night,1.05,10.2
2022,2022-09-03,Stanford,Colgate,home,41,10,-40.0,25,33,-15.0,0.9,-7.89,3,7,-7.01,0,0,,4,FCS opponent,1,-4.2
2022,2022-09-03,Texas,UL Monroe,home,52,10,-37.5,35,62,-2.5,14.91,6.4,4,10,-8.16,1,1,0.37,5,Night · Group of 5 opponent,0.9,1.4
2022,2022-09-03,Washington,Kent State,home,45,20,-23.5,32,38,8.5,13.47,7.65,3,21,9.61,1,1,0.48,5,Night · Group of 5 opponent,0.9,5.6
2022,2022-09-03,Texas Tech,Murray State,home,63,10,-38.0,32,77,-6.0,14.84,0.15,3,21,7.3,0,0,,4,Night · FCS opponent,0.65,2.2
2022,2022-09-04,Florida State,LSU,neutral,24,23,4.0,1,0,5.0,-2.95,-9.13,3,14,6.98,1,3,0.05,5,Night,1.05,0.4
2022,2022-09-03,Louisville,Syracuse,away,7,31,-5.5,-24,23,-29.5,-14.85,,3,0,-8.53,0,1,-0.39,4,Road · Night · Full house,1.25,-11.2
2022,2022-09-04,LSU,Florida State,neutral,23,24,-4.0,-1,0,-5.0,0.72,,1,0,-2.76,0,2,-0.75,4,Night,1.05,-2.1
2022,2022-09-05,Clemson,Georgia Tech,away,41,10,-24.5,24,22,-0.5,10.26,-0.87,11,38,-4.35,1,1,0.47,5,Road · Night,1.15,1.1
2022,2022-09-05,Georgia Tech,Clemson,home,10,41,24.5,-24,22,0.5,-12.5,,6,7,-0.52,0,2,-0.32,4,Night · Top-10 opponent,1.25,-3.0
2022,2022-09-09,UCF,Louisville,home,14,20,-5.5,-6,0,-11.5,3.15,,8,7,-15.74,1,4,-0.55,4,Night,1.05,-5.7
2022,2022-09-09,Louisville,UCF,away,20,14,5.5,6,0,11.5,-5.39,,9,13,-7.34,0,2,-0.61,4,Road · Night · Full house,1.25,-2.1
2022,2022-09-10,Michigan State,Akron,home,52,0,-34.5,31,94,-3.5,24.6,0.96,7,31,0.34,0,0,,4,Group of 5 opponent,0.85,3.1
2022,2022-09-10,Minnesota,Western Illinois,home,62,10,-41.0,35,74,-6.0,2.48,1.59,3,21,6.83,0,0,,4,FCS opponent,0.6,1.0
2022,2022-09-10,Missouri,Kansas State,away,12,40,7.5,-27,35,-19.5,-16.28,,4,3,-5.62,0,1,-0.29,4,Road · Full house,1.2,-8.3
2022,2022-09-10,Ole Miss,Central Arkansas,home,59,3,-36.5,31,93,-5.5,7.87,-0.08,2,14,5.03,0,0,,4,Night · FCS opponent,0.65,1.2
2022,2022-09-10,Duke,Northwestern,away,31,23,10.0,8,0,18.0,20.87,0.98,6,24,11.87,1,2,0.46,5,Road,1.1,8.4
2022,2022-09-10,NC State,Charleston Southern,home,55,3,-45.5,38,87,-7.5,11.35,6.27,5,28,3.19,0,0,,4,FCS opponent,0.6,1.6
2022,2022-09-10,North Carolina,Georgia State,away,35,28,-7.0,7,0,0.0,0.01,-5.82,8,21,-2.38,1,4,-0.59,5,Road · Full house · Group of 5 opponent,1.2,-2.0
2022,2022-09-10,Wake Forest,Vanderbilt,away,45,25,-13.5,24,25,10.5,8.5,7.82,7,21,-1.87,0,1,-0.45,5,Road,1.1,3.0
2022,2022-09-10,Nebraska,Georgia Southern,home,42,45,-23.5,-3,0,-26.5,2.24,,3,21,9.61,3,7,-0.65,4,Night · Group of 5 opponent,1.05,-1.6
2022,2022-09-10,Rutgers,Wagner,home,66,7,-48.5,31,76,-17.5,5.53,-6.29,7,38,2.15,0,0,,4,FCS opponent,1,-1.6
2022,2022-09-10,Syracuse,UConn,away,48,14,-23.5,27,34,3.5,8.08,6.65,4,24,8.81,0,0,,4,Road · Night · Group of 5 opponent,1.0,4.8
2022,2022-09-10,Ohio State,Arkansas State,home,45,12,-44.5,36,62,-8.5,1.23,3.78,4,17,-2.64,2,2,0.64,5,Group of 5 opponent,0.85,0.1
2022,2022-09-10,Oklahoma State,Arizona State,home,34,17,-11.5,17,0,5.5,4.54,1.86,10,27,-4.61,1,3,-0.3,5,Night,1.05,0.4
2022,2022-09-10,Auburn,San José State,home,24,16,-24.0,8,0,-16.0,0.13,-13.61,6,3,-19.94,2,2,0.95,5,Night · Group of 5 opponent,1.05,-6.7
2022,2022-09-10,Oklahoma,Kent State,home,33,3,-33.0,28,35,-5.0,10.94,1.73,6,24,-1.8,0,1,-0.59,5,Night · Group of 5 opponent,0.9,0.3
2022,2022-09-10,Penn State,Ohio,home,46,10,-28.0,33,50,5.0,4.59,6.32,5,24,3.82,0,0,,4,Group of 5 opponent,0.85,2.9
2022,2022-09-10,Pittsburgh,Tennessee,home,27,34,6.0,-7,0,-1.0,-9.0,-12.09,7,13,-2.64,1,4,-0.2,5,Ranked opponent,1.1,-3.9
2022,2022-09-10,Clemson,Furman,home,35,12,-45.5,23,43,-22.5,15.43,-9.73,5,14,-10.81,1,1,0.31,5,FCS opponent,1,-3.4
2022,2022-09-10,Iowa,Iowa State,home,7,10,-3.5,-3,0,-6.5,18.09,,9,7,-17.63,0,2,-0.74,4,,1,-2.9
2022,2022-09-10,Kansas,West Virginia,away,55,42,14.0,13,0,27.0,19.81,9.05,1,0,-1.81,2,4,1.04,5,Road,1.1,8.3
2022,2022-09-10,Kansas State,Missouri,home,40,12,-7.5,27,35,19.5,14.05,10.92,7,20,-0.64,0,0,,4,,1,6.2
2022,2022-09-10,Vanderbilt,Wake Forest,home,25,45,13.5,-24,25,-10.5,-10.74,,6,3,-8.02,0,1,-0.24,4,,1,-5.3
2022,2022-09-10,Miami,Southern Miss,home,30,7,-27.5,23,12,-4.5,3.1,0.58,9,30,-6.08,0,1,-0.55,5,Group of 5 opponent,1,-1.5
2022,2022-09-10,Stanford,USC,home,28,41,9.5,-20,11,-10.5,-10.85,,3,7,0.86,0,1,-0.27,4,Top-10 opponent,1.2,-3.8
2022,2022-09-10,Texas A&M,Appalachian State,home,14,17,-18.0,-3,0,-21.0,7.91,,5,0,-17.53,2,3,0.56,4,Group of 5 opponent,1,-5.0
2022,2022-09-10,Houston,Texas Tech,away,30,33,4.0,-3,0,1.0,10.75,,8,6,-12.72,1,3,0.05,4,Road · Full house,1.2,-1.1
2022,2022-09-10,California,UNLV,home,20,14,-12.5,6,0,-6.5,-3.14,-12.66,8,17,-8.71,0,2,-0.88,5,Group of 5 opponent,1,-5.3
2022,2022-09-10,Purdue,Indiana State,home,56,0,-37.0,35,83,-2.0,14.22,3.66,6,28,0.93,0,0,,4,FCS opponent,0.6,1.7
2022,2022-09-10,Texas,Alabama,home,19,20,21.0,-1,0,20.0,-4.17,,7,9,-1.07,2,3,1.44,4,Top-10 opponent,1.2,4.5
2022,2022-09-10,Utah,Southern Utah,home,73,7,-45.5,45,54,-0.5,23.83,9.27,3,17,2.11,0,0,,4,FCS opponent,0.6,3.4
2022,2022-09-10,SMU,Lamar,home,45,16,-48.5,25,40,-23.5,9.31,-12.29,7,24,-11.85,0,0,,4,Night · FCS opponent,1.05,-6.0
2022,2022-09-10,South Carolina,Arkansas,away,30,44,8.5,-14,0,-5.5,-16.1,,5,14,3.49,1,1,0.72,4,Road · Full house · Ranked opponent,1.3,-1.9
2022,2022-09-10,Virginia,Illinois,away,3,24,4.0,-21,0,-17.0,-12.82,,11,3,-22.74,0,1,-0.32,4,Road,1.1,-11.3
2022,2022-09-10,UCLA,Alabama State,home,45,7,-48.5,31,69,-17.5,8.56,-6.29,5,24,-1.61,1,1,0.29,5,FCS opponent,1,-1.5
2022,2022-09-10,Tennessee,Pittsburgh,away,34,27,-6.0,7,0,1.0,6.76,,6,14,-3.22,1,3,-0.17,4,Road · Ranked opponent,1.2,0.6
2022,2022-09-10,Washington,Portland State,home,52,6,-31.0,35,61,4.0,1.11,6.77,3,21,8.42,0,0,,4,FCS opponent,0.6,2.3
2022,2022-09-10,Texas Tech,Houston,home,33,30,-4.0,3,0,-1.0,-12.99,-11.26,8,7,-15.11,4,6,1.75,5,Ranked opponent,1.1,-4.9
2022,2022-09-10,West Virginia,Kansas,home,42,55,-14.0,-13,0,-27.0,-22.04,,2,14,7.41,4,5,1.75,4,,1,-3.2
2022,2022-09-10,USC,Stanford,away,41,28,-9.5,20,11,10.5,8.61,2.89,5,24,8.72,1,1,0.58,5,Road,1.1,5.6
2022,2022-09-10,Alabama,Texas,away,20,19,-21.0,1,0,-20.0,1.94,,5,0,-18.32,3,5,0.48,4,Road · Full house,1.2,-7.3
2022,2022-09-10,Illinois,Virginia,home,24,3,-4.0,21,0,17.0,10.59,9.74,12,17,-16.16,0,1,-0.38,5,,1,1.2
2022,2022-09-10,Florida,Kentucky,home,16,26,-6.0,-10,0,-16.0,-7.99,-20.3,7,10,-10.09,1,2,0.22,5,Night · Ranked opponent,1.15,-8.2
2022,2022-09-10,Georgia Tech,Western Carolina,home,35,17,-24.5,18,0,-6.5,20.6,-6.87,8,21,-9.8,2,2,0.94,5,Night · FCS opponent,0.65,0.2
2022,2022-09-10,Georgia,Samford,home,33,0,-53.0,30,64,-23.0,2.47,-8.61,6,30,-2.16,0,0,,4,FCS opponent,1,-4.0
2022,2022-09-10,Iowa State,Iowa,away,10,7,3.5,3,0,6.5,-20.32,,10,10,-13.66,0,1,-0.32,4,Road · Full house,1.2,-7.3
2022,2022-09-10,Northwestern,Duke,home,23,31,-10.0,-8,0,-18.0,-23.11,,5,17,1.59,0,2,-0.84,4,,1,-6.8
2022,2022-09-10,Arkansas,South Carolina,home,44,30,-8.5,14,0,5.5,13.86,0.41,6,28,9.99,1,2,0.18,5,,1,4.7
2022,2022-09-10,Notre Dame,Marshall,home,21,26,-20.5,-5,0,-25.5,-2.79,,7,14,-11.47,1,3,-0.5,4,Group of 5 opponent,1,-7.2
2022,2022-09-10,Arizona State,Oklahoma State,away,17,34,11.5,-17,0,-5.5,-6.77,,7,10,-3.6,0,1,-0.26,4,Road · Night · Full house · Ranked opponent,1.35,-3.9
2022,2022-09-10,Kentucky,Florida,away,26,16,6.0,10,0,16.0,5.75,4.91,8,20,2.13,1,4,-0.2,5,Road · Night · Full house · Ranked opponent,1.35,4.7
2022,2022-09-10,LSU,Southern,home,65,17,-44.5,44,125,-0.5,20.19,8.78,2,14,4.18,0,0,,4,Night · FCS opponent,0.65,3.5
2022,2022-09-10,Boston College,Virginia Tech,away,10,27,3.0,-17,0,-14.0,-0.61,,6,10,-4.36,0,1,-0.32,4,Road · Night · Full house,1.25,-4.1
2022,2022-09-10,Arizona,Mississippi State,home,17,39,12.5,-22,0,-9.5,-10.11,,6,10,-1.34,0,2,-0.5,4,Night,1.05,-4.0
2022,2022-09-10,Michigan,Hawai'i,home,56,10,-52.5,42,81,-10.5,4.59,2.64,5,28,1.33,0,0,,4,Night · Group of 5 opponent,0.9,0.3
2022,2022-09-10,Baylor,BYU,away,20,26,2.5,-6,0,-3.5,-1.44,,5,7,-5.1,1,3,0.02,4,Road · Night · Full house · Ranked opponent,1.35,-2.4
2022,2022-09-10,Oregon,Eastern Washington,home,70,14,-27.5,35,80,7.5,1.11,8.58,4,28,11.96,0,0,,4,FCS opponent,0.6,3.2
2022,2022-09-10,BYU,Baylor,home,26,20,-2.5,6,0,3.5,-0.79,,7,7,-11.79,2,3,0.91,4,Night · Top-10 opponent,1.25,-1.5
2022,2022-09-10,Virginia Tech,Boston College,home,27,10,-3.0,17,0,14.0,-1.63,0.25,9,17,-7.4,1,1,0.63,5,Night,1.05,0.7
2022,2022-09-10,TCU,Tarleton,home,59,17,-40.0,40,63,0.0,14.53,4.11,4,21,2.31,0,0,,4,Night · FCS opponent,0.65,2.3
2022,2022-09-10,Mississippi State,Arizona,away,39,17,-12.5,22,0,9.5,7.87,2.34,9,27,-1.93,1,2,0.12,5,Road · Night · Full house,1.25,2.8
2022,2022-09-10,Indiana,Idaho,home,35,22,-24.5,13,0,-11.5,-1.03,-10.87,6,21,-2.1,0,1,-0.53,5,Night · FCS opponent,1.05,-3.8
2022,2022-09-16,Florida State,Louisville,away,35,31,-2.5,4,0,1.5,10.22,,7,7,-11.79,3,5,1.18,4,Road · Night · Full house,1.25,0.9
2022,2022-09-16,Louisville,Florida State,home,31,35,2.5,-4,0,-1.5,-12.45,,8,21,1.65,2,5,0.37,4,Night,1.05,-1.3
2022,2022-09-17,Boston College,Maine,home,38,17,-31.0,21,0,-10.0,14.89,-8.23,9,24,-13.75,2,2,0.84,5,Night · FCS opponent,1.05,-2.0
2022,2022-09-17,Maryland,SMU,home,34,27,-2.5,7,0,4.5,5.49,,7,31,12.21,0,4,-1.46,4,Night,1.05,3.1
2022,2022-09-17,Michigan State,Washington,away,28,39,3.5,-17,10,-13.5,4.38,,5,7,-4.83,0,1,-0.32,4,Road · Full house,1.2,-3.0
2022,2022-09-17,Michigan,UConn,home,59,0,-47.5,38,76,-9.5,19.76,1.23,5,17,-8.34,0,0,,4,Group of 5 opponent,0.85,0.4
2022,2022-09-17,Minnesota,Colorado,home,49,7,-28.0,35,79,7.0,4.44,8.32,5,21,0.82,0,0,,4,,1,3.2
2022,2022-09-17,Ole Miss,Georgia Tech,away,42,0,-17.0,35,65,18.0,7.37,14.01,6,21,0.28,0,0,,4,Road,1.1,6.4
2022,2022-09-17,NC State,Texas Tech,home,27,14,-10.5,13,0,2.5,17.85,-3.63,9,17,-10.97,0,0,,4,Night,1.05,0.2
2022,2022-09-17,Wake Forest,Liberty,home,37,36,-17.5,1,0,-16.5,3.7,-16.25,9,27,-4.31,2,4,0.09,5,Group of 5 opponent,1,-4.1
2022,2022-09-17,Nebraska,Oklahoma,home,14,49,10.5,-29,82,-18.5,-12.02,,3,7,1.01,0,2,-0.53,4,Top-10 opponent,1.2,-5.7
2022,2022-09-17,Rutgers,Temple,away,16,14,-18.0,2,0,-16.0,15.46,-14.51,6,9,-12.03,0,2,-0.96,5,Road · Group of 5 opponent,1.1,-5.3
2022,2022-09-17,Ohio State,Toledo,home,77,21,-31.0,42,62,11.0,5.38,13.77,3,21,8.42,1,1,0.42,5,Night · Group of 5 opponent,0.9,5.4
2022,2022-09-17,Oklahoma State,Arkansas-Pine Bluff,home,63,7,-54.5,49,104,-5.5,15.6,8.61,3,14,-2.32,0,0,,4,Night · FCS opponent,0.65,1.8
2022,2022-09-17,Auburn,Penn State,home,12,41,2.5,-32,41,-29.5,-23.73,,2,6,1.16,0,2,-0.65,4,Ranked opponent,1.1,-9.2
2022,2022-09-17,Oklahoma,Nebraska,away,49,14,-10.5,29,82,18.5,9.79,12.37,6,28,9.35,1,1,0.58,5,Road · Full house,1.2,9.0
2022,2022-09-17,UCF,Florida Atlantic,away,40,14,-7.5,26,18,18.5,-10.43,14.92,8,31,7.41,1,2,0.2,5,Road · Night · Full house · Group of 5 opponent,1.1,4.9
2022,2022-09-17,Penn State,Auburn,away,41,12,-2.5,32,41,29.5,21.49,17.51,5,17,3.58,2,2,1.27,5,Road · Full house,1.2,12.6
2022,2022-09-17,Pittsburgh,Western Michigan,away,34,13,-10.0,21,0,11.0,-6.23,7.63,4,14,1.67,2,3,0.74,5,Road · Night · Full house · Group of 5 opponent,1.1,2.9
2022,2022-09-17,Iowa,Nevada,home,27,0,-24.0,27,25,3.0,6.22,2.39,10,27,-11.23,0,0,,4,Night · Group of 5 opponent,1.05,-0.5
2022,2022-09-17,Kansas,Houston,away,48,30,8.5,18,0,26.5,12.58,10.2,4,28,19.6,1,2,0.44,5,Road,1.1,11.3
2022,2022-09-17,Kansas State,Tulane,home,10,17,-14.0,-7,0,-21.0,-12.52,,9,10,-19.64,0,3,-1.35,4,Group of 5 opponent,1,-11.3
2022,2022-09-17,Vanderbilt,Northern Illinois,away,38,28,2.5,10,0,12.5,6.14,3.1,5,24,11.9,1,2,0.35,5,Road · Full house · Group of 5 opponent,1.05,5.6
2022,2022-09-17,Baylor,Texas State,home,42,7,-30.0,28,38,-2.0,10.65,0.28,7,21,-7.99,1,1,0.43,5,Group of 5 opponent,0.85,0.2
2022,2022-09-17,Houston,Kansas,home,30,48,-8.5,-18,0,-26.5,-14.81,-34.59,2,14,8.0,0,3,-1.23,5,,1,-9.1
2022,2022-09-17,Oregon,BYU,home,41,20,-3.5,34,44,30.5,13.32,23.99,4,24,13.05,1,1,0.63,5,Ranked opponent,1.1,12.8
2022,2022-09-17,California,Notre Dame,away,17,24,13.5,-7,0,6.5,-4.5,,8,7,-7.69,2,4,1.02,4,Road · Full house,1.2,-0.3
2022,2022-09-17,BYU,Oregon,away,20,41,3.5,-34,44,-30.5,-15.55,,1,7,4.63,0,1,-0.32,4,Road · Full house · Ranked opponent,1.3,-7.6
2022,2022-09-17,SMU,Maryland,away,27,34,2.5,-7,0,-4.5,-7.73,-13.9,5,14,1.9,2,6,0.04,5,Road · Night,1.15,-3.3
2022,2022-09-17,South Carolina,Georgia,home,7,48,25.5,-31,78,-5.5,-14.71,,1,0,-1.2,0,1,-0.15,4,,1,-3.5
2022,2022-09-17,Virginia,Old Dominion,home,16,14,-8.5,2,0,-6.5,-15.55,-13.59,9,10,-17.02,1,1,0.59,5,Group of 5 opponent,1,-7.2
2022,2022-09-17,Virginia Tech,Wofford,home,27,7,-38.5,20,0,-18.5,-5.67,-18.11,7,27,-5.14,0,0,,4,FCS opponent,1,-6.8
2022,2022-09-17,UCLA,South Alabama,home,32,31,-15.5,1,0,-14.5,-5.11,,4,9,-4.49,2,4,0.15,4,Group of 5 opponent,1,-3.6
2022,2022-09-17,Tennessee,Akron,home,63,6,-47.5,35,100,-12.5,13.15,-0.77,4,28,7.72,0,0,,4,Night · Group of 5 opponent,0.9,2.0
2022,2022-09-17,Washington,Michigan State,home,39,28,-3.5,17,10,13.5,-6.62,7.99,5,10,-3.69,0,0,,4,Ranked opponent,1.1,1.5
2022,2022-09-17,Texas Tech,NC State,away,14,27,10.5,-13,0,-2.5,-20.08,,6,7,-4.97,0,2,-0.53,4,Road · Night · Full house · Ranked opponent,1.35,-7.3
2022,2022-09-17,Wisconsin,New Mexico State,home,66,7,-37.5,35,82,-2.5,15.0,3.4,5,21,-1.69,0,0,,4,Group of 5 opponent,0.85,2.0
2022,2022-09-17,West Virginia,Towson,home,65,7,-41.0,38,85,-3.0,-4.3,4.59,2,14,4.55,0,0,,4,FCS opponent,0.6,0.6
2022,2022-09-17,Alabama,UL Monroe,home,63,7,-49.5,35,62,-14.5,22.05,-2.8,3,14,-1.52,0,0,,4,Group of 5 opponent,0.85,0.8
2022,2022-09-17,Mississippi State,LSU,away,16,31,-3.0,-15,0,-18.0,-2.13,-27.75,7,14,-4.97,1,4,-0.47,5,Road · Full house,1.2,-8.8
2022,2022-09-17,Colorado,Minnesota,away,7,49,28.0,-35,79,-7.0,-6.67,,2,0,-2.14,0,1,-0.14,4,Road,1.1,-2.8
2022,2022-09-17,Florida,South Florida,home,31,28,-23.5,3,0,-20.5,11.66,-21.35,3,10,-1.39,2,4,-0.09,5,Night · Group of 5 opponent,1.05,-4.1
2022,2022-09-17,Georgia Tech,Ole Miss,home,0,42,17.0,-35,65,-18.0,-9.61,,2,0,-3.3,0,1,-0.22,4,Ranked opponent,1.1,-5.5
2022,2022-09-17,Georgia,South Carolina,away,48,7,-25.5,31,78,5.5,12.47,5.61,5,24,4.49,0,0,,4,Road · Full house,1.2,5.5
2022,2022-09-17,Iowa State,Ohio,home,43,10,-20.0,34,67,14.0,5.79,12.46,5,17,-1.06,0,0,,4,Group of 5 opponent,0.85,3.8
2022,2022-09-17,Northwestern,Southern Illinois,home,24,31,-13.5,-7,0,-20.5,-10.37,,7,10,-12.87,1,4,-0.79,4,FCS opponent,1,-8.5
2022,2022-09-17,Arkansas,Missouri State,home,38,27,-26.0,11,0,-15.0,-9.19,-11.65,6,17,-6.58,0,2,-1.08,5,Night · Group of 5 opponent,1.05,-6.9
2022,2022-09-17,Indiana,Western Kentucky,home,33,30,-7.0,3,0,-4.0,12.45,,7,23,2.54,1,5,-0.99,4,Group of 5 opponent,0.85,1.0
2022,2022-09-17,Notre Dame,California,home,24,17,-13.5,7,0,-6.5,2.26,,8,14,-12.14,2,3,0.66,4,,1,-2.5
2022,2022-09-17,Kentucky,Youngstown State,home,31,0,-30.0,28,38,-2.0,4.87,0.28,7,28,-0.99,0,0,,4,FCS opponent,0.6,0.3
2022,2022-09-17,LSU,Mississippi State,home,31,16,3.0,15,0,18.0,-0.11,3.36,8,17,-2.14,0,2,-0.65,5,,1,1.5
2022,2022-09-17,Arizona,North Dakota State,home,31,28,3.0,3,0,6.0,-2.13,,4,21,11.43,2,4,0.71,4,Night · Group of 5 opponent,0.9,3.9
2022,2022-09-17,Clemson,Louisiana Tech,home,48,20,-33.5,35,16,1.5,15.69,9.47,7,35,4.71,1,2,-0.19,5,Night · Group of 5 opponent,0.9,4.0
2022,2022-09-17,Miami,Texas A&M,away,9,17,6.5,-8,0,-1.5,-21.83,,5,3,-8.04,1,2,0.41,4,Road · Night · Ranked opponent,1.25,-6.4
2022,2022-09-17,Texas A&M,Miami,home,17,9,-6.5,8,0,1.5,19.6,-7.56,4,7,-4.58,0,2,-0.79,5,Night · Ranked opponent,1.15,0.2
2022,2022-09-17,Utah,San Diego State,home,35,7,-22.5,35,59,12.5,5.42,11.16,6,21,-1.46,0,0,,4,Night · Group of 5 opponent,0.9,3.6
2022,2022-09-17,USC,Fresno State,home,45,17,-11.5,25,36,13.5,0.99,6.86,4,21,8.36,0,0,,4,Night · Group of 5 opponent,0.9,4.4
2022,2022-09-22,Virginia Tech,West Virginia,home,10,33,2.0,-23,19,-21.0,-4.26,,3,0,-7.34,1,2,0.34,4,Night,1.05,-5.0
2022,2022-09-22,West Virginia,Virginia Tech,away,33,10,-2.0,23,19,21.0,2.03,14.77,6,19,3.05,1,2,0.28,5,Road · Night · Full house,1.25,7.0
2022,2022-09-23,Syracuse,Virginia,home,22,20,-9.5,2,0,-7.5,-4.89,-11.11,9,12,-15.5,1,2,0.17,5,Night,1.05,-5.9
2022,2022-09-23,Virginia,Syracuse,away,20,22,9.5,-2,0,7.5,2.65,,6,7,-5.29,0,3,-0.82,4,Road · Night,1.15,-0.8
2022,2022-09-22,Illinois,Chattanooga,home,31,0,-20.0,31,43,11.0,0.93,12.46,8,31,2.11,0,0,,4,Night · FCS opponent,0.65,2.7
2022,2022-09-24,Arizona,California,away,31,49,3.5,-18,0,-14.5,-14.03,,4,7,-2.46,3,4,1.72,4,Road,1.1,-2.8
2022,2022-09-24,Maryland,Michigan,away,27,34,17.0,-7,0,10.0,-1.66,,5,3,-5.25,2,3,1.35,4,Road · Full house · Top-10 opponent,1.4,2.4
2022,2022-09-24,Michigan State,Minnesota,home,7,34,3.0,-24,41,-21.0,2.96,,1,0,-2.39,0,1,-0.32,4,,1,-3.2
2022,2022-09-24,Michigan,Maryland,home,34,27,-17.0,7,0,-10.0,-0.57,-10.99,5,21,3.74,2,4,0.11,5,,1,-1.7
2022,2022-09-24,Minnesota,Michigan State,away,34,7,-3.0,24,41,21.0,-5.19,10.25,5,24,10.45,0,0,,4,Road · Full house,1.2,7.1
2022,2022-09-24,Missouri,Auburn,away,14,17,7.5,-3,0,4.5,-9.89,,9,14,-5.39,0,1,-0.29,4,Road · Full house,1.2,-3.0
2022,2022-09-24,Ole Miss,Tulsa,home,35,27,-21.0,8,0,-13.0,8.25,-15.06,6,21,-0.99,1,2,-0.01,5,Group of 5 opponent,1,-2.5
2022,2022-09-24,Duke,Kansas,away,27,35,7.0,-8,0,-1.0,-5.3,,4,7,-1.72,2,2,1.41,4,Road · Full house,1.2,0.6
2022,2022-09-24,NC State,UConn,home,41,10,-38.5,35,46,-3.5,-1.82,2.89,4,24,5.63,0,0,,4,Night · Group of 5 opponent,0.9,1.1
2022,2022-09-24,North Carolina,Notre Dame,home,32,45,-2.5,-19,12,-21.5,6.0,,4,14,3.26,1,3,-0.09,4,,1,-1.0
2022,2022-09-24,Wake Forest,Clemson,home,45,51,7.5,-6,0,1.5,3.84,,4,14,5.38,2,4,0.84,4,Top-10 opponent,1.2,4.1
2022,2022-09-24,Rutgers,Iowa,home,10,27,7.5,-17,0,-9.5,-25.06,,6,7,-5.93,0,1,-0.29,4,Night,1.05,-7.5
2022,2022-09-24,Ohio State,Wisconsin,home,52,21,-18.5,31,61,12.5,0.44,9.23,5,28,10.34,0,0,,4,Night,1.05,5.8
2022,2022-09-24,Auburn,Missouri,home,17,14,-7.5,3,0,-4.5,7.65,-13.08,10,17,-12.49,0,2,-0.8,5,,1,-4.4
2022,2022-09-24,UCF,Georgia Tech,home,27,10,-21.0,17,0,-4.0,26.74,-1.06,6,13,-8.99,1,2,-0.01,5,,1,1.3
2022,2022-09-24,Penn State,Central Michigan,home,33,14,-28.0,19,0,-9.0,15.05,-7.68,8,28,-4.28,0,2,-1.11,5,Group of 5 opponent,1,-1.8
2022,2022-09-24,Cincinnati,Indiana,home,45,24,-16.5,21,0,4.5,19.2,0.27,11,24,-13.69,2,2,1.06,5,,1,1.6
2022,2022-09-24,Pittsburgh,Rhode Island,home,45,24,-32.5,21,0,-11.5,4.33,-8.01,4,10,-7.1,3,3,1.23,5,FCS opponent,1,-1.8
2022,2022-09-24,Clemson,Wake Forest,away,51,45,-7.5,6,0,-1.5,-6.07,-10.08,4,17,5.2,5,7,2.19,5,Road · Full house · Ranked opponent,1.3,1.2
2022,2022-09-24,Iowa,Rutgers,away,27,10,-7.5,17,0,9.5,22.83,3.92,6,3,-14.69,0,1,-0.4,5,Road · Night · Full house,1.25,1.9
2022,2022-09-24,Kansas,Duke,home,35,27,-7.0,8,0,1.0,3.07,-4.82,4,21,9.31,2,4,0.41,5,,1,2.2
2022,2022-09-24,Vanderbilt,Alabama,away,3,55,40.5,-31,62,9.5,2.61,,2,0,-0.81,1,1,0.96,4,Road · Night · Full house · Top-10 opponent,1.45,4.3
2022,2022-09-24,Baylor,Iowa State,away,31,24,2.5,7,0,9.5,0.11,0.1,6,21,6.49,1,1,0.67,5,Road · Full house,1.2,3.7
2022,2022-09-24,Miami,Middle Tennessee,home,31,45,-25.5,-14,0,-39.5,-1.42,,6,10,-13.42,0,1,-0.54,4,Group of 5 opponent,1,-9.4
2022,2022-09-24,Texas A&M,Arkansas,neutral,23,21,-1.5,2,0,0.5,10.37,-5.97,5,10,-3.16,0,2,-0.71,5,Night · Top-10 opponent,1.25,-0.7
2022,2022-09-24,Houston,Rice,home,34,27,-17.5,7,0,-10.5,2.95,,4,7,-6.92,3,5,0.62,4,Group of 5 opponent,1,-1.7
2022,2022-09-24,Oregon,Washington State,away,44,41,-6.5,3,0,-3.5,-16.41,,3,7,-1.69,2,4,0.42,4,Road · Full house · Group of 5 opponent,1.2,-3.5
2022,2022-09-24,California,Arizona,home,49,31,-3.5,18,0,14.5,11.8,6.99,6,35,18.58,1,3,-0.12,5,,1,7.7
2022,2022-09-24,Purdue,Florida Atlantic,home,28,26,-16.5,2,0,-14.5,7.53,,5,14,-3.13,1,5,-1.35,4,Night · Group of 5 opponent,1.05,-3.1
2022,2022-09-24,Texas,Texas Tech,away,34,37,-7.0,-3,0,-10.0,1.07,-14.82,4,14,2.31,2,5,0.01,5,Road · Full house,1.2,-2.9
2022,2022-09-24,SMU,TCU,home,34,42,2.5,-8,0,-5.5,-9.12,,5,7,-5.1,0,1,-0.33,4,,1,-3.8
2022,2022-09-24,South Carolina,Charlotte,home,56,20,-23.5,28,41,4.5,5.07,3.65,4,24,8.81,2,2,0.96,5,Night · Group of 5 opponent,0.9,4.0
2022,2022-09-24,UCLA,Colorado,away,45,17,-22.0,28,36,6.0,4.19,4.42,6,24,1.69,0,0,,4,Road,1.1,2.9
2022,2022-09-24,TCU,SMU,away,42,34,-2.5,8,0,5.5,6.88,-5.49,6,21,4.9,2,3,0.91,5,Road · Full house,1.2,3.2
2022,2022-09-24,Tennessee,Florida,home,38,33,-11.0,5,0,-6.0,9.07,-8.89,4,17,4.46,2,3,0.72,5,Ranked opponent,1.1,1.1
2022,2022-09-24,Texas Tech,Texas,home,37,34,7.0,3,0,10.0,-3.3,,6,16,2.92,2,3,1.12,4,Ranked opponent,1.1,3.5
2022,2022-09-24,Wisconsin,Ohio State,away,21,52,18.5,-31,61,-12.5,-2.67,,1,0,-1.57,0,1,-0.21,4,Road · Night · Full house · Top-10 opponent,1.45,-3.8
2022,2022-09-24,Alabama,Vanderbilt,home,55,3,-40.5,31,62,-9.5,-4.84,0.85,4,21,2.21,1,1,0.35,5,Night,1.05,-0.6
2022,2022-09-24,Mississippi State,Bowling Green,home,45,14,-31.0,31,62,0.0,7.29,2.77,5,24,3.03,0,0,,4,Group of 5 opponent,0.85,2.1
2022,2022-09-24,Colorado,UCLA,home,17,45,22.0,-28,36,-6.0,-6.42,,2,7,4.23,0,1,-0.18,4,,1,-0.9
2022,2022-09-24,Florida,Tennessee,away,33,38,11.0,-5,0,6.0,-11.3,,3,7,1.09,2,2,1.47,4,Road · Full house · Ranked opponent,1.3,1.6
2022,2022-09-24,Georgia Tech,UCF,away,10,27,21.0,-17,0,4.0,-28.97,,4,7,1.24,0,3,-0.56,4,Road,1.1,-5.0
2022,2022-09-24,Georgia,Kent State,home,39,22,-45.0,17,0,-28.0,-7.4,-13.48,2,3,-6.87,2,3,-0.05,5,Group of 5 opponent,1,-7.1
2022,2022-09-24,Iowa State,Baylor,home,24,31,-2.5,-7,0,-9.5,-2.35,,4,10,-0.74,1,2,0.27,4,Ranked opponent,1.1,-1.5
2022,2022-09-24,Northwestern,Miami (OH),home,14,17,-7.5,-3,0,-10.5,-13.61,,9,14,-12.54,0,2,-0.8,4,Night · Group of 5 opponent,1.05,-8.0
2022,2022-09-24,Arkansas,Texas A&M,neutral,21,23,1.5,-2,0,-0.5,-12.61,-13.42,6,21,6.17,0,3,-1.0,5,Night · Ranked opponent,1.15,-3.7
2022,2022-09-24,Indiana,Cincinnati,away,24,45,16.5,-21,0,-4.5,-21.43,,9,14,-1.1,1,2,0.56,4,Road · Full house,1.2,-4.3
2022,2022-09-24,Notre Dame,North Carolina,away,45,32,2.5,19,12,21.5,-8.23,12.1,6,24,9.49,1,2,0.35,5,Road · Full house,1.2,6.3
2022,2022-09-24,Kentucky,Northern Illinois,home,31,23,-26.5,8,0,-18.5,-0.84,-13.9,6,17,-6.74,1,1,0.46,5,Night · Group of 5 opponent,1.05,-5.0
2022,2022-09-24,Louisville,South Florida,home,41,3,-15.5,31,62,15.5,4.74,10.79,4,28,14.51,0,0,,4,Group of 5 opponent,0.85,6.5
2022,2022-09-24,LSU,New Mexico,home,38,0,-31.5,31,35,-0.5,-9.93,6.51,6,31,5.67,0,0,,4,Night · Group of 5 opponent,0.9,0.9
2022,2022-09-24,Boston College,Florida State,away,14,44,18.5,-31,76,-12.5,-8.74,,3,0,-4.71,0,1,-0.21,4,Road · Night · Full house,1.25,-5.5
2022,2022-09-24,Oklahoma,Kansas State,home,34,41,-13.5,-7,0,-20.5,-11.83,,5,14,-2.34,2,4,0.21,4,Night,1.05,-5.1
2022,2022-09-24,Kansas State,Oklahoma,away,41,34,13.5,7,0,20.5,9.6,1.79,6,17,5.98,3,5,1.78,5,Road · Night · Full house · Top-10 opponent,1.45,9.8
2022,2022-09-24,Stanford,Washington,away,22,40,14.0,-33,23,-19.0,-9.96,,1,0,-1.81,0,1,-0.24,4,Road · Night · Full house · Ranked opponent,1.35,-6.5
2022,2022-09-24,BYU,Wyoming,home,38,24,-21.5,14,0,-7.5,-10.69,-6.32,6,35,12.85,0,2,-1.01,5,Night · Group of 5 opponent,1.05,-1.5
2022,2022-09-24,Utah,Arizona State,away,34,13,-16.5,25,32,8.5,-4.97,4.27,6,24,3.44,0,0,,4,Road · Night,1.15,2.3
2022,2022-09-24,Washington,Stanford,home,40,22,-14.0,33,23,19.0,7.72,17.56,7,34,10.95,0,0,,4,Night,1.05,9.2
2022,2022-09-24,USC,Oregon State,away,17,14,-5.5,3,0,-2.5,0.32,,6,10,-7.06,1,2,0.23,4,Road · Night · Group of 5 opponent,1.15,-1.8
2022,2022-09-24,Florida State,Boston College,home,44,14,-18.5,31,76,12.5,6.5,9.23,8,38,9.74,0,0,,4,Night,1.05,6.6
2022,2022-09-24,Arizona State,Utah,home,13,34,16.5,-25,32,-8.5,2.74,,3,0,-5.03,0,1,-0.22,4,Night · Ranked opponent,1.15,-2.3
2022,2022-09-29,South Carolina,South Carolina State,home,50,10,-40.5,29,45,-11.5,9.49,-5.15,6,28,-0.19,0,0,,4,Night · FCS opponent,1.05,-0.6
2022,2022-09-30,Houston,Tulane,home,24,27,-5.5,-3,0,-8.5,-18.89,,7,28,8.1,0,1,-0.39,4,Night · Group of 5 opponent,1.05,-2.8
2022,2022-09-29,BYU,Utah State,home,38,26,-26.0,12,0,-14.0,8.24,-10.65,6,7,-16.58,3,4,0.84,5,Group of 5 opponent,1,-4.1
2022,2022-10-01,Boston College,Louisville,home,34,33,13.5,1,0,14.5,-11.37,,6,13,1.98,3,5,1.78,4,,1,3.0
2022,2022-10-01,Maryland,Michigan State,home,27,13,-7.5,14,0,6.5,-2.47,0.92,7,6,-14.64,2,2,1.2,5,,1,-1.0
2022,2022-10-01,Michigan State,Maryland,away,13,27,7.5,-14,0,-6.5,0.24,,4,7,-1.62,1,3,0.13,4,Road,1.1,-1.0
2022,2022-10-01,Michigan,Iowa,away,27,14,-10.5,13,0,2.5,8.65,-0.63,7,20,-1.76,0,0,,4,Road · Full house,1.2,1.6
2022,2022-10-01,Minnesota,Purdue,home,10,20,-9.5,-10,0,-19.5,-5.84,,7,10,-11.39,0,2,-0.83,4,,1,-7.3
2022,2022-10-01,Missouri,Georgia,home,22,26,30.5,-4,0,26.5,15.82,3.58,5,13,8.32,0,2,-0.23,5,Night · Top-10 opponent,1.25,8.6
2022,2022-10-01,Ole Miss,Kentucky,home,22,19,-6.5,3,0,-3.5,-3.99,-12.56,5,14,-0.48,1,3,-0.18,5,Top-10 opponent,1.2,-3.3
2022,2022-10-01,Duke,Virginia,home,38,17,-2.0,28,1,26.0,0.77,14.77,5,21,7.71,0,0,,4,Night,1.05,7.9
2022,2022-10-01,NC State,Clemson,away,20,30,6.5,-10,0,-3.5,-2.22,,4,0,-8.83,2,2,1.41,4,Road · Night · Full house · Top-10 opponent,1.45,-1.5
2022,2022-10-01,North Carolina,Virginia Tech,home,41,10,-9.5,31,46,21.5,3.67,16.89,6,31,12.67,1,1,0.58,5,,1,8.3
2022,2022-10-01,Wake Forest,Florida State,away,31,21,6.0,10,0,16.0,7.71,0.91,5,21,9.83,1,2,0.4,5,Road · Ranked opponent,1.2,6.3
2022,2022-10-01,Nebraska,Indiana,home,35,21,-6.5,14,0,7.5,5.94,-1.56,11,28,-3.86,0,2,-0.79,5,Night,1.05,-0.0
2022,2022-10-01,Rutgers,Ohio State,away,10,49,39.0,-32,41,7.0,-13.55,,2,3,2.03,0,2,-0.11,4,Road · Full house · Top-10 opponent,1.4,-1.1
2022,2022-10-01,Syracuse,Wagner,home,59,0,-54.0,42,67,-12.0,12.32,1.87,3,21,4.76,0,0,,4,FCS opponent,0.6,1.2
2022,2022-10-01,Ohio State,Rutgers,home,49,10,-39.0,32,41,-7.0,11.32,-0.37,4,21,2.53,1,1,0.36,5,,1,1.7
2022,2022-10-01,Oklahoma State,Baylor,away,36,25,2.5,11,0,13.5,17.71,1.1,6,13,-1.51,2,2,1.35,5,Road · Full house · Ranked opponent,1.3,6.6
2022,2022-10-01,Auburn,LSU,home,17,21,8.0,-4,0,4.0,-25.85,-12.06,9,17,-2.15,0,0,,4,Night,1.05,-5.7
2022,2022-10-01,Oklahoma,TCU,away,24,55,-5.0,-31,65,-36.0,-2.77,,3,10,1.55,0,1,-0.38,4,Road · Full house,1.2,-6.4
2022,2022-10-01,Penn State,Northwestern,home,17,7,-25.5,10,0,-15.5,-1.29,-15.39,11,14,-28.93,1,1,0.46,5,,1,-8.9
2022,2022-10-01,Cincinnati,Tulsa,away,31,21,-10.0,10,0,0.0,0.76,-7.37,8,14,-10.65,2,3,0.74,5,Road · Night · Group of 5 opponent,1.15,-2.4
2022,2022-10-01,Clemson,NC State,home,30,20,-6.5,10,0,3.5,-0.02,-1.56,6,20,2.62,1,3,-0.18,5,Night · Top-10 opponent,1.25,0.8
2022,2022-10-01,Iowa,Michigan,home,14,27,10.5,-13,0,-2.5,-10.89,,4,7,-0.98,0,1,-0.27,4,Top-10 opponent,1.2,-3.1
2022,2022-10-01,Kansas,Iowa State,home,14,11,3.5,3,0,6.5,12.06,-7.38,7,14,-2.56,0,2,-0.64,5,,1,0.3
2022,2022-10-01,Kansas State,Texas Tech,home,37,28,-7.5,9,0,1.5,4.65,-3.08,9,23,-3.54,1,4,-0.61,5,,1,-0.8
2022,2022-10-01,Baylor,Oklahoma State,home,25,36,-2.5,-11,0,-13.5,-19.94,,5,7,-6.42,0,2,-0.73,4,Top-10 opponent,1.2,-9.0
2022,2022-10-01,Texas A&M,Mississippi State,away,24,42,4.0,-25,11,-21.0,-19.17,,5,7,-4.7,1,3,0.05,4,Road,1.1,-7.7
2022,2022-10-01,California,Washington State,away,9,28,4.0,-19,0,-15.0,-8.67,,7,7,-9.38,1,1,0.68,4,Road · Group of 5 opponent,1.1,-5.2
2022,2022-10-01,Purdue,Minnesota,away,20,10,9.5,10,0,19.5,3.6,6.72,9,20,1.57,0,2,-0.55,5,Road · Full house · Ranked opponent,1.3,4.4
2022,2022-10-01,Texas,West Virginia,home,38,20,-7.5,31,18,23.5,9.24,14.92,5,28,13.25,0,0,,4,Night,1.05,10.1
2022,2022-10-01,Utah,Oregon State,home,42,16,-10.5,26,24,15.5,31.34,8.37,5,28,12.46,1,3,-0.27,5,Group of 5 opponent,0.85,7.8
2022,2022-10-01,Virginia,Duke,away,17,38,2.0,-28,1,-26.0,-3.0,,4,10,0.22,0,1,-0.33,4,Road · Night,1.15,-4.9
2022,2022-10-01,Virginia Tech,North Carolina,away,10,41,9.5,-31,46,-21.5,-5.9,,2,10,5.9,0,1,-0.27,4,Road,1.1,-2.9
2022,2022-09-30,UCLA,Washington,home,40,32,2.5,16,6,18.5,-1.45,6.1,3,10,2.74,1,2,0.35,5,Night · Ranked opponent,1.15,4.2
2022,2022-10-01,TCU,Oklahoma,home,55,24,5.0,31,65,36.0,0.54,25.39,6,28,14.28,1,1,0.69,5,Ranked opponent,1.1,12.2
2022,2022-09-30,Washington,UCLA,away,32,40,-2.5,-16,6,-18.5,-0.78,,2,7,1.63,2,3,0.91,4,Road · Night,1.15,-1.0
2022,2022-10-01,Texas Tech,Kansas State,away,28,37,7.5,-9,0,-1.5,-6.89,,6,13,0.07,1,3,0.13,4,Road · Full house · Ranked opponent,1.3,-1.3
2022,2022-10-01,Wisconsin,Illinois,home,10,34,-6.5,-24,38,-30.5,-12.11,,4,0,-11.58,1,2,0.21,4,,1,-8.6
2022,2022-10-01,West Virginia,Texas,away,20,38,7.5,-31,18,-23.5,-11.48,,1,0,-2.15,0,1,-0.29,4,Road · Night · Full house,1.25,-7.3
2022,2022-10-01,Alabama,Arkansas,away,49,26,-17.0,23,22,6.0,3.69,2.01,9,35,3.93,1,1,0.53,5,Road · Full house · Ranked opponent,1.3,3.7
2022,2022-10-01,Mississippi State,Texas A&M,home,42,24,-4.0,25,11,21.0,16.94,10.74,5,14,0.18,3,3,1.87,5,Ranked opponent,1.1,8.8
2022,2022-10-01,Illinois,Wisconsin,away,34,10,6.5,24,38,30.5,9.87,18.17,7,24,8.55,0,2,-0.59,5,Road · Full house,1.2,10.0
2022,2022-10-01,Florida State,Wake Forest,home,21,31,-6.0,-10,0,-16.0,-9.94,,4,7,-4.48,0,2,-0.78,4,Ranked opponent,1.1,-6.3
2022,2022-10-01,Georgia,Missouri,away,26,22,-30.5,4,0,-26.5,-18.05,,4,10,-6.67,0,1,-0.57,4,Road · Night · Full house,1.25,-11.0
2022,2022-10-01,Iowa State,Kansas,away,11,14,-3.5,-3,0,-6.5,-14.29,,7,3,-16.16,0,1,-0.37,4,Road · Full house,1.2,-9.1
2022,2022-10-01,Northwestern,Penn State,away,7,17,25.5,-10,0,15.5,-0.94,,10,7,-5.0,0,1,-0.15,4,Road · Full house · Ranked opponent,1.3,1.0
2022,2022-10-01,Arkansas,Alabama,home,26,49,17.0,-23,22,-6.0,-5.92,,6,14,4.1,0,1,-0.22,4,Top-10 opponent,1.2,-1.1
2022,2022-10-01,Indiana,Nebraska,away,21,35,6.5,-14,0,-7.5,-8.17,,9,7,-12.86,0,3,-0.89,4,Road · Night · Full house,1.25,-8.1
2022,2022-10-01,Kentucky,Ole Miss,away,19,22,6.5,-3,0,3.5,1.75,,5,7,-4.04,0,2,-0.59,4,Road · Full house · Ranked opponent,1.3,-1.0
2022,2022-10-01,Louisville,Boston College,away,33,34,-13.5,-1,0,-14.5,9.13,,6,13,-6.6,2,6,-0.68,4,Road,1.1,-3.0
2022,2022-10-01,LSU,Auburn,away,21,17,-8.0,4,0,-4.0,23.62,,7,14,-6.83,0,1,-0.41,4,Road · Night · Full house,1.25,1.8
2022,2022-10-01,Arizona,Colorado,home,43,20,-18.0,23,19,5.0,2.51,3.49,6,28,6.97,1,1,0.52,5,Night,1.05,3.5
2022,2022-10-01,Pittsburgh,Georgia Tech,home,21,26,-21.5,-5,0,-26.5,-13.45,,6,7,-15.15,1,4,-1.03,4,Night,1.05,-11.3
2022,2022-10-01,Stanford,Oregon,away,27,45,17.5,-28,40,-10.5,-2.32,,2,3,-0.25,0,1,-0.21,4,Road · Night · Full house · Ranked opponent,1.35,-2.6
2022,2022-10-01,Oregon,Stanford,home,45,27,-17.5,28,40,10.5,0.08,10.75,6,24,3.13,1,1,0.52,5,Night,1.05,4.1
2022,2022-10-01,USC,Arizona State,home,42,25,-24.5,17,0,-7.5,1.41,-4.87,3,14,2.45,2,3,0.41,5,Night,1.05,-0.3
2022,2022-10-01,Colorado,Arizona,away,20,43,18.0,-23,19,-5.0,-4.75,,3,7,2.21,1,2,0.58,4,Road · Night · Full house,1.25,-0.0
2022,2022-10-02,Florida,Eastern Washington,home,52,17,-32.0,32,84,0.0,18.07,6.25,3,21,8.26,1,1,0.41,5,FCS opponent,0.6,3.2
2022,2022-10-01,Georgia Tech,Pittsburgh,away,26,21,21.5,5,0,26.5,11.22,5.93,10,16,1.88,1,2,0.63,5,Road · Night · Ranked opponent,1.25,7.8
2022,2022-10-01,Arizona State,USC,away,25,42,24.5,-17,0,7.5,-3.64,,1,0,-1.25,2,2,1.68,4,Road · Night · Full house · Top-10 opponent,1.45,3.5
2022,2022-10-05,UCF,SMU,home,41,19,-3.0,28,21,25.0,17.1,17.25,8,31,9.32,0,3,-1.1,5,Night,1.05,8.6
2022,2022-10-05,SMU,UCF,away,19,41,3.0,-28,21,-25.0,-19.34,,6,3,-11.36,2,3,1.03,4,Road · Night,1.15,-9.2
2022,2022-10-07,Nebraska,Rutgers,away,14,13,-3.0,1,0,-2.0,1.74,,10,14,-13.11,0,1,-0.37,4,Road · Night · Full house,1.25,-4.4
2022,2022-10-07,Rutgers,Nebraska,home,13,14,3.0,-1,0,2.0,-3.98,-7.64,11,6,-20.32,0,2,-0.65,5,Night,1.05,-6.1
2022,2022-10-07,Houston,Memphis,away,33,32,1.5,1,0,2.5,-5.5,,4,7,-2.89,0,1,-0.33,4,Road · Night · Group of 5 opponent,1.15,-1.7
2022,2022-10-08,Boston College,Clemson,home,3,31,21.0,-28,8,-7.0,-18.16,,9,3,-9.95,0,1,-0.19,4,Night,1.05,-6.8
2022,2022-10-08,Maryland,Purdue,home,29,31,-3.0,-2,0,-5.0,-4.58,,7,21,2.03,2,5,0.16,4,,1,-0.6
2022,2022-10-08,Michigan State,Ohio State,home,20,49,27.0,-29,60,-2.0,8.33,,0,0,,0,2,-0.29,3,Top-10 opponent,1.2,1.3
2022,2022-10-08,Michigan,Indiana,away,31,10,-23.5,21,0,-2.5,-5.75,-3.35,8,21,-9.38,1,2,-0.04,5,Road · Full house,1.2,-3.8
2022,2022-10-08,Missouri,Florida,away,17,24,10.5,-7,0,3.5,-16.33,,5,10,0.02,0,2,-0.53,4,Road · Full house,1.2,-3.3
2022,2022-10-08,Ole Miss,Vanderbilt,away,52,28,-17.0,32,10,15.0,7.6,14.01,5,28,10.74,0,2,-0.95,5,Road,1.1,6.4
2022,2022-10-08,Duke,Georgia Tech,away,20,23,-3.5,-3,0,-6.5,9.09,,4,10,-0.95,0,1,-0.37,4,Road,1.1,0.1
2022,2022-10-08,North Carolina,Miami,away,27,24,4.0,3,0,7.0,9.81,-7.13,6,20,5.96,1,3,0.05,5,Road,1.1,2.6
2022,2022-10-08,Wake Forest,Army,home,45,10,-16.0,35,56,19.0,20.29,14.53,4,21,7.4,0,0,,4,Night · Group of 5 opponent,0.9,8.5
2022,2022-10-08,Ohio State,Michigan State,away,49,20,-27.0,29,60,2.0,-10.56,2.84,4,21,5.07,2,2,0.9,5,Road · Full house,1.2,1.5
2022,2022-10-08,Oklahoma State,Texas Tech,home,41,31,-11.5,10,0,-1.5,18.96,-4.14,8,27,1.71,2,4,0.27,5,,1,2.5
2022,2022-10-08,Auburn,Georgia,away,10,42,28.0,-25,42,3.0,-12.52,,6,3,-3.41,0,1,-0.14,4,Road · Full house · Top-10 opponent,1.4,-3.5
2022,2022-10-08,Oklahoma,Texas,neutral,0,49,7.5,-35,50,-27.5,-10.49,,2,0,-4.31,0,1,-0.29,4,,1,-6.8
2022,2022-10-08,Cincinnati,South Florida,home,28,24,-27.0,4,0,-23.0,1.9,,5,14,-5.91,0,3,-1.64,4,Group of 5 opponent,1,-6.2
2022,2022-10-08,Pittsburgh,Virginia Tech,home,45,29,-14.5,16,0,1.5,0.89,-4.7,11,38,1.48,0,4,-1.82,5,,1,-1.7
2022,2022-10-08,Clemson,Boston College,away,31,3,-21.0,28,8,7.0,15.93,4.94,12,28,-15.97,0,1,-0.5,5,Road · Night · Full house,1.25,0.1
2022,2022-10-08,Iowa,Illinois,away,6,9,3.5,-3,0,0.5,5.86,,7,3,-13.56,1,3,0.04,4,Road · Night · Full house,1.25,-2.5
2022,2022-10-08,Kansas,TCU,home,31,38,7.0,-7,0,0.0,-19.27,,6,14,0.92,1,5,-0.46,4,Ranked opponent,1.1,-3.7
2022,2022-10-08,Kansas State,Iowa State,away,10,9,-1.0,1,0,0.0,-13.52,,6,10,-5.63,0,3,-1.06,4,Road · Night · Full house,1.25,-6.0
2022,2022-10-08,Vanderbilt,Ole Miss,home,28,52,17.0,-32,10,-15.0,-9.84,-31.4,3,10,5.05,2,3,1.35,5,Top-10 opponent,1.2,-5.8
2022,2022-10-08,Miami,North Carolina,home,24,27,-4.0,-3,0,-7.0,-12.04,,4,0,-11.05,0,1,-0.38,4,,1,-6.0
2022,2022-10-08,Purdue,Maryland,away,31,29,3.0,2,0,5.0,2.35,,8,14,-5.14,3,3,2.03,4,Road,1.1,2.8
2022,2022-10-08,Texas,Oklahoma,neutral,49,0,-7.5,35,50,27.5,8.25,18.92,5,28,13.25,0,0,,4,,1,10.6
2022,2022-10-08,BYU,Notre Dame,neutral,20,28,3.5,-8,0,-4.5,11.91,,4,14,4.54,0,3,-0.96,4,Night,1.05,1.6
2022,2022-10-08,Utah,UCLA,away,32,42,-3.0,-10,0,-13.0,-9.85,,3,0,-8.13,1,1,0.63,4,Road · Ranked opponent,1.2,-5.3
2022,2022-10-08,South Carolina,Kentucky,away,24,14,4.5,10,0,14.5,5.56,4.13,8,17,-1.51,0,1,-0.31,5,Road · Night · Full house,1.25,3.0
2022,2022-10-08,Virginia,Louisville,home,17,34,-1.5,-17,0,-18.5,-2.37,-25.97,6,10,-5.79,0,3,-1.07,5,,1,-7.9
2022,2022-10-08,Virginia Tech,Pittsburgh,away,29,45,14.5,-16,0,-1.5,-3.13,-15.69,8,17,2.73,1,5,-0.18,5,Road,1.1,-2.5
2022,2022-10-08,UCLA,Utah,home,42,32,3.0,10,0,13.0,7.61,2.36,5,14,2.04,3,4,1.71,5,Ranked opponent,1.1,5.4
2022,2022-10-08,TCU,Kansas,away,38,31,-7.0,7,0,0.0,17.03,-4.82,7,14,-6.46,3,5,1.01,5,Road · Full house · Ranked opponent,1.3,1.9
2022,2022-10-08,Tennessee,LSU,away,40,13,-2.5,30,47,27.5,12.45,20.51,7,23,4.21,0,0,,4,Road · Full house,1.2,11.4
2022,2022-10-08,Washington,Arizona State,away,38,45,-13.5,-7,0,-20.5,-17.9,,3,7,-2.8,1,4,-0.79,4,Road,1.1,-8.0
2022,2022-10-08,Texas Tech,Oklahoma State,away,31,41,11.5,-10,0,1.5,-21.19,,5,7,-2.71,2,6,0.45,4,Road · Full house · Top-10 opponent,1.4,-4.6
2022,2022-10-08,Wisconsin,Northwestern,away,42,7,-10.0,28,34,18.0,9.47,10.63,5,28,12.59,0,0,,4,Road,1.1,9.0
2022,2022-10-08,USC,Washington State,home,30,14,-12.5,16,0,3.5,8.23,1.34,8,30,4.29,0,2,-0.88,5,Group of 5 opponent,0.85,1.5
2022,2022-10-08,Mississippi State,Arkansas,home,40,17,-8.5,23,24,14.5,16.01,6.41,6,28,9.99,0,0,,4,,1,7.5
2022,2022-10-08,Illinois,Iowa,home,9,6,-3.5,3,0,-0.5,-8.09,,8,6,-15.9,0,2,-0.74,4,Night,1.05,-6.4
2022,2022-10-08,Florida,Missouri,home,24,17,-10.5,7,0,-3.5,14.1,-6.63,5,17,1.46,0,2,-0.85,5,,1,0.1
2022,2022-10-08,Georgia Tech,Duke,home,23,20,3.5,3,0,6.5,-11.32,-3.38,6,17,2.8,0,1,-0.32,5,,1,-0.9
2022,2022-10-08,Georgia,Auburn,home,42,10,-28.0,25,42,-3.0,10.29,-1.68,9,21,-15.32,0,0,,4,,1,-2.2
2022,2022-10-08,Iowa State,Kansas State,home,9,10,1.0,-1,0,0.0,11.28,,7,6,-11.49,1,2,0.32,4,Night · Ranked opponent,1.15,-0.4
2022,2022-10-08,Northwestern,Wisconsin,home,7,42,10.0,-28,34,-18.0,-11.71,,2,0,-4.04,0,1,-0.27,4,,1,-5.6
2022,2022-10-08,Arkansas,Mississippi State,away,17,40,8.5,-23,24,-14.5,-18.25,,3,14,7.7,0,1,-0.28,4,Road · Full house · Ranked opponent,1.3,-4.3
2022,2022-10-08,Indiana,Michigan,home,10,31,23.5,-21,0,2.5,3.51,,5,7,0.47,1,3,0.49,4,Top-10 opponent,1.2,2.2
2022,2022-10-08,Notre Dame,BYU,neutral,28,20,-3.5,8,0,4.5,-14.15,-4.01,4,6,-4.95,1,2,0.26,5,Night,1.05,-2.6
2022,2022-10-08,Arizona State,Washington,home,45,38,13.5,7,0,20.5,15.66,1.79,3,14,8.49,4,5,2.78,5,Ranked opponent,1.1,9.9
2022,2022-10-08,Kentucky,South Carolina,home,14,24,-4.5,-10,0,-14.5,-7.79,,6,7,-9.74,0,2,-0.76,4,Night,1.05,-6.8
2022,2022-10-08,Louisville,Virginia,away,34,17,1.5,17,0,18.5,0.13,9.58,8,34,14.22,0,2,-0.67,5,Road,1.1,6.1
2022,2022-10-08,LSU,Tennessee,home,13,40,2.5,-30,47,-27.5,-14.68,,3,7,-0.26,0,1,-0.33,4,,1,-6.5
2022,2022-10-08,Arizona,Oregon,home,22,49,13.5,-29,73,-15.5,-7.33,,1,3,1.16,0,1,-0.24,4,Night · Ranked opponent,1.15,-3.6
2022,2022-10-08,NC State,Florida State,home,19,17,-3.5,2,0,-1.5,7.24,,9,12,-12.63,0,1,-0.37,4,Night,1.05,-2.5
2022,2022-10-08,Stanford,Oregon State,home,27,28,4.5,-1,0,3.5,4.05,-6.87,5,21,9.43,2,5,0.44,5,Night · Group of 5 opponent,0.9,2.1
2022,2022-10-08,Texas A&M,Alabama,away,20,24,24.0,-4,0,20.0,-0.03,,9,20,8.48,0,2,-0.33,4,Road · Night · Full house · Top-10 opponent,1.45,6.7
2022,2022-10-08,Oregon,Arizona,away,49,22,-13.5,29,73,15.5,5.09,12.82,4,21,7.93,1,1,0.55,5,Road · Night · Full house,1.25,7.9
2022,2022-10-08,Alabama,Texas A&M,home,24,20,-24.0,4,0,-20.0,-2.2,-16.61,9,10,-24.41,1,4,-1.1,5,Night,1.05,-10.9
2022,2022-10-08,Florida State,NC State,away,17,19,3.5,-2,0,1.5,-9.48,-9.38,7,17,0.44,0,5,-1.6,5,Road · Night · Full house · Ranked opponent,1.35,-5.0
2022,2022-10-13,UCF,Temple,home,70,13,-23.5,29,71,5.5,9.1,3.65,3,14,2.61,3,3,1.43,5,Night · Group of 5 opponent,0.9,3.9
2022,2022-10-13,Baylor,West Virginia,away,40,43,-3.0,-3,0,-6.0,-15.07,-12.75,5,17,3.45,4,7,1.42,5,Road · Night · Full house,1.25,-2.7
2022,2022-10-13,West Virginia,Baylor,home,43,40,3.0,3,0,6.0,12.84,,3,14,6.82,2,6,0.06,4,Night,1.05,5.2
2022,2022-10-14,SMU,Navy,home,40,34,-12.5,6,0,-6.5,13.1,-8.66,6,31,11.72,1,1,0.56,5,Night · Group of 5 opponent,0.9,2.5
2022,2022-10-15,Arizona,Washington,away,39,49,14.5,-10,0,4.5,-2.12,,4,21,13.87,0,2,-0.47,4,Road,1.1,3.6
2022,2022-10-15,Maryland,Indiana,away,38,33,-11.0,5,0,-6.0,1.73,-9.89,6,31,12.19,0,5,-2.14,5,Road,1.1,-1.6
2022,2022-10-15,Michigan State,Wisconsin,home,34,28,7.0,6,0,13.0,-5.39,,7,28,12.74,1,4,-0.17,4,,1,4.0
2022,2022-10-15,Michigan,Penn State,home,41,17,-7.0,24,16,17.0,-8.91,9.18,5,27,12.39,2,3,0.81,5,Top-10 opponent,1.2,6.3
2022,2022-10-15,Minnesota,Illinois,away,14,26,-4.5,-12,0,-16.5,18.28,,3,0,-8.37,0,2,-0.76,4,Road · Ranked opponent,1.2,-2.4
2022,2022-10-15,Ole Miss,Auburn,home,48,34,-15.5,14,0,-1.5,0.46,-6.21,5,21,4.13,2,2,1.08,5,,1,1.0
2022,2022-10-15,NC State,Syracuse,away,9,24,3.0,-15,0,-12.0,-2.52,,3,3,-4.18,0,2,-0.65,4,Road · Full house · Ranked opponent,1.3,-4.8
2022,2022-10-15,Nebraska,Purdue,away,37,43,14.0,-6,0,8.0,4.72,,4,6,-1.24,0,3,-0.72,4,Road · Night · Full house,1.25,1.1
2022,2022-10-15,Syracuse,NC State,home,24,9,-3.0,15,0,12.0,0.29,4.25,4,0,-10.84,3,3,1.9,5,Ranked opponent,1.1,2.0
2022,2022-10-15,Oklahoma State,TCU,away,40,43,5.0,-3,0,2.0,8.01,-12.61,6,21,7.28,1,4,-0.23,5,Road · Full house · Ranked opponent,1.3,1.1
2022,2022-10-15,Auburn,Ole Miss,away,34,48,15.5,-14,0,1.5,-2.69,,3,7,1.81,0,1,-0.23,4,Road · Full house · Top-10 opponent,1.4,0.2
2022,2022-10-15,Penn State,Michigan,away,17,41,7.0,-24,16,-17.0,6.67,,0,0,,0,3,-0.88,3,Road · Full house · Top-10 opponent,1.4,-4.5
2022,2022-10-15,Clemson,Florida State,away,34,28,-4.5,6,0,1.5,16.13,-4.52,6,20,3.26,1,2,0.24,5,Road · Night · Full house,1.25,3.3
2022,2022-10-15,Vanderbilt,Georgia,away,0,55,37.5,-31,62,6.5,-6.1,,1,0,-0.56,0,1,-0.06,4,Road · Full house · Top-10 opponent,1.4,-0.2
2022,2022-10-15,Miami,Virginia Tech,away,20,14,-8.5,13,0,4.5,-8.76,0.41,9,20,-7.02,0,0,,4,Road · Full house,1.2,-2.3
2022,2022-10-15,Stanford,Notre Dame,away,16,14,16.5,2,0,18.5,-8.51,2.34,8,13,-0.42,1,2,0.56,5,Road · Night · Full house,1.25,2.3
2022,2022-10-15,California,Colorado,away,13,20,-15.0,-7,0,-22.0,-8.31,,8,10,-16.77,1,4,-0.83,4,Road · Full house,1.2,-11.3
2022,2022-10-15,Purdue,Nebraska,home,43,37,-14.0,6,0,-8.0,-6.95,-9.44,6,27,7.24,3,5,0.75,5,Night,1.05,-0.8
2022,2022-10-15,Texas,Iowa State,home,24,21,-15.5,3,0,-12.5,4.33,-13.21,5,14,-2.87,1,3,-0.39,5,,1,-3.4
2022,2022-10-15,BYU,Arkansas,home,35,52,-1.0,-17,0,-18.0,1.74,,2,7,1.79,2,4,0.59,4,,1,-0.8
2022,2022-10-15,Virginia Tech,Miami,home,14,20,8.5,-13,0,-4.5,6.52,,5,7,-3.51,0,1,-0.28,4,,1,-0.5
2022,2022-10-15,TCU,Oklahoma State,home,43,40,-5.0,3,0,-2.0,-10.25,,6,20,3.1,2,3,0.85,4,Top-10 opponent,1.2,0.1
2022,2022-10-15,Tennessee,Alabama,home,52,49,9.0,3,0,12.0,0.51,-4.54,3,21,14.78,3,5,1.61,5,Top-10 opponent,1.2,6.3
2022,2022-10-15,Washington,Arizona,home,49,39,-14.5,10,0,-4.5,-0.12,-9.7,4,7,-6.28,4,4,2.18,5,,1,-0.8
2022,2022-10-15,Wisconsin,Michigan State,away,28,34,-7.0,-6,0,-13.0,3.15,,6,7,-10.54,3,4,1.41,4,Road · Full house,1.2,-2.2
2022,2022-10-15,Alabama,Tennessee,away,49,52,-9.0,-3,0,-12.0,-2.75,,3,10,0.91,3,5,0.93,4,Road · Full house · Top-10 opponent,1.4,-0.7
2022,2022-10-15,Mississippi State,Kentucky,away,17,27,-3.5,-10,0,-13.5,16.08,,3,3,-5.21,1,2,0.26,4,Road · Night · Full house,1.25,0.1
2022,2022-10-15,Illinois,Minnesota,home,26,14,4.5,12,0,16.5,-20.52,6.13,6,9,-4.88,2,2,1.38,5,,1,0.5
2022,2022-10-15,Colorado,California,home,20,13,15.0,7,0,22.0,6.08,,9,10,-5.81,2,3,1.3,4,,1,4.4
2022,2022-10-15,Florida State,Clemson,home,28,34,4.5,-6,0,-1.5,-18.37,,4,14,4.75,1,3,0.06,4,Night · Top-10 opponent,1.25,-2.3
2022,2022-10-15,Florida,LSU,home,35,45,-2.0,-10,0,-12.0,0.43,,1,7,4.34,1,4,-0.44,4,Night,1.05,-0.9
2022,2022-10-15,Georgia,Vanderbilt,home,55,0,-37.5,31,62,-6.5,3.86,-0.6,4,21,2.84,0,0,,4,,1,0.6
2022,2022-10-15,Iowa State,Texas,away,21,24,15.5,-3,0,12.5,-6.56,,5,21,12.35,0,2,-0.46,4,Road · Full house · Ranked opponent,1.3,4.3
2022,2022-10-15,Arkansas,BYU,away,52,35,1.0,17,0,18.0,-3.97,9.32,5,21,8.51,5,5,3.31,5,Road · Full house,1.2,9.3
2022,2022-10-15,Indiana,Maryland,home,33,38,11.0,-5,0,6.0,-3.97,,5,21,11.16,2,4,0.95,4,,1,4.3
2022,2022-10-15,Notre Dame,Stanford,home,14,16,-16.5,-2,0,-18.5,6.27,,7,7,-16.98,0,2,-0.94,4,Night,1.05,-7.0
2022,2022-10-15,Kentucky,Mississippi State,home,27,17,3.5,10,0,13.5,-18.31,3.62,5,10,-1.83,2,3,1.04,5,Night,1.05,0.4
2022,2022-10-15,LSU,Florida,away,45,35,2.0,10,0,12.0,-2.66,-1.16,3,21,13.66,4,4,2.68,5,Road · Night · Full house,1.25,7.7
2022,2022-10-15,Duke,North Carolina,home,35,38,7.0,-3,0,4.0,-3.63,-8.57,5,28,17.1,1,4,-0.17,5,Night,1.05,2.1
2022,2022-10-15,North Carolina,Duke,away,38,35,-7.0,3,0,-4.0,1.39,-8.82,5,21,6.39,1,4,-0.59,5,Road · Night · Full house,1.25,-0.9
2022,2022-10-15,Utah,USC,home,43,42,-3.5,1,0,-2.5,-0.31,,4,21,10.05,1,3,-0.12,4,Top-10 opponent,1.2,2.6
2022,2022-10-15,USC,Utah,away,42,43,3.5,-1,0,2.5,-1.92,-11.38,4,7,-2.46,4,5,2.4,5,Road · Full house · Ranked opponent,1.3,0.6
2022,2022-10-20,Virginia,Georgia Tech,away,16,9,3.5,7,0,10.5,-10.75,,13,10,-20.76,1,1,0.68,4,Road · Night,1.15,-5.1
2022,2022-10-20,Georgia Tech,Virginia,home,9,16,-3.5,-7,0,-10.5,8.51,,10,3,-24.37,0,3,-1.12,4,Night,1.05,-7.6
2022,2022-10-22,Boston College,Wake Forest,away,15,43,20.0,-28,19,-8.0,-16.99,,3,3,-1.48,0,1,-0.2,4,Road · Ranked opponent,1.2,-5.2
2022,2022-10-22,Maryland,Northwestern,home,31,24,-14.5,7,0,-7.5,-1.16,,6,14,-5.92,2,2,1.09,4,,1,-1.1
2022,2022-10-22,Minnesota,Penn State,away,17,45,5.0,-35,29,-30.0,-10.29,,4,10,0.85,0,2,-0.62,4,Road · Night · Full house · Ranked opponent,1.35,-8.4
2022,2022-10-22,Missouri,Vanderbilt,home,17,14,-14.0,3,0,-11.0,-0.56,-16.44,10,10,-22.94,0,1,-0.45,5,,1,-8.2
2022,2022-10-22,Ole Miss,LSU,away,20,45,0.0,-25,8,-25.0,-9.88,-34.19,2,3,-2.1,2,4,0.62,5,Road · Full house,1.2,-10.1
2022,2022-10-22,Duke,Miami,away,45,21,10.0,24,15,34.0,23.76,20.98,8,24,7.83,1,3,0.19,5,Road,1.1,12.7
2022,2022-10-22,Wake Forest,Boston College,home,43,15,-20.0,28,19,8.0,14.75,8.46,6,28,6.33,2,2,1.01,5,,1,6.3
2022,2022-10-22,Rutgers,Indiana,home,24,17,-3.0,7,0,4.0,3.63,-2.75,9,14,-10.4,0,1,-0.37,5,,1,-1.7
2022,2022-10-22,Syracuse,Clemson,away,21,27,14.0,-6,0,8.0,9.9,-10.95,6,7,-3.86,1,4,0.04,5,Road · Full house · Top-10 opponent,1.4,0.1
2022,2022-10-22,Ohio State,Iowa,home,54,10,-29.5,30,45,0.5,14.8,7.54,8,26,-6.92,1,2,-0.13,5,,1,1.7
2022,2022-10-22,Oklahoma State,Texas,home,41,34,6.5,7,0,13.5,3.54,,11,17,-7.28,1,3,0.11,4,Ranked opponent,1.1,1.1
2022,2022-10-22,UCF,East Carolina,away,13,34,-5.5,-21,0,-26.5,-19.08,,2,3,-2.69,0,1,-0.39,4,Road · Night · Full house · Group of 5 opponent,1.25,-9.7
2022,2022-10-22,Penn State,Minnesota,home,45,17,-5.0,35,29,30.0,8.06,20.22,8,35,12.47,1,1,0.62,5,Night,1.05,10.8
2022,2022-10-22,Cincinnati,SMU,away,29,27,-3.5,2,0,-1.5,-10.46,-8.01,9,23,-1.63,0,1,-0.37,5,Road,1.1,-3.5
2022,2022-10-22,Clemson,Syracuse,home,27,21,-14.0,6,0,-8.0,-12.14,,8,24,-2.35,0,2,-0.9,4,Ranked opponent,1.1,-5.1
2022,2022-10-22,Iowa,Ohio State,away,10,54,29.5,-30,45,-0.5,-17.03,,3,0,-2.96,0,3,-0.37,4,Road · Full house · Top-10 opponent,1.4,-5.5
2022,2022-10-22,Kansas,Baylor,away,23,35,10.5,-12,0,-1.5,1.65,,3,14,8.01,0,1,-0.27,4,Road · Full house,1.2,2.3
2022,2022-10-22,Vanderbilt,Missouri,away,14,17,14.0,-3,0,11.0,-1.67,,8,7,-7.48,0,1,-0.24,4,Road · Full house,1.2,-0.9
2022,2022-10-22,Baylor,Kansas,home,35,23,-10.5,12,0,1.5,-3.89,-5.63,4,21,8.57,1,1,0.58,5,,1,1.2
2022,2022-10-22,Miami,Duke,home,21,45,-10.0,-24,15,-34.0,-26.0,,7,14,-7.57,0,3,-1.26,4,,1,-12.3
2022,2022-10-22,Stanford,Arizona State,home,15,14,-3.0,1,0,-2.0,-5.4,,7,12,-6.97,1,2,0.26,4,,1,-2.4
2022,2022-10-22,Texas A&M,South Carolina,away,24,30,-3.0,-6,0,-9.0,-17.88,,8,20,-1.68,0,3,-1.1,4,Road · Night · Full house,1.25,-7.3
2022,2022-10-22,Houston,Navy,away,38,20,-3.0,24,8,21.0,3.12,10.25,7,21,2.03,2,2,1.26,5,Road · Group of 5 opponent,0.95,5.6
2022,2022-10-22,Oregon,UCLA,home,45,30,-7.0,15,0,8.0,3.03,-0.82,1,0,-2.92,2,2,1.2,5,Top-10 opponent,1.2,2.3
2022,2022-10-22,Purdue,Wisconsin,away,24,35,1.5,-18,7,-16.5,-17.65,,4,10,0.11,0,1,-0.33,4,Road,1.1,-6.0
2022,2022-10-22,Texas,Oklahoma State,away,34,41,-6.5,-7,0,-13.5,-5.77,-19.56,10,24,-4.96,2,7,-0.76,5,Road · Full house · Ranked opponent,1.3,-8.4
2022,2022-10-22,BYU,Liberty,away,14,41,-7.0,-27,28,-34.0,3.58,-39.82,2,7,1.15,1,4,-0.59,5,Road · Full house · Group of 5 opponent,1.2,-10.8
2022,2022-10-22,SMU,Cincinnati,home,27,29,3.5,-2,0,1.5,8.23,,5,21,9.17,0,1,-0.32,4,Ranked opponent,1.1,4.0
2022,2022-10-22,South Carolina,Texas A&M,home,30,24,3.0,6,0,9.0,15.64,-0.64,9,24,2.47,0,4,-1.29,5,Night,1.05,2.4
2022,2022-10-22,UCLA,Oregon,away,30,45,7.0,-15,0,-8.0,-5.26,,1,7,4.82,3,3,2.12,4,Road · Full house · Top-10 opponent,1.4,2.9
2022,2022-10-22,Tennessee,UT Martin,home,65,24,-38.5,45,102,6.5,15.03,12.89,5,31,8.04,1,1,0.37,5,FCS opponent,0.6,3.9
2022,2022-10-22,Texas Tech,West Virginia,home,48,10,-5.0,28,38,23.0,9.57,13.22,6,28,11.1,0,0,,4,,1,8.9
2022,2022-10-22,Wisconsin,Purdue,home,35,24,-1.5,18,7,16.5,15.42,5.03,5,14,0.84,0,0,,4,,1,5.5
2022,2022-10-22,West Virginia,Texas Tech,away,10,48,5.0,-28,38,-23.0,-11.8,,3,0,-6.86,0,1,-0.31,4,Road · Full house,1.2,-8.4
2022,2022-10-22,Alabama,Mississippi State,home,30,6,-21.0,24,52,3.0,18.58,0.94,8,24,-5.32,0,0,,4,Night · Ranked opponent,1.15,2.7
2022,2022-10-22,Mississippi State,Alabama,away,6,30,21.0,-24,52,-3.0,-20.81,,3,0,-4.32,0,1,-0.19,4,Road · Night · Full house · Top-10 opponent,1.45,-7.3
2022,2022-10-22,Northwestern,Maryland,away,24,31,14.5,-7,0,7.5,-1.07,-7.69,4,14,6.87,1,4,0.05,5,Road,1.1,1.2
2022,2022-10-22,Indiana,Rutgers,away,17,24,3.0,-7,0,-4.0,-5.87,-17.64,7,3,-13.75,0,3,-0.97,5,Road,1.1,-7.8
2022,2022-10-22,Notre Dame,UNLV,home,44,21,-26.0,30,19,4.0,13.43,8.35,10,30,-9.29,0,1,-0.54,5,Group of 5 opponent,0.85,1.0
2022,2022-10-22,Arizona State,Stanford,away,14,15,3.0,-1,0,2.0,3.16,,5,0,-11.96,2,5,0.39,4,Road,1.1,-1.6
2022,2022-10-22,LSU,Ole Miss,home,45,20,0.0,25,8,25.0,7.65,15.81,5,35,22.24,1,2,0.31,5,Top-10 opponent,1.2,12.7
2022,2022-10-22,Pittsburgh,Louisville,away,10,24,1.5,-14,0,-12.5,-13.94,,7,10,-7.3,0,3,-1.0,4,Road · Night,1.15,-8.0
2022,2022-10-22,Kansas State,TCU,away,28,38,3.5,-10,0,-6.5,0.62,-17.38,5,14,2.17,2,4,0.72,5,Road · Night · Full house · Top-10 opponent,1.45,-2.6
2022,2022-10-22,California,Washington,home,21,28,7.5,-7,0,0.5,8.51,,5,7,-3.77,1,4,-0.16,4,Night,1.05,0.6
2022,2022-10-22,TCU,Kansas State,home,38,28,-3.5,10,0,6.5,-2.86,-0.01,6,28,11.58,1,2,0.26,5,Night · Ranked opponent,1.15,3.4
2022,2022-10-22,Washington,California,away,28,21,-7.5,7,0,-0.5,-10.75,-9.08,6,10,-7.69,2,3,0.79,5,Road · Night,1.15,-3.8
2022,2022-10-22,Colorado,Oregon State,away,9,42,23.0,-32,61,-9.0,-11.11,,2,0,-2.67,0,1,-0.17,4,Road · Night · Group of 5 opponent,1.15,-4.3
2022,2022-10-22,Louisville,Pittsburgh,home,24,10,-1.5,14,0,12.5,11.71,1.03,9,10,-13.68,1,2,0.29,5,Night,1.05,0.9
2022,2022-10-27,NC State,Virginia Tech,home,22,21,-13.5,1,0,-12.5,-4.81,,8,14,-12.14,0,1,-0.45,4,Night,1.05,-6.2
2022,2022-10-27,Virginia Tech,NC State,away,21,22,13.5,-1,0,12.5,2.58,-3.21,8,14,-0.69,0,2,-0.49,5,Road · Night · Full house · Ranked opponent,1.35,1.0
2022,2022-10-27,Utah,Washington State,away,21,17,-7.0,4,0,-3.0,-3.18,-11.82,6,7,-10.54,1,2,0.2,5,Road · Night · Group of 5 opponent,1.15,-4.7
2022,2022-10-29,Arizona,USC,home,37,45,14.0,-8,0,6.0,-2.95,,3,7,1.57,3,5,1.8,4,Top-10 opponent,1.2,3.8
2022,2022-10-29,Michigan State,Michigan,away,7,29,22.5,-22,0,0.5,-2.97,,2,0,-2.72,1,2,0.65,4,Road · Night · Full house · Top-10 opponent,1.45,-0.1
2022,2022-10-29,Michigan,Michigan State,home,29,7,-22.5,22,0,-0.5,0.73,3.16,7,19,-7.21,1,1,0.49,5,Night,1.05,-0.3
2022,2022-10-29,Minnesota,Rutgers,home,31,0,-14.0,24,8,10.0,0.78,4.56,8,31,4.65,0,0,,4,,1,3.3
2022,2022-10-29,Missouri,South Carolina,away,23,10,3.5,13,0,16.5,-3.38,2.62,8,20,1.07,1,1,0.68,5,Road · Full house · Ranked opponent,1.3,3.5
2022,2022-10-29,Ole Miss,Texas A&M,away,31,28,-3.0,3,0,0.0,-0.56,-6.75,6,17,0.74,1,4,-0.47,5,Road · Night · Full house,1.25,-1.5
2022,2022-10-29,Wake Forest,Louisville,away,21,48,-3.0,-34,38,-37.0,-29.05,,3,7,-1.13,0,3,-1.1,4,Road,1.1,-12.6
2022,2022-10-29,Nebraska,Illinois,home,9,26,7.5,-17,0,-9.5,-7.46,,7,10,-5.08,0,2,-0.58,4,Ranked opponent,1.1,-4.8
2022,2022-10-29,Rutgers,Minnesota,away,0,31,14.0,-24,8,-10.0,-3.01,,4,0,-7.24,0,1,-0.24,4,Road · Full house,1.2,-4.5
2022,2022-10-29,Syracuse,Notre Dame,home,24,41,1.0,-17,0,-16.0,-9.7,,7,7,-10.49,1,2,0.32,4,,1,-5.8
2022,2022-10-29,Ohio State,Penn State,away,44,31,-15.5,13,0,-2.5,13.35,-3.21,6,17,-3.24,3,4,1.15,5,Road · Full house · Ranked opponent,1.3,2.2
2022,2022-10-29,Oklahoma State,Kansas State,away,0,48,2.5,-35,85,-32.5,-12.84,,2,0,-4.84,0,1,-0.33,4,Road · Full house · Ranked opponent,1.3,-10.4
2022,2022-10-29,Auburn,Arkansas,home,27,41,4.0,-21,8,-17.0,-8.91,,4,13,3.64,0,2,-0.63,4,,1,-3.5
2022,2022-10-29,Oklahoma,Iowa State,away,27,13,-1.5,14,0,12.5,17.28,5.03,9,20,-3.68,1,3,-0.07,5,Road · Full house,1.2,4.4
2022,2022-10-29,UCF,Cincinnati,home,25,21,-1.5,4,0,2.5,-11.69,-4.97,6,17,1.21,1,3,-0.07,5,Ranked opponent,1.1,-1.8
2022,2022-10-29,Penn State,Ohio State,home,31,44,15.5,-13,0,2.5,-15.58,,4,14,7.08,1,4,0.08,4,Top-10 opponent,1.2,-0.3
2022,2022-10-29,Cincinnati,UCF,away,21,25,1.5,-4,0,-2.5,9.46,,7,13,-4.3,2,4,0.66,4,Road · Full house,1.2,1.5
2022,2022-10-29,Iowa,Northwestern,home,33,13,-11.5,26,17,14.5,-4.07,11.86,6,27,8.03,0,0,,4,,1,5.0
2022,2022-10-29,Kansas State,Oklahoma State,home,48,0,-2.5,35,85,32.5,10.6,21.51,5,21,7.58,0,0,,4,Top-10 opponent,1.2,12.9
2022,2022-10-29,Baylor,Texas Tech,away,45,17,1.5,28,5,29.5,12.6,16.58,8,24,4.22,2,2,1.33,5,Road · Night · Full house,1.25,11.7
2022,2022-10-29,Miami,Virginia,away,14,12,-3.0,2,0,-1.0,10.18,,7,6,-12.97,2,4,0.53,4,Road,1.1,-0.8
2022,2022-10-29,Texas A&M,Ole Miss,home,28,31,3.0,-3,0,0.0,-1.67,,6,21,6.64,1,3,0.03,4,Night · Ranked opponent,1.15,1.8
2022,2022-10-29,Houston,South Florida,home,42,27,-17.5,15,0,-2.5,8.7,-6.25,5,28,10.6,2,3,0.57,5,Group of 5 opponent,0.85,2.3
2022,2022-10-29,Oregon,California,away,42,24,-16.5,32,18,15.5,-2.08,14.27,8,28,0.59,0,2,-0.94,5,Road,1.1,3.0
2022,2022-10-29,California,Oregon,home,24,42,16.5,-32,18,-15.5,-0.15,,5,3,-5.39,1,2,0.56,4,Top-10 opponent,1.2,-3.1
2022,2022-10-28,BYU,East Carolina,home,24,27,-3.5,-3,0,-6.5,1.85,,4,10,-0.95,1,4,-0.49,4,Group of 5 opponent,1,-1.2
2022,2022-10-29,SMU,Tulsa,away,45,34,-1.0,18,2,17.0,5.14,5.29,6,17,1.37,0,1,-0.35,5,Road · Group of 5 opponent,0.95,3.1
2022,2022-10-29,South Carolina,Missouri,home,10,23,-3.5,-13,0,-16.5,1.14,,4,3,-7.95,0,1,-0.37,4,,1,-4.3
2022,2022-10-29,Virginia,Miami,home,12,14,3.0,-2,0,1.0,-12.41,,8,3,-16.14,3,3,2.03,4,,1,-3.2
2022,2022-10-29,TCU,West Virginia,away,41,31,-7.0,10,0,3.0,3.99,-1.82,4,20,8.31,3,5,1.01,5,Road,1.1,3.7
2022,2022-10-29,Tennessee,Kentucky,home,44,6,-10.5,31,45,20.5,8.27,13.37,7,24,2.24,1,1,0.58,5,Night · Ranked opponent,1.15,7.2
2022,2022-10-29,Texas Tech,Baylor,home,17,45,-1.5,-28,5,-29.5,-14.84,,6,10,-5.79,0,2,-0.71,4,Night,1.05,-9.1
2022,2022-10-29,West Virginia,TCU,home,31,41,7.0,-10,0,-3.0,-6.23,,3,7,0.46,2,4,0.83,4,Top-10 opponent,1.2,-0.1
2022,2022-10-29,USC,Arizona,away,45,37,-14.0,8,0,-6.0,0.72,-12.44,3,14,4.12,4,6,1.3,5,Road,1.1,-0.1
2022,2022-10-29,Illinois,Nebraska,away,26,9,-7.5,17,0,9.5,5.22,3.92,9,20,-6.54,0,2,-0.8,5,Road · Full house,1.2,0.4
2022,2022-10-29,Colorado,Arizona State,home,34,42,13.0,-8,0,5.0,9.47,,5,17,7.69,1,1,0.75,4,,1,5.3
2022,2022-10-29,Florida State,Georgia Tech,home,41,16,-23.5,24,45,0.5,-15.66,2.65,8,27,-3.38,1,1,0.48,5,,1,-1.6
2022,2022-10-29,Florida,Georgia,neutral,20,42,23.0,-22,0,1.0,-6.1,,7,13,3.67,0,1,-0.17,4,Top-10 opponent,1.2,0.0
2022,2022-10-29,Georgia Tech,Florida State,away,16,41,23.5,-24,45,-0.5,13.42,,3,3,-0.92,0,1,-0.17,4,Road,1.1,2.1
2022,2022-10-29,Georgia,Florida,neutral,42,20,-23.0,22,0,-1.0,3.86,-2.09,8,35,4.84,1,1,0.48,5,,1,1.7
2022,2022-10-29,Iowa State,Oklahoma,home,13,27,1.5,-14,0,-12.5,-19.52,,8,10,-9.78,1,2,0.33,4,,1,-6.8
2022,2022-10-29,Northwestern,Iowa,away,13,33,11.5,-26,17,-14.5,1.84,,1,7,5.06,0,1,-0.26,4,Road · Full house,1.2,-0.7
2022,2022-10-29,Arkansas,Auburn,away,41,27,-4.0,21,8,17.0,6.68,9.74,7,28,8.65,2,2,1.25,5,Road · Full house,1.2,8.5
2022,2022-10-29,Notre Dame,Syracuse,away,41,24,-1.0,17,0,16.0,7.47,4.29,8,31,10.16,0,2,-0.71,5,Road · Full house · Ranked opponent,1.3,6.1
2022,2022-10-29,Arizona State,Colorado,away,42,34,-13.0,8,0,-5.0,-11.7,-7.92,6,21,1.56,3,3,1.67,5,Road,1.1,-1.2
2022,2022-10-29,Kentucky,Tennessee,away,6,44,10.5,-31,45,-20.5,-10.5,,3,7,1.01,0,2,-0.53,4,Road · Night · Full house · Top-10 opponent,1.45,-7.0
2022,2022-10-29,Louisville,Wake Forest,home,48,21,3.0,34,38,37.0,26.82,24.36,7,31,14.25,0,2,-0.65,5,Top-10 opponent,1.2,15.8
2022,2022-10-29,North Carolina,Pittsburgh,home,42,24,-2.5,18,0,15.5,4.95,7.51,6,28,11.9,0,2,-0.73,5,Night,1.05,5.3
2022,2022-10-29,Pittsburgh,North Carolina,away,24,42,2.5,-18,0,-15.5,-7.18,-24.9,5,17,4.9,0,4,-1.31,5,Road · Night · Full house · Ranked opponent,1.35,-8.5
2022,2022-10-29,Stanford,UCLA,away,13,38,16.5,-25,37,-8.5,0.59,,2,0,-3.35,0,1,-0.22,4,Road · Night · Ranked opponent,1.25,-2.5
2022,2022-10-29,UCLA,Stanford,home,38,13,-16.5,25,37,8.5,-2.82,7.27,5,24,6.87,1,1,0.53,5,Night,1.05,3.7
2022,2022-11-04,Boston College,Duke,home,31,38,11.5,-7,0,4.5,-8.41,,6,17,5.35,0,2,-0.52,4,Night,1.05,0.1
2022,2022-11-04,Duke,Boston College,away,38,31,-11.5,7,0,-4.5,6.18,-7.14,8,21,-4.29,1,1,0.57,5,Road · Night · Full house,1.25,-1.0
2022,2022-11-05,Arizona,Utah,away,20,45,17.5,-28,31,-10.5,-16.11,,3,0,-4.87,1,2,0.57,4,Road · Full house · Ranked opponent,1.3,-5.7
2022,2022-11-05,Maryland,Wisconsin,away,10,23,5.0,-13,0,-8.0,3.39,,8,3,-15.29,0,1,-0.31,4,Road · Full house,1.2,-5.4
2022,2022-11-05,Michigan State,Illinois,away,23,15,16.0,8,0,24.0,22.73,9.08,8,21,7.37,1,1,0.77,5,Road · Full house · Ranked opponent,1.3,11.9
2022,2022-11-05,Michigan,Rutgers,away,52,17,-26.5,25,42,-1.5,9.21,2.1,6,21,-2.74,1,3,-0.63,5,Road · Night · Full house,1.25,0.4
2022,2022-11-05,Minnesota,Nebraska,away,20,13,-14.5,7,0,-7.5,-0.96,-8.7,6,17,-2.92,0,2,-0.91,5,Road · Full house,1.2,-4.1
2022,2022-11-05,Missouri,Kentucky,home,17,21,-1.0,-4,0,-5.0,-1.3,,8,14,-6.84,1,2,0.29,4,,1,-2.0
2022,2022-11-05,North Carolina,Virginia,away,31,28,-7.5,3,0,-4.5,-0.66,-9.08,5,14,-0.75,2,4,0.39,5,Road,1.1,-1.6
2022,2022-11-05,Nebraska,Minnesota,home,13,20,14.5,-7,0,7.5,-1.27,-7.69,6,3,-7.7,0,3,-0.71,5,,1,-2.5
2022,2022-11-05,Rutgers,Michigan,home,17,52,26.5,-25,42,1.5,-11.44,,4,7,2.41,1,3,0.56,4,Night · Top-10 opponent,1.25,-0.3
2022,2022-11-05,Syracuse,Pittsburgh,away,9,19,3.5,-10,0,-6.5,7.96,,9,9,-12.3,0,1,-0.32,4,Road,1.1,-3.1
2022,2022-11-05,Ohio State,Northwestern,away,21,7,-37.5,14,0,-23.5,12.1,-17.6,10,21,-24.39,0,1,-0.63,5,Road · Full house,1.2,-10.2
2022,2022-11-05,Oklahoma State,Kansas,away,16,37,3.0,-27,11,-24.0,-2.68,,2,0,-4.79,0,1,-0.32,4,Road · Full house,1.2,-6.1
2022,2022-11-05,Auburn,Mississippi State,away,33,39,12.5,-6,0,6.5,-3.69,,10,24,5.11,1,3,0.25,4,Road · Night · Full house,1.25,2.6
2022,2022-11-05,Oklahoma,Baylor,home,35,38,-3.0,-3,0,-6.0,-4.41,,5,7,-6.55,1,3,-0.1,4,,1,-3.1
2022,2022-11-05,UCF,Memphis,away,35,28,-3.0,7,0,4.0,7.94,-6.75,7,21,2.03,1,3,-0.1,5,Road · Group of 5 opponent,0.95,0.9
2022,2022-11-05,Penn State,Indiana,away,45,14,-13.5,24,41,10.5,-6.66,4.82,10,38,5.33,0,1,-0.45,5,Road,1.1,1.8
2022,2022-11-05,Cincinnati,Navy,home,20,10,-18.5,10,0,-8.5,3.41,-10.77,5,17,-0.66,0,0,,4,Group of 5 opponent,1,-2.1
2022,2022-11-05,Pittsburgh,Syracuse,home,19,9,-3.5,10,0,6.5,-10.19,-1.01,8,10,-11.9,1,3,-0.12,5,Ranked opponent,1.1,-3.3
2022,2022-11-05,Clemson,Notre Dame,away,14,35,-3.5,-34,24,-37.5,-15.36,,6,0,-16.42,0,1,-0.37,4,Road · Night · Full house,1.25,-15.0
2022,2022-11-05,Iowa,Purdue,away,24,3,3.5,21,0,24.5,6.58,10.62,12,24,-4.39,0,0,,4,Road · Full house,1.2,5.9
2022,2022-11-05,Kansas,Oklahoma State,home,37,16,-3.0,27,11,24.0,0.45,17.25,6,17,0.74,1,1,0.63,5,Ranked opponent,1.1,6.6
2022,2022-11-05,Kansas State,Texas,home,27,34,3.0,-7,0,-4.0,-4.4,,5,14,2.04,2,2,1.35,4,Night · Ranked opponent,1.15,1.3
2022,2022-11-05,Vanderbilt,South Carolina,home,27,38,6.5,-11,0,-4.5,-9.57,,6,14,0.76,1,2,0.41,4,Night,1.05,-1.4
2022,2022-11-05,Baylor,Oklahoma,away,38,35,3.0,3,0,6.0,2.18,-3.64,7,31,14.25,1,4,-0.29,5,Road · Full house,1.2,3.6
2022,2022-11-05,Miami,Florida State,home,3,45,6.5,-28,35,-21.5,-9.95,,2,0,-4.41,1,1,0.7,4,Night,1.05,-4.8
2022,2022-11-05,Stanford,Washington State,home,14,52,3.0,-38,56,-35.0,-22.98,,3,0,-7.18,0,1,-0.32,4,Group of 5 opponent,1,-10.6
2022,2022-11-05,Texas A&M,Florida,home,24,41,-1.5,-17,0,-18.5,-10.88,,5,7,-6.16,3,5,1.22,4,,1,-4.1
2022,2022-11-05,Houston,SMU,away,63,77,3.5,-14,0,-10.5,-22.36,,1,7,4.63,3,4,1.72,4,Road · Night,1.15,-1.9
2022,2022-11-05,Oregon,Colorado,away,49,10,-31.0,32,50,1.0,16.11,3.77,4,28,11.22,0,0,,4,Road,1.1,6.3
2022,2022-11-05,Purdue,Iowa,home,3,24,-3.5,-21,0,-24.5,-8.81,,8,0,-21.9,0,1,-0.37,4,,1,-10.5
2022,2022-11-05,Texas,Kansas State,away,34,27,-3.0,7,0,4.0,2.17,-3.75,5,10,-3.55,3,4,1.53,5,Road · Night · Full house · Ranked opponent,1.35,1.6
2022,2022-11-05,Utah,Arizona,home,45,20,-17.5,28,31,10.5,13.87,6.75,7,24,-0.35,1,1,0.52,5,,1,4.5
2022,2022-11-05,SMU,Houston,home,77,63,-3.5,14,0,10.5,20.12,-0.01,3,14,5.79,3,3,1.88,5,Night,1.05,7.2
2022,2022-11-05,South Carolina,Vanderbilt,away,38,27,-6.5,11,0,4.5,7.34,-0.56,7,17,-3.27,2,2,1.21,5,Road · Night,1.15,2.4
2022,2022-11-05,Virginia,North Carolina,home,28,31,7.5,-3,0,4.5,-1.57,,4,7,-1.62,2,4,0.84,4,Ranked opponent,1.1,1.3
2022,2022-11-05,Virginia Tech,Georgia Tech,home,27,28,-4.0,-1,0,-5.0,13.92,-10.26,5,14,0.18,0,3,-1.13,5,,1,-1.1
2022,2022-11-05,TCU,Texas Tech,home,34,24,-8.5,10,0,1.5,2.04,-2.59,8,24,-0.02,0,1,-0.41,5,,1,-0.2
2022,2022-11-05,Tennessee,Georgia,away,13,27,10.0,-14,0,-4.0,-5.53,,6,10,-2.13,0,1,-0.27,4,Road · Full house · Top-10 opponent,1.4,-3.0
2022,2022-11-04,Washington,Oregon State,home,24,21,-4.5,3,0,-1.5,-13.08,,6,17,0.26,1,3,-0.14,4,Night · Ranked opponent · Group of 5 opponent,1.15,-2.7
2022,2022-11-05,Texas Tech,TCU,away,24,34,8.5,-10,0,-1.5,-4.27,,7,24,9.29,0,3,-0.84,4,Road · Top-10 opponent,1.3,0.7
2022,2022-11-05,Wisconsin,Maryland,home,23,10,-5.0,13,0,8.0,-5.63,-1.78,11,23,-7.98,0,0,,4,,1,-1.6
2022,2022-11-05,West Virginia,Iowa State,away,14,31,6.5,-24,10,-17.5,0.12,,6,7,-6.24,0,1,-0.3,4,Road · Full house,1.2,-4.9
2022,2022-11-05,Alabama,LSU,away,31,32,-13.5,-1,0,-14.5,-9.75,,5,7,-9.34,3,4,1.21,4,Road · Night · Full house · Top-10 opponent,1.45,-6.1
2022,2022-11-05,Mississippi State,Auburn,home,39,33,-12.5,6,0,-6.5,1.46,-8.66,9,21,-7.93,0,2,-0.88,5,Night,1.05,-4.1
2022,2022-11-05,Illinois,Michigan State,home,15,23,-16.0,-8,0,-24.0,-24.96,,6,7,-13.4,0,2,-0.93,4,,1,-11.8
2022,2022-11-05,Colorado,Oregon,home,10,49,31.0,-32,50,-1.0,-18.35,,2,0,-1.82,0,1,-0.11,4,Top-10 opponent,1.2,-4.3
2022,2022-11-05,Florida State,Miami,away,45,3,-6.5,28,35,21.5,7.71,15.44,4,14,2.42,1,1,0.61,5,Road · Night · Full house,1.25,8.4
2022,2022-11-05,Florida,Texas A&M,away,41,24,1.5,17,0,18.5,8.64,9.58,8,21,1.22,3,3,2.0,5,Road,1.1,7.5
2022,2022-11-05,Georgia Tech,Virginia Tech,away,28,27,4.0,1,0,5.0,-16.16,,7,20,3.62,1,2,0.37,4,Road · Full house,1.2,-0.6
2022,2022-11-05,Georgia,Tennessee,home,27,13,-10.0,14,0,4.0,3.3,-0.37,7,20,-1.57,1,1,0.58,5,Top-10 opponent,1.2,1.5
2022,2022-11-05,Iowa State,West Virginia,home,31,14,-6.5,24,10,17.5,-2.35,12.44,10,31,2.04,0,0,,4,,1,4.4
2022,2022-11-05,Northwestern,Ohio State,home,7,21,37.5,-14,0,23.5,-14.33,,8,7,2.49,0,1,-0.06,4,Top-10 opponent,1.2,1.8
2022,2022-11-05,Arkansas,Liberty,home,19,21,-14.5,-2,0,-16.5,-11.53,,9,14,-15.88,0,1,-0.45,4,Group of 5 opponent,1,-8.5
2022,2022-11-05,Indiana,Penn State,home,14,45,13.5,-24,41,-10.5,4.42,,6,0,-11.02,1,2,0.51,4,Ranked opponent,1.1,-2.8
2022,2022-11-05,Notre Dame,Clemson,home,35,14,3.5,34,24,37.5,13.12,23.62,7,14,-2.56,0,0,,4,Night · Top-10 opponent,1.25,12.3
2022,2022-11-05,Kentucky,Missouri,away,21,17,1.0,4,0,5.0,-0.93,-4.68,8,14,-5.99,1,3,-0.01,5,Road · Full house,1.2,-1.5
2022,2022-11-05,Louisville,James Madison,home,34,10,-6.5,24,18,17.5,-5.68,12.44,7,21,0.73,2,2,1.21,5,Night · Group of 5 opponent,0.9,3.9
2022,2022-11-05,LSU,Alabama,home,32,31,13.5,1,0,14.5,7.51,,5,7,-2.18,4,5,2.78,4,Night · Top-10 opponent,1.25,8.0
2022,2022-11-05,NC State,Wake Forest,home,30,21,3.0,9,0,12.0,13.75,2.36,7,13,-3.75,3,3,2.03,5,Night · Ranked opponent,1.15,5.6
2022,2022-11-05,Wake Forest,NC State,away,21,30,-3.0,-9,0,-12.0,-15.99,,5,14,0.45,1,3,-0.1,4,Road · Night · Full house · Ranked opponent,1.35,-5.6
2022,2022-11-05,California,USC,away,35,41,21.0,-6,0,15.0,-2.23,,5,7,-0.19,0,2,-0.38,4,Road · Night · Full house · Top-10 opponent,1.45,2.0
2022,2022-11-05,UCLA,Arizona State,away,50,36,-11.0,14,0,3.0,6.43,-0.89,4,21,8.46,3,3,1.72,5,Road · Night · Full house,1.25,5.6
2022,2022-11-05,USC,California,home,41,35,-21.0,6,0,-15.0,-0.01,-16.06,7,28,2.35,2,2,0.99,5,Night,1.05,-2.4
2022,2022-11-05,Arizona State,UCLA,home,36,50,11.0,-14,0,-3.0,-8.66,,4,13,5.13,1,2,0.47,4,Night · Ranked opponent,1.15,0.2
2022,2022-11-12,Boston College,NC State,away,21,20,18.0,1,0,19.0,1.94,,9,7,-7.38,0,1,-0.21,4,Road · Full house · Ranked opponent,1.3,1.4
2022,2022-11-12,Maryland,Penn State,away,0,30,10.5,-30,59,-19.5,0.18,,2,0,-3.99,0,1,-0.27,4,Road · Full house · Ranked opponent,1.3,-4.9
2022,2022-11-12,Michigan State,Rutgers,home,27,21,-10.0,6,0,-4.0,9.48,-11.37,7,20,-1.57,1,2,0.16,5,,1,-0.8
2022,2022-11-12,Michigan,Nebraska,home,34,3,-30.5,28,24,-2.5,6.73,0.03,6,28,2.99,0,0,,4,,1,1.6
2022,2022-11-12,Minnesota,Northwestern,home,31,3,-17.0,28,15,11.0,12.99,7.01,9,31,-0.07,0,0,,4,,1,4.6
2022,2022-11-12,Missouri,Tennessee,away,24,66,19.5,-25,43,-5.5,0.78,,3,17,12.45,0,2,-0.4,4,Road · Full house · Top-10 opponent,1.4,3.0
2022,2022-11-12,Ole Miss,Alabama,home,24,30,11.0,-6,0,5.0,-15.92,-8.5,6,17,5.19,1,5,-0.31,5,Top-10 opponent,1.2,-2.3
2022,2022-11-12,Duke,Virginia Tech,home,24,7,-10.0,17,0,7.0,-3.0,3.63,8,24,-0.65,0,1,-0.42,5,,1,0.5
2022,2022-11-12,NC State,Boston College,home,20,21,-18.0,-1,0,-19.0,-4.17,-22.51,10,17,-18.06,0,3,-1.44,5,,1,-10.5
2022,2022-11-12,Nebraska,Michigan,away,3,34,30.5,-28,24,2.5,-8.97,,3,0,-2.81,0,1,-0.12,4,Road · Full house,1.2,-2.2
2022,2022-11-12,Rutgers,Michigan State,away,21,27,10.0,-6,0,4.0,-11.71,,5,14,3.89,0,1,-0.27,4,Road,1.1,-0.7
2022,2022-11-12,Ohio State,Indiana,home,56,14,-40.5,35,57,-5.5,11.29,1.85,8,35,-2.58,0,0,,4,,1,1.0
2022,2022-11-12,Oklahoma State,Iowa State,home,20,14,2.5,6,0,8.5,10.07,,13,13,-18.45,1,2,0.35,4,,1,-1.1
2022,2022-11-12,Oklahoma,West Virginia,away,20,23,-8.5,-3,0,-11.5,-5.98,,8,10,-14.02,1,2,0.18,4,Road,1.1,-6.2
2022,2022-11-12,UCF,Tulane,away,38,31,1.0,7,0,8.0,0.6,-0.68,4,21,11.01,2,3,0.99,5,Road · Full house · Ranked opponent · Group of 5 opponent,1.15,4.7
2022,2022-11-12,Penn State,Maryland,home,30,0,-10.5,30,59,19.5,-2.42,12.37,7,27,5.24,0,0,,4,,1,5.3
2022,2022-11-11,Cincinnati,East Carolina,home,27,25,-4.5,2,0,-2.5,12.91,-7.52,8,17,-5.32,2,4,0.48,5,Night · Group of 5 opponent,1.05,-0.0
2022,2022-11-12,Pittsburgh,Virginia,away,37,7,-5.5,31,53,25.5,7.38,15.96,3,17,8.47,0,0,,4,Road,1.1,9.6
2022,2022-11-12,Clemson,Louisville,home,31,16,-7.0,15,0,8.0,9.58,3.18,10,24,-5.23,0,1,-0.4,5,,1,1.3
2022,2022-11-12,Iowa,Wisconsin,home,24,10,1.5,14,0,15.5,21.2,5.58,11,17,-10.19,0,1,-0.33,5,,1,3.1
2022,2022-11-12,Vanderbilt,Kentucky,away,24,21,17.0,3,0,20.0,-8.78,,3,7,2.05,3,5,1.91,4,Road · Full house · Ranked opponent,1.3,5.7
2022,2022-11-12,Miami,Georgia Tech,away,35,14,2.0,28,16,30.0,19.25,16.84,8,21,1.43,0,0,,4,Road,1.1,10.6
2022,2022-11-12,Houston,Temple,home,43,36,-20.0,7,0,-13.0,8.43,-10.54,2,14,6.78,2,6,-0.97,5,Group of 5 opponent,1,-1.3
2022,2022-11-12,Purdue,Illinois,away,31,24,6.0,7,0,13.0,-4.97,1.91,8,24,6.13,1,3,0.1,5,Road · Ranked opponent,1.2,2.9
2022,2022-11-12,SMU,South Florida,away,41,23,-17.5,24,16,6.5,-1.57,6.75,7,34,9.65,1,2,0.05,5,Road · Group of 5 opponent,0.95,3.3
2022,2022-11-12,South Carolina,Florida,away,6,38,8.0,-25,43,-17.0,-3.13,,4,0,-8.51,0,1,-0.29,4,Road · Full house,1.2,-6.1
2022,2022-11-12,Virginia,Pittsburgh,home,7,37,5.5,-31,53,-25.5,-9.62,,1,0,-2.26,0,1,-0.3,4,,1,-5.8
2022,2022-11-12,Virginia Tech,Duke,away,7,24,10.0,-17,0,-7.0,0.76,,5,7,-3.11,0,2,-0.54,4,Road,1.1,-2.3
2022,2022-11-12,Tennessee,Missouri,home,66,24,-19.5,25,43,5.5,-3.02,2.72,6,28,6.49,3,3,1.52,5,,1,3.5
2022,2022-11-12,Wisconsin,Iowa,away,10,24,-1.5,-14,0,-15.5,-23.43,,10,3,-23.31,0,1,-0.36,4,Road · Full house,1.2,-14.5
2022,2022-11-12,West Virginia,Oklahoma,home,23,20,8.5,3,0,11.5,3.74,,8,10,-6.81,1,2,0.44,4,,1,1.3
2022,2022-11-11,USC,Colorado,home,55,17,-34.5,31,44,-3.5,8.95,1.96,6,24,-2.28,1,1,0.4,5,Night,1.05,1.2
2022,2022-11-12,Alabama,Ole Miss,away,30,24,-11.0,6,0,-5.0,13.69,,7,13,-8.94,1,2,0.14,4,Road · Full house · Ranked opponent,1.3,-0.3
2022,2022-11-12,Illinois,Purdue,home,24,31,-6.0,-7,0,-13.0,2.74,,7,7,-13.09,2,3,0.83,4,,1,-3.3
2022,2022-11-11,Colorado,USC,away,17,55,34.5,-31,44,3.5,-11.18,,4,10,7.11,1,2,0.83,4,Road · Night · Full house · Top-10 opponent,1.45,2.3
2022,2022-11-12,Florida,South Carolina,home,38,6,-8.0,25,43,17.0,0.9,8.67,9,31,4.22,0,0,,4,,1,4.7
2022,2022-11-12,Georgia Tech,Miami,home,14,35,-2.0,-28,16,-30.0,-21.49,,5,7,-6.29,0,1,-0.36,4,,1,-9.5
2022,2022-11-12,Iowa State,Oklahoma State,away,14,20,-2.5,-6,0,-8.5,-12.3,,12,7,-25.21,0,4,-1.46,4,Road · Full house,1.2,-13.3
2022,2022-11-12,Northwestern,Minnesota,away,3,31,17.0,-28,15,-11.0,-15.23,,5,3,-5.25,0,1,-0.22,4,Road,1.1,-6.0
2022,2022-11-12,Arkansas,LSU,home,10,13,3.5,-3,0,0.5,-0.3,,9,10,-11.3,0,2,-0.64,4,Top-10 opponent,1.2,-4.1
2022,2022-11-12,Indiana,Ohio State,away,14,56,40.5,-35,57,5.5,-13.52,,4,0,-1.62,0,1,-0.04,4,Road · Full house · Top-10 opponent,1.4,-2.5
2022,2022-11-12,Notre Dame,Navy,neutral,35,32,-17.0,3,0,-14.0,4.62,-17.99,6,21,0.28,1,2,0.05,5,Group of 5 opponent,1,-3.2
2022,2022-11-12,Arizona State,Washington State,away,18,28,9.5,-10,0,-0.5,-9.55,,6,14,1.71,0,1,-0.27,4,Road · Group of 5 opponent,1.1,-1.5
2022,2022-11-12,Kentucky,Vanderbilt,home,21,24,-17.0,-3,0,-20.0,6.54,,5,10,-7.26,3,4,1.11,4,,1,-1.8
2022,2022-11-12,Louisville,Clemson,away,16,31,7.0,-15,0,-8.0,-11.81,,8,0,-17.45,0,1,-0.29,4,Road · Full house · Top-10 opponent,1.4,-10.6
2022,2022-11-12,LSU,Arkansas,away,13,10,-3.5,3,0,-0.5,-1.93,-7.01,9,13,-11.63,0,2,-0.74,5,Road · Full house,1.2,-4.9
2022,2022-11-12,Arizona,UCLA,away,34,28,20.0,6,0,26.0,7.72,4.15,4,17,11.03,3,4,2.22,5,Road · Night · Ranked opponent,1.25,11.0
2022,2022-11-12,North Carolina,Wake Forest,away,36,34,4.5,2,0,6.5,-9.0,-7.87,5,17,5.43,3,5,1.44,5,Road · Night · Full house,1.25,1.3
2022,2022-11-12,Wake Forest,North Carolina,home,34,36,-4.5,-2,0,-6.5,6.76,,4,14,2.84,1,4,-0.52,4,Night · Ranked opponent,1.15,0.6
2022,2022-11-12,Syracuse,Florida State,home,3,38,7.0,-35,52,-28.0,-5.21,,3,0,-6.54,0,1,-0.29,4,Night · Ranked opponent,1.15,-7.5
2022,2022-11-12,Auburn,Texas A&M,home,13,10,-1.5,3,0,1.5,-13.38,-5.97,10,13,-13.31,0,1,-0.36,5,Night,1.05,-5.4
2022,2022-11-12,Kansas,Texas Tech,away,28,43,3.5,-15,0,-11.5,-19.35,,4,14,4.54,1,3,0.04,4,Road · Night · Full house,1.25,-4.3
2022,2022-11-12,Kansas State,Baylor,away,31,3,2.5,28,37,30.5,15.93,21.1,6,31,16.49,0,0,,4,Road · Night · Full house,1.25,16.4
2022,2022-11-12,Baylor,Kansas State,home,3,31,-2.5,-28,37,-30.5,-18.16,,2,0,-5.37,0,1,-0.36,4,Night · Ranked opponent,1.15,-10.1
2022,2022-11-12,Stanford,Utah,away,7,42,24.0,-28,33,-4.0,0.52,,2,7,4.44,0,2,-0.33,4,Road · Night · Full house · Ranked opponent,1.35,0.6
2022,2022-11-12,Texas A&M,Auburn,away,10,13,1.5,-3,0,-1.5,11.14,,8,3,-16.78,0,1,-0.33,4,Road · Night · Full house,1.25,-3.4
2022,2022-11-12,Oregon,Washington,home,34,37,-12.0,-3,0,-15.0,-13.41,,2,10,3.62,3,6,0.39,4,Ranked opponent,1.1,-3.0
2022,2022-11-12,California,Oregon State,away,10,38,11.5,-31,23,-19.5,-13.24,,3,0,-5.83,0,1,-0.26,4,Road · Night · Group of 5 opponent,1.15,-7.4
2022,2022-11-12,Texas,TCU,home,10,17,-7.5,-7,0,-14.5,7.53,,8,0,-23.59,0,1,-0.4,4,Night · Top-10 opponent,1.25,-8.6
2022,2022-11-12,Utah,Stanford,home,42,7,-24.0,28,33,4.0,-2.76,3.39,6,28,5.06,1,1,0.47,5,Night,1.05,2.2
2022,2022-11-12,UCLA,Arizona,home,28,34,-20.0,-6,0,-26.0,-9.95,,3,14,3.17,1,5,-1.48,4,Night,1.05,-6.4
2022,2022-11-12,TCU,Texas,away,17,10,7.5,7,0,14.5,-9.77,2.69,10,17,-4.54,1,1,0.71,5,Road · Night · Full house · Ranked opponent,1.35,0.8
2022,2022-11-12,Washington,Oregon,away,37,34,12.0,3,0,15.0,11.18,,2,3,-0.83,5,6,3.47,4,Road · Full house · Top-10 opponent,1.4,11.6
2022,2022-11-12,Texas Tech,Kansas,home,43,28,-3.5,15,0,11.5,17.11,4.99,7,31,11.84,2,3,0.88,5,Night,1.05,7.8
2022,2022-11-12,Mississippi State,Georgia,home,19,45,16.5,-26,9,-9.5,-4.03,,2,0,-3.35,0,1,-0.22,4,Night · Top-10 opponent,1.25,-3.6
2022,2022-11-12,Florida State,Syracuse,away,38,3,-7.0,35,52,28.0,2.97,19.18,6,24,6.46,0,0,,4,Road · Night · Full house,1.25,10.6
2022,2022-11-12,Georgia,Mississippi State,away,45,19,-16.5,26,9,9.5,1.8,9.27,5,17,-0.13,1,1,0.53,5,Road · Night · Full house,1.25,4.0
2022,2022-11-17,SMU,Tulane,away,24,59,3.5,-35,68,-31.5,-31.72,,2,0,-4.73,0,1,-0.32,4,Road · Night · Ranked opponent · Group of 5 opponent,1.25,-13.8
2022,2022-11-19,Boston College,Notre Dame,away,0,44,20.0,-37,66,-17.0,-13.17,,0,0,,0,1,-0.2,3,Road · Full house · Ranked opponent,1.3,-8.7
2022,2022-11-19,Arizona,Washington State,home,20,31,4.0,-18,11,-14.0,-22.74,,6,7,-7.04,0,1,-0.32,4,Group of 5 opponent,1,-7.7
2022,2022-11-19,Maryland,Ohio State,home,30,43,26.0,-13,0,13.0,-12.65,,3,3,-0.52,2,4,1.4,4,Top-10 opponent,1.2,1.8
2022,2022-11-19,Michigan State,Indiana,home,31,39,-12.0,-8,0,-20.0,-33.57,-29.4,7,28,5.69,1,3,-0.31,5,,1,-9.7
2022,2022-11-19,Michigan,Illinois,home,19,17,-17.0,2,0,-15.0,-4.99,,7,12,-12.17,0,3,-1.42,4,,1,-7.5
2022,2022-11-19,Minnesota,Iowa,home,10,13,-2.0,-3,0,-5.0,-15.66,,5,3,-10.29,0,2,-0.72,4,,1,-6.6
2022,2022-11-19,Duke,Pittsburgh,away,26,28,7.0,-2,0,5.0,-6.93,,7,14,-1.26,1,3,0.12,4,Road,1.1,-0.5
2022,2022-11-19,NC State,Louisville,away,10,25,4.0,-15,0,-11.0,-12.2,,6,7,-7.04,1,4,-0.26,4,Road,1.1,-6.0
2022,2022-11-19,North Carolina,Georgia Tech,home,17,21,-21.0,-4,0,-25.0,-9.71,-23.06,7,17,-8.65,0,2,-1.01,5,,1,-9.7
2022,2022-11-19,Nebraska,Wisconsin,home,14,15,10.0,-1,0,9.0,10.79,-5.02,5,7,-3.11,1,2,0.46,5,,1,1.7
2022,2022-11-19,Ohio State,Maryland,away,43,30,-26.0,13,0,-13.0,10.42,-12.65,5,23,3.35,1,5,-1.7,5,Road,1.1,-2.9
2022,2022-11-19,Auburn,Western Kentucky,home,41,17,-5.0,24,17,19.0,24.74,13.22,8,27,4.47,1,3,-0.15,5,Group of 5 opponent,0.85,6.8
2022,2022-11-19,UCF,Navy,home,14,17,-15.5,-3,0,-18.5,-9.99,,6,6,-14.24,0,3,-1.39,4,Group of 5 opponent,1,-9.3
2022,2022-11-19,Cincinnati,Temple,away,23,3,-17.0,20,0,3.0,3.72,-0.99,9,23,-8.07,0,0,,4,Road · Group of 5 opponent,1.1,-0.8
2022,2022-11-19,Pittsburgh,Duke,home,28,26,-7.0,2,0,-5.0,4.7,-13.82,7,6,-14.46,1,3,-0.19,5,,1,-4.7
2022,2022-11-19,Clemson,Miami,home,40,10,-19.0,30,18,11.0,-3.59,7.98,8,28,-0.47,0,0,,4,,1,2.2
2022,2022-11-19,Iowa,Minnesota,away,13,10,2.0,3,0,5.0,13.43,-4.16,5,13,0.77,0,2,-0.66,5,Road,1.1,1.5
2022,2022-11-19,Kansas,Texas,home,14,55,9.0,-31,81,-22.0,-17.54,,1,0,-2.07,0,1,-0.28,4,,1,-6.6
2022,2022-11-19,Kansas State,West Virginia,away,48,31,-8.0,23,10,15.0,9.07,6.67,5,17,2.12,3,4,1.38,5,Road,1.1,6.2
2022,2022-11-19,Vanderbilt,Florida,home,31,24,14.0,7,0,21.0,24.66,7.05,4,17,9.76,0,3,-0.72,5,,1,7.8
2022,2022-11-19,Baylor,TCU,home,28,29,2.0,-1,0,1.0,-7.99,,6,7,-7.67,2,4,0.68,4,Top-10 opponent,1.2,-2.4
2022,2022-11-19,Miami,Clemson,away,10,40,19.0,-30,18,-11.0,1.36,,7,10,-0.81,0,1,-0.2,4,Road · Full house · Top-10 opponent,1.4,-2.1
2022,2022-11-19,Stanford,California,away,20,27,5.0,-7,0,-2.0,-8.02,-13.61,8,7,-11.29,1,4,-0.23,5,Road · Full house,1.2,-6.5
2022,2022-11-19,Texas A&M,Massachusetts,home,20,3,-32.0,17,0,-15.0,-9.45,-7.75,11,17,-29.72,0,1,-0.59,5,Group of 5 opponent,1,-10.1
2022,2022-11-19,Houston,East Carolina,away,42,3,6.0,32,53,38.0,9.17,22.91,5,21,9.83,0,0,,4,Road · Group of 5 opponent,0.95,11.3
2022,2022-11-19,California,Stanford,home,27,20,-5.0,7,0,2.0,5.78,-3.78,9,14,-11.35,2,2,1.23,5,,1,-0.4
2022,2022-11-19,Purdue,Northwestern,home,17,9,-17.5,8,0,-9.5,3.46,-10.25,7,14,-10.35,1,2,0.05,5,,1,-3.8
2022,2022-11-19,Texas,Kansas,away,55,14,-9.0,31,81,22.0,15.31,14.15,5,31,15.86,0,0,,4,Road,1.1,11.9
2022,2022-11-19,BYU,Utah Tech,home,52,26,-37.5,32,16,-5.5,-0.71,-0.6,9,31,-9.85,2,4,-0.51,5,FCS opponent,1,-3.0
2022,2022-11-19,Virginia Tech,Liberty,away,23,22,10.5,1,0,11.5,-4.71,-1.76,8,17,1.04,1,3,0.2,5,Road · Full house · Group of 5 opponent,1.05,1.0
2022,2022-11-19,TCU,Baylor,away,29,28,-2.0,1,0,-1.0,5.75,,5,21,7.71,1,4,-0.44,4,Road,1.1,2.6
2022,2022-11-19,Wisconsin,Nebraska,away,15,14,-10.0,1,0,-9.0,-13.03,,6,10,-8.49,0,1,-0.42,4,Road · Full house,1.2,-7.0
2022,2022-11-19,West Virginia,Kansas State,home,31,48,8.0,-23,10,-15.0,-11.3,,3,0,-6.38,0,2,-0.57,4,Ranked opponent,1.1,-6.7
2022,2022-11-19,Alabama,Austin Peay,home,34,0,-45.0,27,37,-18.0,4.07,-8.48,6,20,-9.62,0,0,,4,FCS opponent,1,-4.7
2022,2022-11-19,Mississippi State,East Tennessee State,home,56,7,-39.0,35,76,-4.0,16.57,2.63,2,14,4.76,0,0,,4,FCS opponent,0.6,2.2
2022,2022-11-19,Illinois,Michigan,away,17,19,17.0,-2,0,15.0,2.75,,5,10,1.75,1,4,0.13,4,Road · Full house · Top-10 opponent,1.4,4.6
2022,2022-11-19,Florida State,Louisiana,home,49,17,-25.0,32,75,7.0,11.42,6.87,4,21,5.49,0,0,,4,Group of 5 opponent,0.85,4.3
2022,2022-11-19,Florida,Vanderbilt,away,24,31,-14.0,-7,0,-21.0,-26.9,,4,10,-3.17,2,4,0.2,4,Road,1.1,-8.5
2022,2022-11-19,Georgia Tech,North Carolina,away,21,17,21.0,4,0,25.0,7.48,,6,14,5.37,0,1,-0.19,4,Road · Ranked opponent,1.2,7.2
2022,2022-11-19,Georgia,Kentucky,away,16,6,-22.5,10,0,-12.5,2.23,-8.84,6,16,-6.46,0,0,,4,Road · Full house,1.2,-4.5
2022,2022-11-19,Northwestern,Purdue,away,9,17,17.5,-8,0,9.5,-5.69,,6,7,-2.75,1,2,0.57,4,Road,1.1,0.6
2022,2022-11-19,Indiana,Michigan State,away,39,31,12.0,8,0,20.0,31.34,,6,14,2.51,0,2,-0.51,4,Road,1.1,9.0
2022,2022-11-19,Notre Dame,Boston College,home,44,0,-20.0,37,66,17.0,10.94,18.46,5,27,8.94,0,0,,4,,1,8.8
2022,2022-11-19,Arizona State,Oregon State,home,7,31,7.5,-24,22,-16.5,-13.97,,2,7,2.69,0,2,-0.58,4,Ranked opponent · Group of 5 opponent,1.1,-4.9
2022,2022-11-19,Kentucky,Georgia,home,6,16,22.5,-10,0,12.5,-4.47,,4,7,1.56,0,2,-0.35,4,Top-10 opponent,1.2,1.3
2022,2022-11-19,Louisville,NC State,home,25,10,-4.0,15,0,11.0,9.97,3.74,9,19,-5.87,1,2,0.25,5,Ranked opponent,1.1,2.5
2022,2022-11-19,Missouri,New Mexico State,home,45,14,-29.0,28,42,-1.0,5.85,0.8,4,21,4.65,0,0,,4,Night · Group of 5 opponent,0.9,1.9
2022,2022-11-19,Ole Miss,Arkansas,away,27,42,-1.0,-22,64,-23.0,-32.12,,3,10,2.19,0,1,-0.35,4,Road · Night · Full house,1.25,-10.3
2022,2022-11-19,Wake Forest,Syracuse,home,45,35,-9.5,17,7,7.5,7.18,3.89,5,28,12.72,1,2,0.17,5,Night,1.05,5.3
2022,2022-11-19,Syracuse,Wake Forest,away,35,45,9.5,-17,7,-7.5,-9.41,-21.28,5,14,3.76,1,3,0.18,5,Road · Night · Full house,1.25,-5.0
2022,2022-11-19,Oklahoma State,Oklahoma,away,13,28,7.0,-15,0,-8.0,-21.11,,7,3,-12.26,0,1,-0.29,4,Road · Night · Full house,1.25,-9.8
2022,2022-11-19,Oklahoma,Oklahoma State,home,28,13,-7.0,15,0,8.0,18.87,-0.82,8,21,-2.38,0,0,,4,Night · Ranked opponent,1.15,3.8
2022,2022-11-19,Oregon,Utah,home,20,17,-1.0,3,0,2.0,-0.95,-6.71,7,17,-1.23,0,1,-0.35,5,Night · Top-10 opponent,1.25,-1.6
2022,2022-11-19,Utah,Oregon,away,17,20,1.0,-3,0,-2.0,-1.28,,6,10,-4.99,0,1,-0.34,4,Road · Night · Full house · Ranked opponent,1.35,-2.6
2022,2022-11-19,South Carolina,Tennessee,home,63,38,22.5,25,31,47.5,12.63,24.45,4,21,15.56,3,3,2.47,5,Night · Top-10 opponent,1.25,19.7
2022,2022-11-19,UCLA,USC,home,45,48,2.5,-3,0,-0.5,7.13,-13.9,5,14,1.9,4,7,1.71,5,Night · Top-10 opponent,1.25,1.4
2022,2022-11-19,Tennessee,South Carolina,away,38,63,-22.5,-25,31,-47.5,-14.87,,1,7,3.26,1,2,-0.03,4,Road · Night · Full house,1.25,-10.0
2022,2022-11-19,Washington,Colorado,home,54,7,-30.5,33,82,2.5,15.25,5.03,4,21,4.33,0,0,,4,Night,1.05,4.8
2022,2022-11-19,Texas Tech,Iowa State,away,14,10,3.5,4,0,7.5,5.82,,7,7,-9.56,1,2,0.36,4,Road · Night · Full house,1.25,0.4
2022,2022-11-19,USC,UCLA,away,48,45,-2.5,3,0,0.5,-9.37,-6.49,4,10,-0.74,3,5,1.18,5,Road · Night · Full house · Ranked opponent,1.35,-1.2
2022,2022-11-19,Colorado,Washington,away,7,54,30.5,-33,82,-2.5,-17.49,,1,0,-0.94,0,1,-0.12,4,Road · Night · Full house · Ranked opponent,1.35,-4.7
2022,2022-11-19,Iowa State,Texas Tech,home,10,14,-3.5,-4,0,-7.5,-8.05,,8,7,-14.9,1,2,0.26,4,Night,1.05,-5.8
2022,2022-11-19,Arkansas,Ole Miss,home,42,27,1.0,22,64,23.0,29.88,10.32,5,21,8.51,0,0,,4,Night · Ranked opponent,1.15,12.5
2022,2022-11-19,LSU,UAB,home,41,10,-15.0,24,37,9.0,-1.47,7.04,4,21,7.61,1,2,0.08,5,Night · Group of 5 opponent,0.9,3.1
2022,2022-11-25,Arizona,Arizona State,home,38,35,-4.0,3,0,-1.0,5.31,-7.26,4,14,2.95,2,5,0.12,5,,1,0.4
2022,2022-11-25,Missouri,Arkansas,home,29,27,3.5,2,0,5.5,-13.01,-4.38,5,13,1.17,2,5,0.4,5,,1,-1.0
2022,2022-11-24,Ole Miss,Mississippi State,home,22,24,-2.5,-2,0,-4.5,-4.49,-10.49,9,20,-4.16,0,3,-1.09,5,Night,1.05,-4.5
2022,2022-11-25,NC State,North Carolina,away,30,27,6.5,3,0,9.5,1.98,-2.83,9,24,4.14,2,5,0.52,5,Road · Full house · Ranked opponent,1.3,3.0
2022,2022-11-25,North Carolina,NC State,home,27,30,-6.5,-3,0,-9.5,-4.22,,9,17,-9.06,1,5,-0.97,4,,1,-5.3
2022,2022-11-25,Nebraska,Iowa,away,24,17,10.5,7,0,17.5,-1.94,4.24,7,17,3.03,0,1,-0.27,5,Road · Full house,1.2,3.2
2022,2022-11-25,Cincinnati,Tulane,home,24,27,1.0,-3,0,-2.0,0.97,,5,7,-5.49,2,3,0.99,4,Ranked opponent · Group of 5 opponent,1.1,-0.0
2022,2022-11-25,Iowa,Nebraska,home,17,24,-10.5,-7,0,-17.5,-0.29,,7,10,-11.76,0,1,-0.42,4,,1,-5.7
2022,2022-11-25,Baylor,Texas,away,27,38,10.0,-11,0,-1.0,3.73,-13.02,3,7,0.93,1,4,-0.08,5,Road · Ranked opponent,1.2,-1.4
2022,2022-11-25,California,UCLA,home,28,35,11.5,-7,0,4.5,10.47,-10.25,4,14,6.23,2,5,0.7,5,Ranked opponent,1.1,2.7
2022,2022-11-25,Texas,Baylor,home,38,27,-10.0,11,0,1.0,-5.96,-3.37,7,28,6.43,2,2,1.16,5,,1,1.4
2022,2022-11-25,UCLA,California,away,35,28,-11.5,7,0,-4.5,-12.7,,5,14,-1.81,2,3,0.7,4,Road,1.1,-2.3
2022,2022-11-24,Mississippi State,Ole Miss,away,24,22,2.5,2,0,4.5,2.25,,8,10,-9.35,1,3,0.02,4,Road · Night · Full house · Ranked opponent,1.35,-1.5
2022,2022-11-25,Arkansas,Missouri,away,27,29,-3.5,-2,0,-5.5,10.77,,4,3,-7.95,2,4,0.51,4,Road,1.1,-0.1
2022,2022-11-25,Arizona State,Arizona,away,35,38,4.0,-3,0,1.0,-7.54,,3,14,6.98,1,4,-0.26,4,Road · Full house,1.2,0.6
2022,2022-11-26,Maryland,Rutgers,home,37,0,-14.5,30,39,15.5,-4.38,10.3,8,20,-6.56,0,0,,4,,1,1.7
2022,2022-11-26,Michigan State,Penn State,away,16,35,19.0,-19,0,0.0,-4.86,,5,10,2.28,0,1,-0.2,4,Road · Full house · Ranked opponent,1.3,-0.4
2022,2022-11-26,Michigan,Ohio State,away,45,23,9.0,22,0,31.0,18.63,17.46,7,21,6.48,3,5,1.61,5,Road · Full house · Top-10 opponent,1.4,15.7
2022,2022-11-26,Minnesota,Wisconsin,away,23,16,3.0,7,0,10.0,-2.14,,5,10,-1.96,1,4,-0.29,4,Road · Full house,1.2,0.4
2022,2022-11-26,Duke,Wake Forest,home,34,31,3.0,3,0,6.0,-5.36,-3.64,4,21,11.43,2,5,0.39,5,,1,2.2
2022,2022-11-26,Wake Forest,Duke,away,31,34,-3.0,-3,0,-6.0,3.12,,4,10,-0.84,1,3,-0.1,4,Road,1.1,-0.5
2022,2022-11-26,Rutgers,Maryland,away,0,37,14.5,-30,39,-15.5,2.14,,4,0,-7.13,0,1,-0.24,4,Road,1.1,-4.0
2022,2022-11-26,Ohio State,Michigan,home,23,45,-9.0,-22,0,-31.0,-20.87,,5,3,-12.14,3,4,1.35,4,Top-10 opponent,1.2,-10.6
2022,2022-11-26,Oklahoma State,West Virginia,home,19,24,-5.5,-5,0,-10.5,-9.64,,10,17,-11.43,0,3,-1.16,4,,1,-7.1
2022,2022-11-26,Auburn,Alabama,away,27,49,22.0,-22,0,0.0,-12.46,,3,13,8.84,0,2,-0.36,4,Road · Full house · Top-10 opponent,1.4,-0.2
2022,2022-11-26,Penn State,Michigan State,home,35,16,-19.0,19,0,0.0,2.62,-3.02,7,21,-3.91,1,1,0.51,5,,1,-0.2
2022,2022-11-26,Clemson,South Carolina,home,30,31,-14.0,-1,0,-15.0,3.46,-20.44,7,14,-9.05,1,5,-1.25,5,,1,-6.8
2022,2022-11-26,Oregon,Oregon State,away,34,38,1.0,-4,0,-3.0,-17.05,-12.68,6,24,9.01,1,4,-0.35,5,Road · Ranked opponent · Group of 5 opponent,1.2,-3.4
2022,2022-11-26,Purdue,Indiana,away,30,16,-10.0,14,0,4.0,18.65,0.63,7,14,-7.57,1,2,0.16,5,Road · Full house,1.2,2.2
2022,2022-11-26,Utah,Colorado,away,63,21,-29.5,42,76,12.5,6.74,14.54,6,28,3.31,0,0,,4,Road,1.1,6.3
2022,2022-11-26,SMU,Memphis,home,34,31,-4.5,3,0,-1.5,4.92,-8.52,4,20,8.84,2,5,0.1,5,Group of 5 opponent,0.85,1.1
2022,2022-11-26,South Carolina,Clemson,away,31,30,14.0,1,0,15.0,-5.69,,9,17,0.71,0,1,-0.24,4,Road · Full house · Top-10 opponent,1.4,1.6
2022,2022-11-26,TCU,Iowa State,home,62,14,-9.5,34,56,24.5,26.52,20.89,5,17,1.72,0,0,,4,,1,10.8
2022,2022-11-26,Wisconsin,Minnesota,home,16,23,-3.0,-7,0,-10.0,-0.1,,6,10,-6.26,1,4,-0.47,4,,1,-3.3
2022,2022-11-26,West Virginia,Oklahoma State,away,24,19,5.5,5,0,10.5,7.4,-1.35,10,17,-5.6,0,3,-0.91,5,Road · Full house,1.2,0.1
2022,2022-11-26,Alabama,Auburn,home,49,27,-22.0,22,0,0.0,10.22,-1.58,4,14,-0.87,2,2,0.98,5,,1,2.1
2022,2022-11-26,Illinois,Northwestern,away,41,3,-14.5,34,48,19.5,34.35,18.3,6,20,0.08,0,0,,4,Road,1.1,11.6
2022,2022-11-26,Colorado,Utah,home,21,63,29.5,-42,76,-12.5,-8.98,,2,0,-1.98,0,1,-0.12,4,Ranked opponent,1.1,-4.0
2022,2022-11-25,Florida State,Florida,home,45,38,-10.0,7,0,-3.0,1.09,-10.37,5,24,8.59,3,6,0.48,5,Night,1.05,0.7
2022,2022-11-25,Florida,Florida State,away,38,45,10.0,-7,0,3.0,-3.32,,4,21,12.91,2,6,0.38,4,Road · Night · Full house · Ranked opponent,1.35,5.0
2022,2022-11-26,Georgia Tech,Georgia,away,14,37,36.5,-23,36,13.5,-12.28,,2,0,-1.23,0,3,-0.21,4,Road · Full house · Top-10 opponent,1.4,-0.8
2022,2022-11-26,Georgia,Georgia Tech,home,37,14,-36.5,23,36,-13.5,10.05,-7.08,7,34,2.6,0,1,-0.62,5,,1,-1.1
2022,2022-11-26,Iowa State,TCU,away,14,62,9.5,-34,56,-24.5,-28.76,,2,0,-4.1,0,1,-0.27,4,Road · Top-10 opponent,1.3,-12.1
2022,2022-11-26,Northwestern,Illinois,home,3,41,14.5,-34,48,-19.5,-36.58,,3,0,-5.35,0,1,-0.24,4,,1,-10.2
2022,2022-11-26,Indiana,Purdue,home,16,30,10.0,-14,0,-4.0,-20.89,,5,3,-7.11,1,2,0.46,4,,1,-5.0
2022,2022-11-26,Kentucky,Louisville,home,26,13,-3.5,13,0,9.5,7.68,2.99,7,26,6.84,0,0,,4,Ranked opponent,1.1,4.9
2022,2022-11-26,Louisville,Kentucky,away,13,26,3.5,-13,0,-9.5,-9.91,,3,7,-0.1,0,1,-0.32,4,Road · Full house,1.2,-3.8
2022,2022-11-26,Boston College,Syracuse,home,23,32,10.5,-9,0,1.5,-1.22,-11.76,4,10,2.02,1,4,-0.07,5,Night,1.05,-1.2
2022,2022-11-26,Syracuse,Boston College,away,32,23,-10.5,9,0,-1.5,-1.02,-9.63,6,27,8.35,0,1,-0.42,5,Road · Night,1.15,-0.3
2022,2022-11-26,Oklahoma,Texas Tech,away,48,51,-1.5,-3,0,-4.5,-7.25,-15.97,8,34,12.95,2,5,0.22,5,Road · Night · Full house,1.25,-1.0
2022,2022-11-26,UCF,South Florida,away,46,39,-20.0,7,0,-13.0,0.01,-15.54,5,31,12.94,1,3,-0.49,5,Road · Night · Group of 5 opponent,1.15,-1.6
2022,2022-11-26,Pittsburgh,Miami,away,42,16,-4.0,32,51,28.0,16.6,17.74,8,28,5.89,0,0,,4,Road · Night,1.15,11.6
2022,2022-11-26,Kansas,Kansas State,away,27,47,12.0,-20,0,-8.0,-8.6,,3,0,-5.75,1,2,0.49,4,Road · Night · Full house · Ranked opponent,1.35,-4.2
2022,2022-11-26,Kansas State,Kansas,home,47,27,-12.0,20,0,8.0,6.36,4.6,4,14,1.25,1,1,0.56,5,Night,1.05,3.4
2022,2022-11-26,Vanderbilt,Tennessee,home,0,56,14.0,-35,65,-21.0,-17.83,,3,0,-5.43,0,1,-0.24,4,Night · Top-10 opponent,1.25,-9.1
2022,2022-11-26,Miami,Pittsburgh,home,16,42,4.0,-32,51,-28.0,-18.84,,4,0,-9.36,0,1,-0.32,4,Night,1.05,-10.0
2022,2022-11-26,Stanford,BYU,home,26,35,6.5,-17,9,-10.5,-1.19,,2,7,2.59,1,1,0.7,4,Night,1.05,0.1
2022,2022-11-26,Texas A&M,LSU,home,38,23,10.0,15,0,25.0,13.3,7.98,3,21,14.93,3,5,1.65,5,Night · Top-10 opponent,1.25,12.7
2022,2022-11-26,Houston,Tulsa,home,30,37,-13.0,-7,0,-20.0,-17.61,-22.92,4,3,-9.96,3,3,1.67,5,Night · Group of 5 opponent,1.05,-8.2
2022,2022-11-26,BYU,Stanford,away,35,26,-6.5,17,9,10.5,-1.04,4.44,3,14,5.31,1,1,0.61,5,Road · Night,1.15,3.9
2022,2022-11-26,Tennessee,Vanderbilt,away,56,0,-14.0,35,65,21.0,15.59,15.56,6,21,1.24,0,0,,4,Road · Night · Full house,1.25,9.7
2022,2022-11-26,Washington,Washington State,away,51,33,-2.5,18,0,15.5,-9.33,7.51,5,24,10.58,4,6,1.81,5,Road · Night · Full house · Group of 5 opponent,1.1,6.0
2022,2022-11-26,Texas Tech,Oklahoma,home,51,48,1.5,3,0,4.5,5.01,,8,27,7.22,2,5,0.33,4,Night,1.05,4.1
2022,2022-11-26,USC,Notre Dame,home,38,27,-4.5,11,0,6.5,5.68,0.48,4,17,5.84,1,1,0.62,5,Ranked opponent,1.1,3.7
2022,2022-11-26,Notre Dame,USC,away,27,38,4.5,-11,0,-6.5,-7.91,,2,7,2.37,0,1,-0.31,4,Road · Full house · Top-10 opponent,1.4,-2.6
2022,2022-11-26,LSU,Texas A&M,away,23,38,-10.0,-15,0,-25.0,-15.53,,3,14,4.76,3,5,0.9,4,Road · Night · Full house,1.25,-4.4
2022,2022-12-03,UCF,Tulane,away,28,45,3.5,-17,0,-13.5,5.16,,6,21,6.8,0,1,-0.32,4,Road · Full house · Ranked opponent · Group of 5 opponent,1.15,0.6
2022,2022-12-03,Kansas State,TCU,neutral,31,28,-1.0,3,0,2.0,8.24,-6.71,8,31,10.16,0,4,-1.41,5,Top-10 opponent,1.2,1.3
2022,2022-12-02,Utah,USC,neutral,47,24,2.5,23,10,25.5,7.99,16.1,7,38,21.07,2,2,1.35,5,Night · Top-10 opponent,1.25,14.4
2022,2022-12-03,TCU,Kansas State,neutral,28,31,1.0,-3,0,-2.0,-10.48,,7,17,-0.49,0,2,-0.68,4,Top-10 opponent,1.2,-3.4
2022,2022-12-02,USC,Utah,neutral,24,47,-2.5,-23,10,-25.5,-10.23,-33.49,4,3,-7.74,1,3,-0.09,5,Night · Ranked opponent,1.15,-11.7
2022,2022-12-03,Georgia,LSU,neutral,50,30,-17.5,27,19,9.5,16.98,5.75,7,28,3.65,2,4,0.09,5,Ranked opponent,1.1,5.5
2022,2022-12-03,LSU,Georgia,neutral,30,50,17.5,-27,19,-9.5,-19.22,,6,21,11.25,0,3,-0.64,4,Top-10 opponent,1.2,-2.8
2022,2022-12-03,Michigan,Purdue,neutral,43,22,-16.0,21,0,5.0,28.0,-0.47,4,21,7.4,1,3,-0.4,5,Night,1.05,5.6
2022,2022-12-03,North Carolina,Clemson,neutral,10,39,7.5,-29,41,-21.5,-26.11,,3,7,0.54,0,2,-0.58,4,Night · Top-10 opponent,1.25,-9.7
2022,2022-12-03,Clemson,North Carolina,neutral,39,10,-7.5,29,41,21.5,23.87,12.92,5,28,13.25,0,1,-0.4,5,Night · Ranked opponent,1.15,11.0
2022,2022-12-03,Purdue,Michigan,neutral,22,43,16.0,-21,0,-5.0,-30.24,,4,9,2.19,2,3,1.32,4,Night · Top-10 opponent,1.25,-4.2
2022,2022-12-17,Cincinnati,Louisville,neutral,7,24,2.5,-17,0,-14.5,12.4,,7,0,-16.93,1,2,0.35,4,Postseason,1.1,-3.8
2022,2022-12-17,Florida,Oregon State,neutral,3,30,7.5,-23,39,-15.5,-2.21,,2,0,-4.31,0,1,-0.29,4,Ranked opponent · Postseason · Group of 5 opponent,1.2,-4.5
2022,2022-12-17,Louisville,Cincinnati,neutral,24,7,-2.5,17,0,14.5,-14.64,3.51,9,17,-7.16,1,1,0.64,5,Postseason,1.1,-0.5
2022,2022-12-17,BYU,SMU,neutral,24,23,4.5,1,0,5.5,12.89,-8.87,4,10,0.75,1,3,0.06,5,Postseason,1.1,1.5
2022,2022-12-17,SMU,BYU,neutral,23,24,-4.5,-1,0,-5.5,-15.13,,5,7,-6.95,1,3,-0.14,4,Postseason,1.1,-5.5
2022,2022-12-23,Missouri,Wake Forest,neutral,17,27,2.5,-10,0,-7.5,-8.08,,6,14,-0.51,1,2,0.35,4,Night · Postseason,1.15,-2.2
2022,2022-12-23,Wake Forest,Missouri,neutral,27,17,-2.5,10,0,7.5,5.85,-0.49,7,21,2.21,1,3,-0.09,5,Night · Postseason,1.15,2.3
2022,2022-12-22,Baylor,Air Force,neutral,15,30,-3.5,-23,20,-26.5,-1.81,,4,14,3.05,0,1,-0.37,4,Night · Postseason · Group of 5 opponent,1.15,-4.0
2022,2022-12-23,Houston,Louisiana,neutral,23,16,-5.0,7,0,2.0,-2.73,,5,10,-4.08,0,1,-0.38,4,Postseason · Group of 5 opponent,1.1,-1.6
2022,2022-12-28,Duke,UCF,neutral,30,13,-3.5,17,0,13.5,12.85,6.99,6,24,7.58,0,2,-0.74,5,Postseason,1.1,5.5
2022,2022-12-27,Oklahoma State,Wisconsin,neutral,17,24,5.0,-7,0,-2.0,0.98,,9,17,-3.58,0,2,-0.62,4,Night · Postseason,1.15,-1.8
2022,2022-12-28,UCF,Duke,neutral,13,30,3.5,-17,0,-13.5,-15.08,,4,7,-2.46,1,2,0.36,4,Postseason,1.1,-4.8
2022,2022-12-28,Kansas,Arkansas,neutral,53,55,1.0,-2,0,-1.0,7.54,,7,17,-0.49,3,4,1.65,4,Postseason,1.1,3.6
2022,2022-12-27,Wisconsin,Oklahoma State,neutral,24,17,-5.0,7,0,2.0,-3.21,-3.78,9,24,-1.35,0,2,-0.77,5,Night · Postseason,1.15,-1.8
2022,2022-12-28,Arkansas,Kansas,neutral,55,53,-1.0,2,0,1.0,-9.78,-6.71,8,28,7.16,1,2,0.29,5,Postseason,1.1,-0.3
2022,2022-12-29,Minnesota,Syracuse,neutral,28,20,-10.5,8,0,-2.5,34.17,-9.63,6,14,-4.65,1,2,0.15,5,Postseason,1.1,2.5
2022,2022-12-28,Ole Miss,Texas Tech,neutral,25,42,-4.0,-17,0,-21.0,-21.35,,6,14,-2.58,1,2,0.25,4,Night · Postseason,1.15,-7.6
2022,2022-12-28,North Carolina,Oregon,neutral,27,28,13.0,-1,0,12.0,5.81,-2.47,5,10,0.69,3,3,2.26,5,Night · Ranked opponent · Postseason,1.25,5.2
2022,2022-12-29,Syracuse,Minnesota,neutral,20,28,10.5,-8,0,2.5,-36.41,,6,14,2.03,0,1,-0.27,4,Postseason,1.1,-6.0
2022,2022-12-29,Oklahoma,Florida State,neutral,32,35,10.5,-3,0,7.5,5.76,-6.76,6,17,5.03,2,6,0.4,5,Ranked opponent · Postseason,1.2,2.5
2022,2022-12-28,Oregon,North Carolina,neutral,28,27,-13.0,1,0,-12.0,-8.04,,4,14,1.04,1,3,-0.33,4,Night · Postseason,1.15,-3.4
2022,2022-12-28,Texas Tech,Ole Miss,neutral,42,25,4.0,17,0,21.0,19.11,10.87,9,34,12.94,1,1,0.68,5,Night · Postseason,1.15,11.0
2022,2022-12-29,Florida State,Oklahoma,neutral,35,32,-10.5,3,0,-7.5,-8.0,,6,21,2.35,2,4,0.3,4,Postseason,1.1,-1.3
2022,2022-12-30,Maryland,NC State,neutral,16,12,2.0,4,0,6.0,-1.62,,9,10,-12.01,2,3,1.01,4,Ranked opponent · Postseason,1.2,-1.1
2022,2022-12-30,NC State,Maryland,neutral,12,16,-2.0,-4,0,-6.0,-0.62,,9,9,-14.92,1,4,-0.44,4,Postseason,1.1,-5.5
2022,2022-12-30,Pittsburgh,UCLA,neutral,37,35,8.5,2,0,10.5,0.49,,7,17,2.29,2,4,0.87,4,Postseason,1.1,3.7
2022,2022-12-29,Texas,Washington,neutral,20,27,-3.5,-7,0,-10.5,-4.69,,4,3,-7.95,1,3,-0.12,4,Night · Ranked opponent · Postseason,1.25,-5.2
2022,2022-12-30,South Carolina,Notre Dame,neutral,38,45,5.0,-7,0,-2.0,10.57,-16.61,5,0,-11.43,2,6,0.15,5,Postseason,1.1,-3.4
2022,2022-12-30,UCLA,Pittsburgh,neutral,35,37,-8.5,-2,0,-10.5,-2.73,-18.59,5,7,-8.01,3,8,-0.27,5,Postseason,1.1,-6.3
2022,2022-12-29,Washington,Texas,neutral,27,20,3.5,7,0,10.5,2.46,0.62,4,10,0.54,2,4,0.72,5,Night · Ranked opponent · Postseason,1.25,3.1
2022,2022-12-30,Notre Dame,South Carolina,neutral,45,38,-5.0,7,0,2.0,-12.8,,7,28,8.28,1,4,-0.53,4,Postseason,1.1,-0.3
2022,2022-12-31,Michigan,TCU,neutral,45,51,-8.0,-6,0,-14.0,-10.93,,8,24,0.2,0,1,-0.41,4,Top-10 opponent · Postseason,1.3,-5.2
2022,2022-12-30,Clemson,Tennessee,neutral,14,31,-4.5,-17,0,-21.5,-29.76,,7,0,-19.53,0,1,-0.38,4,Night · Top-10 opponent · Postseason,1.35,-17.6
2022,2022-12-31,Iowa,Kentucky,neutral,21,0,-3.0,21,0,18.0,17.83,7.25,10,7,-20.11,0,0,,4,Postseason,1.1,2.0
2022,2022-12-31,Kansas State,Alabama,neutral,20,45,7.5,-29,41,-21.5,-20.43,-33.31,3,10,3.54,0,2,-0.58,5,Top-10 opponent · Postseason,1.3,-12.2
2022,2022-12-31,TCU,Michigan,neutral,51,45,8.0,6,0,14.0,8.7,-2.06,7,17,2.11,2,2,1.43,5,Top-10 opponent · Postseason,1.3,5.6
2022,2022-12-30,Tennessee,Clemson,neutral,31,14,4.5,17,0,21.5,27.52,7.13,9,24,3.18,1,2,0.38,5,Night · Top-10 opponent · Postseason,1.35,10.8
2022,2022-12-31,Alabama,Kansas State,neutral,45,20,-7.5,29,41,21.5,18.2,15.92,5,28,13.25,0,1,-0.4,5,Top-10 opponent · Postseason,1.3,12.0
2022,2022-12-31,Kentucky,Iowa,neutral,0,21,3.0,-21,0,-18.0,-20.06,,10,0,-23.93,0,1,-0.32,4,Postseason,1.1,-13.1
2022,2022-12-31,Ohio State,Georgia,neutral,41,42,5.5,-1,0,4.5,3.85,-10.35,5,24,12.7,3,6,1.17,5,Night · Top-10 opponent · Postseason,1.35,4.4
2022,2022-12-31,Georgia,Ohio State,neutral,42,41,-5.5,1,0,-4.5,-6.08,,5,17,2.78,2,3,0.84,4,Night · Top-10 opponent · Postseason,1.35,0.4
2022,2023-01-02,Penn State,Utah,neutral,35,21,-1.5,14,0,12.5,7.31,1.03,8,28,6.95,1,2,0.29,5,Top-10 opponent · Postseason,1.3,5.5
2022,2023-01-02,Purdue,LSU,neutral,7,63,15.5,-35,89,-19.5,-8.92,,1,0,-1.73,0,1,-0.23,4,Ranked opponent · Postseason,1.2,-5.6
2022,2023-01-02,Utah,Penn State,neutral,21,35,1.5,-14,0,-12.5,-9.54,,5,7,-5.36,2,3,1.0,4,Ranked opponent · Postseason,1.2,-3.8
2022,2023-01-02,USC,Tulane,neutral,45,46,-1.5,-1,0,-2.5,-7.2,-13.97,3,17,9.11,3,6,0.86,5,Ranked opponent · Postseason · Group of 5 opponent,1.2,-0.5
2022,2023-01-02,Mississippi State,Illinois,neutral,19,10,-3.5,9,0,5.5,2.41,-0.01,7,3,-16.16,2,2,1.26,5,Postseason,1.1,-0.9
2022,2023-01-02,Illinois,Mississippi State,neutral,10,19,3.5,-9,0,-5.5,-4.64,,7,10,-6.56,0,2,-0.64,4,Ranked opponent · Postseason,1.2,-4.5
2022,2023-01-02,LSU,Purdue,neutral,63,7,-15.5,35,89,19.5,6.69,14.79,4,28,14.51,0,0,,4,Postseason,1.1,10.0
2022,2023-01-09,TCU,Georgia,neutral,7,65,13.5,-31,73,-17.5,-8.35,,0,0,,0,1,-0.24,3,Night · Top-10 opponent · Postseason,1.35,-7.8
2022,2023-01-09,Georgia,TCU,neutral,65,7,-13.5,31,73,17.5,6.11,15.82,5,31,14.66,1,1,0.55,5,Night · Top-10 opponent · Postseason,1.35,11.3
2023,2023-08-26,Notre Dame,Navy,neutral,42,3,-20.0,35,54,15.0,11.04,11.8,3,21,10.35,0,0,,4,Group of 5 opponent,0.85,6.6
2023,2023-08-26,Vanderbilt,Hawai'i,home,35,28,-17.5,7,0,-10.5,14.71,-9.94,2,14,7.17,1,4,-0.86,5,Night · Group of 5 opponent,0.9,0.1
2023,2023-08-26,USC,San José State,home,56,28,-30.5,28,36,-2.5,11.08,-0.49,1,7,2.87,0,2,-1.14,5,Group of 5 opponent,0.85,0.6
2023,2023-08-31,NC State,UConn,away,24,14,-16.5,10,0,-6.5,-0.49,-7.44,6,10,-10.15,2,2,1.09,5,Road · Night · Full house · Group of 5 opponent,1.25,-3.2
2023,2023-08-31,Wake Forest,Elon,home,37,17,-33.0,23,18,-10.0,-2.57,-2.75,9,31,-7.4,0,0,,4,Night · FCS opponent,1.05,-3.5
2023,2023-08-31,UCF,Kent State,home,56,6,-33.5,32,73,-1.5,2.1,2.0,4,21,3.82,0,0,,4,Night · Group of 5 opponent,0.9,1.4
2023,2023-09-01,Michigan State,Central Michigan,home,31,7,-15.0,24,31,9.0,-0.27,7.32,10,24,-8.76,1,1,0.56,5,Night · Group of 5 opponent,0.9,0.9
2023,2023-08-31,Minnesota,Nebraska,home,13,10,-7.0,3,0,-4.0,6.99,,6,13,-4.02,0,2,-0.76,4,Night,1.05,-1.2
2023,2023-08-31,Missouri,South Dakota,home,35,10,-27.0,32,15,5.0,4.82,5.28,5,28,8.32,0,0,,4,Night · FCS opponent,0.65,2.7
2023,2023-08-31,Nebraska,Minnesota,away,10,13,7.0,-3,0,4.0,-9.26,,6,3,-9.4,0,2,-0.53,4,Road · Night · Full house,1.25,-4.8
2023,2023-09-01,Miami,Miami (OH),home,38,3,-17.0,28,31,11.0,-2.4,10.31,7,20,-3.7,0,0,,4,Night · Group of 5 opponent,0.9,1.8
2023,2023-08-31,Utah,Florida,home,24,11,-8.0,13,0,5.0,19.51,-1.16,8,24,0.87,0,1,-0.39,5,,1,2.9
2023,2023-08-31,Florida,Utah,away,11,24,8.0,-13,0,-5.0,-21.78,,6,10,-2.07,0,1,-0.26,4,Road · Full house · Ranked opponent,1.3,-6.5
2023,2023-08-31,Arizona State,Southern Utah,home,24,21,-34.0,3,0,-31.0,-16.44,-27.25,7,21,-9.25,1,3,-0.79,5,Night · FCS opponent,1.05,-12.3
2023,2023-09-02,Boston College,Northern Illinois,home,24,27,-10.0,-3,0,-13.0,2.1,,7,14,-7.01,0,1,-0.4,4,Group of 5 opponent,1,-3.5
2023,2023-09-02,Maryland,Towson,home,38,6,-38.5,32,74,-6.5,4.82,-0.51,4,21,2.72,0,0,,4,FCS opponent,0.6,0.4
2023,2023-09-02,Michigan,East Carolina,home,30,3,-34.5,30,68,-4.5,9.36,-0.5,5,24,2.26,0,0,,4,Group of 5 opponent,0.85,1.3
2023,2023-09-02,Ole Miss,Mercer,home,73,7,-35.0,31,88,-4.0,7.14,0.25,4,17,-0.51,1,1,0.4,5,FCS opponent,0.6,0.6
2023,2023-09-02,North Carolina,South Carolina,neutral,31,17,-2.5,14,0,11.5,3.81,3.61,7,24,5.88,1,2,0.31,5,Night,1.05,4.0
2023,2023-09-02,Syracuse,Colgate,home,65,0,-40.0,37,87,-3.0,9.52,3.73,5,24,0.74,0,0,,4,FCS opponent,0.6,1.2
2023,2023-09-02,Ohio State,Indiana,away,23,3,-27.5,20,0,-7.5,-3.26,-2.98,8,23,-8.71,0,1,-0.54,5,Road,1.1,-4.1
2023,2023-09-02,Oklahoma State,Central Arkansas,home,27,13,-25.5,14,0,-11.5,6.53,-7.97,8,27,-3.83,0,1,-0.53,5,Night · FCS opponent,1.05,-2.7
2023,2023-09-02,Auburn,Massachusetts,home,59,14,-39.0,31,67,-8.0,25.74,2.23,4,21,2.61,1,1,0.36,5,Group of 5 opponent,0.85,3.3
2023,2023-09-02,Oklahoma,Arkansas State,home,73,0,-33.0,42,96,9.0,17.13,12.25,3,21,8.2,0,0,,4,Group of 5 opponent,0.85,6.4
2023,2023-09-02,Cincinnati,Eastern Kentucky,home,66,13,-21.5,35,80,13.5,4.3,11.05,3,21,10.1,0,0,,4,FCS opponent,0.6,3.9
2023,2023-09-02,Pittsburgh,Wofford,home,45,7,-37.5,35,61,-2.5,7.42,2.99,5,28,5.43,0,0,,4,FCS opponent,0.6,1.6
2023,2023-09-02,Iowa,Utah State,home,24,14,-23.0,10,0,-13.0,15.2,-14.71,8,17,-12.73,0,0,,4,Group of 5 opponent,1,-4.1
2023,2023-09-01,Kansas,Missouri State,home,48,17,-32.5,24,18,-8.5,-6.9,-5.49,6,27,1.57,1,2,-0.17,5,Night · Group of 5 opponent,1.05,-2.4
2023,2023-09-02,Kansas State,Southeast Missouri State,home,45,0,-28.5,35,72,6.5,5.51,7.52,5,28,7.91,0,0,,4,Night · FCS opponent,0.65,3.1
2023,2023-09-02,Vanderbilt,Alabama A&M,home,47,13,-35.0,23,39,-12.0,7.08,-2.75,7,28,-2.63,1,2,-0.21,5,Night · FCS opponent,1.05,-1.4
2023,2023-09-02,Baylor,Texas State,home,31,42,-25.5,-11,0,-36.5,-21.09,,5,9,-10.27,0,2,-1.06,4,Night · Group of 5 opponent,1.05,-12.8
2023,2023-09-01,Stanford,Hawai'i,away,37,24,-7.0,13,0,6.0,6.94,-3.65,7,24,4.15,1,1,0.62,5,Road · Night · Full house · Group of 5 opponent,1.1,2.9
2023,2023-09-02,Texas A&M,New Mexico,home,52,10,-38.0,32,47,-6.0,13.67,-0.26,4,28,9.83,1,1,0.37,5,Night · Group of 5 opponent,0.9,3.2
2023,2023-09-02,Houston,UTSA,home,17,14,0.0,3,0,3.0,8.3,-6.13,9,17,-5.06,0,1,-0.32,5,Night · Group of 5 opponent,1.05,-0.6
2023,2023-09-02,Oregon,Portland State,home,81,7,-48.0,43,78,-5.0,13.91,4.7,3,21,5.73,1,1,0.29,5,FCS opponent,0.6,2.1
2023,2023-09-02,California,North Texas,away,58,21,-9.0,27,37,18.0,-7.72,10.34,7,35,14.38,1,3,-0.19,5,Road · Group of 5 opponent,0.95,4.8
2023,2023-09-02,Purdue,Fresno State,home,35,39,-5.5,-4,0,-9.5,6.93,-16.9,6,21,4.48,1,4,-0.47,5,Group of 5 opponent,1,-1.9
2023,2023-09-02,Texas,Rice,home,37,10,-35.0,27,31,-8.0,9.77,-2.75,7,23,-7.63,1,1,0.4,5,Group of 5 opponent,1,-0.9
2023,2023-09-02,SMU,Louisiana Tech,home,38,14,-18.5,31,50,12.5,1.0,8.56,9,31,-0.22,0,0,,4,Group of 5 opponent,0.85,2.7
2023,2023-09-02,South Carolina,North Carolina,neutral,17,31,2.5,-14,0,-11.5,-6.09,,5,3,-8.57,2,3,1.09,4,Night · Ranked opponent,1.15,-3.6
2023,2023-09-02,Virginia,Tennessee,neutral,13,49,28.0,-32,53,-4.0,2.46,,4,0,-3.65,0,1,-0.1,4,Ranked opponent,1.1,-1.1
2023,2023-09-02,TCU,Colorado,home,42,45,-20.0,-3,0,-23.0,3.1,,5,21,3.24,3,6,0.1,4,,1,-1.5
2023,2023-09-02,Tennessee,Virginia,neutral,49,13,-28.0,32,53,4.0,-4.73,4.77,6,14,-9.95,0,0,,4,,1,-1.4
2023,2023-09-02,Washington,Boise State,home,56,19,-14.5,23,41,8.5,6.98,4.57,7,28,5.26,1,2,0.12,5,Group of 5 opponent,0.85,3.2
2023,2023-09-02,Wisconsin,Buffalo,home,38,17,-24.0,21,0,-3.0,-0.55,-1.21,10,31,-6.71,0,1,-0.52,5,Group of 5 opponent,1,-2.2
2023,2023-09-02,USC,Nevada,home,66,14,-38.0,35,59,-3.0,8.82,2.74,4,28,9.83,0,1,-0.63,5,Group of 5 opponent,0.85,2.2
2023,2023-09-02,Alabama,Middle Tennessee,home,56,7,-39.0,35,64,-4.0,15.66,2.23,6,28,0.42,0,0,,4,Night · Group of 5 opponent,0.9,2.3
2023,2023-09-02,Mississippi State,SE Louisiana,home,48,7,-31.5,27,34,-4.5,4.34,2.01,6,20,-5.1,1,1,0.42,5,FCS opponent,1,-0.0
2023,2023-09-02,Illinois,Toledo,home,30,28,-10.0,2,0,-8.0,8.0,,2,14,8.0,1,5,-1.02,4,Night · Group of 5 opponent,0.9,1.0
2023,2023-09-02,Colorado,TCU,away,45,42,20.0,3,0,23.0,-5.38,3.94,5,7,0.24,5,6,4.02,5,Road · Full house · Ranked opponent,1.3,8.4
2023,2023-09-02,Georgia,UT Martin,home,48,7,-50.0,31,59,-19.0,-1.41,-7.3,8,31,-10.61,0,0,,4,FCS opponent,1,-5.7
2023,2023-09-02,Iowa State,Northern Iowa,home,30,9,-7.0,30,26,23.0,21.72,13.35,8,17,-5.69,0,0,,4,FCS opponent,0.6,4.3
2023,2023-09-02,Arkansas,Western Carolina,home,56,13,-38.0,39,73,1.0,15.04,6.74,6,28,0.75,0,0,,4,FCS opponent,0.6,2.3
2023,2023-09-02,Indiana,Ohio State,home,3,23,27.5,-20,0,7.5,0.99,,4,3,-0.76,0,1,-0.1,4,Top-10 opponent,1.2,1.3
2023,2023-09-02,Notre Dame,Tennessee State,home,56,3,-48.5,32,71,-16.5,4.11,-2.55,3,21,5.64,1,1,0.29,5,FCS opponent,1,-0.1
2023,2023-09-02,Kentucky,Ball State,home,44,14,-26.5,24,37,-2.5,13.31,1.53,7,20,-7.36,1,3,-0.61,5,Group of 5 opponent,1,-0.2
2023,2023-09-02,Arizona,Northern Arizona,home,38,3,-28.5,32,50,3.5,12.76,4.52,5,14,-6.09,0,0,,4,Night · FCS opponent,0.65,1.3
2023,2023-09-03,Rutgers,Northwestern,home,24,7,-7.0,24,46,17.0,7.48,7.35,9,17,-8.53,0,0,,4,,1,2.7
2023,2023-09-02,BYU,Sam Houston,home,14,0,-22.5,14,0,-8.5,5.02,-10.46,12,14,-30.27,0,0,,4,Night · Group of 5 opponent,1.05,-8.6
2023,2023-09-02,Virginia Tech,Old Dominion,home,36,17,-14.0,19,0,5.0,13.44,3.82,7,20,-2.55,2,3,0.69,5,Night · Group of 5 opponent,0.9,2.9
2023,2023-09-02,UCLA,Coastal Carolina,home,27,13,-16.0,14,0,-2.0,8.14,-4.19,7,20,-3.32,0,2,-0.9,5,Night · Group of 5 opponent,1.05,-1.2
2023,2023-09-02,Texas Tech,Wyoming,away,33,35,-13.5,-2,0,-15.5,-13.59,-21.93,7,20,-2.36,1,4,-0.73,5,Road · Night · Full house · Group of 5 opponent,1.25,-9.4
2023,2023-09-03,Florida State,LSU,neutral,45,24,2.5,28,2,30.5,17.61,16.13,7,35,18.8,1,2,0.39,5,Night · Top-10 opponent,1.25,15.0
2023,2023-09-03,Northwestern,Rutgers,away,7,24,7.0,-24,46,-17.0,-9.75,,5,0,-10.33,0,1,-0.27,4,Road · Full house,1.2,-8.0
2023,2023-09-03,LSU,Florida State,neutral,24,45,-2.5,-28,2,-30.5,-19.88,,3,7,-0.77,1,2,0.31,4,Night · Top-10 opponent,1.25,-8.9
2023,2023-09-04,Duke,Clemson,home,28,7,12.5,21,0,33.5,31.33,14.17,9,20,4.13,0,1,-0.22,5,Night · Top-10 opponent,1.25,13.0
2023,2023-09-04,Clemson,Duke,away,7,28,-12.5,-21,0,-33.5,-33.6,,5,0,-15.69,0,3,-1.27,4,Road · Night · Full house,1.25,-19.4
2023,2023-09-07,Louisville,Murray State,home,56,0,-43.5,35,64,-8.5,3.8,-0.03,6,28,-1.06,0,0,,4,Night · FCS opponent,1.05,-0.5
2023,2023-09-08,Kansas,Illinois,home,34,23,-3.5,11,0,7.5,-9.14,-3.89,5,17,3.78,0,0,,4,Night,1.05,0.0
2023,2023-09-08,Illinois,Kansas,away,23,34,3.5,-11,0,-7.5,6.87,,3,7,0.22,0,1,-0.3,4,Road · Night · Full house,1.25,0.0
2023,2023-09-08,Indiana,Indiana State,home,41,7,-31.0,24,38,-7.0,-13.84,-4.74,7,35,5.91,0,0,,4,Night · FCS opponent,1.05,-2.2
2023,2023-09-09,Boston College,Holy Cross,home,31,28,-10.0,3,0,-7.0,1.26,-15.16,3,14,5.0,2,4,0.38,5,FCS opponent,1,-1.2
2023,2023-09-09,Arizona,Mississippi State,away,24,31,9.0,-7,0,2.0,-23.02,,6,17,5.26,0,3,-0.75,4,Road · Night · Full house,1.25,-3.8
2023,2023-09-09,Maryland,Charlotte,home,38,20,-24.5,24,12,-0.5,-5.8,2.53,8,30,-0.39,0,1,-0.52,5,Night · Group of 5 opponent,1.05,-0.9
2023,2023-09-09,Michigan State,Richmond,home,45,14,-29.0,31,55,2.0,14.08,3.27,5,17,-3.23,0,0,,4,FCS opponent,0.6,1.4
2023,2023-09-09,Michigan,UNLV,home,35,7,-38.0,35,43,-3.0,-1.73,2.74,5,28,5.29,0,0,,4,Group of 5 opponent,0.85,1.0
2023,2023-09-09,Minnesota,Eastern Michigan,home,25,6,-19.5,19,0,-0.5,-8.38,-3.95,6,13,-8.14,2,2,1.04,5,Night · Group of 5 opponent,1.05,-2.2
2023,2023-09-09,Missouri,Middle Tennessee,home,23,19,-21.0,4,0,-17.0,0.55,-18.7,5,10,-8.03,2,4,0.03,5,Night · Group of 5 opponent,1.05,-6.0
2023,2023-09-09,Ole Miss,Tulane,away,37,20,-13.0,17,0,4.0,14.96,1.33,6,17,-2.0,1,3,-0.28,5,Road · Full house · Ranked opponent · Group of 5 opponent,1.15,2.4
2023,2023-09-09,Duke,Lafayette,home,42,7,-42.5,28,30,-14.5,2.43,-6.53,5,28,4.06,0,1,-0.66,5,FCS opponent,1,-1.9
2023,2023-09-09,NC State,Notre Dame,home,24,45,7.0,-28,10,-21.0,-13.35,,8,10,-6.53,0,1,-0.27,4,Top-10 opponent,1.2,-8.2
2023,2023-09-09,North Carolina,Appalachian State,home,40,34,-18.0,6,0,-12.0,2.65,,3,3,-7.32,5,6,2.19,4,Group of 5 opponent,1,-0.0
2023,2023-09-09,Wake Forest,Vanderbilt,home,36,20,-9.5,16,0,6.5,8.73,2.09,6,17,-0.84,2,4,0.4,5,,1,2.5
2023,2023-09-09,Nebraska,Colorado,away,14,36,2.5,-29,17,-26.5,-11.53,,5,7,-4.57,0,1,-0.3,4,Road · Full house · Ranked opponent,1.3,-8.9
2023,2023-09-09,Rutgers,Temple,home,36,7,-7.5,29,11,21.5,7.45,16.09,9,30,4.23,1,1,0.62,5,Night · Group of 5 opponent,0.9,6.4
2023,2023-09-09,Syracuse,Western Michigan,home,48,7,-24.5,38,56,13.5,36.46,16.53,4,28,12.8,1,1,0.48,5,Group of 5 opponent,0.85,9.9
2023,2023-09-09,Ohio State,Youngstown State,home,35,7,-45.5,28,33,-17.5,5.24,-8.04,6,28,-1.72,0,1,-0.69,5,FCS opponent,1,-3.2
2023,2023-09-09,Oklahoma,SMU,home,28,11,-16.0,17,0,1.0,19.08,-1.19,7,21,-2.32,1,2,0.1,5,,1,2.2
2023,2023-09-09,UCF,Boise State,away,18,16,-3.0,2,0,-1.0,-10.5,,6,13,-2.7,2,3,0.96,4,Road · Night · Full house · Group of 5 opponent,1.25,-1.4
2023,2023-09-09,Penn State,Delaware,home,63,7,-44.0,35,63,-9.0,6.71,-0.28,5,28,3.64,1,1,0.32,5,Group of 5 opponent,0.85,0.9
2023,2023-09-09,Cincinnati,Pittsburgh,away,27,21,6.5,6,0,12.5,-10.72,0.14,7,27,12.34,0,2,-0.54,5,Road,1.1,2.1
2023,2023-09-09,Pittsburgh,Cincinnati,home,21,27,-6.5,-6,0,-12.5,8.45,,6,14,-2.85,0,1,-0.38,4,,1,-1.3
2023,2023-09-09,Clemson,Charleston Southern,home,66,17,-50.5,35,43,-15.5,-10.89,-3.56,6,24,-7.37,1,3,-1.19,5,FCS opponent,1,-6.0
2023,2023-09-09,Iowa,Iowa State,away,20,13,-3.5,7,0,3.5,11.19,-3.89,7,13,-5.51,0,1,-0.35,5,Road · Full house,1.2,0.1
2023,2023-09-09,Kansas State,Troy,home,42,13,-15.0,29,11,14.0,14.39,8.32,8,21,-5.21,1,1,0.56,5,Group of 5 opponent,0.85,3.6
2023,2023-09-09,Vanderbilt,Wake Forest,away,20,36,9.5,-16,0,-6.5,-11.0,,2,0,-3.86,1,4,0.01,4,Road,1.1,-3.8
2023,2023-09-09,Baylor,Utah,home,13,20,7.0,-7,0,0.0,-4.72,-12.6,6,3,-9.4,1,3,0.2,5,Ranked opponent,1.1,-4.2
2023,2023-09-09,Miami,Texas A&M,home,48,33,3.0,15,0,18.0,13.06,6.38,5,20,8.57,2,4,0.8,5,Ranked opponent,1.1,7.8
2023,2023-09-09,Texas A&M,Miami,away,33,48,-3.0,-15,0,-18.0,-15.33,-25.64,4,10,-0.47,0,3,-1.04,5,Road,1.1,-9.3
2023,2023-09-09,Houston,Rice,away,41,43,-7.5,-2,0,-9.5,13.76,,5,21,6.68,2,3,0.85,4,Road · Night · Full house · Group of 5 opponent,1.1,4.3
2023,2023-09-09,Oregon,Texas Tech,away,38,30,-4.5,8,0,3.5,5.46,,5,13,-0.49,2,4,0.56,4,Road · Night · Full house,1.25,2.7
2023,2023-09-09,Purdue,Virginia Tech,away,24,17,0.0,7,0,7.0,-7.31,-2.13,9,17,-5.06,0,1,-0.32,5,Road · Full house,1.2,-2.0
2023,2023-09-09,Texas,Alabama,away,34,24,7.0,10,0,17.0,0.42,4.4,6,13,0.6,3,4,1.93,5,Road · Night · Full house · Top-10 opponent,1.45,6.7
2023,2023-09-09,BYU,Southern Utah,home,41,16,-30.5,24,38,-6.5,12.0,-0.49,6,35,10.23,0,1,-0.57,5,FCS opponent,0.6,1.4
2023,2023-09-09,Utah,Baylor,away,20,13,-7.0,7,0,0.0,2.44,,6,17,-0.02,1,2,0.24,4,Road,1.1,1.0
2023,2023-09-09,SMU,Oklahoma,away,11,28,16.0,-17,0,-1.0,-21.35,,6,7,-2.43,1,1,0.8,4,Road · Full house · Ranked opponent,1.3,-4.0
2023,2023-09-09,South Carolina,Furman,home,47,21,-18.0,26,39,8.0,-7.11,4.81,7,28,3.91,2,2,1.06,5,Night · FCS opponent,0.65,1.7
2023,2023-09-09,Virginia,James Madison,home,35,36,6.0,-1,0,5.0,-3.64,-8.11,7,14,-0.85,1,4,-0.1,5,Group of 5 opponent,1,-1.2
2023,2023-09-09,Virginia Tech,Purdue,home,17,24,0.0,-7,0,-7.0,5.04,,8,17,-2.61,0,2,-0.65,4,,1,-1.4
2023,2023-09-09,UCLA,San Diego State,away,35,10,-13.0,25,37,12.0,2.55,5.33,7,28,5.84,1,1,0.57,5,Road · Night · Full house · Group of 5 opponent,1.1,4.6
2023,2023-09-09,Tennessee,Austin Peay,home,30,13,-48.0,17,0,-31.0,8.12,-20.3,7,10,-25.64,1,2,-0.42,5,FCS opponent,1,-10.3
2023,2023-09-09,Washington,Tulsa,home,43,10,-33.0,33,45,0.0,7.63,6.25,4,14,-3.07,1,1,0.41,5,Group of 5 opponent,0.85,1.6
2023,2023-09-09,Texas Tech,Oregon,home,30,38,4.5,-8,0,-3.5,-7.73,-13.86,5,14,2.98,2,7,-0.01,5,Night · Ranked opponent,1.15,-3.0
2023,2023-09-09,Wisconsin,Washington State,away,22,31,-5.0,-9,0,-14.0,-15.16,,6,14,-2.36,1,1,0.64,4,Road · Night · Full house · Group of 5 opponent,1.25,-5.1
2023,2023-09-09,West Virginia,Duquesne,home,56,17,-38.5,32,43,-6.5,-6.95,2.49,5,28,5.16,1,2,-0.27,5,FCS opponent,1,-0.4
2023,2023-09-09,Alabama,Texas,home,24,34,-7.0,-10,0,-17.0,-2.69,,4,7,-4.35,1,3,-0.14,4,Night · Ranked opponent,1.15,-4.4
2023,2023-09-09,Mississippi State,Arizona,home,31,24,-9.0,7,0,-2.0,20.75,-10.66,7,21,0.38,1,2,0.21,5,Night,1.05,1.5
2023,2023-09-09,Colorado,Nebraska,home,36,14,-2.5,29,17,26.5,9.26,18.61,10,30,4.11,1,1,0.66,5,,1,8.2
2023,2023-09-09,Florida,McNeese,home,49,7,-48.5,33,59,-15.5,0.89,-3.55,3,21,5.64,0,0,,4,Night · FCS opponent,1.05,-0.9
2023,2023-09-09,Georgia Tech,South Carolina State,home,48,13,-44.0,39,44,-5.0,5.68,3.72,6,28,-1.23,0,0,,4,FCS opponent,0.6,0.5
2023,2023-09-09,Georgia,Ball State,home,45,3,-42.0,31,77,-11.0,11.56,-3.28,7,31,-2.33,0,0,,4,Group of 5 opponent,1,-0.4
2023,2023-09-09,Iowa State,Iowa,home,13,20,3.5,-7,0,-3.5,-13.47,,7,10,-5.81,0,1,-0.3,4,,1,-4.4
2023,2023-09-09,Northwestern,UTEP,home,38,7,-1.0,28,26,27.0,14.19,14.37,7,21,3.46,1,1,0.67,5,Group of 5 opponent,0.85,7.0
2023,2023-09-09,Arkansas,Kent State,home,28,6,-38.0,22,0,-16.0,7.09,-11.26,4,14,-4.17,1,2,-0.26,5,Group of 5 opponent,1,-3.3
2023,2023-09-09,Notre Dame,NC State,away,45,24,-7.0,28,10,21.0,11.08,15.35,11,31,-0.2,2,3,0.86,5,Road · Full house,1.2,8.2
2023,2023-09-09,Kentucky,Eastern Kentucky,home,28,17,-35.0,11,0,-24.0,4.23,-16.75,6,14,-12.26,2,3,0.19,5,FCS opponent,1,-6.4
2023,2023-09-09,LSU,Grambling,home,72,10,-56.5,32,81,-24.5,14.67,-6.58,2,14,2.88,2,2,0.45,5,Night · FCS opponent,1.05,-0.5
2023,2023-09-09,Oklahoma State,Arizona State,away,27,15,-2.5,12,0,9.5,9.86,-0.39,8,24,3.29,1,2,0.31,5,Road · Night · Full house,1.25,4.2
2023,2023-09-09,Auburn,California,away,14,10,-5.0,4,0,-1.0,8.6,,9,14,-10.54,0,2,-0.73,4,Road · Night · Full house,1.25,-2.5
2023,2023-09-09,Stanford,USC,away,10,56,28.5,-46,121,-17.5,-28.53,,1,0,-0.88,0,1,-0.09,4,Road · Night · Full house · Top-10 opponent,1.45,-10.6
2023,2023-09-09,California,Auburn,home,10,14,5.0,-4,0,1.0,-10.87,,10,10,-11.76,0,2,-0.57,4,Night,1.05,-5.4
2023,2023-09-09,TCU,Nicholls,home,41,6,-41.5,25,31,-16.5,12.4,-9.02,10,35,-12.34,1,2,-0.31,5,Night · FCS opponent,1.05,-4.1
2023,2023-09-09,USC,Stanford,home,56,10,-28.5,46,121,17.5,26.26,18.52,3,14,1.94,0,0,,4,Night,1.05,10.0
2023,2023-09-09,Florida State,Southern Miss,home,66,13,-31.0,35,70,4.0,6.81,6.26,3,14,1.53,0,0,,4,Night · Group of 5 opponent,0.9,2.8
2023,2023-09-09,Arizona State,Oklahoma State,home,15,27,2.5,-12,0,-9.5,-12.13,,5,7,-4.57,1,4,-0.21,4,Night,1.05,-4.8
2023,2023-09-14,Miami,Bethune-Cookman,home,48,7,-54.0,34,69,-20.0,-5.15,-6.32,3,21,4.74,0,0,,4,Night · FCS opponent,1.05,-3.0
2023,2023-09-15,Maryland,Virginia,home,42,14,-16.5,28,15,11.5,13.99,6.56,8,35,8.13,0,1,-0.46,5,Night,1.05,5.5
2023,2023-09-15,Virginia,Maryland,away,14,42,16.5,-28,15,-11.5,-16.26,-32.82,4,14,7.82,0,2,-0.38,5,Road · Night,1.15,-7.7
2023,2023-09-16,Boston College,Florida State,home,29,31,25.5,-2,0,23.5,-10.07,,4,14,9.8,1,3,0.64,4,Top-10 opponent,1.2,6.0
2023,2023-09-16,Michigan State,Washington,home,7,41,15.0,-35,86,-20.0,-9.99,,1,0,-1.63,0,1,-0.2,4,Top-10 opponent,1.2,-5.8
2023,2023-09-16,Michigan,Bowling Green,home,31,6,-40.5,25,25,-15.5,4.76,-9.52,7,31,-1.75,0,2,-1.3,5,Night · Group of 5 opponent,1.05,-4.0
2023,2023-09-16,Minnesota,North Carolina,away,13,31,7.0,-18,0,-11.0,2.58,,5,3,-7.33,0,1,-0.27,4,Road · Ranked opponent,1.2,-3.6
2023,2023-09-16,Missouri,Kansas State,home,30,27,3.5,3,0,6.5,1.66,,7,13,-2.81,3,5,1.52,4,Ranked opponent,1.1,2.9
2023,2023-09-16,Duke,Northwestern,home,38,14,-17.0,24,39,7.0,1.24,2.31,7,31,7.3,0,0,,4,,1,3.2
2023,2023-09-16,NC State,VMI,home,45,7,-44.5,38,64,-6.5,12.53,2.46,5,31,6.51,0,0,,4,FCS opponent,0.6,1.9
2023,2023-09-16,North Carolina,Minnesota,home,31,13,-7.0,18,0,11.0,-4.86,1.35,7,24,4.15,0,1,-0.38,5,,1,1.3
2023,2023-09-16,Wake Forest,Old Dominion,away,27,24,-13.5,3,0,-10.5,-7.39,,11,24,-11.13,0,1,-0.43,4,Road · Group of 5 opponent,1.1,-6.4
2023,2023-09-16,Nebraska,Northern Illinois,home,35,11,-11.5,25,29,13.5,-1.78,9.08,9,28,0.25,0,1,-0.42,5,Night · Group of 5 opponent,0.9,2.0
2023,2023-09-16,Rutgers,Virginia Tech,home,35,16,-6.5,19,0,12.5,19.77,5.6,8,21,-1.47,2,2,1.25,5,,1,5.8
2023,2023-09-16,Syracuse,Purdue,away,35,20,-1.0,15,0,14.0,6.82,1.37,7,28,10.46,1,3,0.01,5,Road · Night · Full house,1.25,5.9
2023,2023-09-16,Ohio State,Western Kentucky,home,63,10,-29.5,32,71,2.5,12.76,7.02,3,14,1.78,2,2,0.88,5,Group of 5 opponent,0.85,3.6
2023,2023-09-16,Oklahoma State,South Alabama,home,7,33,-7.0,-33,26,-40.0,-13.32,,4,7,-4.35,0,1,-0.38,4,Night · Group of 5 opponent,1.05,-9.5
2023,2023-09-16,Auburn,Samford,home,45,13,-37.5,25,27,-12.5,-9.22,-7.01,8,31,-5.11,0,0,,4,Night · FCS opponent,1.05,-5.1
2023,2023-09-16,Oklahoma,Tulsa,away,66,17,-28.0,35,42,7.0,11.14,7.77,3,21,9.03,0,0,,4,Road · Full house · Group of 5 opponent,1.05,6.2
2023,2023-09-16,UCF,Villanova,home,48,14,-27.0,34,83,7.0,2.49,11.28,6,28,4.38,0,0,,4,FCS opponent,0.6,2.5
2023,2023-09-16,Penn State,Illinois,away,30,13,-14.0,23,32,9.0,16.43,3.82,12,30,-8.66,0,1,-0.44,5,Road,1.1,1.9
2023,2023-09-16,Cincinnati,Miami (OH),home,24,31,-14.5,-7,0,-21.5,-25.43,,5,6,-10.24,3,4,1.24,4,Night · Group of 5 opponent,1.05,-8.4
2023,2023-09-16,Pittsburgh,West Virginia,away,6,17,2.5,-11,0,-8.5,-11.03,,7,3,-13.2,1,2,0.39,4,Road · Night · Full house,1.25,-7.0
2023,2023-09-16,Iowa,Western Michigan,home,41,10,-28.5,24,14,-4.5,10.29,-3.48,10,38,-2.19,0,2,-1.1,5,Group of 5 opponent,1,-1.0
2023,2023-09-16,Kansas State,Missouri,away,27,30,-3.5,-3,0,-6.5,-3.94,,6,17,1.14,1,5,-0.76,4,Road · Full house,1.2,-2.4
2023,2023-09-16,Vanderbilt,UNLV,away,37,40,-4.5,-3,0,-7.5,-6.75,-14.39,7,16,-2.89,1,5,-0.8,5,Road · Night · Group of 5 opponent,1.15,-5.6
2023,2023-09-16,Baylor,Long Island University,home,30,7,-44.0,23,15,-21.0,-2.27,-12.28,5,28,3.64,0,0,,4,FCS opponent,1,-3.8
2023,2023-09-16,Texas A&M,UL Monroe,home,47,3,-36.5,34,57,-2.5,3.3,6.49,4,20,2.16,1,1,0.38,5,Group of 5 opponent,0.85,1.7
2023,2023-09-16,California,Idaho,home,31,17,-14.5,14,0,-0.5,13.06,-3.43,7,17,-5.74,0,1,-0.44,5,FCS opponent,1,-0.2
2023,2023-09-16,Purdue,Syracuse,home,20,35,1.0,-15,0,-14.0,-9.1,,6,7,-7.38,0,1,-0.32,4,Night,1.05,-5.7
2023,2023-09-16,BYU,Arkansas,away,38,31,9.0,7,0,16.0,19.64,,10,38,18.44,0,3,-0.75,4,Road · Night · Full house,1.25,11.6
2023,2023-09-16,Utah,Weber State,home,31,7,-27.0,24,32,-3.0,-5.09,1.28,7,10,-17.55,1,1,0.46,5,FCS opponent,1,-3.6
2023,2023-09-16,SMU,Prairie View A&M,home,69,0,-42.5,42,69,-0.5,20.75,7.47,4,21,1.84,0,0,,4,Night · FCS opponent,0.65,3.1
2023,2023-09-16,South Carolina,Georgia,away,14,24,26.0,-10,0,16.0,2.44,-7.04,5,7,1.89,0,3,-0.34,5,Road · Full house · Top-10 opponent,1.4,1.7
2023,2023-09-16,Virginia Tech,Rutgers,away,16,35,6.5,-19,0,-12.5,-22.05,,7,17,2.34,0,1,-0.27,4,Road · Full house,1.2,-6.0
2023,2023-09-16,UCLA,North Carolina Central,home,59,7,-35.5,45,85,9.5,9.27,14.0,3,21,7.79,0,0,,4,FCS opponent,0.6,4.0
2023,2023-09-16,Tennessee,Florida,away,16,29,-5.0,-13,0,-18.0,-16.55,,4,7,-3.91,0,2,-0.73,4,Road · Night · Full house,1.25,-8.7
2023,2023-09-16,Washington,Michigan State,away,41,7,-15.0,35,86,20.0,7.72,14.32,5,28,11.62,0,0,,4,Road · Full house,1.2,10.3
2023,2023-09-16,Texas Tech,Tarleton State,home,41,3,-36.5,34,56,-2.5,18.99,2.49,7,20,-11.21,0,0,,4,Night · FCS opponent,0.65,0.5
2023,2023-09-16,Wisconsin,Georgia Southern,home,35,14,-20.5,21,0,0.5,19.96,-2.45,10,28,-7.79,1,2,0.02,5,Group of 5 opponent,0.85,0.9
2023,2023-09-16,West Virginia,Pittsburgh,home,17,6,-2.5,11,0,8.5,8.76,-0.39,8,17,-3.71,0,1,-0.34,5,Night,1.05,1.2
2023,2023-09-16,Alabama,South Florida,away,17,3,-34.5,14,0,-20.5,8.24,-16.5,9,17,-22.14,0,1,-0.6,5,Road · Full house · Group of 5 opponent,1.2,-9.7
2023,2023-09-16,Mississippi State,LSU,home,14,41,9.5,-27,37,-17.5,6.26,,1,0,-1.93,0,1,-0.25,4,Ranked opponent,1.1,-2.1
2023,2023-09-16,Illinois,Penn State,home,13,30,14.0,-23,32,-9.0,-18.71,,8,14,0.55,0,2,-0.42,4,Top-10 opponent,1.2,-5.5
2023,2023-09-16,Florida State,Boston College,away,31,29,-25.5,2,0,-23.5,7.8,-23.97,5,14,-5.27,2,4,-0.11,5,Road · Full house,1.2,-7.0
2023,2023-09-16,Florida,Tennessee,home,29,16,5.0,13,0,18.0,14.28,4.39,6,24,10.94,1,1,0.72,5,Night · Ranked opponent,1.15,8.5
2023,2023-09-16,Georgia,South Carolina,home,24,14,-26.0,10,0,-16.0,-4.71,-12.22,7,14,-13.17,1,1,0.47,5,,1,-6.0
2023,2023-09-16,Iowa State,Ohio,away,7,10,-1.5,-3,0,-4.5,-3.94,,7,7,-10.74,0,1,-0.34,4,Road · Group of 5 opponent,1.1,-4.6
2023,2023-09-16,Northwestern,Duke,away,14,38,17.0,-24,39,-7.0,-3.52,,2,0,-3.03,0,1,-0.19,4,Road · Ranked opponent,1.2,-2.8
2023,2023-09-16,Arkansas,BYU,home,31,38,-9.0,-7,0,-16.0,-21.91,-24.66,7,17,-3.62,0,6,-2.38,5,Night,1.05,-11.5
2023,2023-09-16,Indiana,Louisville,neutral,14,21,10.0,-7,0,3.0,-1.9,,5,7,-2.51,0,1,-0.24,4,,1,-0.6
2023,2023-09-16,Notre Dame,Central Michigan,home,41,17,-35.0,24,12,-11.0,-13.04,-6.75,7,24,-6.63,1,1,0.4,5,Group of 5 opponent,1,-4.6
2023,2023-09-16,Kentucky,Akron,home,35,3,-25.0,25,47,0.0,-1.38,-0.72,5,14,-5.13,0,0,,4,Night · Group of 5 opponent,1.05,-1.2
2023,2023-09-16,Louisville,Indiana,neutral,21,14,-10.0,7,0,-3.0,-0.37,-11.16,6,21,2.99,0,1,-0.4,5,,1,-1.6
2023,2023-09-16,LSU,Mississippi State,away,41,14,-9.5,27,37,17.5,-8.53,13.09,6,31,13.16,0,0,,4,Road · Full house,1.2,7.2
2023,2023-09-16,Arizona,UTEP,home,31,10,-18.0,28,18,10.0,-2.4,8.81,7,24,-0.09,1,1,0.53,5,Night · Group of 5 opponent,0.9,2.4
2023,2023-09-16,Clemson,Florida Atlantic,home,48,14,-24.5,34,96,9.5,17.88,9.53,4,21,5.8,0,0,,4,Night · Group of 5 opponent,0.9,6.1
2023,2023-09-16,Kansas,Nevada,away,31,24,-28.5,7,0,-21.5,-9.22,,4,7,-9.08,3,3,1.34,4,Road · Night · Full house · Group of 5 opponent,1.25,-6.0
2023,2023-09-16,Houston,TCU,home,13,36,7.5,-23,11,-15.5,8.24,,6,0,-12.23,1,2,0.47,4,Night,1.05,-3.1
2023,2023-09-16,Oregon,Hawai'i,home,55,10,-37.5,31,78,-6.5,3.62,2.99,5,31,8.43,0,0,,4,Group of 5 opponent,0.85,2.0
2023,2023-09-16,Texas,Wyoming,home,31,10,-30.0,21,0,-9.0,17.35,-7.23,7,17,-11.71,1,2,-0.13,5,Night · Group of 5 opponent,1.05,-2.0
2023,2023-09-16,TCU,Houston,away,36,13,-7.5,23,11,15.5,-10.52,10.09,9,23,-2.77,0,1,-0.38,5,Road · Night · Full house,1.25,1.2
2023,2023-09-16,Colorado,Colorado State,home,43,35,-23.0,8,0,-15.0,11.79,,7,10,-16.01,2,4,-0.03,4,Night · Group of 5 opponent,1.05,-4.1
2023,2023-09-16,Arizona State,Fresno State,home,0,29,4.0,-26,45,-22.0,-6.42,,3,0,-6.69,0,1,-0.29,4,Night · Group of 5 opponent,1.05,-6.2
2023,2023-09-22,NC State,Virginia,away,24,21,-8.5,3,0,-5.5,9.1,,8,14,-9.35,2,4,0.43,4,Road · Night,1.15,-0.9
2023,2023-09-22,Purdue,Wisconsin,home,17,38,6.0,-21,0,-15.0,-20.53,,3,0,-6.36,0,1,-0.28,4,Night,1.05,-7.6
2023,2023-09-22,Virginia,NC State,home,21,24,8.5,-3,0,5.5,-11.38,,9,13,-4.85,1,2,0.49,4,Night,1.05,-1.6
2023,2023-09-22,Wisconsin,Purdue,away,38,17,-6.0,21,0,15.0,18.25,4.85,7,24,4.53,0,0,,4,Road · Night · Full house,1.25,8.1
2023,2023-09-23,Boston College,Louisville,away,28,56,14.0,-42,68,-28.0,-13.27,,0,0,,0,1,-0.21,3,Road,1.1,-9.8
2023,2023-09-23,Arizona,Stanford,away,21,20,-13.0,1,0,-12.0,0.06,,5,21,5.17,0,4,-1.71,4,Road,1.1,-2.6
2023,2023-09-23,Maryland,Michigan State,away,31,9,-7.0,22,0,15.0,22.57,5.35,8,31,8.31,0,0,,4,Road · Full house,1.2,9.6
2023,2023-09-23,Michigan State,Maryland,home,9,31,7.0,-22,0,-15.0,-24.85,,5,7,-3.33,0,1,-0.27,4,,1,-7.2
2023,2023-09-23,Michigan,Rutgers,home,31,7,-24.0,24,23,0.0,7.28,2.79,5,24,5.14,0,1,-0.52,5,,1,2.0
2023,2023-09-23,Minnesota,Northwestern,away,34,37,-12.0,-3,0,-15.0,-6.65,-22.17,8,28,3.11,1,2,0.16,5,Road · Night,1.15,-5.4
2023,2023-09-23,Missouri,Memphis,neutral,34,27,-6.5,7,0,0.5,-8.42,-6.4,6,27,10.15,1,4,-0.5,5,Night · Group of 5 opponent,1.05,-0.4
2023,2023-09-23,Ole Miss,Alabama,away,10,24,7.0,-14,0,-7.0,-9.71,,4,0,-8.27,1,3,0.2,4,Road · Full house · Ranked opponent,1.3,-5.4
2023,2023-09-23,Duke,UConn,away,41,7,-22.0,34,51,12.0,15.67,13.79,7,27,1.37,0,0,,4,Road · Group of 5 opponent,0.95,6.2
2023,2023-09-23,Wake Forest,Georgia Tech,home,16,30,-3.5,-14,0,-17.5,-15.34,,5,3,-10.22,0,1,-0.35,4,,1,-7.7
2023,2023-09-23,Nebraska,Louisiana Tech,home,28,14,-20.5,14,0,-6.5,9.75,-9.45,8,21,-7.63,0,1,-0.49,5,Group of 5 opponent,1,-2.5
2023,2023-09-23,Rutgers,Michigan,away,7,31,24.0,-24,23,0.0,-9.55,,2,0,-2.26,0,2,-0.26,4,Road · Full house · Top-10 opponent,1.4,-3.2
2023,2023-09-23,Syracuse,Army,home,29,16,-13.0,13,0,0.0,-2.11,-1.67,8,30,4.67,0,2,-0.86,5,Group of 5 opponent,1,-0.3
2023,2023-09-23,Ohio State,Notre Dame,away,17,14,-3.0,3,0,0.0,0.86,-7.64,5,17,3.92,0,2,-0.7,5,Road · Night · Full house · Top-10 opponent,1.45,-1.1
2023,2023-09-23,Oklahoma State,Iowa State,away,27,34,3.5,-7,0,-3.5,-8.44,,8,14,-4.07,2,4,0.82,4,Road · Full house,1.2,-2.0
2023,2023-09-23,Auburn,Texas A&M,away,10,27,10.0,-17,0,-7.0,10.93,,4,0,-7.61,0,2,-0.49,4,Road · Full house,1.2,-1.7
2023,2023-09-23,Oklahoma,Cincinnati,away,20,6,-13.5,14,0,0.5,7.74,-2.93,8,13,-12.55,1,2,0.14,5,Road · Full house,1.2,-1.8
2023,2023-09-23,Penn State,Iowa,home,31,0,-14.0,24,35,10.0,-1.37,7.82,7,17,-5.55,0,0,,4,Night · Ranked opponent,1.15,1.5
2023,2023-09-23,Cincinnati,Oklahoma,home,6,20,13.5,-14,0,-0.5,-10.01,,6,6,-4.25,0,2,-0.43,4,Ranked opponent,1.1,-3.5
2023,2023-09-23,Clemson,Florida State,home,24,31,2.0,-7,0,-5.0,-24.43,-15.12,6,17,2.95,1,3,0.08,5,Top-10 opponent,1.2,-6.1
2023,2023-09-23,Iowa,Penn State,away,0,31,14.0,-24,35,-10.0,-0.9,,3,0,-5.04,0,1,-0.21,4,Road · Night · Full house · Top-10 opponent,1.45,-4.1
2023,2023-09-23,Kansas,BYU,home,38,27,-9.5,11,0,1.5,14.99,-7.91,2,7,1.05,3,4,1.4,5,,1,2.7
2023,2023-09-23,Vanderbilt,Kentucky,home,28,45,13.0,-32,26,-19.0,-16.34,,7,10,-2.15,0,1,-0.22,4,,1,-6.0
2023,2023-09-23,Baylor,Texas,home,6,38,17.5,-32,60,-14.5,-11.62,,2,0,-2.98,1,1,0.82,4,Night · Top-10 opponent,1.25,-4.3
2023,2023-09-23,Miami,Temple,away,41,7,-23.0,31,48,8.0,11.96,6.29,7,31,4.99,0,0,,4,Road · Group of 5 opponent,0.95,4.8
2023,2023-09-23,Stanford,Arizona,home,20,21,13.0,-1,0,12.0,-2.34,,6,10,-0.42,2,3,1.34,4,,1,3.0
2023,2023-09-23,Texas A&M,Auburn,home,27,10,-10.0,17,0,7.0,-13.2,2.84,8,24,-0.01,0,0,,4,,1,-0.4
2023,2023-09-23,Houston,Sam Houston,home,38,7,-11.5,24,37,12.5,-8.11,9.08,8,28,3.33,1,1,0.58,5,Night · Group of 5 opponent,0.9,2.6
2023,2023-09-23,Oregon,Colorado,home,42,6,-21.5,35,83,13.5,-0.23,12.05,4,21,6.46,0,0,,4,Ranked opponent,1.1,5.7
2023,2023-09-23,Texas,Baylor,away,38,6,-17.5,32,60,14.5,9.34,13.06,5,28,10.93,0,1,-0.46,5,Road · Night · Full house,1.25,8.0
2023,2023-09-23,BYU,Kansas,away,27,38,9.5,-11,0,-1.5,-17.26,,3,3,-2.79,3,4,2.01,4,Road · Full house,1.2,-1.3
2023,2023-09-23,Utah,UCLA,home,14,7,-3.5,7,0,3.5,7.07,-7.89,10,7,-19.44,0,1,-0.35,5,Ranked opponent,1.1,-4.1
2023,2023-09-23,SMU,TCU,away,17,34,7.0,-17,0,-10.0,-11.7,,4,7,-1.27,0,2,-0.53,4,Road · Full house,1.2,-4.9
2023,2023-09-23,South Carolina,Mississippi State,home,37,30,-6.0,7,0,1.0,15.82,-9.15,6,21,4.31,3,5,1.14,5,Night,1.05,3.1
2023,2023-09-23,Virginia Tech,Marshall,away,17,24,6.5,-7,0,-0.5,-4.21,,8,7,-9.75,1,3,0.19,4,Road · Full house · Group of 5 opponent,1.2,-3.3
2023,2023-09-23,UCLA,Utah,away,7,14,3.5,-7,0,-3.5,-9.34,,11,7,-17.85,0,1,-0.3,4,Road · Full house · Ranked opponent,1.3,-8.6
2023,2023-09-23,TCU,SMU,home,34,17,-7.0,17,0,10.0,9.43,3.35,6,24,6.98,0,2,-0.76,5,,1,3.5
2023,2023-09-23,Tennessee,UTSA,home,45,14,-20.5,31,56,10.5,7.84,7.55,6,35,13.53,0,0,,4,Group of 5 opponent,0.85,5.8
2023,2023-09-23,Texas Tech,West Virginia,away,13,20,-6.0,-7,0,-13.0,-14.57,,8,10,-12.25,0,2,-0.74,4,Road,1.1,-8.8
2023,2023-09-23,West Virginia,Texas Tech,home,20,13,6.0,7,0,13.0,12.3,0.89,8,6,-10.97,2,3,1.17,5,,1,2.3
2023,2023-09-23,Alabama,Ole Miss,home,24,10,-7.0,14,0,7.0,7.43,1.35,6,13,-4.02,1,2,0.24,5,Ranked opponent,1.1,1.7
2023,2023-09-23,Mississippi State,South Carolina,away,30,37,6.0,-7,0,-1.0,-18.09,,5,13,2.39,1,3,0.17,4,Road · Night · Full house,1.25,-2.7
2023,2023-09-23,Illinois,Florida Atlantic,home,23,17,-16.0,6,0,-10.0,-11.63,-11.19,8,17,-9.65,0,1,-0.45,5,Group of 5 opponent,1,-6.3
2023,2023-09-23,Colorado,Oregon,away,6,42,21.5,-35,83,-13.5,-2.05,,1,0,-1.27,0,1,-0.15,4,Road · Full house · Top-10 opponent,1.4,-3.5
2023,2023-09-23,Florida State,Clemson,away,31,24,-2.0,7,0,5.0,22.15,,5,0,-12.81,0,2,-0.68,4,Road · Full house,1.2,0.7
2023,2023-09-23,Florida,Charlotte,home,22,7,-28.0,15,0,-13.0,-4.14,-8.23,8,22,-9.93,0,0,,4,Night · Group of 5 opponent,1.05,-5.6
2023,2023-09-23,Georgia Tech,Wake Forest,away,30,16,3.5,14,0,17.5,13.06,5.63,7,20,4.19,1,2,0.41,5,Road · Full house,1.2,6.9
2023,2023-09-23,Georgia,UAB,home,49,21,-40.0,28,43,-12.0,6.05,-5.27,6,28,0.09,1,1,0.36,5,Night · Group of 5 opponent,1.05,-0.7
2023,2023-09-23,Iowa State,Oklahoma State,home,34,27,-3.5,7,0,3.5,6.17,-3.89,9,17,-6.79,3,5,1.24,5,,1,0.7
2023,2023-09-23,Northwestern,Minnesota,home,37,34,12.0,3,0,15.0,4.38,,7,17,4.46,1,2,0.55,4,Night,1.05,5.0
2023,2023-09-23,Arkansas,LSU,away,31,34,17.5,-3,0,14.5,4.21,-3.32,3,6,1.53,4,5,3.08,5,Road · Night · Full house · Ranked opponent,1.35,6.9
2023,2023-09-23,Indiana,Akron,home,29,27,-16.5,2,0,-14.5,15.04,,9,10,-20.23,1,4,-0.82,4,Night · Group of 5 opponent,1.05,-5.6
2023,2023-09-23,Notre Dame,Ohio State,home,14,17,3.0,-3,0,0.0,-3.13,,5,7,-4.43,0,0,,3,Night · Top-10 opponent,1.25,-1.9
2023,2023-09-23,Kentucky,Vanderbilt,away,45,28,-13.0,32,26,19.0,14.07,12.33,8,31,5.67,0,0,,4,Road,1.1,8.6
2023,2023-09-23,Louisville,Boston College,home,56,28,-14.0,42,68,28.0,11.0,21.82,4,28,15.11,0,0,,4,,1,11.9
2023,2023-09-23,LSU,Arkansas,home,34,31,-17.5,3,0,-14.5,-6.48,,2,0,-6.83,4,5,1.68,4,Night,1.05,-2.6
2023,2023-09-23,North Carolina,Pittsburgh,away,41,24,-7.0,17,0,10.0,11.14,3.35,6,17,-0.02,2,3,0.86,5,Road · Night,1.15,4.6
2023,2023-09-23,UCF,Kansas State,away,31,44,6.0,-13,0,-7.0,-1.87,,3,14,7.64,1,4,-0.1,4,Road · Night · Full house,1.25,0.9
2023,2023-09-23,Pittsburgh,North Carolina,home,24,41,7.0,-17,0,-10.0,-13.41,,4,0,-8.27,2,3,1.2,4,Night · Ranked opponent,1.15,-4.5
2023,2023-09-23,Kansas State,UCF,home,44,31,-6.0,13,0,7.0,-0.4,-0.15,6,28,11.31,2,4,0.51,5,Night,1.05,3.7
2023,2023-09-23,California,Washington,away,32,59,20.5,-33,84,-12.5,-25.89,,2,7,4.35,0,2,-0.32,4,Road · Night · Full house · Top-10 opponent,1.45,-7.5
2023,2023-09-23,Washington,California,home,59,32,-20.5,33,84,12.5,23.62,9.55,4,24,9.68,1,1,0.51,5,Night,1.05,8.7
2023,2023-09-23,USC,Arizona State,away,42,28,-34.5,14,0,-20.5,-2.92,-13.5,5,10,-11.74,4,5,1.0,5,Road · Night · Full house,1.25,-7.0
2023,2023-09-23,Arizona State,USC,home,28,42,34.5,-14,0,20.5,0.65,,3,7,5.34,1,3,0.86,4,Night · Top-10 opponent,1.25,6.9
2023,2023-09-29,NC State,Louisville,home,10,13,3.5,-3,0,0.5,6.22,-10.37,8,7,-11.07,0,3,-0.89,5,Night,1.05,-3.6
2023,2023-09-29,Louisville,NC State,away,13,10,-3.5,3,0,-0.5,-8.49,,10,13,-13.44,0,1,-0.35,4,Road · Night · Full house,1.25,-6.3
2023,2023-09-30,Boston College,Virginia,home,27,24,-5.0,3,0,-2.0,-5.88,,8,21,-0.81,1,2,0.27,4,,1,-0.9
2023,2023-09-30,Maryland,Indiana,home,44,17,-14.5,34,54,19.5,15.37,16.57,5,21,4.76,0,1,-0.44,5,,1,7.1
2023,2023-09-30,Michigan State,Iowa,away,16,26,10.0,-10,0,0.0,-20.89,,8,9,-6.21,0,5,-1.22,4,Road · Night · Full house,1.25,-8.0
2023,2023-09-30,Michigan,Nebraska,away,45,7,-17.5,35,59,17.5,19.99,13.06,4,21,7.34,0,0,,4,Road · Full house,1.2,10.7
2023,2023-09-30,Minnesota,Louisiana,home,35,24,-9.5,11,0,1.5,9.06,-3.91,5,21,6.13,1,3,-0.2,5,Group of 5 opponent,0.85,1.6
2023,2023-09-30,Missouri,Vanderbilt,away,38,21,-14.0,17,0,3.0,-5.66,0.82,7,17,-5.55,1,1,0.56,5,Road,1.1,-0.7
2023,2023-09-30,Ole Miss,LSU,home,55,49,3.0,6,0,9.0,4.46,-5.62,4,14,4.85,6,7,3.9,5,Ranked opponent,1.1,6.2
2023,2023-09-30,Duke,Notre Dame,home,14,21,5.5,-7,0,-1.5,-1.6,,7,7,-8.04,0,2,-0.56,4,Night · Ranked opponent,1.15,-3.4
2023,2023-09-30,Nebraska,Michigan,home,7,45,17.5,-35,59,-17.5,-22.26,,1,0,-1.49,0,1,-0.18,4,Top-10 opponent,1.2,-7.8
2023,2023-09-30,Rutgers,Wagner,home,52,3,-46.0,35,41,-11.0,13.05,2.71,4,24,4.07,0,0,,4,FCS opponent,0.6,1.3
2023,2023-09-30,Syracuse,Clemson,home,14,31,7.0,-17,0,-10.0,-6.17,,7,7,-7.46,0,1,-0.27,4,,1,-4.4
2023,2023-09-30,Auburn,Georgia,home,20,27,14.0,-7,0,7.0,3.63,-9.08,5,17,8.59,1,5,-0.06,5,Top-10 opponent,1.2,2.0
2023,2023-09-30,Oklahoma,Iowa State,home,50,20,-19.5,27,34,7.5,6.96,7.05,6,13,-8.14,1,1,0.52,5,Night,1.05,1.9
2023,2023-09-30,UCF,Baylor,home,35,36,-8.0,7,7,-1.0,-5.0,-10.16,4,21,9.43,0,2,-0.78,5,,1,-1.0
2023,2023-09-30,Penn State,Northwestern,away,41,13,-27.0,28,8,1.0,7.56,5.28,8,41,9.51,0,2,-1.08,5,Road,1.1,3.0
2023,2023-09-29,Cincinnati,BYU,away,27,35,0.0,-8,0,-8.0,-23.72,,6,17,2.29,0,1,-0.32,4,Road · Night · Full house,1.25,-5.9
2023,2023-09-30,Clemson,Syracuse,away,31,14,-7.0,17,0,10.0,3.9,0.35,11,28,-3.2,0,1,-0.38,5,Road,1.1,0.9
2023,2023-09-30,Iowa,Michigan State,home,26,16,-10.0,10,0,0.0,18.62,-4.16,10,16,-14.01,0,4,-1.62,5,Night,1.05,-2.4
2023,2023-09-30,Kansas,Texas,away,14,40,15.5,-26,19,-10.5,18.72,,2,0,-3.2,0,2,-0.4,4,Road · Full house · Top-10 opponent,1.4,0.9
2023,2023-09-30,Vanderbilt,Missouri,home,21,38,14.0,-17,0,-3.0,3.38,,4,7,0.27,1,2,0.58,4,Ranked opponent,1.1,1.3
2023,2023-09-30,Baylor,UCF,away,36,35,8.0,-7,7,1.0,2.72,,4,10,1.95,0,1,-0.26,4,Road · Full house,1.2,1.1
2023,2023-09-30,Stanford,Oregon,home,6,42,27.0,-29,37,-2.0,-5.6,,2,3,1.07,0,2,-0.21,4,Top-10 opponent,1.2,-1.2
2023,2023-09-30,Texas A&M,Arkansas,neutral,34,22,-6.5,12,0,5.5,-11.86,-1.4,6,7,-9.85,3,4,1.5,5,,1,-1.4
2023,2023-09-30,Houston,Texas Tech,away,28,49,9.0,-21,0,-12.0,-36.52,,3,0,-5.87,2,5,0.74,4,Road,1.1,-8.9
2023,2023-09-30,Oregon,Stanford,away,42,6,-27.0,29,37,2.0,3.33,1.28,5,28,8.32,0,2,-1.08,5,Road,1.1,1.7
2023,2023-09-30,California,Arizona State,home,24,21,-13.0,3,0,-10.0,10.31,-12.67,8,24,-1.33,0,4,-1.71,5,,1,-3.3
2023,2023-09-30,Purdue,Illinois,home,44,19,0.0,31,33,31.0,17.09,21.87,6,17,2.29,2,3,1.03,5,,1,10.2
2023,2023-09-30,Texas,Kansas,home,40,14,-15.5,26,19,10.5,-20.99,9.07,7,31,7.87,1,2,0.1,5,Ranked opponent,1.1,1.6
2023,2023-09-29,BYU,Cincinnati,home,35,27,0.0,8,0,8.0,21.45,-2.13,5,7,-5.26,2,4,0.71,5,Night,1.05,3.4
2023,2023-09-29,Utah,Oregon State,away,7,21,4.0,-14,0,-10.0,1.46,,7,7,-8.62,0,1,-0.29,4,Road · Night · Ranked opponent · Group of 5 opponent,1.25,-4.3
2023,2023-09-30,SMU,Charlotte,home,34,16,-22.5,18,0,-4.5,13.24,-6.46,6,17,-5.13,0,0,,4,Night · Group of 5 opponent,1.05,-0.5
2023,2023-09-30,South Carolina,Tennessee,away,20,41,12.0,-21,0,-9.0,-8.36,,5,14,5.04,3,6,1.64,4,Road · Night · Full house · Ranked opponent,1.35,1.2
2023,2023-09-30,Virginia,Boston College,away,24,27,5.0,-3,0,2.0,3.61,-13.61,7,10,-5.23,1,4,-0.13,5,Road · Full house,1.2,-2.7
2023,2023-09-30,Tennessee,South Carolina,home,41,20,-12.0,21,0,9.0,6.09,1.83,6,13,-5.67,2,4,0.32,5,Night,1.05,1.5
2023,2023-09-30,Texas Tech,Houston,home,49,28,-9.0,21,0,12.0,34.24,3.34,6,14,-3.68,2,2,1.21,5,,1,6.9
2023,2023-09-30,USC,Colorado,away,48,41,-22.5,7,0,-15.5,11.29,-17.46,8,35,5.49,0,0,,4,Road · Full house,1.2,-1.8
2023,2023-09-30,Illinois,Purdue,away,19,44,0.0,-31,33,-31.0,-19.36,,4,7,-2.81,1,3,0.03,4,Road · Full house,1.2,-9.5
2023,2023-09-30,Colorado,USC,home,41,48,22.5,-7,0,15.5,-13.57,,6,14,6.72,0,1,-0.14,4,Top-10 opponent,1.2,1.8
2023,2023-09-30,Florida,Kentucky,away,14,33,1.0,-19,0,-18.0,-7.97,,3,7,-0.19,0,1,-0.32,4,Road · Full house,1.2,-4.9
2023,2023-09-30,Georgia Tech,Bowling Green,home,27,38,-21.0,-11,0,-32.0,-9.52,-34.7,4,14,-0.43,0,3,-1.48,5,Group of 5 opponent,1,-10.9
2023,2023-09-30,Georgia,Auburn,away,27,20,-14.0,7,0,-7.0,-5.9,,6,13,-6.33,1,3,-0.31,4,Road · Full house,1.2,-4.4
2023,2023-09-30,Iowa State,Oklahoma,away,20,50,19.5,-27,34,-7.5,-9.23,,3,3,-1.14,2,4,1.33,4,Road · Night · Full house · Ranked opponent,1.35,-1.3
2023,2023-09-30,Northwestern,Penn State,home,13,41,27.0,-28,8,-1.0,-9.83,,4,7,3.13,0,3,-0.32,4,Top-10 opponent,1.2,-1.5
2023,2023-09-30,Arkansas,Texas A&M,neutral,22,34,6.5,-12,0,-5.5,9.59,,6,10,-2.56,1,3,0.19,4,,1,0.7
2023,2023-09-30,Indiana,Maryland,away,17,44,14.5,-34,54,-19.5,-17.64,,3,0,-4.96,1,1,0.79,4,Road,1.1,-6.2
2023,2023-09-30,Notre Dame,Duke,away,21,14,-5.5,7,0,1.5,-0.67,-4.9,8,13,-9.03,0,2,-0.74,5,Road · Night · Full house · Ranked opponent,1.35,-3.9
2023,2023-09-30,Arizona State,California,away,21,24,13.0,-3,0,10.0,-12.58,,8,3,-10.89,1,2,0.56,4,Road,1.1,-2.8
2023,2023-09-30,Kentucky,Florida,home,33,14,-1.0,19,0,18.0,5.7,9.37,7,27,9.46,0,0,,4,Ranked opponent,1.1,7.4
2023,2023-09-30,LSU,Ole Miss,away,49,55,-3.0,-6,0,-9.0,-6.73,-15.64,3,7,-0.85,1,4,-0.39,5,Road · Full house · Ranked opponent,1.3,-5.8
2023,2023-09-30,Arizona,Washington,home,24,31,19.5,-7,0,12.5,2.32,,3,7,2.86,0,1,-0.17,4,Night · Top-10 opponent,1.25,3.5
2023,2023-09-30,Pittsburgh,Virginia Tech,away,21,38,-3.0,-17,0,-20.0,-0.34,,5,0,-13.08,1,2,0.3,4,Road · Night · Full house,1.25,-6.8
2023,2023-09-30,Virginia Tech,Pittsburgh,home,38,21,3.0,17,0,20.0,-1.94,5.38,8,38,19.71,0,2,-0.6,5,Night,1.05,6.3
2023,2023-09-30,TCU,West Virginia,home,21,24,-14.0,-3,0,-17.0,-14.09,,8,14,-11.77,1,4,-0.74,4,Night,1.05,-8.8
2023,2023-09-30,Washington,Arizona,away,31,24,-19.5,7,0,-12.5,-4.59,-15.95,5,21,3.38,1,1,0.52,5,Road · Night · Full house,1.25,-3.6
2023,2023-09-30,West Virginia,TCU,away,24,21,14.0,3,0,17.0,11.82,,8,17,3.55,1,3,0.37,4,Road · Night · Full house,1.25,7.3
2023,2023-09-30,Alabama,Mississippi State,away,40,17,-16.5,23,14,6.5,11.61,1.56,6,20,-0.15,1,1,0.54,5,Road · Night · Full house,1.25,3.9
2023,2023-09-30,Mississippi State,Alabama,home,17,40,16.5,-23,14,-6.5,-13.88,,3,0,-4.63,0,1,-0.19,4,Night · Ranked opponent,1.15,-5.1
2023,2023-10-06,Oklahoma State,Kansas State,home,29,21,10.0,8,0,18.0,4.35,3.91,7,19,5.69,0,2,-0.49,5,Night,1.05,4.0
2023,2023-10-06,Kansas State,Oklahoma State,away,21,29,-10.0,-8,0,-18.0,-6.62,,5,0,-15.01,0,2,-0.81,4,Road · Night · Full house,1.25,-10.1
2023,2023-10-07,Boston College,Army,away,27,24,4.0,3,0,7.0,-7.19,-4.11,4,14,5.07,2,4,0.83,5,Road · Group of 5 opponent,0.95,1.1
2023,2023-10-07,Maryland,Ohio State,away,17,37,17.5,-20,0,-2.5,-10.88,-20.32,5,10,2.56,0,3,-0.55,5,Road · Full house · Top-10 opponent,1.4,-6.2
2023,2023-10-07,Michigan,Minnesota,away,52,10,-20.0,35,35,15.0,9.83,15.8,7,38,13.14,2,3,0.55,5,Road · Night · Full house,1.25,10.4
2023,2023-10-07,Minnesota,Michigan,home,10,52,20.0,-35,35,-15.0,-12.1,,2,0,-2.7,2,4,1.35,4,Night · Top-10 opponent,1.25,-3.6
2023,2023-10-07,Missouri,LSU,home,39,49,6.5,-10,0,-3.5,-8.92,-20.86,4,14,5.62,3,5,1.64,5,Ranked opponent,1.1,-1.8
2023,2023-10-07,Ole Miss,Arkansas,home,27,20,-10.5,7,0,-3.5,1.94,-7.42,6,17,-1.17,2,4,0.37,5,Night,1.05,-0.9
2023,2023-10-07,NC State,Marshall,home,48,41,-6.0,7,0,1.0,6.37,-9.15,10,31,3.19,3,7,0.4,5,Group of 5 opponent,0.85,0.7
2023,2023-10-07,North Carolina,Syracuse,home,40,7,-9.0,30,46,21.0,-6.43,16.34,5,31,16.27,0,0,,4,,1,7.9
2023,2023-10-07,Wake Forest,Clemson,away,12,17,20.0,-5,0,15.0,2.91,,7,3,-6.46,1,2,0.67,4,Road · Full house,1.2,2.4
2023,2023-10-06,Nebraska,Illinois,away,20,7,3.5,13,0,16.5,12.06,5.63,9,13,-7.33,0,0,,4,Road · Night · Full house,1.25,4.1
2023,2023-10-07,Rutgers,Wisconsin,away,13,24,13.0,-11,0,2.0,-5.0,,8,14,0.11,0,1,-0.22,4,Road · Full house,1.2,-0.7
2023,2023-10-07,Syracuse,North Carolina,away,7,40,9.0,-30,46,-21.0,4.16,,0,0,,0,1,-0.25,3,Road · Full house · Ranked opponent,1.3,-4.5
2023,2023-10-07,Ohio State,Maryland,home,37,17,-17.5,20,0,2.5,8.61,2.06,6,16,-4.48,1,2,0.07,5,,1,1.0
2023,2023-10-07,Oklahoma,Texas,neutral,34,30,5.0,4,0,9.0,7.39,-2.61,5,10,-0.88,2,5,0.58,5,Top-10 opponent,1.2,2.5
2023,2023-10-07,UCF,Kansas,away,22,51,3.0,-36,55,-33.0,-20.24,,1,0,-2.29,0,1,-0.3,4,Road · Full house,1.2,-10.4
2023,2023-10-07,Clemson,Wake Forest,home,17,12,-20.0,5,0,-15.0,-5.19,-15.2,8,10,-18.41,1,2,0.03,5,,1,-7.8
2023,2023-10-07,Iowa,Purdue,home,20,14,-3.5,6,0,2.5,10.09,-4.89,11,20,-9.08,0,1,-0.35,5,,1,-1.0
2023,2023-10-07,Kansas,UCF,home,51,22,-3.0,36,55,33.0,17.97,6.36,5,24,10.92,0,0,,4,,1,10.2
2023,2023-10-07,Vanderbilt,Florida,away,14,38,18.5,-24,15,-5.5,-10.66,,4,7,1.26,0,2,-0.35,4,Road · Full house,1.2,-3.0
2023,2023-10-07,Texas A&M,Alabama,home,20,26,1.5,-6,0,-4.5,-3.82,,7,20,3.42,0,4,-1.25,4,Ranked opponent,1.1,-2.0
2023,2023-10-07,Purdue,Iowa,away,14,20,3.5,-6,0,-2.5,-12.37,,9,14,-6.33,0,2,-0.59,4,Road · Full house,1.2,-5.4
2023,2023-10-07,Texas,Oklahoma,neutral,30,34,-5.0,-4,0,-9.0,-9.66,,5,13,-0.63,2,4,0.54,4,Ranked opponent,1.1,-2.3
2023,2023-10-07,Virginia,William & Mary,home,27,13,-8.5,14,0,5.5,-10.27,-3.41,5,17,2.41,1,2,0.22,5,FCS opponent,1,-0.4
2023,2023-10-07,Virginia Tech,Florida State,away,17,39,25.5,-22,0,3.5,-11.17,,4,10,5.8,0,1,-0.12,4,Road · Full house · Top-10 opponent,1.4,0.1
2023,2023-10-07,UCLA,Washington State,home,25,17,-3.5,8,0,4.5,-20.19,,13,27,-7.37,0,3,-1.06,4,Ranked opponent · Group of 5 opponent,1.1,-6.3
2023,2023-10-07,Wisconsin,Rutgers,home,24,13,-13.0,11,0,-2.0,2.72,-4.67,9,7,-21.5,0,0,,4,,1,-5.0
2023,2023-10-07,Alabama,Texas A&M,away,26,20,-1.5,6,0,4.5,1.55,-2.88,7,21,3.26,1,4,-0.34,5,Road · Full house,1.2,0.9
2023,2023-10-07,Mississippi State,Western Michigan,home,41,28,-21.5,13,0,-8.5,9.15,-6.95,8,34,4.93,0,0,,4,Group of 5 opponent,0.85,0.5
2023,2023-10-06,Illinois,Nebraska,home,7,20,-3.5,-13,0,-16.5,-14.34,,8,7,-14.15,0,1,-0.35,4,Night,1.05,-8.8
2023,2023-10-07,Colorado,Arizona State,away,27,24,-3.0,3,0,0.0,11.52,,8,24,3.07,1,4,-0.39,4,Road · Full house,1.2,2.9
2023,2023-10-07,Florida State,Virginia Tech,home,39,17,-25.5,22,0,-3.5,8.9,-4.97,7,24,-2.98,1,1,0.47,5,,1,0.1
2023,2023-10-07,Florida,Vanderbilt,home,38,14,-18.5,24,15,5.5,8.38,1.56,7,35,10.72,0,1,-0.47,5,,1,3.7
2023,2023-10-07,Georgia,Kentucky,home,51,13,-15.0,31,35,16.0,-8.95,10.32,5,28,11.62,0,0,,4,Night · Ranked opponent,1.15,5.7
2023,2023-10-07,Northwestern,Howard,home,23,20,-23.0,3,0,-20.0,6.59,-16.71,5,7,-11.58,0,0,,4,FCS opponent,1,-6.3
2023,2023-10-07,Arkansas,Ole Miss,away,20,27,10.5,-7,0,3.5,-4.21,,6,20,8.76,0,4,-0.96,4,Road · Night · Full house · Ranked opponent,1.35,1.2
2023,2023-10-07,Notre Dame,Louisville,away,20,33,-7.0,-13,0,-20.0,-9.41,,5,10,-4.18,1,3,-0.14,4,Road · Night · Full house · Ranked opponent,1.35,-7.2
2023,2023-10-07,Arizona State,Colorado,home,24,27,3.0,-3,0,0.0,-13.79,,7,14,-2.0,1,4,-0.2,4,,1,-2.9
2023,2023-10-07,Kentucky,Georgia,away,13,51,15.0,-31,35,-16.0,6.68,,1,7,5.37,0,1,-0.2,4,Road · Night · Full house · Top-10 opponent,1.45,0.3
2023,2023-10-07,Louisville,Notre Dame,home,33,20,7.0,13,0,20.0,7.14,6.4,9,23,4.4,2,3,1.2,5,Night · Top-10 opponent,1.25,7.7
2023,2023-10-07,LSU,Missouri,away,49,39,-6.5,10,0,3.5,6.65,-2.4,5,24,9.96,2,4,0.5,5,Road · Full house · Ranked opponent,1.3,4.5
2023,2023-10-07,Arizona,USC,away,41,43,22.0,-2,0,20.0,-18.42,-0.05,6,17,9.55,2,5,1.26,5,Road · Night · Full house · Top-10 opponent,1.45,4.3
2023,2023-10-07,Baylor,Texas Tech,home,14,39,-1.0,-25,6,-26.0,-25.94,,5,3,-9.53,0,1,-0.33,4,Night,1.05,-11.0
2023,2023-10-07,Miami,Georgia Tech,home,20,23,-20.0,-3,0,-23.0,-24.45,-22.2,8,13,-15.41,1,4,-0.94,5,Night,1.05,-13.1
2023,2023-10-07,California,Oregon State,home,40,52,10.0,-12,0,-2.0,-10.72,,2,10,6.2,0,2,-0.49,4,Night · Ranked opponent · Group of 5 opponent,1.15,-1.1
2023,2023-10-07,TCU,Iowa State,away,14,27,-6.5,-13,0,-19.5,-19.06,,7,7,-12.66,1,2,0.25,4,Road · Night · Full house,1.25,-10.6
2023,2023-10-07,Texas Tech,Baylor,away,39,14,1.0,25,6,26.0,23.66,12.37,8,21,1.83,0,0,,4,Road · Night · Full house,1.25,11.5
2023,2023-10-07,USC,Arizona,home,43,41,-22.0,2,0,-20.0,16.15,,5,21,2.69,3,5,0.5,4,Night,1.05,1.5
2023,2023-10-07,Georgia Tech,Miami,away,23,20,20.0,3,0,23.0,22.18,,8,17,6.19,0,3,-0.49,4,Road · Night · Full house · Ranked opponent,1.35,10.8
2023,2023-10-07,Iowa State,TCU,home,27,14,6.5,13,0,19.5,16.79,7.14,10,27,6.06,0,1,-0.27,5,Night,1.05,6.6
2023,2023-10-12,Houston,West Virginia,home,41,39,3.0,2,0,5.0,16.25,-6.62,5,21,9.57,0,2,-0.6,5,Night,1.05,3.3
2023,2023-10-12,SMU,East Carolina,away,31,10,-11.5,21,0,9.5,15.44,2.08,11,24,-9.92,0,1,-0.42,5,Road · Night · Group of 5 opponent,1.0,1.2
2023,2023-10-12,West Virginia,Houston,away,39,41,-3.0,-2,0,-5.0,-18.52,,6,10,-5.7,2,3,0.96,4,Road · Night · Full house,1.25,-4.7
2023,2023-10-14,Arizona,Washington State,away,44,6,7.5,24,39,31.5,-1.27,17.65,7,27,12.73,1,1,0.74,5,Road · Night · Full house · Ranked opponent · Group of 5 opponent,1.2,10.8
2023,2023-10-14,Maryland,Illinois,home,24,27,-13.5,-3,0,-16.5,-9.47,,7,17,-5.36,0,2,-0.86,4,,1,-6.1
2023,2023-10-14,Michigan State,Rutgers,away,24,27,4.0,-3,0,1.0,1.8,-11.11,5,10,-1.16,0,4,-1.17,5,Road · Full house,1.2,-2.9
2023,2023-10-14,Michigan,Indiana,home,52,7,-33.0,31,51,-2.0,13.07,1.25,5,21,-0.33,1,1,0.41,5,,1,2.2
2023,2023-10-14,Missouri,Kentucky,away,38,21,1.5,17,0,18.5,9.33,4.63,7,23,6.42,1,2,0.38,5,Road · Night · Full house · Ranked opponent,1.35,7.6
2023,2023-10-14,North Carolina,Miami,home,41,31,-3.0,10,0,7.0,9.97,-1.64,8,24,3.07,1,2,0.3,5,Night · Ranked opponent,1.15,3.3
2023,2023-10-14,Wake Forest,Virginia Tech,away,13,30,1.5,-17,0,-15.5,3.18,,6,0,-14.21,0,1,-0.31,4,Road · Full house,1.2,-6.3
2023,2023-10-14,Rutgers,Michigan State,home,27,24,-4.0,3,0,-1.0,-4.07,,4,10,-0.69,1,2,0.29,4,,1,-0.4
2023,2023-10-14,Syracuse,Florida State,away,3,41,18.5,-24,38,-5.5,-6.73,,5,0,-7.17,0,1,-0.18,4,Road · Full house · Top-10 opponent,1.4,-5.1
2023,2023-10-14,Ohio State,Purdue,away,41,7,-17.0,34,60,17.0,9.03,13.31,5,21,4.07,0,0,,4,Road · Full house,1.2,7.9
2023,2023-10-14,Oklahoma State,Kansas,home,39,32,3.0,7,0,10.0,-0.37,-4.62,7,27,11.0,1,4,-0.2,5,Ranked opponent,1.1,2.7
2023,2023-10-14,Auburn,LSU,away,18,48,11.0,-31,23,-20.0,-6.79,,2,0,-3.69,0,1,-0.24,4,Road · Night · Full house · Ranked opponent,1.35,-6.6
2023,2023-10-14,Penn State,Massachusetts,home,63,0,-42.0,35,70,-7.0,8.92,0.72,4,21,1.95,0,0,,4,Group of 5 opponent,0.85,1.1
2023,2023-10-14,Cincinnati,Iowa State,home,10,30,-4.0,-20,0,-24.0,-5.75,,3,0,-8.01,1,2,0.29,4,,1,-5.7
2023,2023-10-14,Pittsburgh,Louisville,home,38,21,7.0,17,0,24.0,32.56,11.4,9,31,12.4,0,2,-0.53,5,Ranked opponent,1.1,11.5
2023,2023-10-14,Iowa,Wisconsin,away,15,6,8.5,9,0,17.5,18.02,5.15,10,13,-6.84,0,2,-0.51,5,Road · Full house,1.2,3.9
2023,2023-10-14,Kansas,Oklahoma State,away,32,39,-3.0,-7,0,-10.0,-1.9,,4,7,-3.47,1,5,-0.74,4,Road · Full house,1.2,-3.9
2023,2023-10-14,Kansas State,Texas Tech,away,38,21,1.0,17,0,18.0,19.79,8.37,8,28,8.83,1,2,0.37,5,Road · Night · Full house,1.25,9.9
2023,2023-10-14,Vanderbilt,Georgia,home,20,37,32.5,-17,0,15.5,13.54,,2,7,5.67,0,2,-0.13,4,Top-10 opponent,1.2,7.0
2023,2023-10-14,Miami,North Carolina,away,31,41,3.0,-10,0,-7.0,-12.24,,5,14,2.57,0,3,-0.9,4,Road · Night · Full house · Ranked opponent,1.35,-4.5
2023,2023-10-13,Stanford,Colorado,away,46,43,13.5,-3,19,10.5,-1.62,,4,24,17.16,2,3,1.35,4,Road · Night · Full house,1.25,9.1
2023,2023-10-14,Texas A&M,Tennessee,away,13,20,3.0,-7,0,-4.0,-3.81,,7,7,-9.0,1,3,0.1,4,Road · Full house · Ranked opponent,1.3,-4.0
2023,2023-10-14,Oregon,Washington,away,33,36,3.0,-3,0,0.0,-16.81,,5,14,2.57,3,4,1.8,4,Road · Full house · Top-10 opponent,1.4,0.4
2023,2023-10-14,California,Utah,away,14,34,9.5,-20,0,-10.5,-1.93,,4,14,6.28,0,1,-0.25,4,Road · Full house · Ranked opponent,1.3,-0.4
2023,2023-10-14,Purdue,Ohio State,home,7,41,17.0,-34,60,-17.0,-11.3,,2,0,-3.03,0,1,-0.19,4,Top-10 opponent,1.2,-6.0
2023,2023-10-14,BYU,TCU,away,11,44,5.0,-33,65,-28.0,0.96,,3,0,-6.53,0,1,-0.28,4,Road,1.1,-6.0
2023,2023-10-14,Utah,California,home,34,14,-9.5,20,0,10.5,-0.34,6.09,7,31,10.18,0,1,-0.4,5,,1,3.6
2023,2023-10-14,South Carolina,Florida,home,39,41,0.0,-2,0,-2.0,-0.02,-11.13,3,14,6.65,3,7,0.73,5,,1,0.4
2023,2023-10-14,Virginia Tech,Wake Forest,home,30,13,-1.5,17,0,15.5,-5.45,7.12,9,20,-2.8,0,0,,4,,1,1.8
2023,2023-10-14,TCU,BYU,home,44,11,-5.0,33,65,28.0,-3.23,17.35,6,17,0.64,0,0,,4,,1,6.0
2023,2023-10-14,Tennessee,Texas A&M,home,20,13,-3.0,7,0,4.0,1.54,,6,13,-2.7,0,3,-1.04,4,,1,-1.0
2023,2023-10-14,Washington,Oregon,home,36,33,-3.0,3,0,0.0,14.53,-8.64,4,21,10.53,2,5,0.26,5,Top-10 opponent,1.2,3.7
2023,2023-10-14,Texas Tech,Kansas State,home,21,38,-1.0,-17,0,-18.0,-22.06,,5,7,-5.53,0,2,-0.66,4,Night,1.05,-8.6
2023,2023-10-14,Wisconsin,Iowa,home,6,15,-8.5,-9,0,-17.5,-20.29,,10,3,-26.19,0,3,-1.18,4,,1,-13.6
2023,2023-10-14,USC,Notre Dame,away,20,48,3.0,-28,8,-25.0,-33.96,,5,17,5.57,0,2,-0.6,4,Road · Night · Full house · Ranked opponent,1.35,-11.2
2023,2023-10-14,Alabama,Arkansas,home,24,21,-19.0,3,0,-16.0,-13.02,-20.7,6,17,-3.98,1,3,-0.43,5,,1,-7.3
2023,2023-10-14,Illinois,Maryland,away,27,24,13.5,3,0,16.5,7.19,0.67,7,17,5.04,1,4,0.14,5,Road,1.1,4.5
2023,2023-10-13,Colorado,Stanford,home,43,46,-13.5,3,19,-10.5,-0.65,-16.93,4,28,15.22,1,4,-0.73,5,Night,1.05,-1.3
2023,2023-10-14,Florida State,Syracuse,home,41,3,-18.5,24,38,5.5,4.46,5.56,10,27,-7.69,1,1,0.53,5,,1,1.2
2023,2023-10-14,Florida,South Carolina,away,41,39,0.0,2,0,2.0,-2.25,,5,17,4.74,3,5,1.38,4,Road · Full house,1.2,3.6
2023,2023-10-14,Georgia,Vanderbilt,away,37,20,-32.5,17,0,-15.5,-15.81,-8.49,5,24,2.81,0,1,-0.58,5,Road,1.1,-5.3
2023,2023-10-14,Iowa State,Cincinnati,away,30,10,4.0,20,0,24.0,3.48,12.89,7,20,4.38,1,1,0.71,5,Road · Full house,1.2,7.8
2023,2023-10-14,Arkansas,Alabama,away,21,24,19.0,-3,0,16.0,10.75,,6,20,11.56,0,2,-0.34,4,Road · Full house · Ranked opponent,1.3,8.6
2023,2023-10-14,Indiana,Michigan,away,7,52,33.0,-31,51,2.0,-15.34,,2,7,5.73,0,2,-0.12,4,Road · Full house · Top-10 opponent,1.4,-1.2
2023,2023-10-14,Notre Dame,USC,home,48,20,-3.0,28,8,25.0,31.69,13.36,8,24,3.07,1,1,0.65,5,Night · Top-10 opponent,1.25,12.6
2023,2023-10-14,Kentucky,Missouri,home,21,38,-1.5,-17,0,-18.5,-11.6,-30.88,5,21,8.33,0,3,-1.01,5,Night,1.05,-7.4
2023,2023-10-14,Louisville,Pittsburgh,away,21,38,-7.0,-17,0,-24.0,-34.83,,7,7,-12.85,2,4,0.48,4,Road,1.1,-12.7
2023,2023-10-14,LSU,Auburn,home,48,18,-11.0,31,23,20.0,4.52,16.33,6,24,5.66,0,0,,4,Night,1.05,7.5
2023,2023-10-14,Duke,NC State,home,24,3,-4.0,21,0,17.0,20.06,5.86,9,24,-0.04,0,1,-0.36,5,Night,1.05,5.3
2023,2023-10-14,NC State,Duke,away,3,24,4.0,-21,0,-17.0,-22.34,,6,3,-10.39,0,2,-0.58,4,Road · Night · Full house · Ranked opponent,1.35,-12.4
2023,2023-10-14,UCLA,Oregon State,away,24,36,3.5,-12,0,-8.5,-14.44,,4,3,-6.04,0,3,-0.89,4,Road · Night · Ranked opponent · Group of 5 opponent,1.25,-7.5
2023,2023-10-20,SMU,Temple,away,55,0,-24.0,31,79,7.0,5.13,5.79,6,24,1.37,0,0,,4,Road · Night · Group of 5 opponent,1.0,3.1
2023,2023-10-21,Boston College,Georgia Tech,away,38,23,6.0,15,0,21.0,2.2,3.89,6,17,4.27,2,4,0.9,5,Road,1.1,5.4
2023,2023-10-21,Michigan State,Michigan,home,0,49,25.5,-35,72,-9.5,-11.5,,1,0,-1.05,0,1,-0.12,4,Night · Top-10 opponent,1.25,-4.3
2023,2023-10-21,Michigan,Michigan State,away,49,0,-25.5,35,72,9.5,9.23,9.03,4,21,5.58,0,0,,4,Road · Night · Full house,1.25,6.7
2023,2023-10-21,Minnesota,Iowa,away,12,10,3.5,2,0,5.5,-11.0,,11,9,-15.85,0,2,-0.59,4,Road · Full house · Ranked opponent,1.3,-7.2
2023,2023-10-21,Missouri,South Carolina,home,34,12,-7.5,22,0,14.5,6.28,5.09,6,34,16.82,0,0,,4,,1,7.4
2023,2023-10-21,Ole Miss,Auburn,away,28,21,-6.5,7,0,0.5,-11.03,-9.4,9,21,-4.28,1,2,0.25,5,Road · Night · Full house,1.25,-3.9
2023,2023-10-21,Duke,Florida State,away,20,38,14.0,-18,0,-4.0,-4.35,-20.08,3,10,4.96,1,3,0.37,5,Road · Night · Full house · Top-10 opponent,1.45,-3.4
2023,2023-10-21,North Carolina,Virginia,home,27,31,-24.0,-4,0,-28.0,-11.37,-25.21,8,17,-13.17,2,5,-0.58,5,,1,-11.0
2023,2023-10-21,Wake Forest,Pittsburgh,home,21,17,3.0,4,0,7.0,12.62,,9,21,0.42,0,3,-0.9,4,,1,2.2
2023,2023-10-21,Nebraska,Northwestern,home,17,9,-10.5,8,0,-2.5,5.96,-7.42,8,7,-17.23,2,3,0.78,5,,1,-2.9
2023,2023-10-21,Rutgers,Indiana,away,31,14,-6.0,17,0,11.0,13.25,4.85,5,7,-6.91,1,2,0.26,5,Road,1.1,2.9
2023,2023-10-21,Ohio State,Penn State,home,20,12,-4.0,8,0,4.0,-5.0,-7.14,9,20,-4.04,0,2,-0.71,5,Top-10 opponent,1.2,-3.1
2023,2023-10-21,Oklahoma State,West Virginia,away,48,34,3.0,14,0,17.0,9.75,6.38,5,24,12.57,3,6,1.2,5,Road,1.1,8.5
2023,2023-10-21,Auburn,Ole Miss,home,21,28,6.5,-7,0,-0.5,8.76,,8,14,-2.75,1,3,0.19,4,Night · Ranked opponent,1.15,1.3
2023,2023-10-21,Oklahoma,UCF,home,31,29,-17.0,2,0,-15.0,-3.66,,7,21,-2.7,2,5,-0.3,4,,1,-3.5
2023,2023-10-21,UCF,Oklahoma,away,29,31,17.0,-2,0,15.0,1.39,,8,16,3.87,3,5,2.06,4,Road · Full house · Top-10 opponent,1.4,8.5
2023,2023-10-21,Penn State,Ohio State,away,12,20,4.0,-8,0,-4.0,2.73,,8,10,-7.85,1,3,0.13,4,Road · Full house · Top-10 opponent,1.4,-2.3
2023,2023-10-21,Cincinnati,Baylor,home,29,32,-2.5,-3,0,-5.5,-7.86,,4,0,-10.36,3,5,1.28,4,,1,-2.8
2023,2023-10-21,Pittsburgh,Wake Forest,away,17,21,-3.0,-4,0,-7.0,-14.89,,10,3,-23.16,1,1,0.65,4,Road · Full house,1.2,-9.8
2023,2023-10-21,Iowa,Minnesota,home,10,12,-3.5,-2,0,-5.5,8.73,,9,7,-16.79,0,4,-1.41,4,,1,-5.0
2023,2023-10-21,Kansas State,TCU,home,41,3,-5.5,31,52,25.5,-0.4,15.1,5,20,6.23,0,0,,4,Night,1.05,7.3
2023,2023-10-21,Baylor,Cincinnati,away,32,29,2.5,3,0,5.5,5.58,-11.87,5,9,-2.57,2,4,0.79,5,Road · Full house,1.2,0.1
2023,2023-10-21,Houston,Texas,home,24,31,23.5,-7,0,16.5,-11.96,,5,17,11.21,0,3,-0.41,4,Top-10 opponent,1.2,3.2
2023,2023-10-21,Oregon,Washington State,home,38,24,-19.5,14,0,-5.5,7.03,-5.95,6,21,-0.14,3,3,1.56,5,Group of 5 opponent,0.85,1.0
2023,2023-10-21,Texas,Houston,away,31,24,-23.5,7,0,-16.5,9.69,-17.96,6,17,-5.46,1,2,-0.02,5,Road · Full house,1.2,-4.7
2023,2023-10-21,BYU,Texas Tech,home,27,14,3.0,13,0,16.0,22.62,1.38,8,3,-15.29,1,1,0.7,5,,1,2.8
2023,2023-10-21,South Carolina,Missouri,away,12,34,7.5,-22,0,-14.5,-8.55,,4,3,-5.16,0,1,-0.26,4,Road · Full house · Ranked opponent,1.3,-6.3
2023,2023-10-21,Virginia,North Carolina,away,31,27,24.0,4,0,28.0,9.1,,8,17,7.95,1,4,0.48,4,Road · Full house · Top-10 opponent,1.4,11.4
2023,2023-10-21,TCU,Kansas State,away,3,41,5.5,-31,52,-25.5,-1.87,,1,0,-2.15,0,1,-0.28,4,Road · Night · Full house,1.25,-5.6
2023,2023-10-21,Tennessee,Alabama,away,20,34,8.5,-14,0,-5.5,-22.88,-18.85,6,13,1.1,0,5,-1.28,5,Road · Full house · Ranked opponent,1.3,-9.3
2023,2023-10-21,Texas Tech,BYU,away,14,27,-3.0,-13,0,-16.0,-24.9,,6,14,-1.7,0,1,-0.35,4,Road · Full house,1.2,-8.4
2023,2023-10-21,Wisconsin,Illinois,away,25,21,-3.0,4,0,1.0,-5.08,,6,14,-1.7,0,1,-0.35,4,Road,1.1,-1.5
2023,2023-10-21,West Virginia,Oklahoma State,home,34,48,-3.0,-14,0,-17.0,-12.02,,3,3,-4.85,3,5,1.26,4,,1,-3.7
2023,2023-10-21,Alabama,Tennessee,home,34,20,-8.5,14,0,5.5,20.61,-3.41,8,20,-3.35,0,1,-0.39,5,Ranked opponent,1.1,2.1
2023,2023-10-21,Mississippi State,Arkansas,away,7,3,7.0,4,0,11.0,2.36,,9,7,-11.6,0,1,-0.27,4,Road · Full house,1.2,-1.3
2023,2023-10-21,Illinois,Wisconsin,home,21,25,3.0,-4,0,-1.0,2.81,-15.62,6,21,7.28,0,2,-0.6,5,,1,-1.0
2023,2023-10-21,Florida State,Duke,home,38,20,-14.0,18,0,4.0,2.08,0.82,6,24,4.67,0,1,-0.44,5,Night · Ranked opponent,1.15,1.7
2023,2023-10-21,Georgia Tech,Boston College,home,23,38,-6.0,-15,0,-21.0,-4.47,,6,17,0.31,1,4,-0.49,4,,1,-4.0
2023,2023-10-21,Northwestern,Nebraska,away,9,17,10.5,-8,0,2.5,-8.23,,9,6,-10.86,0,2,-0.48,4,Road · Full house,1.2,-5.0
2023,2023-10-21,Arkansas,Mississippi State,home,3,7,-7.0,-4,0,-11.0,-4.63,,9,3,-22.53,0,1,-0.38,4,,1,-8.1
2023,2023-10-21,Indiana,Rutgers,home,14,31,6.0,-17,0,-11.0,-15.52,,4,7,-1.49,0,3,-0.83,4,,1,-5.3
2023,2023-10-21,LSU,Army,home,62,0,-33.0,38,66,5.0,13.33,8.25,4,21,3.93,0,0,,4,Night · Group of 5 opponent,0.9,4.5
2023,2023-10-21,Clemson,Miami,away,20,28,-6.0,-8,0,-14.0,-13.36,,6,17,0.31,0,5,-1.86,4,Road · Night · Full house,1.25,-7.8
2023,2023-10-21,Miami,Clemson,home,28,20,6.0,8,0,14.0,11.09,,6,10,-2.73,1,3,0.17,4,Night,1.05,3.7
2023,2023-10-21,Stanford,UCLA,home,7,42,17.0,-35,48,-18.0,-13.51,,3,0,-4.55,0,1,-0.19,4,Night · Ranked opponent,1.15,-6.8
2023,2023-10-21,Utah,USC,away,34,32,7.5,2,0,9.5,-9.49,-7.35,5,14,3.81,3,5,1.68,5,Road · Ranked opponent,1.2,1.5
2023,2023-10-21,UCLA,Stanford,away,42,7,-17.0,35,48,18.0,11.24,13.31,6,21,0.68,0,0,,4,Road · Night,1.15,7.3
2023,2023-10-21,Washington,Arizona State,home,15,7,-28.0,8,0,-20.0,12.5,,8,6,-25.93,1,1,0.45,4,Night,1.05,-6.6
2023,2023-10-21,USC,Utah,home,32,34,-7.5,-2,0,-9.5,7.22,,4,14,2.54,2,4,0.46,4,Ranked opponent,1.1,1.5
2023,2023-10-21,Arizona State,Washington,away,7,15,28.0,-8,0,20.0,-14.77,,7,7,0.62,0,2,-0.2,4,Road · Night · Full house · Top-10 opponent,1.45,0.5
2023,2023-10-26,Syracuse,Virginia Tech,away,10,38,2.5,-32,40,-29.5,1.15,,0,0,,0,1,-0.3,3,Road · Night · Full house,1.25,-7.4
2023,2023-10-26,Virginia Tech,Syracuse,home,38,10,-2.5,32,40,29.5,-3.43,21.61,5,23,10.06,0,0,,4,Night,1.05,9.3
2023,2023-10-28,Boston College,UConn,home,21,14,-14.5,7,0,-7.5,-18.57,-13.43,5,14,-2.24,1,2,0.12,5,Group of 5 opponent,1,-5.3
2023,2023-10-28,Maryland,Northwestern,away,27,33,-14.0,-6,0,-20.0,-7.54,,4,3,-9.89,1,3,-0.31,4,Road,1.1,-7.3
2023,2023-10-28,Michigan State,Minnesota,away,12,27,6.5,-15,0,-8.5,-9.2,,7,6,-8.66,0,1,-0.27,4,Road,1.1,-5.5
2023,2023-10-28,Minnesota,Michigan State,home,27,12,-6.5,15,0,8.5,6.93,1.6,8,20,-2.47,1,3,-0.13,5,,1,1.6
2023,2023-10-28,Ole Miss,Vanderbilt,home,33,7,-24.0,26,24,2.0,3.65,4.79,5,27,8.14,0,0,,4,Night,1.05,3.7
2023,2023-10-28,Duke,Louisville,away,0,23,4.5,-23,40,-18.5,-1.21,,4,0,-8.82,0,1,-0.29,4,Road · Ranked opponent,1.2,-6.1
2023,2023-10-28,NC State,Clemson,home,24,17,10.0,7,0,17.0,19.84,2.91,9,17,-0.11,0,2,-0.49,5,,1,4.5
2023,2023-10-28,Wake Forest,Florida State,home,16,41,21.0,-25,23,-4.0,-1.3,,6,7,-0.78,0,1,-0.16,4,Top-10 opponent,1.2,-1.1
2023,2023-10-28,Nebraska,Purdue,home,31,14,1.5,23,10,24.5,11.81,10.63,10,17,-6.69,0,0,,4,,1,5.2
2023,2023-10-28,Ohio State,Wisconsin,away,24,10,-14.5,14,0,-0.5,-4.43,-2.43,9,17,-12.24,2,2,1.12,5,Road · Night · Full house,1.25,-2.6
2023,2023-10-28,Auburn,Mississippi State,home,27,13,-6.5,14,0,7.5,4.12,0.6,6,10,-6.85,1,1,0.62,5,,1,0.9
2023,2023-10-28,Oklahoma,Kansas,away,33,38,-7.5,-5,0,-12.5,-5.33,,5,14,-0.32,1,4,-0.54,4,Road · Full house,1.2,-3.8
2023,2023-10-28,UCF,West Virginia,home,28,41,-6.5,-13,0,-19.5,-16.25,,2,0,-5.62,1,2,0.25,4,,1,-6.3
2023,2023-10-28,Penn State,Indiana,home,33,24,-31.0,9,0,-22.0,8.77,-15.74,7,10,-19.09,1,4,-1.29,5,,1,-8.2
2023,2023-10-28,Pittsburgh,Notre Dame,away,7,58,21.0,-31,59,-10.0,-14.04,,4,0,-5.19,0,1,-0.16,4,Road · Full house · Ranked opponent,1.3,-6.5
2023,2023-10-28,Clemson,NC State,away,17,24,-10.0,-7,0,-17.0,-22.11,,9,3,-24.01,0,1,-0.4,4,Road · Full house,1.2,-14.7
2023,2023-10-28,Kansas,Oklahoma,home,38,33,7.5,5,0,12.5,3.06,-4.35,4,17,8.84,3,5,1.68,5,Top-10 opponent,1.2,5.6
2023,2023-10-28,Kansas State,Houston,home,41,0,-17.5,35,43,17.5,12.44,13.06,4,21,7.34,0,0,,4,,1,7.8
2023,2023-10-28,Vanderbilt,Ole Miss,away,7,33,24.0,-26,24,-2.0,-5.92,,1,0,-1.13,0,1,-0.13,4,Road · Night · Full house · Ranked opponent,1.35,-2.0
2023,2023-10-28,Baylor,Iowa State,home,18,30,3.0,-12,0,-9.0,-3.99,,5,14,2.57,0,1,-0.3,4,,1,-1.4
2023,2023-10-28,Miami,Virginia,home,29,26,-18.5,3,0,-15.5,12.72,,4,10,-3.88,2,5,-0.36,4,,1,-1.2
2023,2023-10-28,Stanford,Washington,home,33,42,27.5,-9,0,18.5,-14.06,,7,24,17.43,1,5,0.49,4,Top-10 opponent,1.2,6.3
2023,2023-10-28,Texas A&M,South Carolina,home,30,17,-17.0,13,0,-4.0,-5.23,-8.69,7,27,3.3,1,2,0.08,5,,1,-1.5
2023,2023-10-28,Houston,Kansas State,away,0,41,17.5,-35,43,-17.5,-14.72,,1,0,-1.49,0,1,-0.18,4,Road · Full house,1.2,-6.3
2023,2023-10-28,Oregon,Utah,away,35,6,-6.5,29,48,22.5,10.37,15.6,6,21,4.15,1,1,0.62,5,Road · Full house · Ranked opponent,1.3,9.8
2023,2023-10-28,California,USC,home,49,50,10.0,-1,0,9.0,-5.76,-6.09,8,21,5.79,1,5,-0.22,5,Ranked opponent,1.1,0.4
2023,2023-10-28,Purdue,Nebraska,away,14,31,-1.5,-23,10,-24.5,-14.08,,7,7,-10.74,0,1,-0.34,4,Road · Full house,1.2,-10.3
2023,2023-10-28,Texas,BYU,home,35,6,-20.5,29,6,8.5,18.11,5.55,8,21,-7.63,1,2,0.02,5,,1,2.8
2023,2023-10-28,BYU,Texas,away,6,35,20.5,-29,6,-8.5,-20.38,,7,6,-3.27,0,1,-0.16,4,Road · Full house · Top-10 opponent,1.4,-7.6
2023,2023-10-28,Utah,Oregon,home,6,35,6.5,-29,48,-22.5,-12.64,,3,6,-0.28,0,1,-0.27,4,Top-10 opponent,1.2,-6.5
2023,2023-10-28,SMU,Tulsa,home,69,10,-20.5,42,104,21.5,11.9,18.55,1,7,3.42,0,0,,4,Group of 5 opponent,0.85,7.0
2023,2023-10-28,South Carolina,Texas A&M,away,17,30,17.0,-13,0,4.0,2.96,,5,7,-0.58,0,2,-0.37,4,Road,1.1,0.7
2023,2023-10-28,Virginia,Miami,away,26,29,18.5,-3,0,15.5,-15.0,-2.81,6,17,8.4,2,4,1.3,5,Road,1.1,2.6
2023,2023-10-28,UCLA,Colorado,home,28,16,-14.0,12,0,-2.0,-12.27,-6.18,7,14,-8.55,1,3,-0.31,5,,1,-4.5
2023,2023-10-28,Tennessee,Kentucky,away,33,27,-4.0,6,0,2.0,1.24,-5.14,4,20,9.31,3,4,1.58,5,Road · Night · Full house,1.25,3.9
2023,2023-10-28,Washington,Stanford,away,42,33,-27.5,9,0,-18.5,11.79,-17.98,7,28,0.25,2,5,-0.72,5,Road,1.1,-3.8
2023,2023-10-28,Wisconsin,Ohio State,home,10,24,14.5,-14,0,0.5,2.16,,7,3,-8.58,0,2,-0.41,4,Night · Top-10 opponent,1.25,-2.5
2023,2023-10-28,West Virginia,UCF,away,41,28,6.5,13,0,19.5,13.98,7.14,6,31,18.44,1,3,0.19,5,Road · Full house,1.2,10.5
2023,2023-10-28,USC,California,away,50,49,-10.0,1,0,-9.0,3.48,-13.16,9,28,0.99,1,4,-0.62,5,Road,1.1,-2.9
2023,2023-10-28,Mississippi State,Auburn,away,13,27,6.5,-14,0,-7.5,-6.39,,5,0,-10.47,1,1,0.73,4,Road · Full house,1.2,-4.3
2023,2023-10-28,Colorado,UCLA,away,16,28,14.0,-12,0,2.0,9.99,,6,6,-4.09,0,2,-0.42,4,Road · Ranked opponent,1.2,0.7
2023,2023-10-28,Florida State,Wake Forest,away,41,16,-21.0,25,23,4.0,-0.97,5.3,9,20,-12.46,1,1,0.51,5,Road · Full house,1.2,-0.8
2023,2023-10-28,Florida,Georgia,neutral,20,43,14.0,-29,36,-15.0,-8.21,,3,0,-5.04,0,2,-0.42,4,Top-10 opponent,1.2,-6.0
2023,2023-10-28,Georgia,Florida,neutral,43,20,-14.0,29,36,15.0,5.94,12.82,6,31,11.67,1,1,0.56,5,,1,7.1
2023,2023-10-28,Iowa State,Baylor,away,30,18,-3.0,12,0,9.0,1.71,1.36,8,20,-0.93,1,1,0.65,5,Road,1.1,2.2
2023,2023-10-28,Northwestern,Maryland,home,33,27,14.0,6,0,20.0,5.27,3.92,6,23,12.91,1,4,0.15,5,,1,6.2
2023,2023-10-28,Indiana,Penn State,away,24,33,31.0,-9,0,22.0,-11.04,,7,24,18.78,0,4,-0.3,4,Road · Full house · Top-10 opponent,1.4,7.9
2023,2023-10-28,Notre Dame,Pittsburgh,home,58,7,-21.0,31,59,10.0,11.76,7.3,7,24,-1.24,0,0,,4,,1,4.1
2023,2023-10-28,Kentucky,Tennessee,home,27,33,4.0,-6,0,-2.0,-3.52,,2,0,-4.46,0,1,-0.29,4,Night · Ranked opponent,1.15,-2.5
2023,2023-10-28,Louisville,Duke,home,23,0,-4.5,23,40,18.5,-1.06,7.61,8,20,-1.59,0,0,,4,Ranked opponent,1.1,3.5
2023,2023-10-28,Arizona,Oregon State,home,27,24,3.0,3,0,6.0,7.8,-4.62,4,21,11.85,1,3,0.1,5,Night · Ranked opponent · Group of 5 opponent,1.0,3.5
2023,2023-10-28,North Carolina,Georgia Tech,away,42,46,-12.0,-4,0,-16.0,1.0,-23.17,5,21,5.44,3,7,0.06,5,Road · Night,1.15,-4.1
2023,2023-10-28,Oklahoma State,Cincinnati,home,45,13,-7.0,31,48,24.0,14.28,18.35,11,31,-0.2,0,1,-0.38,5,Night,1.05,7.1
2023,2023-10-28,Cincinnati,Oklahoma State,away,13,45,7.0,-31,48,-24.0,-16.55,,6,14,1.6,0,2,-0.53,4,Road · Night · Full house,1.25,-7.7
2023,2023-10-28,Georgia Tech,North Carolina,home,46,42,12.0,4,0,16.0,-3.27,,5,28,19.04,1,2,0.55,4,Night · Ranked opponent,1.15,8.3
2023,2023-10-28,Arizona State,Washington State,home,38,27,4.5,11,0,15.5,3.13,4.14,3,7,0.39,4,4,2.85,5,Group of 5 opponent,0.85,4.8
2023,2023-11-02,Duke,Wake Forest,home,24,21,-6.5,3,0,-3.5,16.24,,9,17,-8.28,1,3,-0.13,4,Night,1.05,0.3
2023,2023-11-02,Wake Forest,Duke,away,21,24,6.5,-3,0,3.5,-18.52,,9,21,2.16,0,2,-0.54,4,Road · Night,1.15,-3.0
2023,2023-11-02,TCU,Texas Tech,away,28,35,2.5,-7,0,-4.5,-7.94,,5,14,2.43,1,3,0.09,4,Road · Night · Full house,1.25,-1.3
2023,2023-11-02,Texas Tech,TCU,home,35,28,-2.5,7,0,4.5,5.66,-3.39,6,31,15.47,1,4,-0.37,5,Night,1.05,3.7
2023,2023-11-03,Boston College,Syracuse,away,17,10,-1.5,7,0,5.5,-6.61,,8,17,-3.27,0,2,-0.67,4,Road · Night · Full house,1.25,-2.3
2023,2023-11-03,Syracuse,Boston College,home,10,17,1.5,-7,0,-5.5,4.33,,8,10,-8.95,0,3,-0.93,4,Night,1.05,-3.4
2023,2023-11-04,Maryland,Penn State,home,15,51,7.5,-31,36,-23.5,-12.12,,2,0,-4.08,0,1,-0.26,4,Ranked opponent,1.1,-7.0
2023,2023-11-04,Michigan State,Nebraska,home,20,17,3.0,3,0,6.0,-1.96,-4.62,9,10,-10.58,1,2,0.4,5,,1,-1.7
2023,2023-11-04,Michigan,Purdue,home,41,13,-31.0,28,37,-3.0,7.96,-0.74,8,34,0.75,0,0,,4,Night,1.05,1.2
2023,2023-11-04,Minnesota,Illinois,home,26,27,-2.5,-1,0,-3.5,7.42,,7,13,-5.12,2,4,0.63,4,,1,0.5
2023,2023-11-04,Missouri,Georgia,away,21,30,14.0,-9,0,5.0,-9.43,,3,3,-2.04,1,4,0.15,4,Road · Full house · Top-10 opponent,1.4,-1.4
2023,2023-11-04,Ole Miss,Texas A&M,home,38,35,-3.0,3,0,0.0,-3.87,-11.64,5,28,14.92,0,0,,4,,1,1.1
2023,2023-11-04,North Carolina,Campbell,home,59,7,-38.0,35,56,-3.0,8.62,2.74,5,28,5.29,0,1,-0.63,5,FCS opponent,0.6,1.0
2023,2023-11-04,Nebraska,Michigan State,away,17,20,-3.0,-3,0,-6.0,-0.31,,7,17,-1.31,0,3,-1.04,4,Road,1.1,-2.5
2023,2023-11-04,Rutgers,Ohio State,home,16,35,19.0,-19,0,0.0,-23.35,,6,9,0.56,0,2,-0.34,4,Top-10 opponent,1.2,-4.8
2023,2023-11-04,Ohio State,Rutgers,away,35,16,-19.0,19,0,0.0,21.08,-1.7,6,21,0.02,2,4,0.1,5,Road · Full house,1.2,3.3
2023,2023-11-04,Oklahoma State,Oklahoma,home,27,24,6.0,3,0,9.0,2.97,-3.11,8,20,3.03,0,4,-1.1,5,Top-10 opponent,1.2,0.7
2023,2023-11-04,Auburn,Vanderbilt,away,31,15,-12.5,16,0,3.5,-1.83,-3.42,10,24,-7.39,0,1,-0.42,5,Road,1.1,-2.2
2023,2023-11-04,Oklahoma,Oklahoma State,away,24,27,-6.0,-3,0,-9.0,-5.24,,8,7,-15.25,2,4,0.51,4,Road · Full house · Ranked opponent,1.3,-6.5
2023,2023-11-04,UCF,Cincinnati,away,28,26,-3.5,2,0,-1.5,13.64,-9.89,4,14,3.42,2,4,0.59,5,Road · Full house,1.2,2.0
2023,2023-11-04,Penn State,Maryland,away,51,15,-7.5,31,36,23.5,9.85,14.09,6,24,6.82,1,1,0.62,5,Road · Full house,1.2,9.4
2023,2023-11-04,Cincinnati,UCF,home,26,28,3.5,-2,0,1.5,-15.91,,5,7,-4.29,2,3,1.11,4,,1,-1.9
2023,2023-11-04,Pittsburgh,Florida State,home,7,24,20.5,-17,0,3.5,-3.76,,9,7,-4.91,0,1,-0.16,4,Top-10 opponent,1.2,-1.6
2023,2023-11-04,Clemson,Notre Dame,home,31,23,3.5,8,0,11.5,10.28,-0.37,8,7,-11.07,2,4,0.82,5,Ranked opponent,1.1,1.5
2023,2023-11-04,Iowa,Northwestern,neutral,10,7,-6.0,3,0,-3.0,0.36,,8,7,-15.25,1,1,0.63,4,,1,-3.1
2023,2023-11-04,Kansas,Iowa State,away,28,21,2.5,7,0,9.5,0.13,-4.87,5,7,-4.57,1,1,0.7,5,Road · Night · Full house,1.25,0.4
2023,2023-11-04,Kansas State,Texas,away,30,33,3.0,-3,0,0.0,6.72,,8,24,5.71,0,3,-0.9,4,Road · Full house · Top-10 opponent,1.4,2.2
2023,2023-11-04,Vanderbilt,Auburn,home,15,31,12.5,-16,0,-3.5,-0.44,,7,7,-5.35,0,1,-0.22,4,,1,-2.0
2023,2023-11-04,Baylor,Houston,home,24,25,-2.0,-1,0,-3.0,-9.78,,5,10,-2.81,0,2,-0.68,4,,1,-3.4
2023,2023-11-04,Texas A&M,Ole Miss,away,35,38,3.0,-3,0,0.0,1.6,,4,7,-2.15,0,1,-0.3,4,Road · Full house · Top-10 opponent,1.4,-0.6
2023,2023-11-04,Houston,Baylor,away,25,24,2.0,1,0,3.0,7.51,,6,7,-7.05,1,3,0.08,4,Road,1.1,0.3
2023,2023-11-04,Oregon,California,home,63,19,-26.5,23,35,-3.5,-1.77,-3.47,7,42,14.64,1,2,-0.07,5,,1,1.8
2023,2023-11-04,California,Oregon,away,19,63,26.5,-23,35,3.5,-0.5,,4,3,-0.98,0,2,-0.22,4,Road · Full house · Top-10 opponent,1.4,0.1
2023,2023-11-04,Purdue,Michigan,away,13,41,31.0,-28,37,3.0,-10.23,,4,3,0.01,0,1,-0.07,4,Road · Night · Full house · Top-10 opponent,1.45,-1.7
2023,2023-11-04,Texas,Kansas State,home,33,30,-3.0,3,0,0.0,-9.0,-7.64,10,27,0.84,2,3,0.96,5,Ranked opponent,1.1,-1.1
2023,2023-11-04,BYU,West Virginia,away,7,37,12.5,-30,65,-17.5,-9.82,,1,0,-1.76,0,1,-0.22,4,Road · Night · Full house,1.25,-5.7
2023,2023-11-04,Utah,Arizona State,home,55,3,-10.0,31,49,21.0,1.0,12.84,5,24,8.99,0,0,,4,,1,6.9
2023,2023-11-04,SMU,Rice,away,36,31,-12.5,5,0,-7.5,-15.24,-10.42,8,24,-1.11,3,4,1.3,5,Road · Night · Full house · Group of 5 opponent,1.25,-3.8
2023,2023-11-04,South Carolina,Jacksonville State,home,38,28,-14.0,10,0,-4.0,1.62,-6.18,10,24,-8.21,1,4,-0.74,5,Group of 5 opponent,1,-3.2
2023,2023-11-04,Virginia,Georgia Tech,home,17,45,0.0,-35,31,-35.0,-10.49,,2,7,2.1,0,2,-0.65,4,,1,-6.7
2023,2023-11-04,Virginia Tech,Louisville,away,3,34,9.0,-24,34,-15.0,-0.4,,2,3,-0.91,0,1,-0.25,4,Road · Ranked opponent,1.2,-3.0
2023,2023-11-04,Tennessee,UConn,home,59,3,-34.5,32,93,-2.5,12.16,4.5,3,14,0.95,1,1,0.4,5,Group of 5 opponent,0.85,2.3
2023,2023-11-04,Washington,USC,away,52,42,-3.0,10,0,7.0,1.12,-0.64,3,14,6.15,6,6,3.91,5,Road · Full house · Ranked opponent,1.3,7.8
2023,2023-11-04,Wisconsin,Indiana,away,14,20,-7.5,-6,0,-13.5,-14.98,,7,7,-13.05,0,2,-0.77,4,Road,1.1,-9.2
2023,2023-11-04,West Virginia,BYU,home,37,7,-12.5,30,65,17.5,7.55,10.58,5,20,4.31,0,0,,4,Night,1.05,6.4
2023,2023-11-04,USC,Washington,home,42,52,3.0,-10,0,-7.0,-3.39,,2,14,9.43,3,6,1.2,4,Top-10 opponent,1.2,3.0
2023,2023-11-04,Alabama,LSU,home,42,28,-3.0,14,0,11.0,6.13,-0.64,5,21,7.92,3,3,1.96,5,Night · Ranked opponent,1.15,6.3
2023,2023-11-04,Mississippi State,Kentucky,home,3,24,5.5,-21,0,-15.5,-17.31,,6,3,-9.89,0,1,-0.28,4,Night,1.05,-8.0
2023,2023-11-04,Illinois,Minnesota,away,27,26,2.5,1,0,3.5,-9.69,,5,7,-4.57,2,5,0.48,4,Road,1.1,-1.6
2023,2023-11-04,Florida State,Pittsburgh,away,24,7,-20.5,17,0,-3.5,1.48,-2.45,11,17,-22.37,1,1,0.51,5,Road,1.1,-4.6
2023,2023-11-04,Florida,Arkansas,home,36,39,-3.0,-3,0,-6.0,5.01,,6,21,5.3,3,6,0.91,4,,1,2.7
2023,2023-11-04,Georgia Tech,Virginia,away,45,17,0.0,35,31,35.0,8.22,25.87,6,28,13.29,1,1,0.68,5,Road,1.1,13.0
2023,2023-11-04,Georgia,Missouri,home,30,21,-14.0,9,0,-5.0,7.16,-8.18,4,10,-2.89,3,4,1.26,5,Ranked opponent,1.1,0.1
2023,2023-11-04,Iowa State,Kansas,home,21,28,-2.5,-7,0,-9.5,-2.4,,5,7,-5.94,0,1,-0.34,4,Night · Ranked opponent,1.15,-3.9
2023,2023-11-04,Northwestern,Iowa,neutral,7,10,6.0,-3,0,3.0,-2.63,,8,7,-9.97,0,1,-0.28,4,,1,-2.6
2023,2023-11-04,Arkansas,Florida,away,39,36,3.0,3,0,6.0,-7.29,-8.62,6,6,-7.72,4,6,2.2,5,Road · Full house,1.2,-0.8
2023,2023-11-04,Indiana,Wisconsin,home,20,14,7.5,6,0,13.5,12.71,0.65,8,6,-10.31,1,2,0.47,5,,1,1.8
2023,2023-11-04,Notre Dame,Clemson,away,23,31,-3.5,-8,0,-11.5,-12.56,,8,7,-14.15,1,2,0.3,4,Road · Full house,1.2,-7.9
2023,2023-11-04,Arizona State,Utah,away,3,55,10.0,-31,49,-21.0,-3.28,,2,0,-3.8,0,1,-0.24,4,Road · Full house · Ranked opponent,1.3,-5.8
2023,2023-11-04,Kentucky,Mississippi State,away,24,3,-5.5,21,0,15.5,15.04,8.1,9,17,-7.78,0,1,-0.37,5,Road · Night · Full house,1.25,3.8
2023,2023-11-04,Louisville,Virginia Tech,home,34,3,-9.0,24,34,15.0,-1.87,6.34,5,28,13.27,0,0,,4,,1,5.6
2023,2023-11-04,LSU,Alabama,away,28,42,3.0,-14,0,-11.0,-8.4,,3,14,7.14,1,5,-0.5,4,Road · Night · Full house · Top-10 opponent,1.45,-2.3
2023,2023-11-04,Arizona,UCLA,home,27,10,2.5,17,0,19.5,-0.33,5.13,6,17,3.12,2,2,1.39,5,Night · Ranked opponent,1.15,5.6
2023,2023-11-04,NC State,Miami,home,20,6,6.5,14,0,20.5,17.19,7.14,8,20,3.25,0,2,-0.54,5,Night,1.05,6.0
2023,2023-11-04,Miami,NC State,away,6,20,-6.5,-14,0,-20.5,-19.46,,7,3,-16.66,1,2,0.25,4,Road · Night · Full house,1.25,-12.1
2023,2023-11-04,Stanford,Washington State,away,10,7,14.0,3,0,17.0,4.28,,8,10,-3.45,0,1,-0.21,4,Road · Night · Full house · Group of 5 opponent,1.1,2.3
2023,2023-11-04,UCLA,Arizona,away,10,27,-2.5,-17,0,-19.5,-1.95,,3,0,-7.77,0,1,-0.34,4,Road · Night · Full house,1.25,-6.4
2023,2023-11-04,Colorado,Oregon State,home,19,26,13.0,-7,0,6.0,9.96,,6,3,-7.42,0,1,-0.22,4,Night · Ranked opponent · Group of 5 opponent,1.0,0.6
2023,2023-11-09,Virginia,Louisville,away,24,31,20.5,-7,0,13.5,-9.04,,6,14,6.06,1,4,0.36,4,Road · Night · Full house · Ranked opponent,1.35,3.4
2023,2023-11-09,Louisville,Virginia,home,31,24,-20.5,7,0,-13.5,6.77,-16.45,6,14,-7.47,2,4,0.05,5,Night,1.05,-4.3
2023,2023-11-11,Boston College,Virginia Tech,home,22,48,2.5,-31,57,-28.5,-1.97,,1,0,-2.31,1,2,0.39,4,,1,-4.1
2023,2023-11-11,Arizona,Colorado,away,34,31,-8.0,3,0,-5.0,-5.48,,7,10,-10.24,4,5,2.06,4,Road · Full house,1.2,-1.6
2023,2023-11-11,Maryland,Nebraska,away,13,10,-2.0,3,0,1.0,-10.61,,8,13,-7.49,0,2,-0.68,4,Road · Full house,1.2,-5.0
2023,2023-11-11,Michigan,Penn State,away,24,15,-4.5,9,0,4.5,3.44,-3.39,7,17,-1.89,1,1,0.64,5,Road · Full house · Top-10 opponent,1.4,1.2
2023,2023-11-11,Minnesota,Purdue,away,30,49,-2.0,-26,17,-28.0,-0.29,,3,7,-0.68,2,3,0.98,4,Road · Full house,1.2,-3.1
2023,2023-11-11,Missouri,Tennessee,home,36,7,2.0,29,25,31.0,0.31,18.88,7,23,6.61,1,1,0.69,5,Ranked opponent,1.1,8.9
2023,2023-11-11,Nebraska,Maryland,home,10,13,2.0,-3,0,-1.0,8.33,,8,10,-8.73,0,2,-0.62,4,,1,-1.5
2023,2023-11-11,Rutgers,Iowa,away,0,22,1.5,-22,0,-20.5,4.12,,4,0,-9.48,0,2,-0.62,4,Road · Full house · Ranked opponent,1.3,-6.6
2023,2023-11-11,Syracuse,Pittsburgh,neutral,28,13,3.5,15,0,18.5,1.6,2.63,8,14,-4.07,1,3,0.11,5,,1,2.0
2023,2023-11-11,Oklahoma State,UCF,away,3,45,-2.0,-35,53,-37.0,-10.49,,3,0,-7.68,0,1,-0.34,4,Road · Full house,1.2,-10.7
2023,2023-11-11,Auburn,Arkansas,away,48,10,2.5,31,61,33.5,6.63,19.13,7,27,10.8,0,0,,4,Road · Full house,1.2,12.7
2023,2023-11-11,UCF,Oklahoma State,home,45,3,2.0,35,53,37.0,8.22,22.88,6,24,9.95,0,0,,4,Ranked opponent,1.1,12.8
2023,2023-11-11,Penn State,Michigan,home,15,24,4.5,-9,0,-4.5,-5.71,,5,3,-8.02,0,2,-0.58,4,Top-10 opponent,1.2,-4.9
2023,2023-11-11,Pittsburgh,Syracuse,neutral,13,28,-3.5,-15,0,-18.5,-3.87,,7,13,-5.51,0,3,-1.06,4,,1,-5.7
2023,2023-11-11,Clemson,Georgia Tech,home,42,21,-14.5,28,44,13.5,-2.0,7.57,9,28,-1.24,1,1,0.56,5,,1,2.7
2023,2023-11-11,Iowa,Rutgers,home,22,0,-1.5,22,0,20.5,-6.39,10.12,9,23,0.2,0,0,,4,,1,3.4
2023,2023-11-11,Kansas,Texas Tech,home,13,16,-4.0,-3,0,-7.0,-8.66,,6,13,-3.03,0,1,-0.36,4,,1,-3.4
2023,2023-11-11,Kansas State,Baylor,home,59,25,-21.0,33,59,12.0,15.57,9.3,4,17,2.57,1,1,0.51,5,,1,5.8
2023,2023-11-11,Vanderbilt,South Carolina,away,6,47,13.5,-34,27,-20.5,-11.6,,5,0,-8.54,0,1,-0.22,4,Road · Full house,1.2,-8.3
2023,2023-11-11,Baylor,Kansas State,away,25,59,21.0,-33,59,-12.0,-17.85,,0,0,,1,2,0.69,3,Road · Full house · Ranked opponent,1.3,-6.9
2023,2023-11-11,Miami,Florida State,away,20,27,14.5,-7,0,7.5,-9.44,,6,14,4.08,0,2,-0.41,4,Road · Full house · Top-10 opponent,1.4,0.2
2023,2023-11-11,Stanford,Oregon State,away,17,62,21.5,-31,68,-9.5,-9.41,,1,7,5.73,0,1,-0.15,4,Road · Ranked opponent · Group of 5 opponent,1.2,-1.7
2023,2023-11-11,California,Washington State,home,42,39,-2.0,3,0,1.0,14.64,-11.14,5,21,8.19,1,4,-0.36,5,Group of 5 opponent,0.85,1.6
2023,2023-11-11,Purdue,Minnesota,home,49,30,2.0,26,17,28.0,-1.99,12.88,5,21,9.29,3,3,2.08,5,,1,8.5
2023,2023-11-11,Utah,Washington,away,28,35,9.0,-7,0,2.0,3.63,,4,0,-7.83,4,7,2.24,4,Road · Full house · Top-10 opponent,1.4,2.8
2023,2023-11-10,SMU,North Texas,home,45,21,-21.0,24,31,3.0,6.17,4.3,8,38,9.15,1,2,0.02,5,Night · Group of 5 opponent,0.9,3.3
2023,2023-11-11,South Carolina,Vanderbilt,home,47,6,-13.5,34,27,20.5,9.33,15.07,7,28,5.64,0,0,,4,,1,7.7
2023,2023-11-11,Virginia Tech,Boston College,away,48,22,-2.5,31,57,28.5,-0.3,20.61,5,24,11.06,0,1,-0.34,5,Road,1.1,8.6
2023,2023-11-11,Tennessee,Missouri,away,7,36,-2.0,-29,25,-31.0,-2.58,,3,0,-7.68,1,3,-0.02,4,Road · Full house · Ranked opponent,1.3,-8.3
2023,2023-11-11,Washington,Utah,home,35,28,-9.0,7,0,-2.0,-5.9,,5,17,2.27,3,4,1.42,4,Ranked opponent,1.1,1.4
2023,2023-11-11,Texas Tech,Kansas,away,16,13,4.0,3,0,7.0,6.39,-4.11,7,13,-2.62,1,3,0.13,5,Road · Full house · Ranked opponent,1.3,1.0
2023,2023-11-11,Wisconsin,Northwestern,home,10,24,-11.0,-14,0,-25.0,-17.25,,5,7,-8.28,0,1,-0.41,4,,1,-8.7
2023,2023-11-11,Alabama,Kentucky,away,49,21,-10.5,28,33,17.5,9.67,9.58,6,28,9.83,0,0,,4,Road · Full house,1.2,8.9
2023,2023-11-11,Illinois,Indiana,home,48,45,-4.5,3,0,-1.5,-18.85,,6,24,7.81,3,4,1.56,4,,1,0.7
2023,2023-11-11,Colorado,Arizona,home,31,34,8.0,-3,0,5.0,3.2,,6,21,8.93,2,5,0.7,4,Ranked opponent,1.1,5.0
2023,2023-11-11,Florida State,Miami,home,27,20,-14.5,7,0,-7.5,7.17,-9.43,8,24,-1.99,1,2,0.12,5,,1,-1.3
2023,2023-11-11,Georgia Tech,Clemson,away,21,42,14.5,-28,44,-13.5,-0.28,,5,7,-1.27,0,2,-0.41,4,Road · Full house,1.2,-3.0
2023,2023-11-11,Northwestern,Wisconsin,away,24,10,11.0,14,0,25.0,14.98,9.41,7,17,4.08,1,1,0.76,5,Road · Full house,1.2,9.2
2023,2023-11-11,Arkansas,Auburn,home,10,48,-2.5,-31,61,-33.5,-8.91,,3,3,-4.77,0,1,-0.34,4,,1,-7.5
2023,2023-11-11,Indiana,Illinois,away,45,48,4.5,-3,0,1.5,16.58,,4,14,5.18,2,5,0.56,4,Road,1.1,5.7
2023,2023-11-11,Kentucky,Alabama,home,21,49,10.5,-28,33,-17.5,-11.94,,3,0,-5.62,0,1,-0.24,4,Top-10 opponent,1.2,-7.1
2023,2023-11-11,Michigan State,Ohio State,away,3,38,32.5,-32,70,0.5,-9.81,,1,3,2.34,0,1,-0.06,4,Road · Night · Full house · Top-10 opponent,1.45,-1.3
2023,2023-11-11,Ole Miss,Georgia,away,17,52,11.0,-24,38,-13.0,2.12,,1,0,-1.85,1,3,0.29,4,Road · Night · Full house · Top-10 opponent,1.45,-1.9
2023,2023-11-11,Duke,North Carolina,away,45,47,10.0,-2,0,8.0,11.34,,2,14,10.2,1,3,0.27,4,Road · Night · Full house · Ranked opponent,1.35,8.2
2023,2023-11-11,North Carolina,Duke,home,47,45,-10.0,2,0,-8.0,-13.62,,5,16,0.99,4,5,1.98,4,Night,1.05,-0.5
2023,2023-11-11,Ohio State,Michigan State,home,38,3,-32.5,32,70,-0.5,7.53,2.51,3,14,1.28,0,0,,4,Night,1.05,2.1
2023,2023-11-11,Oklahoma,West Virginia,home,59,20,-13.0,39,138,26.0,31.63,-5.67,7,38,15.84,1,1,0.57,5,Night,1.05,10.4
2023,2023-11-11,Cincinnati,Houston,away,24,14,3.0,10,0,13.0,-4.11,2.38,6,17,3.28,0,1,-0.3,5,Road · Night · Full house,1.25,2.1
2023,2023-11-11,Texas A&M,Mississippi State,home,51,10,-16.5,31,67,14.5,18.5,13.56,5,20,3.21,0,0,,4,Night,1.05,7.9
2023,2023-11-11,Houston,Cincinnati,home,14,24,-3.0,-10,0,-13.0,1.84,,5,7,-6.08,0,2,-0.7,4,Night,1.05,-3.8
2023,2023-11-11,Oregon,USC,home,36,27,-16.5,9,0,-7.5,-10.14,-10.44,5,24,7.21,1,1,0.54,5,Night,1.05,-1.6
2023,2023-11-11,Texas,TCU,away,29,26,-13.0,3,0,-10.0,-8.29,-15.67,6,17,-2.0,1,2,0.14,5,Road · Night · Full house,1.25,-5.5
2023,2023-11-11,BYU,Iowa State,home,13,45,7.5,-32,61,-24.5,-13.83,,2,7,2.92,1,1,0.74,4,Night,1.05,-4.0
2023,2023-11-11,UCLA,Arizona State,home,7,17,-14.0,-10,0,-24.0,-11.64,,7,7,-15.55,0,1,-0.44,4,Night,1.05,-9.9
2023,2023-11-11,TCU,Texas,home,26,29,13.0,-3,0,10.0,6.02,,5,17,8.32,1,3,0.34,4,Night · Top-10 opponent,1.25,6.3
2023,2023-11-11,West Virginia,Oklahoma,away,20,59,13.0,-39,138,-26.0,-33.9,,2,7,3.53,0,2,-0.44,4,Road · Night · Full house · Ranked opponent,1.35,-11.8
2023,2023-11-11,USC,Oregon,away,27,36,16.5,-9,0,7.5,7.86,,2,7,3.91,1,2,0.62,4,Road · Night · Full house · Top-10 opponent,1.45,6.2
2023,2023-11-11,Mississippi State,Texas A&M,away,10,51,16.5,-31,67,-14.5,-20.77,,1,0,-1.54,0,1,-0.19,4,Road · Night · Full house,1.25,-7.4
2023,2023-11-11,Florida,LSU,away,35,52,16.5,-17,0,-0.5,-2.05,,2,0,-3.09,1,3,0.43,4,Road · Night · Full house · Ranked opponent,1.35,-0.6
2023,2023-11-11,Georgia,Ole Miss,home,52,17,-11.0,24,38,13.0,-4.39,5.33,6,31,12.66,2,2,1.18,5,Night · Top-10 opponent,1.25,6.6
2023,2023-11-11,Iowa State,BYU,away,45,13,-7.5,32,61,24.5,11.56,19.09,5,35,20.68,0,1,-0.38,5,Road · Night · Full house,1.25,13.2
2023,2023-11-11,Arizona State,UCLA,away,17,7,14.0,10,0,24.0,9.37,7.92,9,10,-5.13,1,1,0.79,5,Road · Night,1.15,5.6
2023,2023-11-11,LSU,Florida,home,52,35,-16.5,17,0,0.5,-0.23,-0.44,6,31,10.85,3,5,0.72,5,Night,1.05,3.1
2023,2023-11-16,Boston College,Pittsburgh,away,16,24,2.5,-8,0,-5.5,-1.9,,5,13,1.43,0,4,-1.21,4,Road · Night,1.15,-2.4
2023,2023-11-16,Pittsburgh,Boston College,home,24,16,-2.5,8,0,5.5,-0.38,,5,7,-5.94,3,3,1.97,4,Night,1.05,2.0
2023,2023-11-18,Arizona,Utah,home,42,18,-2.5,32,41,29.5,14.37,17.61,4,21,10.64,0,0,,4,Ranked opponent,1.1,12.1
2023,2023-11-18,Maryland,Michigan,home,24,31,18.0,-7,0,11.0,-7.73,,5,3,-4.31,0,1,-0.18,4,Top-10 opponent,1.2,-1.1
2023,2023-11-18,Michigan State,Indiana,away,24,21,3.5,3,0,6.5,7.5,,6,10,-3.55,1,3,0.11,4,Road,1.1,1.8
2023,2023-11-18,Michigan,Maryland,away,31,24,-18.0,7,0,-11.0,5.46,-12.19,4,14,0.23,1,3,-0.4,5,Road · Full house,1.2,-2.8
2023,2023-11-18,Minnesota,Ohio State,away,3,37,27.5,-30,51,-2.5,-8.71,,1,0,-0.94,0,1,-0.1,4,Road · Full house · Top-10 opponent,1.4,-2.8
2023,2023-11-18,Ole Miss,UL Monroe,home,35,3,-36.5,25,39,-11.5,-2.18,-3.51,7,28,-3.21,1,1,0.38,5,Group of 5 opponent,1,-2.1
2023,2023-11-18,Duke,Virginia,away,27,30,-3.0,-3,0,-6.0,-2.83,,5,10,-3.08,0,3,-1.04,4,Road,1.1,-3.5
2023,2023-11-18,NC State,Virginia Tech,away,35,28,2.5,7,0,9.5,0.03,-4.87,7,14,-2.2,1,2,0.39,5,Road · Full house,1.2,0.5
2023,2023-11-18,North Carolina,Clemson,away,20,31,7.5,-11,0,-3.5,-6.61,,9,7,-11.35,0,1,-0.26,4,Road · Full house,1.2,-5.4
2023,2023-11-18,Wake Forest,Notre Dame,away,7,45,24.0,-24,33,0.0,-15.99,,3,0,-3.39,1,2,0.74,4,Road · Full house · Ranked opponent,1.3,-3.1
2023,2023-11-18,Rutgers,Penn State,away,6,27,19.5,-21,0,-1.5,-12.88,,4,6,0.48,0,3,-0.5,4,Road · Full house · Ranked opponent,1.3,-3.5
2023,2023-11-18,Ohio State,Minnesota,home,37,3,-27.5,30,51,2.5,6.44,7.02,5,20,0.18,0,0,,4,,1,2.7
2023,2023-11-18,Oklahoma State,Houston,away,43,30,-6.5,13,0,6.5,1.1,0.6,8,27,4.53,2,2,1.25,5,Road,1.1,3.5
2023,2023-11-18,Auburn,New Mexico State,home,10,31,-25.0,-21,0,-46.0,-2.23,,2,7,-0.65,0,1,-0.52,4,Group of 5 opponent,1,-7.3
2023,2023-11-18,Oklahoma,BYU,away,31,24,-25.5,7,0,-18.5,5.66,,5,21,1.73,1,4,-1.11,4,Road · Full house,1.2,-2.8
2023,2023-11-18,UCF,Texas Tech,away,23,24,2.0,-1,0,1.0,-5.25,-13.12,5,7,-4.71,2,3,1.08,5,Road,1.1,-2.3
2023,2023-11-18,Penn State,Rutgers,home,27,6,-19.5,21,0,1.5,10.61,-1.95,7,20,-4.67,1,2,0.04,5,,1,0.6
2023,2023-11-18,Cincinnati,West Virginia,away,21,42,5.0,-35,27,-30.0,3.59,,2,0,-4.35,0,1,-0.28,4,Road,1.1,-5.2
2023,2023-11-18,Clemson,North Carolina,home,31,20,-7.5,11,0,3.5,4.33,-5.91,11,24,-7.5,1,2,0.23,5,Ranked opponent,1.1,-1.0
2023,2023-11-18,Iowa,Illinois,home,15,13,-3.0,2,0,-1.0,2.47,,6,7,-8.7,1,3,-0.04,4,,1,-1.7
2023,2023-11-18,Baylor,TCU,away,17,42,13.0,-25,22,-12.0,-1.2,,2,7,3.53,1,2,0.56,4,Road,1.1,-0.1
2023,2023-11-18,Miami,Louisville,home,31,38,0.0,-7,0,-7.0,-9.75,,5,21,8.74,2,5,0.38,4,Top-10 opponent,1.2,0.3
2023,2023-11-18,Stanford,California,home,15,27,6.5,-12,0,-5.5,4.36,,6,6,-6.56,1,1,0.73,4,,1,-0.5
2023,2023-11-18,Texas A&M,Abilene Christian,home,38,10,-42.0,28,4,-14.0,9.17,-2.28,10,24,-23.61,1,1,0.34,5,FCS opponent,1,-4.7
2023,2023-11-18,Houston,Oklahoma State,home,30,43,6.5,-13,0,-6.5,-3.38,-19.86,3,0,-6.28,2,5,0.64,5,Ranked opponent,1.1,-4.8
2023,2023-11-18,Oregon,Arizona State,away,49,13,-24.5,42,79,17.5,5.57,16.53,3,21,9.6,0,0,,4,Road,1.1,8.6
2023,2023-11-18,California,Stanford,away,27,15,-6.5,12,0,5.5,-6.63,-1.4,6,14,-2.85,2,4,0.5,5,Road · Full house,1.2,-0.5
2023,2023-11-18,Purdue,Northwestern,away,15,23,2.5,-8,0,-5.5,-21.1,,7,7,-9.2,0,1,-0.3,4,Road,1.1,-7.4
2023,2023-11-18,BYU,Oklahoma,home,24,31,25.5,-7,0,18.5,-7.94,,5,0,-5.24,4,5,3.41,4,Ranked opponent,1.1,4.9
2023,2023-11-18,Utah,Arizona,away,18,42,2.5,-32,41,-29.5,-16.64,,3,3,-3.94,0,1,-0.3,4,Road · Full house · Ranked opponent,1.3,-10.4
2023,2023-11-18,SMU,Memphis,away,38,34,-9.5,4,0,-5.5,2.96,-9.91,4,21,9.1,2,5,0.0,5,Road · Group of 5 opponent,0.95,0.3
2023,2023-11-18,Virginia,Duke,home,30,27,3.0,3,0,6.0,0.56,-8.62,7,24,8.0,3,3,2.1,5,,1,3.3
2023,2023-11-18,Virginia Tech,NC State,home,28,35,-2.5,-7,0,-9.5,-2.3,,6,14,-1.53,0,1,-0.34,4,,1,-2.3
2023,2023-11-18,UCLA,USC,away,38,20,5.0,25,13,30.0,20.55,14.39,7,21,5.77,0,1,-0.28,5,Road · Full house,1.2,10.7
2023,2023-11-18,TCU,Baylor,home,42,17,-13.0,25,22,12.0,-1.08,8.33,5,28,12.17,1,2,0.14,5,,1,4.9
2023,2023-11-18,Tennessee,Georgia,home,10,38,9.0,-28,37,-19.0,-7.31,,2,0,-3.91,0,2,-0.5,4,Top-10 opponent,1.2,-6.3
2023,2023-11-18,Texas Tech,UCF,home,24,23,-2.0,1,0,-1.0,2.98,,5,14,1.19,1,3,-0.02,4,,1,0.8
2023,2023-11-18,West Virginia,Cincinnati,home,42,21,-5.0,35,27,30.0,-5.86,19.35,5,28,14.37,0,0,,4,,1,9.2
2023,2023-11-18,USC,UCLA,home,20,38,-5.0,-25,13,-30.0,-22.82,,5,10,-3.63,0,1,-0.36,4,,1,-9.1
2023,2023-11-18,Alabama,Chattanooga,home,66,10,-44.5,38,70,-6.5,5.19,2.46,4,21,1.4,0,0,,4,FCS opponent,0.6,0.6
2023,2023-11-18,Mississippi State,Southern Miss,home,41,20,-18.0,21,0,3.0,6.79,3.81,9,23,-7.97,0,1,-0.47,5,Group of 5 opponent,1,-0.1
2023,2023-11-18,Illinois,Iowa,away,13,15,3.0,-2,0,1.0,-4.75,,8,6,-12.29,1,3,0.1,4,Road · Full house · Ranked opponent,1.3,-4.4
2023,2023-11-17,Colorado,Washington State,away,14,56,3.5,-35,80,-31.5,-20.35,,2,7,2.48,0,1,-0.3,4,Road · Night · Full house · Group of 5 opponent,1.25,-9.1
2023,2023-11-18,Florida State,North Alabama,home,58,13,-47.5,25,43,-22.5,7.27,-9.05,9,42,-3.58,0,1,-0.7,5,Night · FCS opponent,1.05,-4.1
2023,2023-11-18,Georgia,Tennessee,away,38,10,-9.0,28,37,19.0,5.04,14.34,6,35,17.32,1,1,0.6,5,Road · Full house · Ranked opponent,1.3,11.4
2023,2023-11-18,Northwestern,Purdue,home,23,15,-2.5,8,0,5.5,18.83,-1.39,9,14,-9.3,1,1,0.66,5,,1,1.9
2023,2023-11-18,Indiana,Michigan State,home,21,24,-3.5,-3,0,-6.5,-9.77,,6,7,-8.86,1,4,-0.41,4,,1,-5.0
2023,2023-11-18,Notre Dame,Wake Forest,home,45,7,-24.0,24,33,0.0,13.71,2.79,6,31,8.37,1,1,0.48,5,,1,4.4
2023,2023-11-18,Arizona State,Oregon,home,13,49,24.5,-42,79,-17.5,-7.84,,0,0,,0,1,-0.13,3,Top-10 opponent,1.2,-6.5
2023,2023-11-18,Louisville,Miami,away,38,31,0.0,7,0,7.0,7.47,,6,21,6.29,2,5,0.38,4,Road,1.1,4.9
2023,2023-11-18,Missouri,Florida,home,33,31,-12.5,2,0,-10.5,5.59,-12.42,5,17,1.31,3,5,0.88,5,Night,1.05,-0.9
2023,2023-11-18,Nebraska,Wisconsin,away,17,24,7.0,-7,0,0.0,-17.59,-16.6,6,10,-2.4,0,4,-1.07,5,Road · Night · Full house,1.25,-7.5
2023,2023-11-18,Syracuse,Georgia Tech,away,22,31,6.0,-9,0,-3.0,2.13,,6,14,1.27,1,2,0.45,4,Road · Night,1.15,1.2
2023,2023-11-18,Kansas,Kansas State,home,27,31,7.0,-4,0,3.0,-12.28,-10.6,3,14,7.8,1,4,-0.07,5,Night · Ranked opponent,1.15,-1.4
2023,2023-11-18,Kansas State,Kansas,away,31,27,-7.0,4,0,-3.0,10.0,,3,7,-1.51,1,2,0.24,4,Road · Night · Full house · Ranked opponent,1.35,1.9
2023,2023-11-18,Texas,Iowa State,away,26,16,-7.0,10,0,3.0,1.02,-2.65,6,20,2.98,1,3,-0.14,5,Road · Night · Full house,1.25,0.8
2023,2023-11-18,South Carolina,Kentucky,home,17,14,-2.0,3,0,1.0,1.16,-7.14,8,17,-3.49,0,2,-0.68,5,Night,1.05,-2.0
2023,2023-11-18,Washington,Oregon State,away,22,20,1.0,2,0,3.0,9.11,-5.63,3,7,-0.19,1,4,-0.26,5,Road · Night · Full house · Ranked opponent · Group of 5 opponent,1.2,0.7
2023,2023-11-18,Wisconsin,Nebraska,home,24,17,-7.0,7,0,0.0,15.32,,7,17,-2.85,1,2,0.24,4,Night,1.05,2.5
2023,2023-11-18,Florida,Missouri,away,31,33,12.5,-2,0,10.5,-7.86,,4,3,-4.06,2,4,1.11,4,Road · Night · Full house · Top-10 opponent,1.45,1.0
2023,2023-11-18,Georgia Tech,Syracuse,home,31,22,-6.0,9,0,3.0,-4.4,-4.15,5,10,-3.91,1,3,-0.12,5,Night,1.05,-1.6
2023,2023-11-18,Iowa State,Texas,home,16,26,7.0,-10,0,-3.0,-3.29,,5,3,-7.33,0,3,-0.8,4,Night · Top-10 opponent,1.25,-4.5
2023,2023-11-18,Arkansas,Florida International,home,44,20,-26.5,24,29,-2.5,7.38,0.53,8,30,-1.27,1,2,-0.07,5,Night · Group of 5 opponent,0.9,0.6
2023,2023-11-18,Kentucky,South Carolina,away,14,17,2.0,-3,0,-1.0,-3.43,,7,7,-9.39,0,2,-0.62,4,Road · Night · Full house,1.25,-4.5
2023,2023-11-18,LSU,Georgia State,home,56,14,-32.5,28,33,-4.5,8.96,-1.49,3,21,8.28,2,2,0.83,5,Night · Group of 5 opponent,0.9,2.7
2023,2023-11-24,Boston College,Miami,home,20,45,10.0,-31,16,-21.0,2.96,,3,7,1.3,0,2,-0.49,4,,1,-2.5
2023,2023-11-24,Missouri,Arkansas,away,48,14,-10.0,34,73,24.0,8.93,19.84,7,27,5.99,0,0,,4,Road,1.1,9.8
2023,2023-11-23,Ole Miss,Mississippi State,away,17,7,-10.0,10,0,0.0,5.34,-4.16,9,10,-17.01,1,1,0.6,5,Road · Night · Full house,1.25,-3.0
2023,2023-11-24,Nebraska,Iowa,home,10,13,-2.5,-3,0,-5.5,-5.24,,9,3,-20.3,0,1,-0.34,4,Ranked opponent,1.1,-7.6
2023,2023-11-24,Oklahoma,TCU,home,69,45,-10.5,34,24,23.5,6.52,14.58,6,42,23.83,1,2,0.18,5,,1,10.3
2023,2023-11-24,Iowa,Nebraska,away,13,10,2.5,3,0,5.5,2.97,-4.87,9,13,-7.82,0,2,-0.61,5,Road · Full house,1.2,-2.0
2023,2023-11-24,Miami,Boston College,away,45,20,-10.0,31,16,21.0,-5.23,12.84,6,24,5.99,1,1,0.6,5,Road,1.1,5.8
2023,2023-11-24,TCU,Oklahoma,away,45,69,10.5,-34,24,-23.5,-8.79,,2,7,3.25,1,3,0.28,4,Road · Full house · Ranked opponent,1.3,-4.3
2023,2023-11-23,Mississippi State,Ole Miss,home,7,17,10.0,-10,0,0.0,-7.62,,8,7,-8.21,0,2,-0.49,4,Night · Ranked opponent,1.15,-4.3
2023,2023-11-24,Arkansas,Missouri,home,14,48,10.0,-34,73,-24.0,-11.2,,3,0,-5.7,0,1,-0.24,4,Top-10 opponent,1.2,-8.0
2023,2023-11-25,Arizona,Arizona State,away,59,23,-13.5,31,73,17.5,6.84,15.07,4,28,15.22,1,1,0.57,5,Road · Full house,1.2,10.2
2023,2023-11-25,Maryland,Rutgers,away,42,24,-2.0,18,0,16.0,3.99,3.86,7,21,3.07,0,0,,4,Road,1.1,4.4
2023,2023-11-24,Michigan State,Penn State,home,0,42,22.5,-28,36,-5.5,7.77,,1,0,-1.21,0,2,-0.29,4,Night · Ranked opponent,1.15,0.1
2023,2023-11-25,Michigan,Ohio State,home,30,24,-3.0,6,0,3.0,7.88,-5.64,5,13,-0.08,3,4,1.61,5,Top-10 opponent,1.2,2.7
2023,2023-11-25,Minnesota,Wisconsin,home,14,28,3.0,-14,0,-11.0,-2.47,,6,7,-6.72,0,3,-0.9,4,,1,-4.5
2023,2023-11-25,Duke,Pittsburgh,home,30,19,-4.5,11,0,6.5,6.55,-4.39,5,17,3.51,2,4,0.56,5,,1,2.3
2023,2023-11-25,Wake Forest,Syracuse,away,31,35,1.5,-4,0,-2.5,6.13,,2,0,-4.74,2,2,1.38,4,Road,1.1,1.6
2023,2023-11-25,Rutgers,Maryland,home,24,42,2.0,-18,0,-16.0,-6.26,,6,14,-0.05,0,1,-0.31,4,,1,-3.4
2023,2023-11-25,Syracuse,Wake Forest,home,35,31,-1.5,4,0,2.5,-8.4,-6.88,2,14,8.93,2,4,0.66,5,,1,0.7
2023,2023-11-25,Ohio State,Michigan,away,24,30,3.0,-6,0,-3.0,-10.15,,3,0,-6.86,2,4,0.8,4,Road · Full house · Top-10 opponent,1.4,-3.6
2023,2023-11-25,Oklahoma State,BYU,home,40,34,-16.5,6,0,-10.5,-6.6,,9,24,-6.23,2,4,0.18,4,,1,-3.7
2023,2023-11-25,Auburn,Alabama,home,24,27,13.5,-3,0,10.5,6.12,,5,17,8.46,1,5,-0.08,4,Top-10 opponent,1.2,5.6
2023,2023-11-25,UCF,Houston,home,27,13,-16.0,14,0,-2.0,-11.07,-3.19,4,7,-6.33,2,2,1.1,5,,1,-2.1
2023,2023-11-24,Penn State,Michigan State,away,42,0,-22.5,28,36,5.5,-10.04,4.54,6,24,1.87,0,0,,4,Road · Night · Full house,1.25,0.7
2023,2023-11-25,Pittsburgh,Duke,away,19,30,4.5,-11,0,-6.5,-8.82,,3,14,7.39,2,4,0.85,4,Road,1.1,0.8
2023,2023-11-25,Vanderbilt,Tennessee,away,24,48,28.0,-38,33,-10.0,-7.66,,2,0,-1.82,1,2,0.8,4,Road · Full house · Ranked opponent,1.3,-2.5
2023,2023-11-25,Texas A&M,LSU,away,30,42,11.0,-12,0,-1.0,-23.39,-15.59,3,3,-2.54,0,0,,4,Road · Full house · Ranked opponent,1.3,-8.2
2023,2023-11-25,Houston,UCF,away,13,27,16.0,-14,0,2.0,8.8,,3,3,-1.71,1,2,0.61,4,Road · Full house,1.2,2.8
2023,2023-11-24,Oregon,Oregon State,home,31,7,-14.0,24,40,10.0,-5.19,3.82,6,17,-2.33,1,1,0.56,5,Night · Ranked opponent · Group of 5 opponent,1.0,1.2
2023,2023-11-25,Purdue,Indiana,home,35,31,-6.5,4,0,-2.5,-6.99,,8,10,-12.47,3,4,1.5,4,,1,-2.5
2023,2023-11-24,Texas,Texas Tech,home,57,7,-15.5,29,64,13.5,9.66,12.07,8,19,-7.43,1,1,0.55,5,Night,1.05,3.9
2023,2023-11-25,BYU,Oklahoma State,away,34,40,16.5,-6,0,10.5,4.33,-11.82,7,17,6.19,1,4,0.24,5,Road · Full house · Ranked opponent,1.3,2.1
2023,2023-11-25,Utah,Colorado,home,23,17,-21.5,6,0,-15.5,0.04,-13.95,4,20,5.46,1,1,0.5,5,,1,-1.9
2023,2023-11-25,SMU,Navy,home,59,14,-20.0,45,77,25.0,4.85,21.8,5,35,17.24,0,0,,4,Group of 5 opponent,0.85,9.5
2023,2023-11-25,Virginia,Virginia Tech,home,17,55,1.0,-38,75,-37.0,-7.96,,3,0,-7.19,0,1,-0.32,4,,1,-8.4
2023,2023-11-25,Virginia Tech,Virginia,away,55,17,-1.0,38,75,37.0,5.69,28.37,8,28,7.95,0,0,,4,Road,1.1,12.9
2023,2023-11-25,Tennessee,Vanderbilt,home,48,24,-28.0,38,33,10.0,5.39,10.77,5,28,8.04,0,1,-0.55,5,,1,4.4
2023,2023-11-25,Washington,Washington State,home,24,21,-15.5,3,0,-12.5,10.11,,9,24,-5.73,0,2,-0.9,4,Group of 5 opponent,1,-2.4
2023,2023-11-24,Texas Tech,Texas,away,7,57,15.5,-29,64,-13.5,-11.93,,3,0,-4.8,0,1,-0.2,4,Road · Night · Full house · Top-10 opponent,1.45,-7.4
2023,2023-11-25,Wisconsin,Minnesota,away,28,14,-3.0,14,0,11.0,0.19,-0.64,8,21,0.07,1,2,0.3,5,Road · Full house,1.2,1.9
2023,2023-11-25,Alabama,Auburn,away,27,24,-13.5,3,0,-10.5,-8.39,,6,10,-9.16,2,4,0.27,4,Road · Full house,1.2,-5.5
2023,2023-11-25,Illinois,Northwestern,home,43,45,-6.0,-2,0,-8.0,-12.09,,5,17,3.09,3,4,1.51,4,,1,-0.2
2023,2023-11-25,Colorado,Utah,away,17,23,21.5,-6,0,15.5,-2.31,,1,0,-1.27,1,2,0.7,4,Road · Full house,1.2,3.0
2023,2023-11-25,Northwestern,Illinois,away,45,43,6.0,2,0,8.0,9.81,-5.11,4,10,1.51,2,7,0.07,5,Road,1.1,2.1
2023,2023-11-25,Indiana,Purdue,away,31,35,6.5,-4,0,2.5,4.72,-9.86,7,14,-0.66,1,4,-0.09,5,Road · Full house,1.2,-0.7
2023,2023-11-25,Arizona State,Arizona,home,23,59,13.5,-31,73,-17.5,-9.11,,0,0,,1,2,0.57,3,Ranked opponent,1.1,-4.9
2023,2023-11-25,Kentucky,Louisville,away,38,31,7.5,7,0,14.5,17.13,,4,17,8.84,1,3,0.21,4,Road · Full house · Top-10 opponent,1.4,10.5
2023,2023-11-25,Louisville,Kentucky,home,31,38,-7.5,-7,0,-14.5,-19.4,-19.91,4,14,2.54,1,4,-0.54,5,,1,-6.8
2023,2023-11-25,LSU,Texas A&M,home,42,30,-11.0,12,0,1.0,21.12,-3.67,1,0,-3.06,0,1,-0.41,5,,1,1.5
2023,2023-11-25,NC State,North Carolina,home,39,20,2.5,19,0,21.5,3.58,8.13,8,23,4.49,0,0,,4,Night,1.05,5.9
2023,2023-11-25,North Carolina,NC State,away,20,39,-2.5,-19,0,-21.5,-5.86,,4,0,-10.36,0,2,-0.69,4,Road · Night · Ranked opponent,1.25,-8.9
2023,2023-11-25,Cincinnati,Kansas,home,16,49,7.5,-26,26,-18.5,-9.74,,3,7,0.88,0,1,-0.26,4,Night,1.05,-4.3
2023,2023-11-25,Clemson,South Carolina,away,16,7,-7.5,9,0,1.5,-5.21,-2.91,8,3,-19.91,1,1,0.62,5,Road · Night · Full house,1.25,-5.0
2023,2023-11-25,Kansas,Cincinnati,away,49,16,-7.5,26,26,18.5,7.47,12.09,5,21,6.68,1,2,0.23,5,Road · Night · Full house,1.25,7.9
2023,2023-11-25,Kansas State,Iowa State,home,35,42,-9.5,-7,0,-16.5,-8.14,,5,6,-8.87,3,6,0.6,4,Night,1.05,-5.1
2023,2023-11-25,Baylor,West Virginia,home,31,34,13.0,-3,0,10.0,12.56,,5,10,1.32,0,1,-0.22,4,Night,1.05,3.9
2023,2023-11-25,Stanford,Notre Dame,home,23,56,26.0,-33,46,-7.0,-7.79,,2,3,0.96,1,3,0.66,4,Ranked opponent,1.1,-1.1
2023,2023-11-25,California,UCLA,away,33,7,9.5,23,37,32.5,25.99,14.65,9,19,1.64,0,1,-0.25,5,Road · Night,1.15,10.5
2023,2023-11-25,South Carolina,Clemson,home,7,16,7.5,-9,0,-1.5,2.94,,7,7,-7.27,0,3,-0.79,4,Night · Ranked opponent,1.15,-2.7
2023,2023-11-25,UCLA,California,home,7,33,-9.5,-23,37,-32.5,-28.26,,5,7,-7.87,0,2,-0.8,4,Night,1.05,-12.6
2023,2023-11-25,West Virginia,Baylor,away,34,31,-13.0,3,0,-10.0,-14.83,-12.67,5,24,8.17,0,0,,4,Road · Night · Full house,1.25,-4.2
2023,2023-11-25,Florida State,Florida,away,24,15,-6.5,9,0,2.5,9.77,-2.4,7,24,4.34,0,2,-0.75,5,Road · Night · Full house,1.25,1.8
2023,2023-11-25,Florida,Florida State,home,15,24,6.5,-9,0,-2.5,-12.05,-14.86,5,10,-0.47,1,3,0.19,5,Night · Top-10 opponent,1.25,-4.6
2023,2023-11-25,Georgia Tech,Georgia,home,23,31,24.5,-8,0,16.5,-0.59,,3,14,10.69,2,3,1.62,4,Night · Top-10 opponent,1.25,8.8
2023,2023-11-25,Georgia,Georgia Tech,away,31,23,-24.5,8,0,-16.5,-1.68,-14.47,4,10,-5.2,3,3,1.44,5,Road · Night · Full house,1.25,-4.3
2023,2023-11-25,Iowa State,Kansas State,away,42,35,9.5,7,0,16.5,5.86,,5,14,4.36,3,5,1.76,4,Road · Night · Full house · Ranked opponent,1.35,9.1
2023,2023-11-25,Notre Dame,Stanford,away,56,23,-26.0,33,46,7.0,5.52,8.78,4,21,5.47,3,4,0.87,5,Road,1.1,5.2
2023,2023-12-02,Oklahoma State,Texas,neutral,21,49,14.5,-28,35,-13.5,6.26,,2,7,3.69,0,1,-0.21,4,Top-10 opponent,1.2,0.1
2023,2023-12-01,Oregon,Washington,neutral,31,34,-10.0,-3,0,-13.0,7.73,,3,10,1.0,0,2,-0.81,4,Night · Top-10 opponent,1.25,-1.3
2023,2023-12-02,Texas,Oklahoma State,neutral,49,21,-14.5,28,35,13.5,-8.53,7.57,6,28,8.51,1,1,0.56,5,Ranked opponent,1.1,4.1
2023,2023-12-02,SMU,Tulane,away,26,14,2.5,12,0,14.5,-5.83,5.13,9,16,-4.82,1,2,0.39,5,Road · Ranked opponent · Group of 5 opponent,1.05,1.2
2023,2023-12-01,Washington,Oregon,neutral,34,31,10.0,3,0,13.0,-10.0,-1.09,5,17,7.49,2,3,1.27,5,Night · Top-10 opponent,1.25,3.5
2023,2023-12-02,Alabama,Georgia,neutral,27,24,5.5,3,0,8.5,0.25,-3.36,6,20,7.11,1,3,0.16,5,Top-10 opponent,1.2,2.6
2023,2023-12-02,Georgia,Alabama,neutral,24,27,-5.5,-3,0,-8.5,-2.53,,5,17,3.23,0,2,-0.74,4,Top-10 opponent,1.2,-1.8
2023,2023-12-02,Michigan,Iowa,neutral,26,0,-21.5,23,29,1.5,13.62,3.05,11,26,-13.97,0,0,,4,Night · Ranked opponent,1.15,-0.1
2023,2023-12-02,Iowa,Michigan,neutral,0,26,21.5,-23,29,-1.5,-15.89,,6,0,-7.61,0,1,-0.15,4,Night · Top-10 opponent,1.25,-5.9
2023,2023-12-02,Florida State,Louisville,neutral,16,6,0.0,10,0,10.0,3.23,0.87,12,9,-20.42,1,2,0.35,5,Night · Ranked opponent,1.15,-2.1
2023,2023-12-02,Louisville,Florida State,neutral,6,16,0.0,-10,0,-10.0,-5.5,,10,6,-18.51,0,3,-0.97,4,Night · Top-10 opponent,1.25,-9.9
2023,2023-12-16,California,Texas Tech,neutral,14,34,3.5,-20,0,-16.5,-14.6,,7,0,-15.81,1,3,0.11,4,Night · Postseason,1.15,-9.5
2023,2023-12-16,UCLA,Boise State,neutral,35,22,-6.5,13,0,6.5,-3.52,-1.4,5,28,13.96,1,3,-0.13,5,Night · Postseason · Group of 5 opponent,1.0,2.7
2023,2023-12-16,Texas Tech,California,neutral,34,14,-3.5,20,0,16.5,12.33,9.11,11,27,-2.08,1,2,0.3,5,Night · Postseason,1.15,5.4
2023,2023-12-21,Syracuse,South Florida,neutral,0,45,-3.0,-31,93,-34.0,-28.01,,8,7,-13.93,0,2,-0.7,4,Night · Postseason · Group of 5 opponent,1.15,-15.5
2023,2023-12-22,UCF,Georgia Tech,neutral,17,30,-6.0,-13,0,-19.0,-17.25,-29.15,4,7,-4.13,0,3,-1.12,5,Night · Postseason,1.15,-11.6
2023,2023-12-22,Georgia Tech,UCF,neutral,30,17,6.0,13,0,19.0,14.98,6.89,6,20,7.27,0,1,-0.28,5,Night · Postseason,1.15,7.2
2023,2023-12-23,Duke,Troy,neutral,17,10,6.5,7,0,13.5,6.17,0.14,7,10,-4.66,1,2,0.46,5,Postseason · Group of 5 opponent,0.95,1.9
2023,2023-12-23,Utah,Northwestern,neutral,7,14,-7.0,-7,0,-14.0,-0.19,,11,7,-24.2,0,2,-0.76,4,Night · Postseason,1.15,-10.0
2023,2023-12-23,Northwestern,Utah,neutral,14,7,7.0,7,0,14.0,-2.08,,11,14,-8.73,0,1,-0.27,4,Night · Postseason,1.15,-0.8
2023,2023-12-26,Minnesota,Bowling Green,neutral,30,24,-2.5,6,0,3.5,7.08,-7.39,6,10,-5.53,2,3,0.97,5,Postseason · Group of 5 opponent,0.95,0.3
2023,2023-12-27,North Carolina,West Virginia,neutral,10,30,4.5,-20,0,-15.5,-14.0,,4,3,-5.82,0,3,-0.86,4,Postseason,1.1,-7.5
2023,2023-12-26,Kansas,UNLV,neutral,49,36,-7.5,13,0,5.5,-7.24,-3.91,7,42,21.95,1,3,-0.15,5,Night · Postseason · Group of 5 opponent,1.0,3.3
2023,2023-12-27,Virginia Tech,Tulane,neutral,41,20,-13.0,21,0,8.0,0.76,5.33,5,10,-5.83,4,4,2.29,5,Postseason · Group of 5 opponent,0.95,2.8
2023,2023-12-27,West Virginia,North Carolina,neutral,30,10,-4.5,20,0,15.5,11.72,7.61,7,13,-5.89,0,1,-0.36,5,Postseason,1.1,3.2
2023,2023-12-28,Boston College,SMU,neutral,23,14,13.5,9,0,22.5,2.23,7.67,6,14,3.75,0,1,-0.22,5,Ranked opponent · Postseason,1.2,5.3
2023,2023-12-28,NC State,Kansas State,neutral,19,28,3.0,-9,0,-6.0,-7.72,,6,7,-6.72,0,1,-0.3,4,Ranked opponent · Postseason,1.2,-4.7
2023,2023-12-28,Rutgers,Miami,neutral,31,24,-2.5,7,0,4.5,8.98,-7.39,5,17,4.06,0,2,-0.69,5,Postseason,1.1,1.0
2023,2023-12-27,Oklahoma State,Texas A&M,neutral,31,23,-4.0,8,0,4.0,-7.21,-4.14,5,10,-3.36,2,3,0.93,5,Night · Postseason,1.15,-0.8
2023,2023-12-28,Kansas State,NC State,neutral,28,19,-3.0,9,0,6.0,5.45,-5.64,6,14,-1.7,1,2,0.3,5,Ranked opponent · Postseason,1.2,0.8
2023,2023-12-28,Miami,Rutgers,neutral,24,31,2.5,-7,0,-4.5,-11.25,,3,0,-6.94,0,2,-0.61,4,Postseason,1.1,-5.3
2023,2023-12-27,Texas A&M,Oklahoma State,neutral,23,31,4.0,-8,0,-4.0,4.94,,6,10,-3.39,2,2,1.42,4,Night · Ranked opponent · Postseason,1.25,1.8
2023,2023-12-28,SMU,Boston College,neutral,14,23,-13.5,-9,0,-22.5,-4.5,,5,7,-8.97,1,3,-0.3,4,Postseason,1.1,-6.8
2023,2023-12-27,USC,Louisville,neutral,42,28,5.0,14,0,19.0,5.82,3.39,5,21,10.12,3,4,1.87,5,Night · Ranked opponent · Postseason,1.25,9.0
2023,2023-12-27,Louisville,USC,neutral,28,42,-5.0,-14,0,-19.0,-8.1,,4,14,3.09,0,2,-0.73,4,Night · Postseason,1.15,-4.5
2023,2023-12-28,Arizona,Oklahoma,neutral,38,24,-2.5,14,0,11.5,31.87,3.61,8,27,6.29,0,3,-1.03,5,Night · Ranked opponent · Postseason,1.25,7.8
2023,2023-12-28,Oklahoma,Arizona,neutral,24,38,2.5,-14,0,-11.5,-34.14,-22.87,7,10,-6.2,0,4,-1.21,5,Night · Ranked opponent · Postseason,1.25,-13.9
2023,2023-12-29,Clemson,Kentucky,neutral,38,35,-3.5,3,0,-0.5,3.47,,8,24,2.85,2,4,0.59,4,Postseason,1.1,2.4
2023,2023-12-29,Iowa State,Memphis,neutral,26,36,-10.0,-10,0,-20.0,-2.69,,3,13,4.0,0,1,-0.4,4,Postseason · Group of 5 opponent,1.1,-2.8
2023,2023-12-29,Notre Dame,Oregon State,neutral,40,8,-5.5,24,35,18.5,0.64,8.1,7,24,4.72,0,0,,4,Ranked opponent · Postseason · Group of 5 opponent,1.05,5.1
2023,2023-12-29,Kentucky,Clemson,neutral,35,38,3.5,-3,0,0.5,-5.75,-11.37,6,7,-6.55,3,7,0.93,5,Ranked opponent · Postseason,1.2,-3.0
2023,2023-12-30,Maryland,Auburn,neutral,31,13,4.5,24,26,28.5,15.52,13.14,6,14,0.78,0,0,,4,Postseason,1.1,9.0
2023,2023-12-29,Missouri,Ohio State,neutral,14,3,4.0,11,0,15.0,-3.01,2.89,8,14,-3.85,0,1,-0.29,5,Night · Top-10 opponent · Postseason,1.35,1.0
2023,2023-12-30,Ole Miss,Penn State,neutral,38,25,5.5,13,0,18.5,8.85,6.64,7,31,15.96,2,3,1.16,5,Top-10 opponent · Postseason,1.3,11.0
2023,2023-12-29,Ohio State,Missouri,neutral,3,14,-4.0,-11,0,-15.0,0.74,,8,3,-18.37,0,1,-0.36,4,Night · Top-10 opponent · Postseason,1.35,-9.1
2023,2023-12-30,Auburn,Maryland,neutral,13,31,-4.5,-24,26,-28.5,-17.8,,6,14,-2.19,0,1,-0.36,4,Postseason,1.1,-8.5
2023,2023-12-30,Penn State,Ole Miss,neutral,25,38,-5.5,-13,0,-18.5,-11.12,,5,10,-3.77,1,4,-0.47,4,Ranked opponent · Postseason,1.2,-6.9
2023,2023-12-30,Florida State,Georgia,neutral,3,63,23.5,-39,73,-15.5,-21.63,,1,0,-1.16,0,1,-0.14,4,Top-10 opponent · Postseason,1.3,-7.8
2023,2023-12-30,Georgia,Florida State,neutral,63,3,-23.5,39,73,15.5,19.36,14.04,3,14,2.77,0,0,,4,Top-10 opponent · Postseason,1.3,10.1
2023,2024-01-01,Michigan,Alabama,neutral,27,20,-2.0,7,0,5.0,2.04,,6,7,-8.37,2,3,0.98,4,Top-10 opponent · Postseason,1.3,0.5
2023,2024-01-01,Iowa,Tennessee,neutral,0,35,5.0,-28,38,-23.0,-11.34,,6,0,-13.06,0,1,-0.28,4,Ranked opponent · Postseason,1.2,-10.1
2023,2024-01-01,Oregon,Liberty,neutral,45,6,-18.5,32,53,13.5,4.32,12.56,5,28,10.66,1,1,0.53,5,Ranked opponent · Postseason · Group of 5 opponent,1.05,6.8
2023,2024-01-01,Tennessee,Iowa,neutral,35,0,-5.0,28,38,23.0,9.06,12.35,9,21,-3.54,0,0,,4,Ranked opponent · Postseason,1.2,6.6
2023,2024-01-01,Wisconsin,LSU,neutral,31,35,9.5,-4,0,5.5,-7.55,-12.35,7,14,0.5,2,5,0.76,5,Ranked opponent · Postseason,1.2,-1.4
2023,2024-01-01,Alabama,Michigan,neutral,20,27,2.0,-7,0,-5.0,-4.31,,7,10,-6.39,1,4,-0.23,4,Top-10 opponent · Postseason,1.3,-4.0
2023,2024-01-01,LSU,Wisconsin,neutral,35,31,-9.5,4,0,-5.5,5.28,,6,28,10.16,0,3,-1.2,4,Postseason,1.1,1.5
2023,2024-01-01,Texas,Washington,neutral,31,37,-3.5,-6,0,-9.5,-4.02,,4,7,-3.58,2,4,0.59,4,Night · Top-10 opponent · Postseason,1.35,-2.6
2023,2024-01-01,Washington,Texas,neutral,37,31,3.5,6,0,9.5,1.75,-1.37,6,27,13.45,1,4,-0.18,5,Night · Top-10 opponent · Postseason,1.35,4.9
2023,2024-01-08,Michigan,Washington,neutral,34,13,-5.5,21,0,15.5,7.09,8.1,8,20,-2.03,1,3,-0.1,5,Night · Top-10 opponent · Postseason,1.35,4.6
2023,2024-01-08,Washington,Michigan,neutral,13,34,5.5,-21,0,-15.5,-9.36,,5,7,-3.74,1,1,0.72,4,Night · Top-10 opponent · Postseason,1.35,-4.7
2024,2024-08-24,Florida State,Georgia Tech,neutral,21,24,-10.5,-3,0,-13.5,0.27,,3,3,-6.19,0,1,-0.43,4,,1,-3.7
2024,2024-08-24,Georgia Tech,Florida State,neutral,24,21,10.5,3,0,13.5,-2.8,,3,7,0.97,2,2,1.49,4,Top-10 opponent,1.2,4.4
2024,2024-08-24,SMU,Nevada,away,29,24,-27.5,5,0,-22.5,-4.93,,6,17,-6.49,1,2,-0.14,4,Road · Night · Group of 5 opponent,1.15,-6.3
2024,2024-08-29,NC State,Western Carolina,home,38,21,-32.5,17,0,-15.5,3.64,-8.66,7,21,-8.16,2,3,0.17,5,Night · FCS opponent,1.05,-3.8
2024,2024-08-29,Rutgers,Howard,home,44,7,-38.5,24,40,-14.5,13.77,-8.76,6,28,1.2,1,1,0.34,5,FCS opponent,1,-0.3
2024,2024-08-29,UCF,New Hampshire,home,57,3,-38.5,33,67,-5.5,4.43,1.24,8,31,-4.74,0,0,,4,Night · FCS opponent,1.05,-0.6
2024,2024-08-29,Arkansas,Arkansas-Pine Bluff,neutral,70,0,-50.5,42,90,-8.5,8.29,3.05,3,21,5.79,0,0,,4,Night · FCS opponent,0.65,1.4
2024,2024-08-30,Michigan State,Florida Atlantic,home,16,10,-12.5,6,0,-6.5,1.31,-8.35,8,14,-11.31,0,1,-0.45,5,Night · Group of 5 opponent,1.05,-4.4
2024,2024-08-29,Minnesota,North Carolina,home,17,19,1.5,-2,0,-0.5,-0.85,,5,14,1.69,1,5,-0.65,4,Night,1.05,-0.4
2024,2024-08-29,Missouri,Murray State,home,51,0,-50.5,35,77,-15.5,14.19,-3.95,2,14,3.86,0,0,,4,Night · FCS opponent,0.65,0.5
2024,2024-08-30,Duke,Elon,home,26,3,-24.5,26,13,1.5,-4.58,4.46,10,24,-13.65,0,0,,4,Night · FCS opponent,1.05,-2.6
2024,2024-08-29,North Carolina,Minnesota,away,19,17,-1.5,2,0,0.5,-1.68,,7,13,-5.29,1,2,0.29,4,Road · Night · Full house,1.25,-1.2
2024,2024-08-30,Oklahoma,Temple,home,51,3,-43.5,34,75,-9.5,17.82,-1.34,6,27,-1.31,0,0,,4,Night · Group of 5 opponent,0.9,1.1
2024,2024-08-29,Kansas,Lindenwood,home,48,3,-48.5,34,60,-14.5,9.46,-3.92,5,21,-3.84,0,0,,4,Night · FCS opponent,1.05,-1.6
2024,2024-08-29,Utah,Southern Utah,home,49,0,-37.5,35,72,-2.5,9.65,2.76,4,28,10.33,0,0,,4,Night · FCS opponent,0.65,2.6
2024,2024-08-29,Illinois,Eastern Illinois,home,45,0,-28.5,31,77,2.5,14.22,3.4,6,31,7.21,0,0,,4,Night · FCS opponent,0.65,3.1
2024,2024-08-29,Colorado,North Dakota State,home,31,26,-9.0,5,0,-4.0,-1.3,-9.54,2,14,8.02,2,5,-0.08,5,Group of 5 opponent,1,-0.3
2024,2024-08-31,Maryland,UConn,home,50,7,-18.5,36,79,17.5,-1.74,13.56,7,23,-1.25,0,0,,4,Group of 5 opponent,0.85,3.4
2024,2024-08-31,Ole Miss,Furman,home,76,0,-45.5,45,116,-0.5,10.38,8.63,4,24,4.73,0,0,,4,Night · FCS opponent,0.65,2.7
2024,2024-08-31,Syracuse,Ohio,home,38,22,-17.5,16,0,-1.5,5.37,-6.93,4,17,3.34,3,4,1.05,5,Group of 5 opponent,0.85,1.2
2024,2024-08-31,Ohio State,Akron,home,52,6,-48.5,32,41,-16.5,19.05,-5.92,5,17,-7.84,1,1,0.26,5,Group of 5 opponent,1,-1.2
2024,2024-08-31,Oklahoma State,South Dakota State,home,44,20,-12.5,31,59,18.5,20.37,15.65,6,20,1.02,1,1,0.55,5,FCS opponent,0.6,4.6
2024,2024-08-31,Auburn,Alabama A&M,home,73,3,-48.5,42,74,-6.5,14.34,4.08,4,21,1.13,0,0,,4,Night · FCS opponent,0.65,1.6
2024,2024-08-31,Penn State,West Virginia,away,34,12,-7.5,22,0,14.5,-0.93,6.23,7,14,-6.39,1,1,0.6,5,Road · Full house,1.2,2.2
2024,2024-08-31,Cincinnati,Towson,home,38,20,-33.5,18,0,-15.5,-6.04,-9.18,6,10,-15.3,2,2,0.77,5,FCS opponent,1,-5.8
2024,2024-08-31,Pittsburgh,Kent State,home,55,24,-23.5,28,30,4.5,-3.89,2.98,3,14,2.85,0,1,-0.54,5,Group of 5 opponent,0.85,0.5
2024,2024-08-31,Clemson,Georgia,neutral,3,34,13.5,-24,26,-10.5,-2.29,,3,0,-5.58,0,2,-0.47,4,Top-10 opponent,1.2,-4.3
2024,2024-08-31,Kansas State,UT Martin,home,41,6,-36.5,28,37,-8.5,0.54,-3.73,6,24,-2.2,0,0,,4,Night · FCS opponent,1.05,-1.8
2024,2024-08-31,Vanderbilt,Virginia Tech,home,34,27,13.5,7,0,20.5,14.0,5.06,4,14,6.56,2,4,1.07,5,,1,7.2
2024,2024-08-31,Baylor,Tarleton State,home,45,3,-33.5,32,64,-1.5,13.81,1.82,4,14,-2.87,0,0,,4,Night · FCS opponent,0.65,1.2
2024,2024-08-31,Miami,Florida,away,41,17,-3.0,31,31,28.0,0.52,16.55,5,21,7.56,2,2,1.26,5,Road · Full house,1.2,9.9
2024,2024-08-30,Stanford,TCU,home,27,34,8.5,-7,0,1.5,7.05,,5,14,3.44,1,5,-0.37,4,Night,1.05,2.1
2024,2024-08-31,Texas A&M,Notre Dame,home,13,23,-2.5,-10,0,-12.5,-2.2,,6,10,-5.98,0,4,-1.45,4,Night · Top-10 opponent,1.25,-6.5
2024,2024-08-31,California,UC Davis,home,31,13,-20.5,1,0,-19.5,4.27,,4,7,-7.26,0,2,-1.02,4,FCS opponent,1,-4.8
2024,2024-08-31,Purdue,Indiana State,home,49,0,-35.5,35,54,-0.5,3.31,3.79,6,28,2.1,0,0,,4,FCS opponent,0.6,1.0
2024,2024-08-31,Texas,Colorado State,home,52,0,-34.5,31,75,-3.5,6.46,4.3,6,31,5.4,0,0,,4,Group of 5 opponent,0.85,2.2
2024,2024-08-31,South Carolina,Old Dominion,home,23,19,-20.5,4,0,-16.5,2.94,-14.47,8,17,-11.52,1,4,-1.04,5,Group of 5 opponent,1,-6.5
2024,2024-08-31,Virginia Tech,Vanderbilt,away,27,34,-13.5,-7,0,-20.5,-16.53,,3,17,7.36,0,2,-0.91,4,Road,1.1,-5.2
2024,2024-08-31,UCLA,Hawai'i,away,16,13,-13.5,3,0,-10.5,-4.11,,8,13,-12.71,1,2,0.09,4,Road · Night · Full house · Group of 5 opponent,1.25,-6.2
2024,2024-08-30,TCU,Stanford,away,34,27,-8.5,7,0,-1.5,-9.58,-6.29,7,17,-3.74,2,4,0.35,5,Road · Night,1.15,-2.9
2024,2024-08-31,Tennessee,Chattanooga,home,69,3,-38.5,45,116,6.5,25.3,12.24,4,24,6.13,0,0,,4,FCS opponent,0.6,4.8
2024,2024-08-31,Texas Tech,Abilene Christian,home,52,51,-34.5,1,0,-33.5,7.8,-30.7,4,21,3.93,6,6,2.25,5,Night · FCS opponent,1.05,-3.9
2024,2024-08-30,Wisconsin,Western Michigan,home,28,14,-24.5,14,0,-10.5,-0.06,-11.54,4,14,-1.06,1,2,-0.09,5,Night · Group of 5 opponent,1.05,-3.0
2024,2024-08-31,West Virginia,Penn State,home,12,34,7.5,-22,0,-14.5,-1.6,,6,10,-2.97,0,1,-0.28,4,Top-10 opponent,1.2,-3.8
2024,2024-08-31,Alabama,Western Kentucky,home,63,0,-37.5,42,82,4.5,17.96,9.76,6,28,1.5,0,0,,4,Night · Group of 5 opponent,0.9,4.8
2024,2024-08-31,Mississippi State,Eastern Kentucky,home,56,7,-26.5,35,57,8.5,18.42,8.43,5,21,1.67,0,0,,4,FCS opponent,0.6,3.4
2024,2024-08-31,Florida,Miami,home,17,41,3.0,-31,31,-28.0,-3.04,,2,10,5.23,0,2,-0.64,4,Ranked opponent,1.1,-4.0
2024,2024-08-31,Georgia,Clemson,neutral,34,3,-13.5,24,26,10.5,-0.24,5.14,8,20,-5.71,0,0,,4,Ranked opponent,1.1,1.2
2024,2024-08-31,Iowa State,North Dakota,home,21,3,-30.5,18,0,-12.5,10.89,-7.63,5,7,-13.33,1,1,0.41,5,FCS opponent,1,-3.0
2024,2024-08-31,Northwestern,Miami (OH),home,13,6,-3.5,7,0,3.5,-0.21,-3.71,6,13,-3.28,0,2,-0.74,5,Group of 5 opponent,1,-1.4
2024,2024-08-31,Indiana,Florida International,home,31,7,-25.5,24,5,-1.5,-2.05,-2.05,8,31,0.48,0,0,,4,Group of 5 opponent,1,-0.5
2024,2024-08-31,Notre Dame,Texas A&M,away,23,13,2.5,10,0,12.5,-0.33,2.39,7,20,3.11,1,3,0.03,5,Road · Night · Ranked opponent,1.25,3.0
2024,2024-08-31,Kentucky,Southern Miss,home,31,0,-25.5,31,1,5.5,11.2,8.95,6,31,8.11,0,0,,4,Night · Group of 5 opponent,0.9,5.2
2024,2024-08-31,Louisville,Austin Peay,home,62,0,-38.5,38,72,-0.5,12.65,9.24,4,28,10.13,0,0,,4,FCS opponent,0.6,3.4
2024,2024-08-31,Arizona,New Mexico,home,61,39,-29.0,30,17,1.0,7.98,6.14,5,27,7.05,2,4,-0.32,5,Night · Group of 5 opponent,0.9,2.9
2024,2024-08-31,Washington,Weber State,home,35,3,-29.0,25,39,-4.0,13.66,-2.86,6,21,-2.95,0,0,,4,Night · FCS opponent,0.65,0.5
2024,2024-09-01,USC,LSU,neutral,27,20,6.5,7,0,13.5,1.71,,5,17,5.94,2,3,1.13,4,Night · Ranked opponent,1.15,6.0
2024,2024-08-31,Arizona State,Wyoming,home,48,7,-6.5,34,72,27.5,17.42,21.75,4,20,8.55,0,0,,4,Night · Group of 5 opponent,0.9,10.3
2024,2024-09-01,LSU,USC,neutral,20,27,-6.5,-7,0,-13.5,-4.23,,4,0,-11.45,4,5,2.02,4,Night · Ranked opponent,1.15,-3.0
2024,2024-09-02,Boston College,Florida State,away,28,13,16.5,15,0,31.5,5.68,10.61,7,21,9.03,1,1,0.79,5,Road · Night · Top-10 opponent,1.35,11.1
2024,2024-09-02,Florida State,Boston College,home,13,28,-16.5,-15,0,-31.5,-8.2,,6,13,-7.19,0,1,-0.48,4,Night,1.05,-8.3
2024,2024-09-06,BYU,SMU,away,18,15,12.5,3,0,15.5,-3.6,,7,14,0.62,1,5,-0.2,4,Road · Night · Full house,1.25,2.0
2024,2024-09-06,SMU,BYU,home,15,18,-12.5,-3,0,-15.5,1.08,,9,15,-13.48,0,3,-1.34,4,Night,1.05,-7.1
2024,2024-09-06,Indiana,Western Illinois,home,77,3,-44.5,42,93,-2.5,2.25,6.15,3,21,6.7,0,0,,4,Night · FCS opponent,0.65,1.8
2024,2024-09-07,Boston College,Duquesne,home,56,0,-33.5,42,73,8.5,14.34,11.82,3,21,8.35,0,0,,4,FCS opponent,0.6,4.2
2024,2024-09-07,Maryland,Michigan State,home,24,27,-7.5,-3,0,-10.5,7.32,,6,17,-0.48,1,4,-0.62,4,,1,-0.9
2024,2024-09-07,Michigan State,Maryland,away,27,24,7.5,3,0,10.5,-9.85,,6,13,0.03,2,4,0.87,4,Road,1.1,1.2
2024,2024-09-07,Michigan,Texas,home,12,31,4.0,-25,30,-21.0,-3.79,,2,3,-1.67,1,1,0.69,4,Top-10 opponent,1.2,-3.4
2024,2024-09-07,Minnesota,Rhode Island,home,48,0,-27.5,31,46,3.5,3.94,7.91,6,24,0.51,0,0,,4,FCS opponent,0.6,1.6
2024,2024-09-07,Missouri,Buffalo,home,38,0,-34.5,31,41,-3.5,-0.19,4.3,8,31,-3.13,0,0,,4,Night · Group of 5 opponent,1.05,-0.2
2024,2024-09-07,Ole Miss,Middle Tennessee,home,52,3,-42.5,35,61,-7.5,7.84,4.18,4,28,9.33,0,0,,4,Group of 5 opponent,0.85,2.7
2024,2024-09-06,Duke,Northwestern,away,26,20,2.5,6,0,8.5,-0.71,,9,13,-8.71,1,4,-0.29,4,Road · Night · Full house,1.25,-1.6
2024,2024-09-07,NC State,Tennessee,neutral,10,51,13.5,-34,36,-20.5,-13.5,,2,3,-0.72,0,2,-0.47,4,Night · Ranked opponent,1.15,-6.5
2024,2024-09-07,Wake Forest,Virginia,home,30,31,1.5,-1,0,0.5,-14.25,-13.13,6,17,2.23,2,5,0.35,5,Night,1.05,-2.9
2024,2024-09-07,Rutgers,Akron,home,49,17,-24.5,25,36,0.5,-1.05,2.46,5,21,2.17,1,1,0.46,5,Group of 5 opponent,0.85,1.1
2024,2024-09-07,Syracuse,Georgia Tech,home,31,28,2.5,3,0,5.5,-8.54,-8.61,5,24,11.94,0,2,-0.65,5,Ranked opponent,1.1,0.1
2024,2024-09-07,Ohio State,Western Michigan,home,56,0,-37.5,35,67,-2.5,-3.44,2.76,5,28,5.92,0,0,,4,Night · Group of 5 opponent,0.9,1.0
2024,2024-09-07,Oklahoma State,Arkansas,home,39,31,-10.5,8,0,-2.5,33.54,,8,13,-11.51,1,2,0.14,4,,1,2.8
2024,2024-09-07,Auburn,California,home,14,21,-11.5,-7,0,-18.5,-3.02,,9,0,-28.02,0,2,-0.87,4,,1,-10.9
2024,2024-09-07,Oklahoma,Houston,home,16,12,-27.5,4,0,-23.5,11.91,-20.09,7,7,-20.41,0,3,-1.7,5,Night,1.05,-9.7
2024,2024-09-07,UCF,Sam Houston,home,45,14,-21.5,31,61,9.5,9.79,7.01,5,24,5.93,0,0,,4,Night · Group of 5 opponent,0.9,4.7
2024,2024-09-07,Penn State,Bowling Green,home,34,27,-35.5,7,0,-28.5,-0.41,-20.21,6,17,-8.9,2,3,0.1,5,Group of 5 opponent,1,-7.4
2024,2024-09-07,Cincinnati,Pittsburgh,home,27,28,2.5,-1,0,1.5,-0.55,-9.61,5,20,7.94,1,4,-0.29,5,,1,0.1
2024,2024-09-07,Pittsburgh,Cincinnati,away,28,27,-2.5,1,0,-1.5,-1.98,,5,20,6.69,1,1,0.64,4,Road · Full house,1.2,2.5
2024,2024-09-07,Iowa,Iowa State,home,19,20,-2.5,-1,0,-3.5,3.58,-11.19,10,13,-13.63,1,4,-0.45,5,,1,-4.4
2024,2024-09-07,Kansas,Illinois,away,17,23,-4.5,-6,0,-10.5,-10.09,,5,14,0.19,1,4,-0.52,4,Road · Night · Full house,1.25,-4.4
2024,2024-09-07,Kansas State,Tulane,away,34,27,-9.5,7,0,-2.5,18.43,,5,13,-2.07,1,3,-0.26,4,Road · Group of 5 opponent,0.95,2.0
2024,2024-09-07,Vanderbilt,Alcorn State,home,55,0,-32.5,34,44,1.5,9.76,8.34,5,27,6.17,0,0,,4,Night · FCS opponent,0.65,2.9
2024,2024-09-07,Baylor,Utah,away,12,23,14.5,-11,0,3.5,-4.71,,8,13,-1.49,0,1,-0.22,4,Road · Full house · Ranked opponent,1.3,-1.0
2024,2024-09-07,Miami,Florida A&M,home,56,9,-46.5,33,89,-13.5,3.32,-4.89,4,17,-2.47,0,0,,4,FCS opponent,1,-2.2
2024,2024-09-07,Stanford,Cal Poly,home,41,7,-33.5,24,36,-9.5,12.96,-6.18,7,34,4.49,0,1,-0.62,5,FCS opponent,0.6,0.1
2024,2024-09-07,Texas A&M,McNeese,home,52,10,-46.5,38,74,-8.5,12.76,1.11,3,21,6.4,0,0,,4,FCS opponent,0.6,1.6
2024,2024-09-07,Houston,Oklahoma,away,12,16,27.5,-4,0,23.5,-14.43,,8,3,-6.27,1,1,0.88,4,Road · Night · Full house · Ranked opponent,1.35,0.8
2024,2024-09-07,California,Auburn,away,21,14,11.5,7,0,18.5,0.5,0.03,10,14,-5.61,1,3,0.25,5,Road · Full house,1.2,1.6
2024,2024-09-07,Texas,Michigan,away,31,12,-4.0,25,30,21.0,1.27,13.04,4,17,6.05,1,1,0.62,5,Road · Full house · Top-10 opponent,1.4,8.6
2024,2024-09-07,Utah,Baylor,home,23,12,-14.5,11,0,-3.5,2.18,-9.38,8,17,-9.11,0,0,,4,,1,-3.3
2024,2024-09-07,South Carolina,Kentucky,away,31,6,9.5,25,37,34.5,13.26,21.0,7,24,9.57,0,1,-0.27,5,Road · Full house,1.2,12.1
2024,2024-09-07,Virginia,Wake Forest,away,31,30,-1.5,1,0,-0.5,11.73,,6,17,1.32,0,2,-0.71,4,Road · Night · Full house,1.25,1.9
2024,2024-09-07,Virginia Tech,Marshall,home,31,14,-20.5,17,0,-3.5,11.91,-2.47,8,17,-11.52,1,2,-0.02,5,Group of 5 opponent,1,-1.2
2024,2024-09-07,Tennessee,NC State,neutral,51,10,-13.5,34,36,20.5,10.97,14.14,5,17,0.93,1,1,0.55,5,Night · Ranked opponent,1.15,7.5
2024,2024-09-07,Washington,Eastern Michigan,home,30,9,-25.5,24,15,-1.5,-13.34,-3.05,5,24,4.92,1,2,-0.1,5,Group of 5 opponent,1,-1.3
2024,2024-09-07,Wisconsin,South Dakota,home,27,13,-17.5,14,0,-3.5,-5.0,-7.93,5,14,-3.07,1,2,0.03,5,FCS opponent,1,-2.5
2024,2024-09-07,West Virginia,UAlbany,home,49,14,-37.5,28,39,-9.5,13.33,-4.24,5,28,5.92,1,1,0.35,5,FCS opponent,0.6,1.1
2024,2024-09-07,Alabama,South Florida,home,42,16,-33.5,26,5,-7.5,21.21,-2.18,12,28,-22.6,2,4,-0.47,5,Night · Group of 5 opponent,1.05,-3.1
2024,2024-09-07,Illinois,Kansas,home,23,17,4.5,6,0,10.5,7.56,,5,13,1.44,1,3,0.08,4,Night · Ranked opponent,1.15,3.9
2024,2024-09-07,Florida,Samford,home,45,7,-38.5,24,37,-14.5,-10.82,-8.76,8,24,-11.74,0,0,,4,Night · FCS opponent,1.05,-7.3
2024,2024-09-07,Georgia Tech,Syracuse,away,28,31,-2.5,-3,0,-5.5,6.01,,3,0,-7.99,1,2,0.27,4,Road,1.1,-1.3
2024,2024-09-07,Georgia,Tennessee Tech,home,48,3,-54.5,31,64,-23.5,2.23,-10.01,5,24,-2.34,0,0,,4,FCS opponent,1,-4.3
2024,2024-09-07,Iowa State,Iowa,away,20,19,2.5,1,0,3.5,-6.11,,10,13,-11.12,0,1,-0.32,4,Road · Full house · Ranked opponent,1.3,-4.6
2024,2024-09-06,Northwestern,Duke,home,20,26,-2.5,-6,0,-8.5,-1.82,,9,3,-20.96,0,4,-1.45,4,Night,1.05,-8.7
2024,2024-09-07,Arkansas,Oklahoma State,away,31,39,10.5,-8,0,2.5,-36.07,-15.49,5,14,3.94,0,4,-1.03,5,Road · Full house · Ranked opponent,1.3,-8.7
2024,2024-09-07,Notre Dame,Northern Illinois,home,14,16,-28.5,-2,0,-30.5,4.09,,6,7,-16.79,0,4,-2.31,4,Group of 5 opponent,1,-10.3
2024,2024-09-07,Kentucky,South Carolina,home,6,31,-9.5,-25,37,-34.5,-15.79,,5,3,-12.07,0,1,-0.42,4,,1,-10.7
2024,2024-09-07,Louisville,Jacksonville State,home,49,14,-27.5,28,20,0.5,0.64,0.91,7,28,0.59,1,1,0.43,5,Group of 5 opponent,0.85,0.8
2024,2024-09-07,LSU,Nicholls,home,44,21,-46.5,23,39,-23.5,12.26,-8.89,6,14,-15.21,3,3,0.83,5,Night · FCS opponent,1.05,-4.3
2024,2024-09-07,Arizona,Northern Arizona,home,22,10,-36.5,12,0,-24.5,-10.52,-17.73,7,10,-20.57,0,2,-1.28,5,Night · FCS opponent,1.05,-12.1
2024,2024-09-07,Clemson,App State,home,66,20,-13.5,49,118,35.5,9.45,29.14,3,21,11.36,0,0,,4,Night · Group of 5 opponent,0.9,11.7
2024,2024-09-07,Oregon,Boise State,home,37,34,-17.5,3,0,-14.5,3.25,,8,24,-3.32,0,4,-1.95,4,Night · Group of 5 opponent,1.05,-4.7
2024,2024-09-07,TCU,Long Island University,home,45,0,-45.5,31,74,-14.5,12.71,-1.37,6,31,2.09,0,0,,4,Night · FCS opponent,0.65,0.4
2024,2024-09-07,Texas Tech,Washington State,away,16,37,-2.5,-27,16,-29.5,-31.29,,6,3,-12.98,0,1,-0.36,4,Road · Night · Full house · Group of 5 opponent,1.25,-16.0
2024,2024-09-07,USC,Utah State,home,48,0,-30.5,34,55,3.5,-11.4,9.37,5,24,3.67,0,0,,4,Night · Group of 5 opponent,0.9,1.1
2024,2024-09-07,Mississippi State,Arizona State,away,23,30,6.5,-7,0,-0.5,-2.42,,3,14,7.36,0,1,-0.29,4,Road · Night · Full house,1.25,1.5
2024,2024-09-07,Arizona State,Mississippi State,home,30,23,-6.5,7,0,0.5,-0.11,-5.25,4,17,5.55,1,1,0.6,5,Night,1.05,1.2
2024,2024-09-13,Kansas,UNLV,home,20,23,-10.5,-3,0,-13.5,-14.34,-18.32,5,10,-5.32,2,5,-0.14,5,Night · Group of 5 opponent,1.05,-7.2
2024,2024-09-14,Boston College,Missouri,away,21,27,14.5,-6,0,8.5,5.73,-8.42,3,7,1.57,0,4,-0.9,5,Road · Full house · Top-10 opponent,1.4,0.1
2024,2024-09-13,Arizona,Kansas State,away,7,31,9.5,-24,25,-14.5,-13.98,,3,0,-6.18,0,2,-0.53,4,Road · Night · Full house · Ranked opponent,1.35,-8.5
2024,2024-09-14,Michigan State,Prairie View A&M,home,40,0,-42.5,30,57,-12.5,10.5,-4.82,4,21,2.33,0,0,,4,FCS opponent,0.6,0.0
2024,2024-09-14,Minnesota,Nevada,home,27,0,-17.5,27,36,9.5,4.78,6.07,7,24,0.1,0,0,,4,Group of 5 opponent,0.85,2.6
2024,2024-09-14,Missouri,Boston College,home,27,21,-14.5,6,0,-8.5,-8.26,-10.38,6,13,-6.59,1,2,0.08,5,Ranked opponent,1.1,-4.9
2024,2024-09-14,Ole Miss,Wake Forest,away,40,6,-20.5,24,44,3.5,-6.28,3.53,6,17,-4.39,1,1,0.49,5,Road · Full house,1.2,-0.2
2024,2024-09-14,Duke,UConn,home,26,21,-17.5,5,0,-12.5,-5.23,-12.93,9,27,-3.73,0,2,-0.97,5,Group of 5 opponent,1,-5.4
2024,2024-09-14,NC State,Louisiana Tech,home,30,20,-20.5,10,0,-10.5,6.32,-9.47,5,20,2.18,1,3,-0.53,5,Group of 5 opponent,1,-1.6
2024,2024-09-14,North Carolina,North Carolina Central,home,45,10,-37.5,28,21,-9.5,-2.89,-0.24,8,31,-4.33,0,2,-1.3,5,FCS opponent,1,-3.4
2024,2024-09-14,Wake Forest,Ole Miss,home,6,40,20.5,-24,44,-3.5,3.75,,3,3,-1.53,0,1,-0.18,4,Top-10 opponent,1.2,-0.3
2024,2024-09-14,Nebraska,Northern Iowa,home,34,3,-30.5,24,40,-6.5,6.31,-1.63,6,20,-4.4,1,1,0.41,5,Night · FCS opponent,1.05,-0.4
2024,2024-09-14,Oklahoma State,Tulsa,away,45,10,-17.5,35,71,17.5,8.65,13.07,4,21,7.34,0,0,,4,Road · Full house · Group of 5 opponent,1.05,7.6
2024,2024-09-14,Auburn,New Mexico,home,45,19,-25.5,26,15,0.5,22.32,2.95,4,17,1.74,2,3,0.34,5,Night · Group of 5 opponent,0.9,3.8
2024,2024-09-14,Oklahoma,Tulane,home,34,19,-13.5,15,0,1.5,7.09,-4.86,9,31,2.07,0,1,-0.45,5,Group of 5 opponent,0.85,0.4
2024,2024-09-14,UCF,TCU,away,35,34,2.5,1,0,3.5,-8.22,,2,14,9.18,0,1,-0.32,4,Road · Night · Full house,1.25,1.4
2024,2024-09-14,Cincinnati,Miami (OH),away,27,16,-3.5,11,0,7.5,10.95,-3.71,6,13,-3.28,0,3,-1.12,5,Road · Full house · Group of 5 opponent,1.05,0.1
2024,2024-09-14,Pittsburgh,West Virginia,home,38,34,1.5,4,0,5.5,3.64,,4,14,4.15,2,4,0.68,4,,1,3.4
2024,2024-09-14,Iowa,Troy,home,38,21,-23.5,17,0,-6.5,-5.02,-4.02,7,21,-5.01,1,1,0.46,5,Group of 5 opponent,1,-2.3
2024,2024-09-13,Kansas State,Arizona,home,31,7,-9.5,24,25,14.5,11.45,6.2,5,17,1.93,1,1,0.58,5,Night · Ranked opponent,1.15,5.8
2024,2024-09-14,Vanderbilt,Georgia State,away,32,36,-8.5,-4,0,-12.5,-2.85,,5,31,16.18,1,3,-0.24,4,Road · Night · Full house · Group of 5 opponent,1.1,1.9
2024,2024-09-14,Baylor,Air Force,home,31,3,-17.5,28,29,10.5,10.01,10.07,8,23,-4.32,0,1,-0.49,5,Night · Group of 5 opponent,0.9,2.4
2024,2024-09-14,Texas A&M,Florida,away,33,20,-3.5,13,0,9.5,-7.51,2.29,4,17,6.15,0,0,,4,Road · Full house,1.2,2.4
2024,2024-09-14,Purdue,Notre Dame,home,7,66,7.5,-42,79,-34.5,-10.22,,2,0,-4.32,0,1,-0.28,4,Ranked opponent,1.1,-8.4
2024,2024-09-14,Texas,UTSA,home,56,7,-36.5,35,71,-1.5,6.03,3.27,6,21,-5.2,0,0,,4,Night · Group of 5 opponent,0.9,0.3
2024,2024-09-14,Utah,Utah State,away,38,21,-20.5,17,0,-3.5,8.78,-6.47,9,27,-5.08,0,2,-1.02,5,Road · Group of 5 opponent,1.1,-2.2
2024,2024-09-14,South Carolina,LSU,home,33,36,6.5,-3,0,3.5,-3.96,-8.55,7,13,-2.48,2,4,0.84,5,Ranked opponent,1.1,-0.9
2024,2024-09-14,Virginia Tech,Old Dominion,away,37,17,-15.5,24,21,8.5,-3.36,3.1,10,30,-3.14,0,2,-0.94,5,Road · Full house · Group of 5 opponent,1.2,-0.6
2024,2024-09-14,UCLA,Indiana,home,13,42,3.5,-29,13,-25.5,-11.62,,1,0,-2.36,0,1,-0.31,4,,1,-6.2
2024,2024-09-14,TCU,UCF,home,34,35,-2.5,-1,0,-3.5,5.7,-15.19,4,21,10.35,0,1,-0.36,5,Night,1.05,0.0
2024,2024-09-14,Tennessee,Kent State,home,71,0,-49.5,44,115,-5.5,14.12,10.57,3,21,5.95,0,0,,4,Night · Group of 5 opponent,0.9,4.2
2024,2024-09-14,Wisconsin,Alabama,home,10,42,15.5,-25,39,-9.5,-20.22,,4,0,-7.04,0,1,-0.22,4,Top-10 opponent,1.2,-7.8
2024,2024-09-14,West Virginia,Pittsburgh,away,34,38,-1.5,-4,0,-5.5,-6.17,-13.67,5,20,6.94,2,6,-0.13,5,Road · Full house,1.2,-2.3
2024,2024-09-14,Alabama,Wisconsin,away,42,10,-15.5,25,39,9.5,17.69,7.1,6,28,8.11,0,1,-0.47,5,Road · Full house,1.2,6.7
2024,2024-09-14,Mississippi State,Toledo,home,17,41,-10.5,-35,49,-45.5,-10.67,,1,0,-3.06,0,1,-0.43,4,Night · Group of 5 opponent,1.05,-9.6
2024,2024-09-14,Illinois,Central Michigan,home,30,9,-21.5,21,0,-0.5,10.87,-2.99,6,13,-8.69,1,2,-0.04,5,Group of 5 opponent,1,-0.6
2024,2024-09-14,Colorado,Colorado State,away,28,9,-7.5,25,7,17.5,7.82,11.23,9,28,1.78,0,1,-0.4,5,Road · Night · Full house · Group of 5 opponent,1.1,5.0
2024,2024-09-14,Florida State,Memphis,home,12,20,-6.5,-8,0,-14.5,1.01,,5,6,-8.32,0,1,-0.4,4,Group of 5 opponent,1,-4.2
2024,2024-09-14,Florida,Texas A&M,home,20,33,3.5,-13,0,-9.5,4.98,,3,7,-0.09,0,1,-0.31,4,,1,-0.7
2024,2024-09-14,Georgia Tech,VMI,home,59,7,-42.5,38,62,-4.5,4.9,7.18,7,31,-1.67,0,0,,4,FCS opponent,0.6,0.7
2024,2024-09-14,Georgia,Kentucky,away,13,12,-21.5,1,0,-20.5,2.96,,5,10,-8.07,1,3,-0.56,4,Road · Night · Full house,1.25,-6.0
2024,2024-09-14,Northwestern,Eastern Illinois,home,31,7,-26.5,24,14,-2.5,1.58,-2.57,8,31,0.08,0,1,-0.56,5,Night · FCS opponent,1.05,-0.8
2024,2024-09-14,Indiana,UCLA,away,42,13,-3.5,29,13,25.5,9.1,14.29,4,21,10.15,0,0,,4,Road,1.1,10.0
2024,2024-09-14,Notre Dame,Purdue,away,66,7,-7.5,42,79,34.5,7.69,25.23,5,21,6.43,0,0,,4,Road · Full house,1.2,13.1
2024,2024-09-14,Kentucky,Georgia,home,12,13,21.5,-1,0,20.5,-5.49,,5,3,-4.3,2,3,1.5,4,Night · Top-10 opponent,1.25,3.6
2024,2024-09-14,LSU,South Carolina,away,36,33,-6.5,3,0,-3.5,1.43,,6,24,6.82,0,3,-1.19,4,Road · Full house,1.2,0.2
2024,2024-09-14,Houston,Rice,home,33,7,-3.5,26,35,22.5,0.55,11.29,9,21,-3.42,0,0,,4,Night · Group of 5 opponent,0.9,3.7
2024,2024-09-20,Syracuse,Stanford,home,24,26,-9.5,-2,0,-11.5,-4.67,,6,10,-8.08,0,2,-0.84,4,Night,1.05,-5.5
2024,2024-09-20,Stanford,Syracuse,away,26,24,9.5,2,0,11.5,2.15,-2.0,7,16,1.57,1,3,0.2,5,Road · Night · Full house,1.25,2.4
2024,2024-09-21,Maryland,Villanova,home,38,20,-22.5,25,22,2.5,-8.1,0.49,5,17,-1.33,0,0,,4,FCS opponent,1,-0.8
2024,2024-09-21,Michigan,USC,home,27,24,4.5,3,0,7.5,7.38,-7.58,7,21,4.82,0,3,-0.92,5,Ranked opponent,1.1,1.0
2024,2024-09-21,Minnesota,Iowa,home,14,31,2.5,-17,0,-14.5,-12.12,,5,14,1.94,0,3,-0.97,4,Night,1.05,-4.8
2024,2024-09-21,Missouri,Vanderbilt,home,30,27,-18.5,3,0,-15.5,-10.15,,7,10,-14.25,3,5,0.53,4,,1,-6.5
2024,2024-09-21,Ole Miss,Georgia Southern,home,52,13,-35.5,31,51,-4.5,-6.94,3.79,7,31,0.78,0,0,,4,Night · Group of 5 opponent,1.05,-0.6
2024,2024-09-21,Duke,Middle Tennessee,away,45,17,-14.5,28,27,13.5,18.17,10.62,7,35,12.15,1,2,0.08,5,Road · Group of 5 opponent,0.95,7.5
2024,2024-09-21,NC State,Clemson,away,35,59,17.5,-38,84,-20.5,-19.92,,0,0,,0,1,-0.2,3,Road · Full house · Ranked opponent,1.3,-11.7
2024,2024-09-21,North Carolina,James Madison,home,50,70,-11.5,-36,52,-47.5,-18.02,,5,7,-8.57,1,2,0.13,4,Group of 5 opponent,1,-11.3
2024,2024-09-20,Nebraska,Illinois,home,24,31,-9.5,-7,0,-16.5,-6.15,,4,14,1.95,2,4,0.32,4,Night · Ranked opponent,1.15,-2.5
2024,2024-09-21,Rutgers,Virginia Tech,away,26,23,3.5,3,0,6.5,-10.25,-8.1,6,7,-7.17,1,2,0.37,5,Road · Full house,1.2,-3.2
2024,2024-09-21,Oklahoma State,Utah,home,19,22,0.5,-3,0,-2.5,12.86,,8,10,-10.1,0,2,-0.68,4,Ranked opponent,1.1,-1.5
2024,2024-09-21,Auburn,Arkansas,home,14,24,-2.5,-10,0,-12.5,-19.53,,7,7,-11.64,0,2,-0.73,4,,1,-8.6
2024,2024-09-21,Oklahoma,Tennessee,home,15,25,5.5,-10,0,-4.5,2.04,,10,7,-15.62,1,2,0.4,4,Night · Top-10 opponent,1.25,-4.3
2024,2024-09-21,Pittsburgh,Youngstown State,home,73,17,-29.5,42,62,12.5,12.83,13.88,2,14,5.97,0,0,,4,FCS opponent,0.6,4.3
2024,2024-09-21,Clemson,NC State,home,59,35,-17.5,38,84,20.5,17.39,16.07,3,21,10.76,0,0,,4,,1,10.1
2024,2024-09-21,Iowa,Minnesota,away,31,14,-2.5,17,0,14.5,9.59,6.81,9,24,0.04,0,1,-0.36,5,Road · Night · Full house,1.25,4.5
2024,2024-09-21,Kansas,West Virginia,away,28,32,1.5,-4,0,-2.5,-1.13,-13.13,6,14,-0.77,1,4,-0.32,5,Road,1.1,-2.8
2024,2024-09-21,Vanderbilt,Missouri,away,27,30,18.5,-3,0,15.5,7.63,,6,17,7.34,1,6,-0.15,4,Road · Full house · Top-10 opponent,1.4,7.3
2024,2024-09-21,Miami,South Florida,away,50,15,-15.5,28,27,12.5,12.33,7.1,3,21,11.06,2,4,0.12,5,Road · Night · Full house · Group of 5 opponent,1.1,7.0
2024,2024-09-21,California,Florida State,away,9,14,2.5,-5,0,-2.5,-20.27,,8,9,-10.3,0,2,-0.65,4,Road · Night,1.15,-7.9
2024,2024-09-21,Utah,Oklahoma State,away,22,19,-0.5,3,0,2.5,-15.39,-6.16,11,23,-5.19,0,1,-0.35,5,Road · Full house · Ranked opponent,1.3,-4.9
2024,2024-09-21,South Carolina,Akron,home,50,7,-22.5,29,42,6.5,-2.89,3.49,8,35,5.68,0,0,,4,Night · Group of 5 opponent,0.9,2.1
2024,2024-09-21,Virginia,Coastal Carolina,away,43,24,-3.5,26,9,22.5,2.57,14.29,6,27,10.72,1,2,0.26,5,Road · Full house · Group of 5 opponent,1.05,7.6
2024,2024-09-21,Virginia Tech,Rutgers,home,23,26,-3.5,-3,0,-6.5,7.73,,6,14,-2.28,0,2,-0.74,4,,1,-0.9
2024,2024-09-21,Tennessee,Oklahoma,away,25,15,-5.5,10,0,4.5,-4.56,-0.74,11,16,-14.94,1,1,0.61,5,Road · Night · Full house · Ranked opponent,1.35,-3.1
2024,2024-09-21,Texas Tech,Arizona State,home,30,22,-4.5,8,0,3.5,9.96,-7.22,7,17,-2.34,2,2,1.24,5,,1,1.6
2024,2024-09-21,West Virginia,Kansas,home,32,28,-1.5,4,0,2.5,-1.4,,6,21,5.32,1,3,-0.07,4,,1,1.5
2024,2024-09-21,USC,Michigan,away,24,27,-4.5,-3,0,-7.5,-9.91,,8,7,-15.1,0,2,-0.76,4,Road · Full house · Ranked opponent,1.3,-9.3
2024,2024-09-20,Illinois,Nebraska,away,31,24,9.5,7,0,16.5,3.62,,5,14,3.69,2,3,1.2,4,Road · Night · Full house · Ranked opponent,1.35,7.4
2024,2024-09-21,Florida State,California,home,14,9,-2.5,5,0,2.5,17.74,,7,7,-11.64,1,3,-0.09,4,Night,1.05,0.6
2024,2024-09-21,Georgia Tech,Louisville,away,19,31,8.5,-12,0,-3.5,-21.73,,3,10,3.67,0,3,-0.82,4,Road · Ranked opponent,1.2,-4.9
2024,2024-09-21,Iowa State,Arkansas State,home,52,7,-18.5,31,77,12.5,10.49,8.56,6,31,10.21,0,0,,4,Group of 5 opponent,0.85,5.8
2024,2024-09-21,Arkansas,Auburn,away,24,14,2.5,10,0,12.5,17.0,2.39,9,10,-11.71,2,2,1.35,5,Road · Full house,1.2,3.8
2024,2024-09-21,Indiana,Charlotte,home,52,14,-28.5,31,58,2.5,10.19,3.4,4,24,8.14,2,2,0.85,5,Group of 5 opponent,0.85,3.9
2024,2024-09-21,Notre Dame,Miami (OH),home,28,3,-27.5,25,18,-2.5,6.41,0.91,8,28,-3.33,0,1,-0.57,5,Group of 5 opponent,1,-0.3
2024,2024-09-21,Arizona State,Texas Tech,away,22,30,4.5,-8,0,-3.5,-12.49,,5,24,12.44,0,1,-0.31,4,Road · Full house,1.2,0.4
2024,2024-09-21,Kentucky,Ohio,home,41,6,-21.5,34,29,12.5,8.45,14.01,4,20,5.54,0,0,,4,Group of 5 opponent,0.85,5.4
2024,2024-09-21,Louisville,Georgia Tech,home,31,19,-8.5,12,0,3.5,19.2,-1.29,4,10,-1.85,1,3,-0.24,5,,1,2.3
2024,2024-09-21,Boston College,Michigan State,home,23,19,-4.5,4,0,-0.5,10.09,,4,14,2.95,1,4,-0.52,4,Night,1.05,2.0
2024,2024-09-21,Michigan State,Boston College,away,19,23,4.5,-4,0,0.5,-12.62,,6,9,-4.87,2,4,0.78,4,Road · Night · Full house,1.25,-2.6
2024,2024-09-21,Kansas State,BYU,away,9,38,-7.5,-29,30,-36.5,-40.44,,4,6,-5.65,0,3,-1.21,4,Road · Night · Full house,1.25,-18.2
2024,2024-09-21,Baylor,Colorado,away,31,38,2.5,-7,0,-4.5,3.83,-13.61,8,17,-2.3,2,4,0.71,5,Road · Full house,1.2,-1.8
2024,2024-09-21,Purdue,Oregon State,away,21,38,1.5,-17,0,-15.5,-5.17,,5,7,-5.31,0,1,-0.33,4,Road · Night · Group of 5 opponent,1.15,-5.2
2024,2024-09-21,Texas,UL Monroe,home,51,3,-41.5,32,68,-9.5,8.97,-2.31,4,28,9.53,0,0,,4,Night · Group of 5 opponent,0.9,1.9
2024,2024-09-21,BYU,Kansas State,home,38,9,7.5,29,30,36.5,37.91,22.97,4,21,12.35,1,3,0.16,5,Night · Ranked opponent,1.15,17.0
2024,2024-09-21,Colorado,Baylor,home,38,31,-2.5,7,0,4.5,-6.36,,7,24,5.36,1,4,-0.45,4,,1,0.5
2024,2024-09-27,Miami,Virginia Tech,home,38,34,-17.5,4,0,-13.5,-7.74,,4,21,7.34,1,3,-0.46,4,Night,1.05,-1.8
2024,2024-09-27,Virginia Tech,Miami,away,34,38,17.5,-4,0,13.5,5.21,-3.87,5,24,15.7,1,4,0.2,5,Road · Night · Full house · Top-10 opponent,1.45,7.2
2024,2024-09-28,Boston College,Western Kentucky,home,21,20,-7.5,1,0,-6.5,6.79,,6,21,3.52,0,1,-0.4,4,Group of 5 opponent,0.85,0.7
2024,2024-09-28,Maryland,Indiana,away,28,42,7.5,-14,0,-6.5,-3.78,,8,0,-17.29,2,3,1.16,4,Road,1.1,-4.5
2024,2024-09-28,Michigan State,Ohio State,home,7,38,23.5,-31,47,-7.5,-11.0,,2,7,4.28,0,1,-0.15,4,Night · Top-10 opponent,1.25,-2.3
2024,2024-09-28,Michigan,Minnesota,home,27,24,-10.5,10,7,-0.5,12.97,-8.32,8,21,-3.51,1,1,0.57,5,,1,0.5
2024,2024-09-28,Minnesota,Michigan,away,24,27,10.5,-10,7,0.5,-15.5,,6,17,4.93,0,1,-0.26,4,Road · Full house · Ranked opponent,1.3,-1.9
2024,2024-09-28,Ole Miss,Kentucky,home,17,20,-15.5,-3,0,-18.5,-6.38,,6,10,-9.89,0,3,-1.41,4,,1,-7.6
2024,2024-09-28,Duke,North Carolina,home,21,20,1.5,1,0,2.5,1.15,,7,14,-3.24,0,1,-0.33,4,,1,-0.5
2024,2024-09-28,NC State,Northern Illinois,home,24,17,-7.5,7,0,-0.5,14.0,-5.77,6,17,-0.48,0,3,-1.21,5,Group of 5 opponent,1,-0.2
2024,2024-09-28,North Carolina,Duke,away,20,21,-1.5,-1,0,-2.5,-3.67,-10.67,9,17,-6.51,0,2,-0.71,5,Road,1.1,-4.4
2024,2024-09-28,Wake Forest,Louisiana,home,38,41,-2.5,-3,0,-5.5,-3.56,,2,7,1.67,4,5,2.18,4,Group of 5 opponent,0.85,1.7
2024,2024-09-28,Nebraska,Purdue,away,28,10,-10.5,25,14,14.5,1.57,9.68,7,14,-7.45,1,1,0.57,5,Road · Full house,1.2,2.9
2024,2024-09-27,Rutgers,Washington,home,21,18,-1.5,3,0,1.5,23.6,-7.67,6,14,-1.68,1,3,-0.07,5,Night,1.05,2.0
2024,2024-09-28,Syracuse,Holy Cross,home,42,14,-31.5,28,26,-3.5,-4.7,-1.15,9,35,-2.05,0,1,-0.6,5,FCS opponent,1,-2.0
2024,2024-09-28,Ohio State,Michigan State,away,38,7,-23.5,31,47,7.5,8.48,9.98,6,28,5.71,1,1,0.46,5,Road · Night · Full house,1.25,6.3
2024,2024-09-28,Oklahoma State,Kansas State,away,20,42,5.5,-29,28,-23.5,-11.72,,5,10,-1.31,1,3,0.11,4,Road · Ranked opponent,1.2,-6.2
2024,2024-09-28,Auburn,Oklahoma,home,21,27,-1.5,-6,0,-7.5,-26.51,-16.67,6,14,-1.68,1,4,-0.42,5,Ranked opponent,1.1,-7.9
2024,2024-09-28,Oklahoma,Auburn,away,27,21,1.5,6,0,7.5,23.98,,7,20,2.76,0,2,-0.66,4,Road · Full house,1.2,6.1
2024,2024-09-28,UCF,Colorado,home,21,48,-12.5,-27,18,-39.5,-31.39,,5,7,-8.82,1,2,0.11,4,,1,-12.5
2024,2024-09-28,Penn State,Illinois,home,21,7,-19.5,14,0,-5.5,-2.28,-8.96,5,7,-10.57,1,1,0.5,5,Night · Ranked opponent,1.15,-4.1
2024,2024-09-28,Clemson,Stanford,home,40,14,-23.5,26,39,2.5,18.99,4.98,10,31,-6.15,0,0,,4,Night,1.05,2.9
2024,2024-09-28,Kansas,TCU,home,27,38,-1.5,-11,0,-12.5,1.04,,6,10,-5.68,2,4,0.58,4,,1,-2.0
2024,2024-09-28,Kansas State,Oklahoma State,home,42,20,-5.5,29,28,23.5,9.2,12.26,8,28,5.5,1,3,-0.16,5,Ranked opponent,1.1,7.1
2024,2024-09-28,Baylor,BYU,home,28,34,-3.5,-6,0,-9.5,-8.57,,6,14,-2.28,0,1,-0.37,4,Ranked opponent,1.1,-3.9
2024,2024-09-28,Stanford,Clemson,away,14,40,23.5,-26,39,-2.5,-21.52,,5,0,-6.8,0,1,-0.15,4,Road · Night · Full house · Ranked opponent,1.35,-7.6
2024,2024-09-28,Texas A&M,Arkansas,neutral,21,17,-7.5,4,0,-3.5,11.8,,8,14,-9.31,1,3,-0.21,4,,1,-0.9
2024,2024-09-28,Houston,Iowa State,home,0,20,16.5,-20,0,-3.5,-4.24,,4,0,-6.84,0,1,-0.21,4,Night · Ranked opponent,1.15,-3.4
2024,2024-09-28,Purdue,Nebraska,home,10,28,10.5,-25,14,-14.5,-4.1,,5,0,-10.06,0,1,-0.26,4,,1,-5.3
2024,2024-09-28,Texas,Mississippi State,home,35,13,-38.5,22,0,-16.5,-0.83,-11.76,6,21,-5.8,1,2,-0.32,5,,1,-4.8
2024,2024-09-28,BYU,Baylor,away,34,28,3.5,6,0,9.5,6.05,-5.1,7,14,-2.53,0,1,-0.31,5,Road,1.1,0.5
2024,2024-09-28,TCU,Kansas,away,38,27,1.5,11,0,12.5,-3.56,1.87,5,3,-9.31,4,5,2.35,5,Road,1.1,2.0
2024,2024-09-27,Washington,Rutgers,away,18,21,1.5,-3,0,-1.5,-26.13,,7,17,-0.24,0,1,-0.33,4,Road · Night · Full house,1.25,-6.1
2024,2024-09-28,Wisconsin,USC,away,21,38,13.5,-17,0,-3.5,-0.53,-19.94,4,0,-7.44,2,4,1.07,5,Road · Full house · Ranked opponent,1.3,-4.5
2024,2024-09-28,USC,Wisconsin,home,38,21,-13.5,17,0,3.5,-2.0,1.14,5,14,-2.07,1,2,0.09,5,,1,0.1
2024,2024-09-28,Alabama,Georgia,home,41,34,4.5,7,0,11.5,4.83,-3.58,6,21,7.13,1,2,0.39,5,Night · Top-10 opponent,1.25,4.1
2024,2024-09-28,Mississippi State,Texas,away,13,35,38.5,-22,0,16.5,-1.7,,5,6,2.96,0,1,-0.03,4,Road · Full house · Top-10 opponent,1.4,4.0
2024,2024-09-28,Illinois,Penn State,away,7,21,19.5,-14,0,5.5,-0.25,,4,0,-6.24,0,2,-0.37,4,Road · Night · Full house · Top-10 opponent,1.45,-1.6
2024,2024-09-28,Colorado,UCF,away,48,21,12.5,27,18,39.5,28.86,20.55,8,27,11.71,1,2,0.52,5,Road · Full house,1.2,16.5
2024,2024-09-28,Georgia,Alabama,away,34,41,-4.5,-7,0,-11.5,-7.36,,6,28,11.42,0,2,-0.76,4,Road · Night · Full house · Top-10 opponent,1.45,-1.1
2024,2024-09-28,Iowa State,Houston,away,20,0,-16.5,20,0,3.5,1.71,2.59,8,20,-6.92,0,0,,4,Road · Night,1.15,-0.2
2024,2024-09-28,Arkansas,Texas A&M,neutral,17,21,7.5,-4,0,3.5,-14.33,,9,3,-16.45,1,3,0.16,4,Ranked opponent,1.1,-6.2
2024,2024-09-28,Indiana,Maryland,home,42,28,-7.5,14,0,6.5,1.25,-2.77,9,35,8.78,1,3,-0.21,5,,1,2.1
2024,2024-09-28,Notre Dame,Louisville,home,31,24,-6.5,7,0,0.5,16.32,-9.25,7,17,-3.04,2,4,0.42,5,Ranked opponent,1.1,1.0
2024,2024-09-28,Kentucky,Ole Miss,away,20,17,15.5,3,0,18.5,3.85,,6,14,3.44,2,3,1.35,4,Road · Top-10 opponent,1.3,7.7
2024,2024-09-28,Louisville,Notre Dame,away,24,31,6.5,-7,0,-0.5,-18.84,,6,10,-3.27,0,2,-0.58,4,Road · Full house · Ranked opponent,1.3,-5.9
2024,2024-09-28,LSU,South Alabama,home,42,10,-20.5,32,49,11.5,-1.81,8.53,2,14,6.87,0,0,,4,Night · Group of 5 opponent,0.9,3.8
2024,2024-09-28,Arizona,Utah,away,23,10,7.5,13,0,20.5,12.24,7.97,8,9,-8.29,2,2,1.44,5,Road · Night · Full house · Top-10 opponent,1.45,7.1
2024,2024-09-28,Cincinnati,Texas Tech,away,41,44,3.5,-3,0,0.5,-10.81,-11.1,2,7,2.28,3,6,1.11,5,Road · Night · Full house,1.25,-1.5
2024,2024-09-28,Oregon,UCLA,away,34,13,-23.5,21,0,-2.5,-6.56,-4.02,6,24,1.71,1,1,0.46,5,Road · Night,1.15,-0.9
2024,2024-09-28,Utah,Arizona,home,10,23,-7.5,-13,0,-20.5,-14.77,,6,10,-7.48,0,2,-0.81,4,Night,1.05,-8.4
2024,2024-09-28,SMU,Florida State,home,42,16,-5.5,26,32,20.5,15.77,12.26,6,21,4.12,1,2,0.22,5,Night,1.05,7.5
2024,2024-09-28,UCLA,Oregon,home,13,34,23.5,-21,0,2.5,4.03,,2,3,0.28,1,2,0.7,4,Night · Top-10 opponent,1.25,2.7
2024,2024-09-28,Texas Tech,Cincinnati,home,44,41,-3.5,3,0,-0.5,8.29,-11.71,1,7,4.29,4,6,1.77,5,Night,1.05,2.2
2024,2024-09-28,Florida State,SMU,away,16,42,5.5,-26,32,-20.5,-18.3,,3,0,-6.79,1,2,0.4,4,Road · Night · Full house,1.25,-8.6
2024,2024-10-04,Houston,TCU,away,30,19,16.5,11,0,27.5,0.57,6.61,6,20,9.74,1,1,0.79,5,Road · Night · Full house,1.25,8.4
2024,2024-10-04,TCU,Houston,home,19,30,-16.5,-11,0,-27.5,-3.09,,4,7,-6.46,0,1,-0.48,4,Night,1.05,-6.6
2024,2024-10-05,Boston College,Virginia,away,14,24,1.5,-10,0,-8.5,-9.85,-22.13,5,14,1.69,0,3,-0.99,5,Road,1.1,-6.4
2024,2024-10-04,Michigan State,Oregon,away,10,31,21.5,-24,35,-2.5,6.37,,4,3,-2.84,0,1,-0.17,4,Road · Night · Full house · Top-10 opponent,1.45,0.0
2024,2024-10-05,Michigan,Washington,away,17,27,1.5,-10,0,-8.5,0.73,,6,10,-4.77,0,3,-0.99,4,Road · Full house,1.2,-3.9
2024,2024-10-05,Minnesota,USC,home,24,17,9.5,7,0,16.5,7.85,,5,17,6.69,1,3,0.2,4,Night · Ranked opponent,1.15,6.5
2024,2024-10-05,Missouri,Texas A&M,away,10,41,2.5,-31,63,-28.5,-3.45,,0,0,,0,1,-0.32,3,Road · Ranked opponent,1.2,-8.2
2024,2024-10-05,Ole Miss,South Carolina,away,27,3,-10.5,24,42,13.5,9.23,5.68,10,24,-6.64,0,0,,4,Road · Full house,1.2,3.2
2024,2024-10-05,NC State,Wake Forest,home,30,34,-4.5,-4,0,-8.5,-18.97,-15.22,5,17,3.19,2,5,0.1,5,,1,-4.7
2024,2024-10-05,North Carolina,Pittsburgh,home,24,34,2.5,-10,0,-7.5,-1.39,,3,14,6.76,1,5,-0.61,4,,1,-0.2
2024,2024-10-05,Wake Forest,NC State,away,34,30,4.5,4,0,8.5,16.44,-2.58,5,17,5.44,1,4,-0.22,5,Road · Full house,1.2,4.4
2024,2024-10-04,Syracuse,UNLV,away,44,41,5.5,3,0,8.5,-12.17,-7.06,3,21,14.21,3,7,0.91,5,Road · Night · Ranked opponent · Group of 5 opponent,1.1,2.3
2024,2024-10-05,Oklahoma State,West Virginia,home,14,38,-2.5,-24,32,-26.5,2.14,,2,0,-5.33,0,1,-0.36,4,,1,-4.8
2024,2024-10-05,Auburn,Georgia,away,13,31,21.5,-18,0,3.5,-16.85,,3,7,2.62,1,1,0.83,4,Road · Full house · Top-10 opponent,1.4,-0.6
2024,2024-10-05,UCF,Florida,away,13,24,-1.5,-11,0,-12.5,-6.12,,5,7,-6.06,1,1,0.64,4,Road · Night · Full house,1.25,-4.0
2024,2024-10-05,Penn State,UCLA,home,27,11,-29.5,24,20,-5.5,9.94,-1.12,6,20,-4.1,1,1,0.42,5,,1,0.3
2024,2024-10-05,Pittsburgh,North Carolina,away,34,24,-2.5,10,0,7.5,-1.14,-0.19,6,17,1.02,2,3,0.91,5,Road · Full house,1.2,2.2
2024,2024-10-05,Clemson,Florida State,away,29,13,-16.5,16,0,-0.5,-5.01,-1.41,8,26,-0.92,0,0,,4,Road · Night,1.15,-1.1
2024,2024-10-05,Vanderbilt,Alabama,home,40,35,22.5,5,0,27.5,2.22,4.7,3,17,12.77,2,3,1.52,5,Top-10 opponent,1.2,9.6
2024,2024-10-05,Baylor,Iowa State,away,21,43,12.5,-22,0,-9.5,-1.6,-25.45,1,7,5.09,1,5,-0.2,5,Road · Night · Full house · Ranked opponent,1.35,-5.2
2024,2024-10-05,Stanford,Virginia Tech,home,7,31,9.5,-24,13,-14.5,-15.19,,3,7,0.82,0,1,-0.27,4,,1,-4.5
2024,2024-10-05,Texas A&M,Missouri,home,41,10,-2.5,31,63,28.5,0.92,20.81,5,24,10.69,0,0,,4,Top-10 opponent,1.2,11.3
2024,2024-10-04,Oregon,Michigan State,home,31,10,-21.5,24,35,2.5,-8.9,0.01,7,31,5.7,0,0,,4,Night,1.05,0.5
2024,2024-10-05,Purdue,Wisconsin,away,6,52,11.5,-29,48,-17.5,-7.9,,3,6,0.12,0,1,-0.25,4,Road · Full house,1.2,-4.6
2024,2024-10-05,SMU,Louisville,away,34,27,6.5,7,0,13.5,4.73,0.45,3,14,7.36,3,5,1.55,5,Road · Ranked opponent,1.2,6.3
2024,2024-10-05,South Carolina,Ole Miss,home,3,27,10.5,-24,42,-13.5,-11.76,,6,3,-9.07,0,1,-0.26,4,Ranked opponent,1.1,-6.8
2024,2024-10-05,Virginia,Boston College,home,24,14,-1.5,10,0,8.5,7.33,0.33,6,13,-2.68,0,1,-0.36,5,,1,1.2
2024,2024-10-05,Virginia Tech,Stanford,away,31,7,-9.5,24,13,14.5,12.66,6.2,6,24,5.92,0,0,,4,Road,1.1,6.7
2024,2024-10-05,UCLA,Penn State,away,11,27,29.5,-24,20,5.5,-12.47,,3,0,-3.18,1,1,0.9,4,Road · Full house · Top-10 opponent,1.4,-1.1
2024,2024-10-05,Tennessee,Arkansas,away,14,19,-14.5,-5,0,-19.5,2.91,-22.38,6,7,-12.59,0,4,-1.85,5,Road · Night · Full house,1.25,-11.2
2024,2024-10-05,Washington,Michigan,home,27,17,-1.5,10,0,8.5,-3.25,-3.67,7,27,8.71,0,3,-1.07,5,Top-10 opponent,1.2,0.9
2024,2024-10-05,Wisconsin,Purdue,home,52,6,-11.5,29,48,17.5,5.37,10.17,5,14,-1.57,1,1,0.56,5,,1,4.4
2024,2024-10-05,West Virginia,Oklahoma State,away,38,14,2.5,24,32,26.5,-4.67,16.39,6,28,13.53,0,0,,4,Road · Full house,1.2,9.9
2024,2024-10-05,USC,Minnesota,away,17,24,-9.5,-7,0,-16.5,-10.38,,4,10,-2.05,1,4,-0.68,4,Road · Night · Full house,1.25,-6.5
2024,2024-10-05,Alabama,Vanderbilt,away,35,40,-22.5,-5,0,-27.5,-4.75,,1,0,-3.67,0,2,-1.05,4,Road,1.1,-7.3
2024,2024-10-05,Florida State,Clemson,home,13,29,16.5,-16,0,0.5,2.48,,4,7,0.16,0,1,-0.21,4,Night · Ranked opponent,1.15,0.5
2024,2024-10-05,Florida,UCF,home,24,13,1.5,11,0,12.5,3.59,1.87,5,17,4.69,0,1,-0.33,5,Night,1.05,2.9
2024,2024-10-05,Georgia,Auburn,home,31,13,-21.5,18,0,-3.5,14.32,-2.99,5,21,2.93,1,2,-0.04,5,,1,1.8
2024,2024-10-05,Iowa State,Baylor,home,43,21,-12.5,22,0,9.5,-0.93,4.65,5,24,8.18,2,2,1.11,5,Night,1.05,4.6
2024,2024-10-05,Northwestern,Indiana,home,24,41,12.5,-17,0,-4.5,2.09,,2,0,-3.82,2,3,1.28,4,Ranked opponent,1.1,0.7
2024,2024-10-05,Arkansas,Tennessee,home,19,14,14.5,5,0,19.5,-5.43,,7,10,-2.68,0,1,-0.22,4,Night · Top-10 opponent,1.25,1.3
2024,2024-10-05,Indiana,Northwestern,away,41,24,-12.5,17,0,4.5,-4.62,-2.35,4,21,8.34,4,4,2.22,5,Road · Full house,1.2,4.2
2024,2024-10-05,Louisville,SMU,home,27,34,-6.5,-7,0,-13.5,-7.26,,3,0,-8.59,3,4,1.42,4,,1,-3.2
2024,2024-10-05,Arizona,Texas Tech,home,22,28,-5.5,-6,0,-11.5,-15.73,,9,16,-9.32,2,3,0.84,4,Night,1.05,-5.5
2024,2024-10-05,Kansas,Arizona State,away,31,35,2.5,-4,0,-1.5,5.11,,5,7,-5.06,3,3,2.03,4,Road · Full house,1.2,2.6
2024,2024-10-05,Miami,California,away,39,38,-8.5,1,0,-7.5,-21.22,,5,21,6.18,1,2,0.17,4,Road · Night · Full house,1.25,-3.3
2024,2024-10-05,California,Miami,home,38,39,8.5,-1,0,7.5,18.69,-6.52,4,14,5.55,2,4,0.91,5,Night · Top-10 opponent,1.25,5.6
2024,2024-10-05,Texas Tech,Arizona,away,28,22,5.5,6,0,11.5,13.2,-2.06,8,27,8.91,0,4,-1.19,5,Road · Night · Full house,1.25,4.2
2024,2024-10-05,Arizona State,Kansas,home,35,31,-2.5,4,0,1.5,-7.64,,4,14,3.35,2,5,0.18,4,,1,0.2
2024,2024-10-12,Arizona,BYU,away,19,41,2.5,-22,0,-19.5,-21.95,,4,10,0.35,0,2,-0.65,4,Road · Full house · Ranked opponent,1.3,-9.0
2024,2024-10-11,Maryland,Northwestern,home,10,37,-10.5,-27,17,-37.5,-30.38,,5,3,-12.32,0,1,-0.43,4,Night,1.05,-14.3
2024,2024-10-12,Missouri,Massachusetts,away,45,3,-27.5,35,57,7.5,19.23,7.91,4,24,8.34,0,0,,4,Road · Full house · Group of 5 opponent,1.05,7.4
2024,2024-10-12,Ole Miss,LSU,away,26,29,-3.5,-3,0,-6.5,-11.01,-13.71,8,16,-5.7,1,4,-0.49,5,Road · Night · Full house · Ranked opponent,1.35,-7.4
2024,2024-10-12,North Carolina,Georgia Tech,home,34,41,3.5,-7,0,-3.5,-0.71,,5,17,5.19,0,3,-0.94,4,,1,-0.3
2024,2024-10-12,Wake Forest,Clemson,home,14,49,21.5,-28,33,-6.5,-2.36,,2,7,4.08,0,2,-0.33,4,Top-10 opponent,1.2,-0.6
2024,2024-10-12,Rutgers,Wisconsin,home,7,42,-1.5,-35,36,-36.5,-8.05,,6,0,-15.68,0,1,-0.36,4,,1,-10.5
2024,2024-10-12,Ohio State,Oregon,away,31,32,-3.5,-1,0,-4.5,-0.95,,4,14,3.15,3,5,1.14,4,Road · Full house · Top-10 opponent,1.4,2.3
2024,2024-10-12,Oklahoma,Texas,neutral,3,34,16.5,-24,28,-7.5,-6.12,,5,3,-5.55,0,1,-0.21,4,Top-10 opponent,1.2,-4.2
2024,2024-10-12,UCF,Cincinnati,home,13,19,-2.5,-6,0,-8.5,-13.01,,4,10,-0.65,0,2,-0.73,4,,1,-4.2
2024,2024-10-12,Penn State,USC,away,33,30,-3.5,3,0,-0.5,-6.93,,6,16,-0.28,2,3,0.88,4,Road · Full house,1.2,0.0
2024,2024-10-12,Cincinnati,UCF,away,19,13,2.5,6,0,8.5,10.48,-1.61,6,17,2.53,1,3,0.03,5,Road · Full house,1.2,3.3
2024,2024-10-12,Pittsburgh,California,home,17,15,-3.5,2,0,-1.5,5.07,-9.71,7,10,-8.99,1,3,-0.12,5,,1,-2.5
2024,2024-10-12,Clemson,Wake Forest,away,49,14,-21.5,28,33,6.5,-0.17,4.01,5,21,2.93,2,2,0.96,5,Road · Full house,1.2,3.5
2024,2024-10-12,Iowa,Washington,home,40,16,-2.5,27,38,24.5,29.26,16.81,6,34,18.02,1,2,0.27,5,,1,12.7
2024,2024-10-12,Vanderbilt,Kentucky,away,20,13,12.5,7,0,19.5,7.15,4.55,4,17,9.36,0,2,-0.48,5,Road · Night · Full house,1.25,6.4
2024,2024-10-12,Stanford,Notre Dame,away,7,49,22.5,-35,44,-12.5,-16.72,,2,7,4.18,0,2,-0.32,4,Road · Full house · Ranked opponent,1.3,-4.8
2024,2024-10-12,Oregon,Ohio State,home,32,31,3.5,1,0,4.5,-1.57,,4,14,4.55,3,5,1.43,4,Top-10 opponent,1.2,4.2
2024,2024-10-12,California,Pittsburgh,away,15,17,3.5,-2,0,1.5,-7.6,,7,14,-2.53,0,2,-0.63,4,Road · Ranked opponent,1.2,-2.7
2024,2024-10-12,Texas,Oklahoma,neutral,34,3,-16.5,24,28,7.5,3.59,5.59,10,27,-6.64,1,1,0.52,5,Ranked opponent,1.1,1.6
2024,2024-10-12,BYU,Arizona,home,41,19,-2.5,22,0,19.5,19.43,7.81,6,17,1.02,1,1,0.64,5,,1,6.7
2024,2024-10-11,Utah,Arizona State,away,19,27,-5.5,-8,0,-13.5,-10.88,,5,16,1.93,0,3,-1.16,4,Road · Night · Full house,1.25,-5.6
2024,2024-10-12,South Carolina,Alabama,away,25,27,19.5,-2,0,17.5,-8.71,,5,3,-4.8,0,2,-0.37,4,Road · Full house · Top-10 opponent,1.4,-0.7
2024,2024-10-12,Virginia,Louisville,home,20,24,7.5,-4,0,3.5,-10.81,,6,10,-2.97,0,3,-0.84,4,,1,-2.9
2024,2024-10-12,Tennessee,Florida,home,23,17,-13.5,6,0,-7.5,9.57,,10,17,-15.14,0,1,-0.45,4,Night,1.05,-3.7
2024,2024-10-12,Washington,Iowa,away,16,40,2.5,-27,38,-24.5,-31.79,,2,0,-4.82,1,2,0.35,4,Road · Full house,1.2,-11.1
2024,2024-10-12,Wisconsin,Rutgers,away,42,7,1.5,35,36,36.5,5.52,22.87,9,28,5.84,0,0,,4,Road · Full house,1.2,12.4
2024,2024-10-12,USC,Penn State,home,30,33,3.5,-3,0,0.5,4.4,-11.1,5,13,1.19,2,5,0.43,5,Top-10 opponent,1.2,-0.2
2024,2024-10-12,Alabama,South Carolina,home,27,25,-19.5,2,0,-17.5,6.18,-20.96,7,21,-3.6,0,4,-2.01,5,,1,-6.5
2024,2024-10-12,Mississippi State,Georgia,away,31,41,34.5,-10,0,24.5,11.0,,3,10,7.57,0,2,-0.12,4,Road · Full house · Top-10 opponent,1.4,10.0
2024,2024-10-12,Florida,Tennessee,away,17,23,13.5,-6,0,7.5,-12.1,-7.94,8,17,2.11,0,3,-0.7,5,Road · Night · Full house · Top-10 opponent,1.45,-2.9
2024,2024-10-12,Georgia Tech,North Carolina,away,41,34,-3.5,7,0,3.5,-1.82,-3.71,6,24,7.72,2,3,0.88,5,Road,1.1,2.3
2024,2024-10-12,Georgia,Mississippi State,home,41,31,-34.5,10,0,-24.5,-13.53,-16.7,6,24,-1.6,2,2,0.75,5,,1,-6.1
2024,2024-10-11,Northwestern,Maryland,away,37,10,10.5,27,17,37.5,27.85,19.51,7,27,12.92,0,1,-0.26,5,Road · Night · Full house,1.25,16.0
2024,2024-10-12,Notre Dame,Stanford,home,49,7,-22.5,35,44,12.5,14.19,10.49,5,28,9.67,1,1,0.47,5,,1,7.1
2024,2024-10-11,Arizona State,Utah,home,27,19,5.5,8,0,13.5,8.35,,4,7,-2.05,3,4,1.81,4,Night · Ranked opponent,1.15,6.0
2024,2024-10-12,Kentucky,Vanderbilt,home,13,20,-12.5,-7,0,-19.5,-9.67,,3,0,-9.49,1,1,0.55,4,Night,1.05,-6.0
2024,2024-10-12,Louisville,Virginia,away,24,20,-7.5,4,0,-3.5,8.28,-8.77,5,21,6.43,0,4,-1.62,5,Road,1.1,-0.8
2024,2024-10-12,LSU,Ole Miss,home,29,26,3.5,3,0,6.5,8.49,,7,3,-13.53,3,4,1.74,4,Night · Top-10 opponent,1.25,1.7
2024,2024-10-12,Minnesota,UCLA,away,21,17,-3.5,4,0,0.5,12.61,,7,21,2.01,0,2,-0.74,4,Road · Night,1.15,2.2
2024,2024-10-12,NC State,Syracuse,home,17,24,1.5,-7,0,-5.5,-5.14,,4,3,-6.85,0,1,-0.33,4,Night,1.05,-3.7
2024,2024-10-12,Syracuse,NC State,away,24,17,-1.5,7,0,5.5,2.61,-2.67,5,21,7.94,0,1,-0.36,5,Road · Night · Full house,1.25,2.4
2024,2024-10-12,Kansas State,Colorado,away,31,28,-3.5,3,0,-0.5,-3.1,-11.71,5,14,0.44,3,4,1.51,5,Road · Night · Full house,1.25,-0.5
2024,2024-10-12,UCLA,Minnesota,home,17,21,3.5,-4,0,-0.5,-15.14,-11.1,7,17,0.47,0,3,-0.94,5,Night,1.05,-4.5
2024,2024-10-12,West Virginia,Iowa State,home,16,28,3.0,-12,0,-9.0,-9.13,,3,0,-7.16,1,2,0.36,4,Night · Ranked opponent,1.15,-4.5
2024,2024-10-12,Colorado,Kansas State,home,28,31,3.5,-3,0,0.5,0.57,,4,21,11.55,0,3,-0.94,4,Night · Ranked opponent,1.15,2.3
2024,2024-10-12,Iowa State,West Virginia,away,28,16,-3.0,12,0,9.0,6.6,0.55,5,28,14.56,0,1,-0.37,5,Road · Night · Full house,1.25,5.6
2024,2024-10-17,Boston College,Virginia Tech,away,21,42,8.5,-21,0,-12.5,-11.18,,5,14,3.44,0,1,-0.27,4,Road · Night · Full house,1.25,-3.6
2024,2024-10-17,Virginia Tech,Boston College,home,42,21,-8.5,21,0,12.5,8.65,3.71,8,42,18.29,0,1,-0.41,5,Night,1.05,6.6
2024,2024-10-18,Duke,Florida State,home,23,16,-2.5,7,0,4.5,16.21,-4.19,8,10,-11.3,0,1,-0.36,5,Night,1.05,-0.4
2024,2024-10-18,Florida State,Duke,away,16,23,2.5,-7,0,-4.5,-18.74,,8,9,-10.3,0,1,-0.32,4,Road · Night · Full house,1.25,-8.1
2024,2024-10-19,Arizona,Colorado,home,7,34,-2.5,-24,40,-26.5,-14.99,,5,0,-13.31,0,1,-0.36,4,,1,-9.7
2024,2024-10-19,Maryland,USC,home,29,28,6.5,1,0,7.5,-1.47,,7,14,-1.48,1,2,0.42,4,,1,1.1
2024,2024-10-19,Michigan State,Iowa,home,32,20,6.5,12,0,18.5,-12.14,7.45,6,12,-1.27,3,3,2.13,5,Night,1.05,3.6
2024,2024-10-19,Michigan,Illinois,away,7,21,-5.5,-14,0,-19.5,-19.09,,5,0,-14.07,0,2,-0.78,4,Road · Full house · Ranked opponent,1.3,-13.2
2024,2024-10-19,Missouri,Auburn,home,21,17,-4.5,4,0,-0.5,-3.61,,7,14,-5.34,0,2,-0.76,4,,1,-2.8
2024,2024-10-19,NC State,California,away,24,23,9.5,1,0,10.5,4.47,,6,17,4.63,0,4,-1.06,4,Road,1.1,2.4
2024,2024-10-19,Wake Forest,UConn,away,23,20,-2.5,3,0,0.5,-3.5,-7.19,7,9,-9.64,1,4,-0.45,5,Road · Group of 5 opponent,1.1,-3.9
2024,2024-10-19,Nebraska,Indiana,away,7,56,6.5,-35,53,-28.5,-16.72,,2,0,-4.42,0,1,-0.29,4,Road · Full house · Ranked opponent,1.3,-10.4
2024,2024-10-19,Rutgers,UCLA,home,32,35,-4.5,-3,0,-7.5,1.98,,4,10,-1.05,2,3,0.86,4,,1,0.3
2024,2024-10-18,Oklahoma State,BYU,away,35,38,7.5,-3,0,4.5,0.57,,4,7,-1.65,4,5,2.59,4,Road · Night · Full house · Ranked opponent,1.35,5.1
2024,2024-10-19,Auburn,Missouri,away,17,21,4.5,-4,0,0.5,1.08,-14.58,7,3,-13.18,0,3,-0.92,5,Road · Full house · Ranked opponent,1.3,-6.7
2024,2024-10-19,UCF,Iowa State,away,35,38,13.5,-3,0,10.5,7.22,-8.94,8,21,6.11,0,6,-1.4,5,Road · Night · Full house · Top-10 opponent,1.45,1.1
2024,2024-10-19,Cincinnati,Arizona State,home,24,14,-4.5,10,0,5.5,5.41,-1.22,8,24,1.9,0,1,-0.38,5,,1,1.3
2024,2024-10-19,Clemson,Virginia,home,48,31,-20.5,38,22,17.5,1.07,14.53,6,24,2.61,1,2,-0.02,5,,1,4.7
2024,2024-10-19,Iowa,Michigan State,away,20,32,-6.5,-12,0,-18.5,9.61,,2,7,1.27,0,3,-1.19,4,Road · Night · Full house,1.25,-2.4
2024,2024-10-19,Kansas,Houston,home,42,14,-5.5,28,18,22.5,7.99,12.26,6,28,11.12,0,0,,4,,1,8.5
2024,2024-10-19,Kansas State,West Virginia,away,45,18,-2.5,35,24,32.5,19.33,20.81,5,24,10.69,1,2,0.27,5,Road · Night · Full house,1.25,14.2
2024,2024-10-19,Vanderbilt,Ball State,home,24,14,-27.5,10,0,-17.5,-6.88,-13.09,5,17,-2.58,2,2,0.86,5,Night · Group of 5 opponent,1.05,-4.3
2024,2024-10-19,Baylor,Texas Tech,away,59,35,4.5,24,44,28.5,10.64,17.42,7,35,18.82,2,3,1.08,5,Road · Full house,1.2,14.1
2024,2024-10-19,Miami,Louisville,away,52,45,-4.5,7,0,2.5,-0.81,-4.22,4,17,5.95,1,4,-0.52,5,Road · Full house,1.2,0.4
2024,2024-10-19,Texas A&M,Mississippi State,away,34,24,-21.5,10,0,-11.5,8.13,-10.99,5,17,-1.07,1,3,-0.56,5,Road,1.1,-2.5
2024,2024-10-19,Houston,Kansas,away,14,42,5.5,-28,18,-22.5,-10.52,,3,0,-6.79,0,1,-0.3,4,Road,1.1,-7.4
2024,2024-10-18,Oregon,Purdue,away,35,0,-29.5,28,37,-1.5,10.72,-0.12,6,21,-3.1,0,0,,4,Road · Night · Full house,1.25,1.2
2024,2024-10-19,California,NC State,home,23,24,-9.5,-1,0,-10.5,-7.0,-17.8,7,6,-15.1,1,4,-0.68,5,,1,-8.0
2024,2024-10-18,Purdue,Oregon,home,0,35,29.5,-28,37,1.5,-13.24,,3,0,-3.18,0,1,-0.1,4,Night · Top-10 opponent,1.25,-3.4
2024,2024-10-19,Texas,Georgia,home,15,30,-4.5,-15,0,-19.5,-17.67,,8,7,-15.1,0,1,-0.38,4,Night · Top-10 opponent,1.25,-12.1
2024,2024-10-18,BYU,Oklahoma State,home,38,35,-7.5,3,0,-4.5,-3.1,,4,21,9.35,2,5,-0.02,4,Night,1.05,1.4
2024,2024-10-19,Virginia,Clemson,away,31,48,20.5,-38,22,-17.5,-3.6,,3,14,9.47,1,3,0.47,4,Road · Full house · Top-10 opponent,1.4,0.2
2024,2024-10-19,UCLA,Rutgers,away,35,32,4.5,3,0,7.5,-4.51,-4.58,3,14,7.06,2,5,0.47,5,Road · Full house,1.2,1.8
2024,2024-10-19,Tennessee,Alabama,home,24,17,3.5,7,0,10.5,-10.69,,9,17,-4.26,1,3,0.06,4,Top-10 opponent,1.2,-1.4
2024,2024-10-19,Texas Tech,Baylor,home,35,59,-4.5,-24,44,-28.5,-13.17,,4,14,2.95,1,2,0.24,4,,1,-4.9
2024,2024-10-19,Wisconsin,Northwestern,away,23,3,-9.5,20,0,10.5,4.73,2.2,9,21,-6.12,0,0,,4,Road · Full house,1.2,1.5
2024,2024-10-19,West Virginia,Kansas State,home,18,45,2.5,-35,24,-32.5,-21.86,,3,0,-7.24,1,2,0.35,4,Night · Ranked opponent,1.15,-10.6
2024,2024-10-19,USC,Maryland,away,28,29,-6.5,-1,0,-7.5,-1.05,-17.25,7,21,0.96,1,4,-0.58,5,Road,1.1,-4.0
2024,2024-10-19,Alabama,Tennessee,away,17,24,-3.5,-7,0,-10.5,8.16,,9,7,-17.42,2,4,0.51,4,Road · Full house · Ranked opponent,1.3,-4.6
2024,2024-10-19,Mississippi State,Texas A&M,home,24,34,21.5,-10,0,11.5,-10.66,,3,7,2.62,1,3,0.5,4,Ranked opponent,1.1,1.4
2024,2024-10-19,Illinois,Michigan,home,21,7,5.5,14,0,19.5,16.56,4.94,8,17,-1.09,0,1,-0.3,5,Ranked opponent,1.1,5.0
2024,2024-10-19,Colorado,Arizona,away,34,7,2.5,24,40,26.5,12.46,12.39,9,20,-1.71,1,1,0.68,5,Road · Full house,1.2,8.0
2024,2024-10-19,Florida,Kentucky,home,48,20,2.5,28,15,30.5,13.23,16.39,7,31,14.11,1,2,0.35,5,Night,1.05,11.0
2024,2024-10-19,Georgia Tech,Notre Dame,neutral,13,31,14.5,-24,13,-9.5,-14.48,,5,7,-2.05,0,2,-0.45,4,Ranked opponent,1.1,-5.1
2024,2024-10-19,Georgia,Texas,away,30,15,4.5,15,0,19.5,15.15,8.42,10,20,-3.12,1,1,0.69,5,Road · Night · Full house · Top-10 opponent,1.45,7.9
2024,2024-10-19,Iowa State,UCF,home,38,35,-13.5,3,0,-10.5,-9.75,,10,28,-4.14,1,4,-0.81,4,Night,1.05,-5.2
2024,2024-10-19,Northwestern,Wisconsin,home,3,23,9.5,-20,0,-10.5,-7.26,,9,3,-15.55,0,1,-0.27,4,,1,-6.6
2024,2024-10-19,Arkansas,LSU,home,10,34,2.5,-24,13,-21.5,-11.46,,1,0,-2.41,0,1,-0.32,4,Night · Top-10 opponent,1.25,-7.1
2024,2024-10-19,Indiana,Nebraska,home,56,7,-6.5,35,53,28.5,14.19,18.75,5,21,6.68,1,1,0.6,5,,1,9.6
2024,2024-10-19,Notre Dame,Georgia Tech,neutral,31,13,-14.5,24,13,9.5,11.95,3.62,7,17,-5.85,1,1,0.54,5,,1,2.6
2024,2024-10-19,Arizona State,Cincinnati,away,14,24,4.5,-10,0,-5.5,-7.94,,6,14,0.13,0,2,-0.61,4,Road · Full house,1.2,-3.2
2024,2024-10-19,Kentucky,Florida,away,20,48,-2.5,-28,15,-30.5,-15.76,,4,0,-10.65,1,3,-0.09,4,Road · Night,1.15,-10.8
2024,2024-10-19,Louisville,Miami,home,45,52,4.5,-7,0,-2.5,-1.71,,2,14,9.38,4,6,2.16,4,Top-10 opponent,1.2,5.5
2024,2024-10-19,LSU,Arkansas,away,34,10,-2.5,24,13,21.5,8.93,13.81,6,23,7.02,1,2,0.27,5,Road · Night · Full house,1.25,9.0
2024,2024-10-19,Stanford,SMU,home,10,40,16.5,-23,33,-6.5,3.04,,7,7,-4.97,0,1,-0.21,4,Ranked opponent,1.1,-1.8
2024,2024-10-19,Utah,TCU,home,7,13,-5.5,-6,0,-11.5,4.93,,10,7,-21.13,0,1,-0.39,4,Night,1.05,-6.6
2024,2024-10-19,SMU,Stanford,away,40,10,-16.5,23,33,6.5,-5.57,1.59,9,17,-13.28,0,0,,4,Road,1.1,-2.6
2024,2024-10-19,TCU,Utah,away,13,7,5.5,6,0,11.5,-7.46,-0.06,11,13,-11.88,0,1,-0.3,5,Road · Night · Full house,1.25,-2.7
2024,2024-10-24,Syracuse,Pittsburgh,away,13,41,4.5,-31,70,-26.5,-33.27,,4,0,-9.25,0,1,-0.31,4,Road · Night · Ranked opponent,1.25,-14.6
2024,2024-10-24,Pittsburgh,Syracuse,home,41,13,-4.5,31,70,26.5,30.74,19.78,5,17,3.19,0,0,,4,Night,1.05,12.4
2024,2024-10-25,Boston College,Louisville,home,27,31,7.5,-4,0,3.5,9.25,-13.03,8,21,3.71,0,2,-0.56,5,Night,1.05,0.1
2024,2024-10-25,Louisville,Boston College,away,31,27,-7.5,4,0,-3.5,-11.77,,8,14,-9.31,0,1,-0.4,4,Road · Night · Full house,1.25,-6.3
2024,2024-10-26,Arizona,West Virginia,home,26,31,-5.5,-5,0,-10.5,-4.35,,2,14,8.37,0,1,-0.39,4,,1,-0.4
2024,2024-10-26,Maryland,Minnesota,away,23,48,5.5,-31,63,-25.5,-24.3,,3,10,3.21,0,1,-0.3,4,Road · Full house,1.2,-8.3
2024,2024-10-26,Michigan State,Michigan,away,17,24,3.5,-7,0,-3.5,-17.94,,5,7,-4.81,0,1,-0.31,4,Road · Night · Full house,1.25,-6.1
2024,2024-10-26,Michigan,Michigan State,home,24,17,-3.5,7,0,3.5,15.41,-2.71,5,17,3.44,0,3,-1.12,5,Night,1.05,1.8
2024,2024-10-26,Minnesota,Maryland,home,48,23,-5.5,31,63,25.5,21.78,15.26,6,24,7.12,0,0,,4,,1,10.5
2024,2024-10-26,Missouri,Alabama,away,0,34,16.5,-27,33,-10.5,-10.43,,4,0,-6.84,0,2,-0.42,4,Road · Full house · Ranked opponent,1.3,-6.8
2024,2024-10-26,Ole Miss,Oklahoma,home,26,14,-19.5,12,0,-7.5,7.21,-5.96,9,20,-11.63,0,1,-0.5,5,,1,-3.3
2024,2024-10-26,North Carolina,Virginia,away,41,14,3.5,32,52,35.5,6.96,23.9,4,17,7.55,2,2,1.37,5,Road,1.1,12.1
2024,2024-10-26,Wake Forest,Stanford,away,27,24,-2.5,3,0,0.5,-5.72,-11.19,7,24,5.36,1,3,-0.09,5,Road,1.1,-1.3
2024,2024-10-26,Nebraska,Ohio State,away,17,21,25.5,-4,0,21.5,-5.57,,8,13,2.92,1,2,0.73,4,Road · Full house · Top-10 opponent,1.4,5.4
2024,2024-10-25,Rutgers,USC,away,20,42,13.5,-22,0,-8.5,-23.16,,3,7,1.42,1,1,0.77,4,Road · Night · Full house,1.25,-4.4
2024,2024-10-26,Ohio State,Nebraska,home,21,17,-25.5,4,0,-21.5,3.04,-19.05,7,7,-19.71,2,4,-0.21,5,,1,-8.4
2024,2024-10-26,Oklahoma State,Baylor,away,28,38,6.5,-10,0,-3.5,1.83,,5,10,-1.06,2,4,0.84,4,Road · Full house,1.2,1.0
2024,2024-10-26,Auburn,Kentucky,away,24,10,1.5,14,0,15.5,-16.18,1.87,5,17,4.69,0,1,-0.33,5,Road · Night · Full house,1.25,0.7
2024,2024-10-26,Oklahoma,Ole Miss,away,14,26,19.5,-12,0,7.5,-9.74,,5,14,6.2,0,3,-0.55,4,Road · Full house · Ranked opponent,1.3,0.6
2024,2024-10-26,UCF,BYU,home,24,37,-2.5,-21,17,-23.5,-5.03,,3,10,2.01,0,1,-0.36,4,Ranked opponent,1.1,-4.2
2024,2024-10-26,Penn State,Wisconsin,away,28,13,-6.5,15,0,8.5,1.54,-2.25,5,14,-0.32,1,3,-0.19,5,Road · Night · Full house,1.25,0.9
2024,2024-10-26,Iowa,Northwestern,home,40,14,-16.5,26,42,9.5,3.48,6.59,5,10,-6.82,0,0,,4,,1,1.5
2024,2024-10-26,Vanderbilt,Texas,home,24,27,16.5,-3,0,13.5,7.83,,6,17,6.74,0,2,-0.42,4,Top-10 opponent,1.2,5.4
2024,2024-10-26,Baylor,Oklahoma State,home,38,28,-6.5,10,0,3.5,-4.36,-3.25,6,21,3.82,3,4,1.42,5,,1,1.6
2024,2024-10-26,Miami,Florida State,home,36,14,-21.5,29,14,7.5,2.45,5.01,6,27,5.31,1,1,0.48,5,Night,1.05,3.6
2024,2024-10-26,Stanford,Wake Forest,home,24,27,2.5,-3,0,-0.5,3.19,,5,7,-5.06,0,3,-0.97,4,,1,-1.8
2024,2024-10-26,Texas A&M,LSU,home,38,23,-1.5,15,0,13.5,21.6,4.33,8,24,3.1,1,2,0.29,5,Night · Top-10 opponent,1.25,7.4
2024,2024-10-26,Houston,Utah,home,17,14,4.5,3,0,7.5,1.53,,9,17,-3.81,0,2,-0.61,4,Night,1.05,-0.2
2024,2024-10-26,Oregon,Illinois,home,38,9,-22.5,32,75,9.5,2.72,7.49,3,14,3.0,0,0,,4,Ranked opponent,1.1,4.0
2024,2024-10-26,California,Oregon State,home,44,7,-11.5,31,76,19.5,1.32,12.17,5,20,4.43,0,0,,4,Group of 5 opponent,0.85,4.8
2024,2024-10-26,Texas,Vanderbilt,away,27,24,-16.5,3,0,-13.5,-10.36,-18.41,8,20,-6.92,1,2,0.04,5,Road · Ranked opponent,1.2,-7.8
2024,2024-10-26,BYU,UCF,away,37,24,2.5,21,17,23.5,2.51,13.39,6,20,5.53,1,1,0.68,5,Road · Full house,1.2,7.9
2024,2024-10-26,Utah,Houston,away,14,17,-4.5,-3,0,-7.5,-4.06,,9,14,-10.87,0,2,-0.76,4,Road · Night,1.15,-5.9
2024,2024-10-26,Virginia,North Carolina,home,14,41,-3.5,-32,52,-35.5,-9.48,,2,3,-2.43,1,2,0.26,4,,1,-6.5
2024,2024-10-26,Virginia Tech,Georgia Tech,home,21,6,-11.5,15,0,3.5,25.73,-4.83,11,14,-20.25,1,2,0.13,5,,1,-0.6
2024,2024-10-26,TCU,Texas Tech,home,35,34,-4.5,1,0,-3.5,-2.58,-11.22,6,7,-9.58,1,3,-0.14,5,,1,-4.1
2024,2024-10-26,Washington,Indiana,away,17,31,5.5,-14,0,-8.5,-16.67,,6,7,-6.57,2,3,1.11,4,Road · Full house · Ranked opponent,1.3,-5.2
2024,2024-10-26,Texas Tech,TCU,away,34,35,4.5,-1,0,3.5,0.05,-7.58,8,24,5.5,0,3,-0.92,5,Road,1.1,-0.4
2024,2024-10-26,Wisconsin,Penn State,home,13,28,6.5,-15,0,-8.5,-4.07,,5,7,-4.06,1,3,0.13,4,Night · Top-10 opponent,1.25,-3.1
2024,2024-10-26,West Virginia,Arizona,away,31,26,5.5,5,0,10.5,1.82,-1.06,4,14,4.95,1,1,0.7,5,Road · Full house,1.2,3.6
2024,2024-10-25,USC,Rutgers,home,42,20,-13.5,22,0,8.5,20.64,5.14,5,14,-2.07,2,2,1.09,5,Night,1.05,5.4
2024,2024-10-26,Alabama,Missouri,home,34,0,-16.5,27,33,10.5,7.9,6.59,9,27,-3.28,0,0,,4,Ranked opponent,1.1,3.3
2024,2024-10-26,Mississippi State,Arkansas,home,25,58,7.5,-33,23,-25.5,-5.35,,2,10,5.68,1,2,0.44,4,,1,-2.2
2024,2024-10-26,Illinois,Oregon,away,9,38,22.5,-32,75,-9.5,-5.25,,1,3,1.59,0,1,-0.16,4,Road · Full house · Top-10 opponent,1.4,-2.5
2024,2024-10-26,Florida State,Miami,away,14,36,21.5,-29,14,-7.5,-4.97,,1,0,-1.46,0,1,-0.17,4,Road · Night · Full house · Top-10 opponent,1.45,-3.2
2024,2024-10-26,Georgia Tech,Virginia Tech,away,6,21,11.5,-15,0,-3.5,-28.25,,11,6,-15.57,0,2,-0.5,4,Road · Full house,1.2,-11.4
2024,2024-10-26,Northwestern,Iowa,away,14,40,16.5,-26,42,-9.5,-6.0,-27.39,4,0,-6.84,0,2,-0.42,5,Road · Full house,1.2,-8.7
2024,2024-10-26,Arkansas,Mississippi State,away,58,25,-7.5,33,23,25.5,2.82,20.23,6,35,17.52,1,1,0.6,5,Road,1.1,11.0
2024,2024-10-26,Indiana,Washington,home,31,17,-5.5,14,0,8.5,14.15,-1.74,7,17,-2.69,1,2,0.22,5,,1,2.4
2024,2024-10-26,Notre Dame,Navy,neutral,51,14,-14.5,30,43,15.5,21.08,9.62,5,10,-6.32,1,1,0.54,5,Ranked opponent · Group of 5 opponent,0.95,5.0
2024,2024-10-26,Kentucky,Auburn,home,10,24,-1.5,-14,0,-15.5,13.65,-23.67,4,7,-3.45,0,3,-1.07,5,Night,1.05,-5.0
2024,2024-10-26,LSU,Texas A&M,away,23,38,1.5,-15,0,-13.5,-24.12,-23.13,6,17,2.23,0,3,-0.99,5,Road · Night · Full house · Ranked opponent,1.35,-11.1
2024,2024-10-26,Duke,SMU,home,27,28,11.5,-1,0,10.5,6.0,,8,14,-1.69,1,3,0.25,4,Night · Ranked opponent,1.15,2.9
2024,2024-10-26,Cincinnati,Colorado,away,23,34,6.5,-11,0,-4.5,-8.94,,3,10,3.36,2,3,1.13,4,Road · Night · Full house,1.25,0.4
2024,2024-10-26,Kansas,Kansas State,away,27,29,9.5,-2,0,7.5,7.52,,6,7,-5.37,1,4,-0.06,4,Road · Night · Full house · Ranked opponent,1.35,1.5
2024,2024-10-26,Kansas State,Kansas,home,29,27,-9.5,2,0,-7.5,-10.05,-10.8,5,10,-5.07,1,4,-0.68,5,Night,1.05,-5.4
2024,2024-10-26,SMU,Duke,away,28,27,-11.5,1,0,-10.5,-8.53,-17.83,9,21,-7.02,1,3,-0.31,5,Road · Night · Full house,1.25,-7.8
2024,2024-10-26,Colorado,Cincinnati,home,34,23,-6.5,11,0,4.5,6.41,-1.25,4,21,9.55,3,3,1.81,5,Night,1.05,5.2
2024,2024-11-02,Arizona,UCF,away,12,56,5.5,-29,75,-23.5,-4.37,,1,0,-2.26,0,1,-0.3,4,Road · Full house,1.2,-5.6
2024,2024-11-02,Michigan State,Indiana,home,10,47,7.5,-23,40,-15.5,-12.27,-28.03,3,10,3.52,0,2,-0.56,5,Ranked opponent,1.1,-7.6
2024,2024-11-02,Michigan,Oregon,home,17,38,14.5,-21,0,-6.5,-5.54,,3,7,1.57,0,2,-0.45,4,Top-10 opponent,1.2,-2.2
2024,2024-11-02,Minnesota,Illinois,away,25,17,-2.5,8,0,5.5,6.23,,7,9,-9.64,3,3,1.91,4,Road · Full house · Ranked opponent,1.3,2.6
2024,2024-11-02,Ole Miss,Arkansas,away,63,31,-7.5,39,72,31.5,7.41,25.23,4,21,9.35,1,1,0.6,5,Road · Full house,1.2,12.5
2024,2024-11-02,Duke,Miami,away,31,53,19.5,-22,0,-2.5,-13.19,-21.84,6,14,4.64,2,5,1.08,5,Road · Full house · Top-10 opponent,1.4,-4.1
2024,2024-11-02,NC State,Stanford,home,59,28,-9.5,31,48,21.5,21.17,13.2,4,28,15.95,2,2,1.16,5,,1,11.3
2024,2024-11-02,North Carolina,Florida State,away,35,11,-2.5,24,24,21.5,-6.08,12.81,6,21,5.02,0,1,-0.36,5,Road,1.1,4.5
2024,2024-11-02,Nebraska,UCLA,home,20,27,-8.5,-7,0,-15.5,-4.23,,4,7,-4.85,0,2,-0.83,4,,1,-4.9
2024,2024-11-02,Syracuse,Virginia Tech,home,38,31,3.5,7,0,10.5,10.17,,6,14,-0.17,1,3,0.06,4,,1,3.4
2024,2024-11-02,Ohio State,Penn State,away,20,13,-3.5,7,0,3.5,-4.04,,4,10,-0.85,0,2,-0.74,4,Road · Full house · Top-10 opponent,1.4,-1.6
2024,2024-11-02,Oklahoma State,Arizona State,home,21,42,4.5,-28,16,-23.5,1.47,,3,7,0.06,1,2,0.39,4,,1,-2.3
2024,2024-11-02,Auburn,Vanderbilt,home,7,17,-7.5,-10,0,-17.5,-20.84,,7,7,-13.39,0,2,-0.81,4,,1,-10.0
2024,2024-11-02,Oklahoma,Maine,home,59,14,-37.5,35,81,-2.5,2.7,2.76,5,28,5.92,1,1,0.35,5,FCS opponent,0.6,1.3
2024,2024-11-02,UCF,Arizona,home,56,12,-5.5,29,75,23.5,1.84,13.26,4,28,16.75,0,0,,4,,1,9.1
2024,2024-11-02,Penn State,Ohio State,home,13,20,3.5,-7,0,-3.5,1.51,-14.1,3,0,-7.09,1,4,-0.26,5,Top-10 opponent,1.2,-4.3
2024,2024-11-02,Clemson,Louisville,home,21,33,-11.5,-12,0,-23.5,-20.22,,3,7,-2.34,1,2,0.13,4,Night,1.05,-7.2
2024,2024-11-02,Iowa,Wisconsin,home,42,10,-2.5,32,25,29.5,15.22,20.81,6,28,12.02,0,1,-0.36,5,Night,1.05,10.7
2024,2024-11-02,Kansas State,Houston,away,19,24,-9.5,-5,0,-14.5,-15.63,-17.8,7,10,-11.1,1,4,-0.68,5,Road,1.1,-9.6
2024,2024-11-02,Vanderbilt,Auburn,away,17,7,7.5,10,0,17.5,18.31,4.97,9,17,-2.45,0,1,-0.28,5,Road · Full house,1.2,5.2
2024,2024-11-02,Miami,Duke,home,53,31,-19.5,22,0,2.5,10.66,-0.96,8,28,-0.12,2,4,-0.01,5,,1,1.6
2024,2024-11-02,Stanford,NC State,away,28,59,9.5,-31,48,-21.5,-23.7,,0,0,,0,1,-0.27,3,Road · Full house,1.2,-12.2
2024,2024-11-02,Texas A&M,South Carolina,away,20,44,-3.5,-24,7,-27.5,-1.99,,6,10,-6.28,0,2,-0.74,4,Road · Night · Full house,1.25,-8.0
2024,2024-11-02,Houston,Kansas State,home,24,19,9.5,5,0,14.5,13.11,,8,24,7.51,0,2,-0.53,4,Ranked opponent,1.1,6.1
2024,2024-11-02,Oregon,Michigan,away,38,17,-14.5,21,0,6.5,3.01,0.62,5,21,4.68,1,1,0.54,5,Road · Full house,1.2,3.3
2024,2024-11-02,Purdue,Northwestern,home,20,26,-3.5,-6,0,-9.5,1.3,,4,3,-7.85,2,3,0.88,4,,1,-1.7
2024,2024-11-02,South Carolina,Texas A&M,home,44,20,3.5,24,7,27.5,-0.54,12.9,9,31,9.74,2,3,1.06,5,Night · Top-10 opponent,1.25,9.7
2024,2024-11-02,Virginia Tech,Syracuse,away,31,38,-3.5,-7,0,-10.5,-12.7,-21.71,6,24,7.72,1,4,-0.49,5,Road,1.1,-5.1
2024,2024-11-02,UCLA,Nebraska,away,27,20,8.5,7,0,15.5,1.71,2.48,5,14,3.44,1,2,0.45,5,Road · Full house,1.2,4.2
2024,2024-11-02,Tennessee,Kentucky,home,28,18,-17.5,10,0,-7.5,-1.24,-8.93,8,28,0.68,0,2,-0.97,5,Night,1.05,-3.0
2024,2024-11-02,Washington,USC,home,26,21,2.5,5,0,7.5,12.1,-2.61,7,20,3.11,1,3,0.03,5,,1,2.8
2024,2024-11-02,Texas Tech,Iowa State,away,23,22,14.5,1,0,15.5,9.21,,7,7,-5.68,2,5,0.88,4,Road · Full house · Ranked opponent,1.3,4.7
2024,2024-11-02,Wisconsin,Iowa,away,10,42,2.5,-32,25,-29.5,-17.75,,4,3,-6.65,0,1,-0.32,4,Road · Night · Full house,1.25,-11.1
2024,2024-11-02,USC,Washington,away,21,26,-2.5,-5,0,-7.5,-14.63,,5,14,0.69,0,2,-0.73,4,Road · Full house,1.2,-4.8
2024,2024-11-02,Mississippi State,Massachusetts,home,45,20,-18.5,28,34,9.5,16.16,8.56,4,28,14.14,0,1,-0.49,5,Group of 5 opponent,0.85,5.7
2024,2024-11-02,Illinois,Minnesota,home,17,25,2.5,-8,0,-5.5,-8.76,,4,10,0.35,1,5,-0.61,4,,1,-2.7
2024,2024-11-02,Florida State,North Carolina,home,11,35,2.5,-24,24,-21.5,3.55,,3,10,2.76,0,1,-0.32,4,,1,-1.9
2024,2024-11-02,Florida,Georgia,neutral,20,34,14.5,-14,0,0.5,6.3,,8,17,2.51,1,5,-0.12,4,Top-10 opponent,1.2,2.2
2024,2024-11-02,Georgia,Florida,neutral,34,20,-14.5,14,0,-0.5,-8.83,-6.38,10,27,-5.64,1,3,-0.39,5,,1,-3.4
2024,2024-11-02,Iowa State,Texas Tech,home,22,23,-14.5,-1,0,-15.5,-11.74,,8,17,-9.11,2,4,0.15,4,,1,-5.9
2024,2024-11-02,Northwestern,Purdue,away,26,20,3.5,6,0,9.5,-3.83,-5.1,4,10,0.55,2,3,1.06,5,Road · Full house,1.2,1.3
2024,2024-11-02,Arkansas,Ole Miss,home,31,63,7.5,-39,72,-31.5,-9.94,,2,0,-4.32,1,1,0.72,4,Ranked opponent,1.1,-6.5
2024,2024-11-02,Indiana,Michigan State,away,47,10,-7.5,23,40,15.5,9.75,9.23,6,24,6.52,0,1,-0.4,5,Road,1.1,5.8
2024,2024-11-02,Arizona State,Oklahoma State,away,42,21,-4.5,28,16,23.5,-4.0,12.78,6,21,4.42,2,2,1.24,5,Road · Full house,1.2,7.2
2024,2024-11-02,Kentucky,Tennessee,away,18,28,17.5,-10,0,7.5,-1.29,,7,7,-4.62,1,2,0.6,4,Road · Night · Full house · Top-10 opponent,1.45,0.9
2024,2024-11-02,Louisville,Clemson,away,33,21,11.5,12,0,23.5,17.69,9.03,7,23,9.27,0,1,-0.25,5,Road · Night · Full house · Ranked opponent,1.35,10.5
2024,2024-11-02,Pittsburgh,SMU,away,25,48,7.5,-31,87,-23.5,-14.13,,2,3,-1.32,0,1,-0.28,4,Road · Night · Full house · Ranked opponent,1.35,-8.2
2024,2024-11-02,Baylor,TCU,home,37,34,-2.5,3,0,0.5,-3.3,,4,14,3.35,4,5,2.18,4,Night,1.05,3.5
2024,2024-11-02,SMU,Pittsburgh,home,48,25,-7.5,31,87,23.5,11.6,17.23,4,14,2.35,1,1,0.6,5,Night · Ranked opponent,1.15,8.8
2024,2024-11-02,TCU,Baylor,away,34,37,2.5,-3,0,-0.5,0.77,,4,17,7.35,3,5,1.39,4,Road · Night · Full house,1.25,4.8
2024,2024-11-09,Boston College,Syracuse,home,37,31,-5.5,6,0,0.5,12.8,-9.74,7,14,-5.69,2,4,0.45,5,,1,-0.1
2024,2024-11-09,Michigan,Indiana,away,15,20,14.5,-5,0,9.5,-2.23,,6,16,5.14,0,2,-0.45,4,Road · Full house · Top-10 opponent,1.4,2.6
2024,2024-11-09,Minnesota,Rutgers,away,19,26,-6.5,-7,0,-13.5,-1.61,,7,7,-13.04,1,4,-0.58,4,Road,1.1,-6.5
2024,2024-11-09,Ole Miss,Georgia,home,28,10,1.5,18,0,19.5,1.62,10.87,7,15,-2.24,2,2,1.34,5,Top-10 opponent,1.2,5.8
2024,2024-11-09,Duke,NC State,away,29,19,3.5,10,0,13.5,5.81,0.9,7,20,3.47,1,3,0.06,5,Road · Full house,1.2,3.8
2024,2024-11-09,NC State,Duke,home,19,29,-3.5,-10,0,-13.5,-8.34,,8,9,-12.7,0,3,-1.12,4,,1,-7.6
2024,2024-11-08,Wake Forest,California,home,36,46,7.5,-10,0,-2.5,1.83,,3,0,-6.48,1,7,-0.97,4,Night,1.05,-2.8
2024,2024-11-09,Rutgers,Minnesota,home,26,19,6.5,7,0,13.5,-0.91,1.45,6,10,-3.27,2,3,1.13,5,,1,2.2
2024,2024-11-09,Syracuse,Boston College,away,31,37,5.5,-6,0,-0.5,-15.32,,7,17,1.17,1,3,0.11,4,Road · Full house,1.2,-2.4
2024,2024-11-09,Ohio State,Purdue,home,45,0,-37.5,31,53,-6.5,8.78,-1.24,5,28,5.92,0,0,,4,,1,1.8
2024,2024-11-09,Cincinnati,West Virginia,home,24,31,-5.5,-7,0,-12.5,-28.42,,6,21,4.12,0,2,-0.78,4,,1,-6.3
2024,2024-11-09,Clemson,Virginia Tech,away,24,14,-6.5,10,0,3.5,-7.28,-6.25,11,17,-14.5,0,1,-0.4,5,Road · Full house,1.2,-5.4
2024,2024-11-08,Iowa,UCLA,away,17,20,-6.5,-3,0,-9.5,11.35,-15.25,5,17,2.68,0,3,-1.19,5,Road · Night,1.15,-2.5
2024,2024-11-09,Kansas,Iowa State,home,45,36,2.5,9,0,11.5,-0.02,-2.61,5,24,11.94,1,1,0.68,5,Ranked opponent,1.1,4.4
2024,2024-11-09,Vanderbilt,South Carolina,home,7,28,5.5,-21,0,-15.5,-4.13,,4,0,-9.05,0,1,-0.3,4,,1,-5.2
2024,2024-11-09,Miami,Georgia Tech,away,23,28,-9.5,-5,0,-14.5,-12.51,,5,10,-5.07,1,2,0.16,4,Road,1.1,-5.4
2024,2024-11-08,California,Wake Forest,away,46,36,-7.5,10,0,2.5,-4.36,-2.77,5,6,-8.57,1,6,-1.43,5,Road · Night · Full house,1.25,-4.5
2024,2024-11-09,Purdue,Ohio State,away,0,45,37.5,-31,53,6.5,-11.31,,1,0,-0.66,0,1,-0.04,4,Road · Full house · Top-10 opponent,1.4,-1.4
2024,2024-11-09,Texas,Florida,home,49,17,-24.5,35,79,10.5,14.59,9.46,6,28,5.41,0,0,,4,,1,6.3
2024,2024-11-09,South Carolina,Vanderbilt,away,28,7,-5.5,21,0,15.5,1.6,5.26,6,14,-2.88,1,1,0.61,5,Road,1.1,3.1
2024,2024-11-09,Virginia Tech,Clemson,home,14,24,6.5,-10,0,-3.5,4.76,,7,0,-15.48,0,2,-0.58,4,Ranked opponent,1.1,-4.4
2024,2024-11-08,UCLA,Iowa,home,20,17,6.5,3,0,9.5,-13.88,,5,14,2.94,1,2,0.42,4,Night,1.05,0.4
2024,2024-11-09,Texas Tech,Colorado,home,27,41,4.5,-14,0,-9.5,-21.51,-20.58,8,13,-5.5,1,4,-0.22,5,Ranked opponent,1.1,-8.6
2024,2024-11-09,West Virginia,Cincinnati,away,31,24,5.5,7,0,12.5,25.89,0.94,6,17,3.43,0,2,-0.6,5,Road · Full house,1.2,6.1
2024,2024-11-09,Colorado,Texas Tech,away,41,27,-4.5,14,0,9.5,18.98,1.78,9,27,2.13,1,3,-0.14,5,Road · Full house,1.2,5.0
2024,2024-11-09,Florida,Texas,away,17,49,24.5,-35,79,-10.5,-17.12,,3,0,-3.93,0,1,-0.14,4,Road · Full house · Top-10 opponent,1.4,-7.4
2024,2024-11-09,Georgia Tech,Miami,home,28,23,9.5,5,0,14.5,9.98,-0.0,4,7,-1.25,2,4,0.94,5,Top-10 opponent,1.2,4.4
2024,2024-11-09,Georgia,Ole Miss,away,10,28,-1.5,-18,0,-19.5,-4.15,,2,7,1.77,0,3,-1.07,4,Road · Full house · Ranked opponent,1.3,-5.3
2024,2024-11-09,Iowa State,Kansas,away,36,45,-2.5,-9,0,-11.5,-2.51,,4,21,10.35,0,2,-0.73,4,Road,1.1,-0.2
2024,2024-11-09,Indiana,Michigan,home,20,15,-14.5,5,0,-9.5,-0.29,-12.38,5,13,-3.32,1,3,-0.39,5,,1,-3.7
2024,2024-11-09,Maryland,Oregon,away,18,39,24.0,-21,0,3.0,-12.79,,5,14,7.33,0,1,-0.15,4,Road · Full house · Top-10 opponent,1.4,0.1
2024,2024-11-09,Missouri,Oklahoma,home,30,23,3.5,7,0,10.5,6.04,,6,14,-0.17,1,5,-0.57,4,Night,1.05,2.0
2024,2024-11-09,Oklahoma State,TCU,away,13,38,10.5,-32,43,-21.5,-13.21,,2,0,-4.02,0,1,-0.26,4,Road · Night · Full house,1.25,-7.9
2024,2024-11-09,Oklahoma,Missouri,away,23,30,-3.5,-7,0,-10.5,-8.57,,6,9,-7.28,1,4,-0.49,4,Road · Night · Full house · Ranked opponent,1.35,-6.9
2024,2024-11-09,UCF,Arizona State,away,31,35,2.5,-4,0,-1.5,-17.96,-11.61,5,14,1.94,2,4,0.71,5,Road,1.1,-3.2
2024,2024-11-09,Penn State,Washington,home,35,6,-13.5,32,21,18.5,7.06,12.14,4,28,15.14,0,0,,4,Night,1.05,9.1
2024,2024-11-09,Pittsburgh,Virginia,home,19,24,-7.5,-5,0,-12.5,-2.13,,8,20,-3.31,0,4,-1.62,4,Night,1.05,-5.0
2024,2024-11-09,Oregon,Maryland,home,39,18,-24.0,21,0,-3.0,10.26,-1.28,7,24,-2.18,1,2,-0.08,5,,1,0.5
2024,2024-11-09,BYU,Utah,away,22,21,-3.5,1,0,-2.5,-8.32,,8,13,-8.7,1,2,0.26,4,Road · Night · Full house,1.25,-4.2
2024,2024-11-09,Utah,BYU,home,21,22,3.5,-1,0,2.5,5.8,-9.1,6,7,-7.17,2,4,0.74,5,Night · Top-10 opponent,1.25,-0.9
2024,2024-11-09,Virginia,Pittsburgh,away,24,19,7.5,5,0,12.5,-0.4,,8,21,3.71,1,3,0.16,4,Road · Night · Full house · Ranked opponent,1.35,4.0
2024,2024-11-09,TCU,Oklahoma State,home,38,13,-10.5,32,43,21.5,10.68,17.68,5,21,5.68,0,0,,4,Night,1.05,8.8
2024,2024-11-09,Tennessee,Mississippi State,home,33,14,-26.5,19,0,-7.5,-1.31,-7.57,9,23,-11.79,1,1,0.44,5,Night,1.05,-3.9
2024,2024-11-09,Washington,Penn State,away,6,35,13.5,-32,21,-18.5,-9.59,,0,0,,0,1,-0.23,3,Road · Night · Full house · Top-10 opponent,1.45,-9.0
2024,2024-11-09,Alabama,LSU,away,42,13,-2.5,29,39,26.5,14.03,17.81,4,21,10.35,1,2,0.27,5,Road · Night · Full house · Ranked opponent,1.35,12.9
2024,2024-11-09,Mississippi State,Tennessee,away,14,33,26.5,-19,0,7.5,-1.22,,5,0,-6.05,0,1,-0.13,4,Road · Night · Full house · Top-10 opponent,1.45,-0.9
2024,2024-11-09,Florida State,Notre Dame,away,3,52,25.5,-28,45,-2.5,-11.83,,4,0,-5.04,1,1,0.87,4,Road · Night · Full house · Top-10 opponent,1.45,-3.3
2024,2024-11-09,Notre Dame,Florida State,home,52,3,-25.5,28,45,2.5,9.3,4.95,6,21,-1.89,0,1,-0.55,5,Night,1.05,1.5
2024,2024-11-09,Arizona State,UCF,home,35,31,-2.5,4,0,1.5,15.43,-7.19,4,7,-3.65,0,2,-0.73,5,,1,-0.1
2024,2024-11-09,LSU,Alabama,home,13,42,2.5,-29,39,-26.5,-16.56,,2,3,-1.82,1,1,0.68,4,Night · Ranked opponent,1.15,-6.7
2024,2024-11-16,Boston College,SMU,away,28,38,19.5,-10,0,9.5,-8.95,,4,7,0.76,1,3,0.45,4,Road · Full house · Ranked opponent,1.3,1.0
2024,2024-11-15,Arizona,Houston,home,27,3,-1.5,24,33,22.5,21.02,10.33,10,24,-2.13,1,1,0.64,5,Night,1.05,7.3
2024,2024-11-16,Maryland,Rutgers,home,17,31,-4.5,-14,0,-18.5,-27.76,,3,3,-5.29,1,3,-0.14,4,Night,1.05,-8.9
2024,2024-11-16,Michigan State,Illinois,away,16,38,1.5,-22,0,-20.5,-19.74,,4,0,-9.85,1,3,0.01,4,Road,1.1,-9.2
2024,2024-11-16,Missouri,South Carolina,away,30,34,10.5,-4,0,6.5,1.79,,5,17,6.94,2,4,0.97,4,Road · Full house · Ranked opponent,1.3,5.6
2024,2024-11-16,Nebraska,USC,away,20,28,6.5,-8,0,-1.5,6.05,-17.55,5,3,-8.06,0,1,-0.29,5,Road · Full house,1.2,-4.2
2024,2024-11-16,Rutgers,Maryland,away,31,17,4.5,14,0,18.5,25.23,6.42,5,10,-1.56,3,3,2.08,5,Road · Night,1.15,9.3
2024,2024-11-16,Syracuse,California,away,33,25,10.5,8,0,18.5,-2.43,1.51,5,20,9.94,1,1,0.74,5,Road,1.1,5.1
2024,2024-11-16,Ohio State,Northwestern,away,31,7,-29.5,24,37,-5.5,6.92,-4.12,6,17,-7.1,1,1,0.42,5,Road · Full house,1.2,-1.3
2024,2024-11-16,Auburn,UL Monroe,home,48,14,-25.5,31,44,5.5,-0.69,8.95,6,31,8.11,0,0,,4,Group of 5 opponent,0.85,3.4
2024,2024-11-16,Penn State,Purdue,away,49,10,-30.5,32,56,1.5,11.59,3.37,4,14,-2.26,0,0,,4,Road · Full house,1.2,2.6
2024,2024-11-16,Pittsburgh,Clemson,home,20,24,12.5,-4,0,8.5,-15.74,,10,13,-6.11,1,3,0.28,4,Ranked opponent,1.1,-2.7
2024,2024-11-16,Clemson,Pittsburgh,away,24,20,-12.5,4,0,-8.5,13.21,-11.35,9,17,-11.48,1,4,-0.78,5,Road,1.1,-3.9
2024,2024-11-16,Baylor,West Virginia,away,49,35,-1.5,14,0,12.5,11.43,0.33,7,35,16.71,2,4,0.58,5,Road,1.1,7.5
2024,2024-11-16,Stanford,Louisville,home,38,35,20.5,3,0,23.5,2.84,4.67,7,20,9.43,1,2,0.65,5,Ranked opponent,1.1,6.8
2024,2024-11-15,Houston,Arizona,away,3,27,1.5,-24,33,-22.5,-23.55,,7,3,-14.24,0,2,-0.66,4,Road · Night · Full house,1.25,-14.0
2024,2024-11-16,California,Syracuse,home,25,33,-10.5,-8,0,-18.5,-0.09,,2,3,-3.13,0,2,-0.86,4,,1,-4.2
2024,2024-11-16,Purdue,Penn State,home,10,49,30.5,-32,56,-1.5,-14.12,,2,3,0.98,0,1,-0.09,4,Top-10 opponent,1.2,-2.7
2024,2024-11-16,Texas,Arkansas,away,20,10,-13.5,10,0,-3.5,1.28,-5.86,7,13,-9.5,1,2,0.09,5,Road · Full house,1.2,-3.1
2024,2024-11-16,Utah,Colorado,away,24,49,13.5,-25,8,-11.5,-10.24,,8,13,-1.89,1,2,0.53,4,Road · Full house · Ranked opponent,1.3,-3.7
2024,2024-11-16,SMU,Boston College,home,38,28,-19.5,10,0,-9.5,6.42,-8.96,6,23,1.91,2,4,-0.01,5,,1,-0.9
2024,2024-11-16,South Carolina,Missouri,home,34,30,-10.5,4,0,-6.5,-4.32,-15.32,3,14,4.81,3,6,0.43,5,Ranked opponent,1.1,-2.1
2024,2024-11-16,Virginia,Notre Dame,away,14,35,21.5,-35,52,-13.5,-13.69,,5,0,-7.3,0,1,-0.17,4,Road · Full house · Top-10 opponent,1.4,-8.3
2024,2024-11-15,UCLA,Washington,away,19,31,5.5,-12,0,-6.5,-16.59,,5,3,-8.31,1,2,0.4,4,Road · Night · Full house,1.25,-6.3
2024,2024-11-15,Washington,UCLA,home,31,19,-5.5,12,0,6.5,14.06,-0.74,7,31,11.31,0,2,-0.78,5,Night,1.05,4.2
2024,2024-11-16,West Virginia,Baylor,home,35,49,1.5,-14,0,-12.5,-13.95,,4,0,-9.85,1,3,0.01,4,,1,-6.3
2024,2024-11-16,USC,Nebraska,home,28,20,-6.5,8,0,1.5,-8.58,,6,14,-3.18,1,3,-0.19,4,,1,-2.1
2024,2024-11-16,Alabama,Mercer,home,52,7,-42.5,31,74,-11.5,12.71,-3.82,3,21,7.0,0,0,,4,FCS opponent,0.6,1.0
2024,2024-11-16,Illinois,Michigan State,home,38,16,-1.5,22,0,20.5,17.21,7.33,7,28,9.71,2,2,1.29,5,,1,8.8
2024,2024-11-16,Colorado,Utah,home,49,24,-13.5,25,8,11.5,7.72,8.14,9,28,-0.93,3,5,0.73,5,,1,4.1
2024,2024-11-16,Florida,LSU,home,27,16,2.5,11,0,13.5,16.59,2.39,5,14,1.94,3,3,2.03,5,Ranked opponent,1.1,7.1
2024,2024-11-16,Northwestern,Ohio State,home,7,31,29.5,-24,37,5.5,-9.44,,3,7,3.82,0,2,-0.2,4,Top-10 opponent,1.2,0.1
2024,2024-11-16,Arkansas,Texas,home,10,20,13.5,-10,0,3.5,-3.81,,5,3,-6.3,0,1,-0.23,4,Top-10 opponent,1.2,-2.2
2024,2024-11-16,Notre Dame,Virginia,home,35,14,-21.5,35,52,13.5,11.17,11.01,8,21,-7.92,0,0,,4,,1,3.5
2024,2024-11-16,Kentucky,Murray State,home,48,6,-41.5,31,85,-10.5,2.93,-3.31,6,24,-3.7,0,0,,4,FCS opponent,1,-1.9
2024,2024-11-16,Louisville,Stanford,away,35,38,-20.5,-3,0,-23.5,-5.37,-27.47,5,21,3.18,2,5,-0.55,5,Road,1.1,-7.5
2024,2024-11-16,LSU,Florida,away,16,27,-2.5,-11,0,-13.5,-19.12,,4,10,-0.65,2,4,0.55,4,Road · Full house,1.2,-5.2
2024,2024-11-16,North Carolina,Wake Forest,home,31,24,-10.5,7,0,-3.5,3.12,-18.32,8,10,-14.51,2,3,0.71,5,Night,1.05,-4.7
2024,2024-11-16,Wake Forest,North Carolina,away,24,31,10.5,-7,0,3.5,-5.64,,8,10,-6.09,1,3,0.23,4,Road · Night · Full house,1.25,-1.9
2024,2024-11-16,Cincinnati,Iowa State,away,17,34,7.5,-17,0,-9.5,-13.13,,5,7,-3.81,1,2,0.44,4,Road · Night · Full house,1.25,-4.6
2024,2024-11-16,Kansas,BYU,away,17,13,2.5,4,0,6.5,14.63,,3,0,-7.24,1,3,0.03,4,Road · Night · Full house · Top-10 opponent,1.45,2.6
2024,2024-11-16,Kansas State,Arizona State,home,14,24,-7.5,-10,0,-17.5,-13.78,,5,14,-0.57,0,1,-0.4,4,Night,1.05,-5.4
2024,2024-11-16,Texas A&M,New Mexico State,home,38,3,-38.5,31,55,-7.5,-5.83,-1.76,7,24,-7.27,0,0,,4,Night · Group of 5 opponent,1.05,-3.5
2024,2024-11-16,Oregon,Wisconsin,away,16,13,-13.5,3,0,-10.5,-13.58,,7,9,-13.5,1,2,0.09,4,Road · Night · Full house,1.25,-8.4
2024,2024-11-16,BYU,Kansas,home,13,17,-2.5,-4,0,-6.5,-17.15,,4,10,-0.65,0,3,-1.09,4,Night,1.05,-5.4
2024,2024-11-16,Tennessee,Georgia,away,17,31,7.5,-14,0,-6.5,-0.75,-19.03,4,10,1.35,1,3,0.16,5,Road · Night · Full house · Ranked opponent,1.35,-3.9
2024,2024-11-16,Wisconsin,Oregon,home,13,16,13.5,-3,0,10.5,11.05,,6,10,-1.17,1,4,0.07,4,Night · Top-10 opponent,1.25,4.1
2024,2024-11-16,Georgia,Tennessee,home,31,17,-7.5,14,0,6.5,-1.77,-2.77,5,21,6.43,1,2,0.19,5,Night · Top-10 opponent,1.25,2.1
2024,2024-11-16,Iowa State,Cincinnati,home,34,17,-7.5,17,0,9.5,10.6,4.23,7,20,-0.39,1,3,-0.21,5,Night,1.05,3.0
2024,2024-11-16,Arizona State,Kansas State,away,24,14,7.5,10,0,17.5,11.25,0.97,6,21,8.03,0,0,,4,Road · Night · Full house · Ranked opponent,1.35,8.0
2024,2024-11-21,NC State,Georgia Tech,away,29,30,7.5,-1,0,6.5,-0.75,,7,7,-8.13,1,4,-0.13,4,Road · Night,1.15,-1.4
2024,2024-11-21,Georgia Tech,NC State,home,30,29,-7.5,1,0,-6.5,-1.78,-10.77,7,13,-7.39,2,4,0.38,5,Night,1.05,-3.5
2024,2024-11-23,Boston College,North Carolina,home,41,21,1.5,27,37,28.5,-1.77,18.87,5,24,11.69,0,0,,4,,1,8.9
2024,2024-11-23,Arizona,TCU,away,28,49,10.5,-28,14,-17.5,-18.58,,3,6,-0.03,0,1,-0.26,4,Road,1.1,-6.2
2024,2024-11-23,Maryland,Iowa,home,13,29,4.5,-16,0,-11.5,-3.96,,4,0,-9.25,0,1,-0.31,4,,1,-4.7
2024,2024-11-22,Michigan State,Purdue,home,24,17,-14.5,7,0,-7.5,10.37,-10.38,6,17,-2.59,1,2,0.08,5,Night,1.05,-1.2
2024,2024-11-23,Michigan,Northwestern,home,50,6,-10.5,25,38,14.5,6.3,10.68,4,17,4.75,1,2,0.14,5,,1,5.1
2024,2024-11-23,Minnesota,Penn State,home,25,26,11.5,-1,0,10.5,5.8,-3.97,5,17,7.19,1,4,0.0,5,Top-10 opponent,1.2,3.4
2024,2024-11-23,Missouri,Mississippi State,away,39,20,-9.5,19,0,9.5,0.3,4.2,4,21,8.95,1,2,0.16,5,Road,1.1,4.0
2024,2024-11-23,Ole Miss,Florida,away,17,24,-13.5,-7,0,-20.5,-21.87,,7,10,-12.5,1,4,-0.81,4,Road · Full house,1.2,-12.5
2024,2024-11-23,North Carolina,Boston College,away,21,41,-1.5,-27,37,-28.5,-0.76,,2,0,-5.23,0,1,-0.36,4,Road,1.1,-6.1
2024,2024-11-23,Wake Forest,Miami,away,14,42,23.5,-28,5,-4.5,3.38,,5,0,-6.8,1,2,0.7,4,Road · Full house · Top-10 opponent,1.4,-0.9
2024,2024-11-23,Nebraska,Wisconsin,home,44,25,-1.5,19,0,17.5,11.39,8.33,7,27,8.71,0,2,-0.71,5,,1,5.7
2024,2024-11-23,Rutgers,Illinois,home,31,38,-2.5,-7,0,-9.5,-4.13,-16.19,3,3,-4.99,4,5,2.18,5,Ranked opponent,1.1,-2.7
2024,2024-11-23,Syracuse,UConn,home,31,24,-9.5,7,0,-2.5,-13.21,-10.8,7,10,-11.1,2,3,0.74,5,Group of 5 opponent,1,-4.8
2024,2024-11-23,Ohio State,Indiana,home,38,15,-10.5,31,21,20.5,7.87,12.68,6,24,5.62,0,1,-0.43,5,Top-10 opponent,1.2,7.0
2024,2024-11-23,Oklahoma State,Texas Tech,home,48,56,4.5,-8,0,-3.5,-10.37,,6,21,7.13,2,5,0.47,4,,1,0.3
2024,2024-11-23,UCF,West Virginia,away,21,31,-3.5,-10,0,-13.5,-15.4,,4,21,10.15,0,1,-0.37,4,Road,1.1,-2.4
2024,2024-11-23,Penn State,Minnesota,away,26,25,-11.5,1,0,-10.5,-8.32,,5,13,-2.57,1,3,-0.31,4,Road,1.1,-4.0
2024,2024-11-23,Pittsburgh,Louisville,away,9,37,7.5,-37,60,-29.5,-9.95,,2,0,-4.32,0,1,-0.28,4,Road,1.1,-7.6
2024,2024-11-23,Clemson,The Citadel,home,51,14,-48.5,35,83,-13.5,21.85,-2.92,3,21,6.1,0,0,,4,FCS opponent,0.6,1.6
2024,2024-11-23,Iowa,Maryland,away,29,13,-4.5,16,0,11.5,1.44,4.78,8,22,-0.1,1,1,0.62,5,Road,1.1,3.1
2024,2024-11-23,Kansas,Colorado,home,37,21,1.5,16,0,17.5,-8.24,7.87,3,17,9.61,2,2,1.34,5,Ranked opponent,1.1,5.7
2024,2024-11-23,Miami,Wake Forest,home,42,14,-23.5,28,5,4.5,-5.91,6.98,6,10,-12.29,1,1,0.46,5,,1,-1.1
2024,2024-11-23,Stanford,California,away,21,24,15.5,-3,0,12.5,9.34,-7.91,4,14,6.96,0,3,-0.65,5,Road · Full house,1.2,2.8
2024,2024-11-23,California,Stanford,home,24,21,-15.5,3,0,-12.5,-11.87,,6,24,4.11,0,1,-0.47,4,,1,-3.1
2024,2024-11-22,Purdue,Michigan State,away,17,24,14.5,-7,0,7.5,-12.9,,5,14,4.95,0,2,-0.45,4,Road · Night · Full house,1.25,-0.4
2024,2024-11-23,Texas,Kentucky,home,31,14,-18.5,17,0,-1.5,-5.93,-5.44,8,17,-10.72,1,1,0.51,5,,1,-3.1
2024,2024-11-23,BYU,Arizona State,away,23,28,3.5,-5,0,-1.5,-4.25,,4,14,4.55,0,1,-0.31,4,Road · Full house · Ranked opponent,1.3,0.0
2024,2024-11-23,SMU,Virginia,away,33,7,-10.5,33,25,22.5,0.9,14.68,8,27,2.49,0,0,,4,Road,1.1,6.5
2024,2024-11-23,South Carolina,Wofford,home,56,12,-42.5,26,48,-16.5,4.28,-5.82,4,21,2.33,1,2,-0.38,5,FCS opponent,1,-1.8
2024,2024-11-23,Virginia,SMU,home,7,33,10.5,-33,25,-22.5,-3.43,,4,0,-8.04,0,1,-0.26,4,Ranked opponent,1.1,-6.3
2024,2024-11-23,TCU,Arizona,home,49,28,-10.5,28,14,17.5,16.06,9.68,5,28,12.68,1,3,-0.29,5,,1,7.6
2024,2024-11-23,Tennessee,UTEP,home,56,0,-41.5,35,88,-6.5,20.03,0.69,8,28,-8.94,0,0,,4,Group of 5 opponent,0.85,0.5
2024,2024-11-23,Texas Tech,Oklahoma State,away,56,48,-4.5,8,0,3.5,7.84,-7.22,5,14,0.19,4,7,1.34,5,Road · Full house,1.2,2.3
2024,2024-11-23,Wisconsin,Nebraska,away,25,44,1.5,-19,0,-17.5,-13.92,,3,0,-7.39,2,2,1.34,4,Road · Full house,1.2,-5.6
2024,2024-11-23,West Virginia,UCF,home,31,21,3.5,10,0,13.5,12.87,-1.1,6,21,6.83,0,1,-0.31,5,,1,4.1
2024,2024-11-23,Mississippi State,Missouri,home,20,39,9.5,-19,0,-9.5,-2.83,,3,0,-6.18,0,1,-0.27,4,Ranked opponent,1.1,-3.8
2024,2024-11-23,Illinois,Rutgers,away,38,31,2.5,7,0,9.5,1.6,,4,17,7.35,3,4,1.71,4,Road,1.1,6.3
2024,2024-11-23,Colorado,Kansas,away,21,37,-1.5,-16,0,-17.5,5.71,,0,0,,0,1,-0.36,3,Road,1.1,-2.9
2024,2024-11-23,Florida State,Charleston Southern,home,41,7,-33.5,31,64,-2.5,2.63,4.82,5,17,-4.08,0,0,,4,FCS opponent,0.6,0.1
2024,2024-11-23,Florida,Ole Miss,home,24,17,13.5,7,0,20.5,19.34,,7,14,0.97,1,3,0.3,4,Top-10 opponent,1.2,8.3
2024,2024-11-23,Georgia,Massachusetts,home,59,21,-42.5,24,40,-18.5,18.1,-10.82,5,28,4.66,2,2,0.62,5,Group of 5 opponent,0.85,0.5
2024,2024-11-23,Northwestern,Michigan,away,6,50,10.5,-25,38,-14.5,-8.83,,2,6,1.98,0,1,-0.26,4,Road · Full house,1.2,-3.7
2024,2024-11-23,Arkansas,Louisiana Tech,home,35,14,-23.5,21,0,-2.5,-1.22,-4.02,10,21,-16.15,0,0,,4,Group of 5 opponent,1,-4.4
2024,2024-11-23,Indiana,Ohio State,away,15,38,10.5,-31,21,-20.5,-10.4,,4,7,-1.04,0,1,-0.26,4,Road · Full house · Top-10 opponent,1.4,-6.9
2024,2024-11-23,Arizona State,BYU,home,28,23,-3.5,5,0,1.5,1.72,-9.71,4,14,3.15,0,1,-0.37,5,Ranked opponent,1.1,-0.6
2024,2024-11-23,Kentucky,Texas,away,14,31,18.5,-17,0,1.5,3.4,,5,7,-1.05,0,2,-0.38,4,Road · Full house · Top-10 opponent,1.4,0.3
2024,2024-11-23,Louisville,Pittsburgh,home,37,9,-7.5,37,60,29.5,7.42,24.23,7,27,6.61,0,0,,4,,1,10.1
2024,2024-11-23,Duke,Virginia Tech,home,31,28,2.5,3,0,5.5,1.13,-8.61,8,17,-2.3,1,4,-0.29,5,Night,1.05,-1.1
2024,2024-11-23,Auburn,Texas A&M,home,43,41,2.5,2,0,4.5,1.44,-9.61,6,24,9.53,1,5,-0.61,5,Night · Ranked opponent,1.15,0.8
2024,2024-11-23,Oklahoma,Alabama,home,24,3,14.5,21,0,35.5,10.57,15.58,6,17,6.14,0,1,-0.22,5,Night · Top-10 opponent,1.25,10.6
2024,2024-11-23,Cincinnati,Kansas State,away,15,41,7.5,-25,42,-17.5,-17.5,,4,7,-1.65,0,1,-0.28,4,Road · Night · Full house,1.25,-7.4
2024,2024-11-23,Kansas State,Cincinnati,home,41,15,-7.5,25,42,17.5,14.97,12.23,7,34,13.61,0,0,,4,Night,1.05,9.9
2024,2024-11-23,Vanderbilt,LSU,away,17,24,9.5,-7,0,2.5,8.16,,3,7,0.82,0,2,-0.53,4,Road · Night · Full house,1.25,1.8
2024,2024-11-23,Baylor,Houston,away,20,10,-6.5,10,0,3.5,0.27,-2.25,7,13,-7.04,1,2,0.21,5,Road · Night · Full house,1.25,-1.1
2024,2024-11-23,Texas A&M,Auburn,away,41,43,-2.5,-2,0,-4.5,-3.97,,7,17,-1.64,3,5,1.18,4,Road · Night · Full house,1.25,0.0
2024,2024-11-23,Houston,Baylor,home,10,20,6.5,-10,0,-3.5,-2.8,,6,3,-10.27,0,2,-0.58,4,Night,1.05,-4.2
2024,2024-11-23,Utah,Iowa State,home,28,31,3.5,-3,0,0.5,9.74,,3,10,2.91,0,3,-0.94,4,Ranked opponent,1.1,1.6
2024,2024-11-23,Virginia Tech,Duke,away,28,31,-2.5,-3,0,-5.5,-3.66,,7,24,5.36,0,2,-0.73,4,Road · Night,1.15,-0.9
2024,2024-11-23,UCLA,USC,home,13,19,4.5,-6,0,-1.5,-12.3,,4,10,0.75,0,4,-1.22,4,Night,1.05,-3.6
2024,2024-11-23,USC,UCLA,away,19,13,-4.5,6,0,1.5,9.77,,5,19,5.19,0,3,-1.14,4,Road · Night,1.15,2.2
2024,2024-11-23,Alabama,Oklahoma,away,3,24,-14.5,-21,0,-35.5,-13.09,,5,3,-13.32,0,1,-0.46,4,Road · Night · Full house,1.25,-13.4
2024,2024-11-23,Iowa State,Utah,away,31,28,-3.5,3,0,-0.5,-12.27,-8.71,4,7,-3.85,4,5,2.14,5,Road · Full house,1.2,-1.6
2024,2024-11-23,Notre Dame,Army,neutral,49,14,-14.5,35,38,20.5,7.24,14.62,5,28,11.68,0,1,-0.46,5,Night · Ranked opponent · Group of 5 opponent,1.0,7.1
2024,2024-11-23,LSU,Vanderbilt,home,24,17,-9.5,7,0,-2.5,-10.69,-7.8,4,10,-2.05,2,2,1.16,5,Night,1.05,-2.0
2024,2024-11-29,Minnesota,Wisconsin,away,24,7,-1.5,17,0,15.5,-3.61,3.33,9,24,0.49,0,0,,4,Road · Full house,1.2,2.7
2024,2024-11-29,Ole Miss,Mississippi State,home,26,14,-26.5,12,0,-14.5,5.5,-12.57,8,17,-13.92,1,2,-0.12,5,,1,-5.2
2024,2024-11-29,Oklahoma State,Colorado,away,0,52,14.5,-35,70,-20.5,-9.56,,5,0,-9.05,0,1,-0.22,4,Road · Full house · Ranked opponent,1.3,-8.8
2024,2024-11-29,Stanford,San José State,away,31,34,2.5,-3,0,-0.5,3.29,,4,10,0.35,1,3,0.03,4,Road · Full house · Group of 5 opponent,1.05,0.9
2024,2024-11-29,Wisconsin,Minnesota,home,7,24,1.5,-17,0,-15.5,1.08,,6,0,-14.77,0,1,-0.33,4,,1,-5.8
2024,2024-11-29,Mississippi State,Ole Miss,away,14,26,26.5,-12,0,14.5,-8.02,,5,0,-6.05,2,4,1.5,4,Road · Full house · Ranked opponent,1.3,1.6
2024,2024-11-29,Colorado,Oklahoma State,home,52,0,-14.5,35,70,20.5,7.03,14.62,8,21,-5.11,0,0,,4,,1,5.0
2024,2024-11-30,Boston College,Pittsburgh,home,34,23,-3.5,11,0,7.5,4.09,-2.71,7,21,2.01,1,2,0.26,5,,1,1.7
2024,2024-11-30,Arizona,Arizona State,home,7,49,7.5,-35,46,-27.5,7.47,,0,0,,0,1,-0.28,3,Ranked opponent,1.1,-4.4
2024,2024-11-30,Maryland,Penn State,away,7,44,26.5,-24,37,2.5,-5.41,,5,7,0.95,0,2,-0.25,4,Road · Full house · Top-10 opponent,1.4,-0.6
2024,2024-11-30,Michigan State,Rutgers,home,14,41,-1.5,-31,26,-32.5,-15.94,,1,0,-2.61,0,2,-0.71,4,,1,-8.5
2024,2024-11-30,Michigan,Ohio State,away,13,10,10.5,3,0,13.5,3.55,,7,13,-1.08,0,1,-0.26,4,Road · Full house · Top-10 opponent,1.4,2.9
2024,2024-11-30,Missouri,Arkansas,home,28,21,-3.5,7,0,3.5,6.74,,6,17,0.72,2,3,0.88,4,,1,3.1
2024,2024-11-30,Duke,Wake Forest,away,23,17,-3.5,6,0,2.5,4.13,,7,17,-1.99,0,2,-0.74,4,Road,1.1,-0.2
2024,2024-11-30,NC State,North Carolina,away,35,30,2.5,5,0,7.5,0.11,,6,13,-1.47,4,5,2.39,4,Road · Full house,1.2,4.7
2024,2024-11-30,North Carolina,NC State,home,30,35,-2.5,-5,0,-7.5,-2.64,,5,7,-6.31,4,7,1.46,4,,1,-1.0
2024,2024-11-30,Wake Forest,Duke,home,17,23,3.5,-6,0,-2.5,-6.66,-17.1,8,10,-8.9,1,3,0.06,5,,1,-5.0
2024,2024-11-29,Nebraska,Iowa,away,10,13,3.5,-3,0,0.5,-21.59,-10.1,8,10,-8.9,0,2,-0.63,5,Road · Night · Full house,1.25,-8.0
2024,2024-11-30,Rutgers,Michigan State,away,41,14,1.5,31,26,32.5,13.41,22.87,6,19,4.23,1,1,0.67,5,Road,1.1,11.1
2024,2024-11-30,Syracuse,Miami,home,42,38,12.5,4,0,16.5,3.84,,3,7,1.27,2,3,1.28,4,Top-10 opponent,1.2,6.0
2024,2024-11-30,Ohio State,Michigan,home,10,13,-10.5,-3,0,-13.5,-6.08,,6,3,-15.38,1,3,-0.29,4,,1,-6.8
2024,2024-11-30,Auburn,Alabama,away,14,28,10.5,-14,0,-3.5,-13.35,,6,6,-6.07,0,1,-0.26,4,Road · Full house · Ranked opponent,1.3,-5.6
2024,2024-11-29,UCF,Utah,home,14,28,-9.5,-14,0,-23.5,-33.2,,7,0,-21.1,0,2,-0.84,4,Night,1.05,-15.6
2024,2024-11-30,Penn State,Maryland,home,44,7,-26.5,24,37,-2.5,2.89,1.43,9,35,0.21,1,1,0.44,5,,1,0.9
2024,2024-11-30,Cincinnati,TCU,home,13,20,2.5,-7,0,-4.5,-11.99,,4,7,-2.65,0,1,-0.32,4,Night,1.05,-3.7
2024,2024-11-30,Pittsburgh,Boston College,away,23,34,3.5,-11,0,-7.5,-6.62,,7,7,-9.53,0,1,-0.31,4,Road,1.1,-5.2
2024,2024-11-30,Clemson,South Carolina,home,14,17,-2.5,-3,0,-5.5,-6.78,,7,7,-11.64,0,3,-1.09,4,Ranked opponent,1.1,-6.5
2024,2024-11-29,Iowa,Nebraska,home,13,10,-3.5,3,0,-0.5,19.07,,9,10,-14.42,0,1,-0.37,4,Night,1.05,-0.7
2024,2024-11-30,Kansas,Baylor,away,17,45,-2.5,-25,36,-27.5,-16.79,,2,7,1.67,1,2,0.27,4,Road,1.1,-6.2
2024,2024-11-30,Vanderbilt,Tennessee,home,23,36,9.5,-13,0,-3.5,15.06,-21.0,4,7,-1.25,1,3,0.2,5,Top-10 opponent,1.2,-1.5
2024,2024-11-30,Baylor,Kansas,home,45,17,2.5,25,36,27.5,14.26,13.39,5,14,1.94,2,2,1.35,5,,1,8.5
2024,2024-11-30,Miami,Syracuse,away,38,42,-12.5,-4,0,-16.5,-6.37,-23.35,3,14,4.51,3,5,0.77,5,Road,1.1,-4.5
2024,2024-11-30,California,SMU,away,6,38,11.5,-25,21,-13.5,-13.37,,6,6,-5.77,0,1,-0.25,4,Road · Full house · Top-10 opponent,1.4,-7.9
2024,2024-11-29,Utah,UCF,away,28,14,9.5,14,0,23.5,30.67,10.0,8,10,-6.49,1,1,0.73,5,Road · Night · Full house,1.25,9.4
2024,2024-11-30,SMU,California,home,38,6,-11.5,25,21,13.5,10.84,6.17,8,28,3.09,0,0,,4,,1,5.1
2024,2024-11-30,South Carolina,Clemson,away,17,14,2.5,3,0,5.5,4.25,,8,10,-9.3,1,2,0.35,4,Road · Full house · Ranked opponent,1.3,-0.2
2024,2024-11-30,UCLA,Fresno State,home,20,13,-7.5,7,0,-0.5,-3.53,-5.77,7,17,-3.39,1,2,0.19,5,Group of 5 opponent,1,-1.6
2024,2024-11-30,TCU,Cincinnati,away,20,13,-2.5,7,0,4.5,9.46,-3.19,7,6,-12.64,1,2,0.27,5,Road · Night · Full house,1.25,-0.9
2024,2024-11-30,Tennessee,Vanderbilt,away,36,23,-9.5,13,0,3.5,-17.58,-4.8,5,17,1.93,0,1,-0.42,5,Road,1.1,-2.7
2024,2024-11-30,Texas Tech,West Virginia,home,52,15,-2.5,32,92,29.5,11.19,21.81,5,31,17.69,1,1,0.64,5,,1,11.9
2024,2024-11-30,West Virginia,Texas Tech,away,15,52,2.5,-32,92,-29.5,-13.72,,0,0,,1,2,0.35,3,Road,1.1,-9.1
2024,2024-11-30,USC,Notre Dame,home,35,49,6.5,-14,0,-7.5,-28.06,,5,14,2.94,2,4,0.84,4,Top-10 opponent,1.2,-4.5
2024,2024-11-30,Alabama,Auburn,home,28,14,-10.5,14,0,3.5,10.82,-1.32,8,14,-10.51,1,1,0.57,5,,1,0.3
2024,2024-11-30,Illinois,Northwestern,neutral,38,28,-8.5,10,0,1.5,13.47,-4.29,9,24,-2.67,2,3,0.76,5,,1,1.7
2024,2024-11-29,Georgia Tech,Georgia,away,42,44,17.5,-2,0,15.5,-21.2,-1.87,5,14,5.7,2,6,0.8,5,Road · Night · Full house · Top-10 opponent,1.45,0.9
2024,2024-11-29,Georgia,Georgia Tech,home,44,42,-17.5,2,0,-15.5,18.67,,4,14,0.34,2,6,-0.92,4,Night,1.05,0.1
2024,2024-11-30,Northwestern,Illinois,neutral,28,38,8.5,-10,0,-1.5,-16.0,,6,14,1.33,0,2,-0.55,4,Ranked opponent,1.1,-3.4
2024,2024-11-30,Arkansas,Missouri,away,21,28,3.5,-7,0,-3.5,-9.27,,4,7,-2.45,2,4,0.74,4,Road · Full house · Ranked opponent,1.3,-2.0
2024,2024-11-30,Notre Dame,USC,away,49,35,-6.5,14,0,7.5,25.53,-2.25,6,21,3.82,1,3,-0.19,5,Road · Full house,1.2,5.4
2024,2024-11-30,Arizona State,Arizona,away,49,7,-7.5,35,46,27.5,-9.99,18.23,3,21,12.26,0,0,,4,Road · Full house,1.2,9.1
2024,2024-11-30,Kentucky,Louisville,home,14,41,3.5,-34,32,-30.5,-9.97,,6,21,6.83,0,1,-0.31,4,,1,-4.4
2024,2024-11-30,Louisville,Kentucky,away,41,14,-3.5,34,32,30.5,7.45,23.29,10,27,-0.13,2,2,1.26,5,Road · Full house,1.2,10.6
2024,2024-11-30,Oklahoma,LSU,away,17,37,4.5,-20,0,-15.5,-9.88,,3,0,-6.94,0,1,-0.31,4,Road · Night · Full house,1.25,-7.1
2024,2024-11-30,Kansas State,Iowa State,away,21,29,2.5,-8,0,-5.5,-18.84,,8,21,1.7,0,4,-1.29,4,Road · Night · Full house · Ranked opponent,1.35,-6.7
2024,2024-11-30,Texas A&M,Texas,home,7,17,4.5,-10,0,-5.5,10.9,,5,0,-11.56,0,1,-0.31,4,Night · Top-10 opponent,1.25,-2.4
2024,2024-11-30,Houston,BYU,away,18,30,9.5,-12,0,-2.5,-2.99,,5,7,-3.31,1,3,0.2,4,Road · Night · Full house · Ranked opponent,1.35,-1.6
2024,2024-11-30,Oregon,Washington,home,49,21,-17.5,28,30,10.5,5.07,5.07,5,28,10.93,1,2,0.03,5,,1,4.8
2024,2024-11-30,Purdue,Indiana,away,0,66,28.5,-31,77,-2.5,-1.63,,2,0,-2.22,0,1,-0.11,4,Road · Night · Full house · Top-10 opponent,1.45,-1.6
2024,2024-11-30,Texas,Texas A&M,away,17,7,-4.5,10,0,5.5,-13.43,-5.22,8,17,-5.1,0,0,,4,Road · Night · Full house · Ranked opponent,1.35,-4.0
2024,2024-11-30,BYU,Houston,home,30,18,-9.5,12,0,2.5,0.46,-2.8,6,17,-1.08,1,2,0.16,5,Night,1.05,0.0
2024,2024-11-30,Virginia,Virginia Tech,away,17,37,4.5,-20,0,-15.5,-7.16,,4,3,-6.25,0,1,-0.31,4,Road · Night · Full house,1.25,-6.3
2024,2024-11-30,Virginia Tech,Virginia,home,37,17,-4.5,20,0,15.5,4.63,8.78,7,20,0.66,1,1,0.62,5,Night,1.05,4.6
2024,2024-11-30,Washington,Oregon,away,21,49,17.5,-28,30,-10.5,-7.6,,3,3,-1.98,1,2,0.6,4,Road · Full house · Top-10 opponent,1.4,-3.1
2024,2024-11-30,Florida State,Florida,home,11,31,17.5,-20,0,-2.5,-9.27,,6,10,0.04,0,1,-0.2,4,Night,1.05,-2.0
2024,2024-11-30,Florida,Florida State,away,31,11,-17.5,20,0,2.5,6.75,-1.93,8,21,-6.32,0,0,,4,Road · Night,1.15,-0.1
2024,2024-11-30,Iowa State,Kansas State,home,29,21,-2.5,8,0,5.5,16.31,-2.19,8,24,2.7,0,3,-1.09,5,Night · Ranked opponent,1.15,2.3
2024,2024-11-30,Indiana,Purdue,home,66,0,-28.5,31,77,2.5,-0.89,3.4,5,28,8.17,0,0,,4,Night,1.05,2.9
2024,2024-11-30,LSU,Oklahoma,home,37,17,-4.5,20,0,15.5,7.35,4.78,7,30,10.66,1,1,0.62,5,Night,1.05,6.4
2024,2024-12-07,Texas,Georgia,neutral,19,22,-2.5,-3,0,-5.5,-11.82,,5,9,-4.31,1,4,-0.45,4,Top-10 opponent,1.2,-5.0
2024,2024-12-07,Georgia,Texas,neutral,22,19,2.5,3,0,5.5,9.29,,6,3,-11.47,3,4,1.71,4,Top-10 opponent,1.2,2.2
2024,2024-12-07,Iowa State,Arizona State,neutral,19,45,-1.5,-35,49,-36.5,-17.72,,1,0,-2.61,2,3,0.93,4,Ranked opponent,1.1,-8.0
2024,2024-12-07,Arizona State,Iowa State,neutral,45,19,1.5,35,49,36.5,15.2,22.87,4,21,11.15,2,2,1.34,5,Ranked opponent,1.1,14.0
2024,2024-12-07,Penn State,Oregon,neutral,37,45,3.5,-8,0,-4.5,-13.4,,4,14,4.55,1,1,0.69,4,Night · Top-10 opponent,1.25,-0.8
2024,2024-12-07,Clemson,SMU,neutral,34,31,2.5,3,0,5.5,18.56,-8.61,8,24,4.7,2,3,1.03,5,Night · Top-10 opponent,1.25,4.8
2024,2024-12-07,Oregon,Penn State,neutral,45,37,-3.5,8,0,4.5,10.87,-3.71,4,14,3.15,4,5,2.14,5,Night · Top-10 opponent,1.25,5.3
2024,2024-12-07,SMU,Clemson,neutral,31,34,-2.5,-3,0,-5.5,-21.09,,8,17,-4.3,0,1,-0.36,4,Night · Ranked opponent,1.15,-6.5
2024,2024-12-17,West Virginia,Memphis,neutral,37,42,5.5,-5,0,0.5,-10.8,,3,7,0.21,0,1,-0.3,4,Night · Ranked opponent · Postseason · Group of 5 opponent,1.25,-2.3
2024,2024-12-18,California,UNLV,neutral,13,24,3.5,-11,0,-7.5,-17.0,,8,6,-12.9,1,3,0.06,4,Night · Ranked opponent · Postseason · Group of 5 opponent,1.25,-8.5
2024,2024-12-20,Florida,Tulane,neutral,33,8,-9.5,26,27,16.5,-7.2,13.2,10,26,-4.14,0,0,,4,Postseason · Group of 5 opponent,0.95,2.2
2024,2024-12-21,Penn State,SMU,home,38,10,-7.5,28,40,20.5,20.49,11.23,5,14,-0.57,0,0,,4,Ranked opponent · Postseason,1.2,8.9
2024,2024-12-21,Clemson,Texas,away,24,38,13.5,-14,0,-0.5,-7.0,,5,17,7.7,0,2,-0.47,4,Road · Full house · Top-10 opponent · Postseason,1.5,0.4
2024,2024-12-21,Texas,Clemson,home,38,24,-13.5,14,0,0.5,4.47,-5.86,6,14,-5.28,2,2,1.09,5,Ranked opponent · Postseason,1.2,0.0
2024,2024-12-21,SMU,Penn State,away,10,38,7.5,-28,40,-20.5,-23.02,,4,0,-8.65,0,1,-0.28,4,Road · Full house · Top-10 opponent · Postseason,1.5,-13.4
2024,2024-12-20,Indiana,Notre Dame,away,17,27,6.5,-18,14,-11.5,2.2,,4,3,-5.85,0,1,-0.29,4,Road · Night · Full house · Top-10 opponent · Postseason,1.55,-4.4
2024,2024-12-20,Notre Dame,Indiana,home,27,17,-6.5,18,14,11.5,-4.73,1.75,7,24,3.96,0,0,,4,Night · Top-10 opponent · Postseason,1.35,2.8
2024,2024-12-21,Ohio State,Tennessee,home,42,17,-7.5,25,41,17.5,-1.15,8.23,5,28,13.43,0,0,,4,Night · Top-10 opponent · Postseason,1.35,8.6
2024,2024-12-21,Tennessee,Ohio State,away,17,42,7.5,-25,41,-17.5,-1.38,,3,10,3.52,0,1,-0.28,4,Road · Night · Full house · Top-10 opponent · Postseason,1.55,-3.0
2024,2024-12-26,Rutgers,Kansas State,neutral,41,44,7.5,-3,0,4.5,11.45,-8.03,5,24,13.19,3,6,1.31,5,Postseason,1.1,5.3
2024,2024-12-26,Pittsburgh,Toledo,neutral,46,48,-6.5,-2,0,-8.5,-7.5,-14.25,8,27,4.09,2,6,-0.38,5,Postseason · Group of 5 opponent,1.1,-3.7
2024,2024-12-26,Kansas State,Rutgers,neutral,44,41,-7.5,3,0,-4.5,-13.98,,5,24,9.43,2,4,0.38,4,Postseason,1.1,0.1
2024,2024-12-27,Oklahoma,Navy,neutral,20,21,-2.5,-1,0,-3.5,-12.84,-15.19,6,14,-1.98,0,3,-1.09,5,Postseason · Group of 5 opponent,1.1,-6.0
2024,2024-12-27,Vanderbilt,Georgia Tech,neutral,35,27,2.5,8,0,10.5,17.52,-4.61,5,28,15.94,1,2,0.35,5,Postseason,1.1,7.0
2024,2024-12-27,Georgia Tech,Vanderbilt,neutral,27,35,-2.5,-8,0,-10.5,-20.05,,4,10,-0.65,2,3,0.91,4,Postseason,1.1,-4.0
2024,2024-12-28,Boston College,Nebraska,neutral,15,20,3.5,-5,0,-1.5,-3.24,,5,14,2.19,0,1,-0.31,4,Postseason,1.1,-0.4
2024,2024-12-28,NC State,East Carolina,neutral,21,26,-7.5,-5,0,-12.5,-3.24,,4,14,2.35,0,2,-0.81,4,Postseason · Group of 5 opponent,1.1,-2.7
2024,2024-12-28,North Carolina,UConn,neutral,14,27,-1.5,-13,0,-14.5,1.35,,5,7,-6.06,0,1,-0.36,4,Postseason · Group of 5 opponent,1.1,-3.9
2024,2024-12-28,Nebraska,Boston College,neutral,20,15,-3.5,5,0,1.5,0.71,-8.71,6,21,4.72,0,0,,4,Postseason,1.1,0.2
2024,2024-12-27,Syracuse,Washington State,neutral,52,35,-18.5,24,15,5.5,2.08,1.56,6,31,10.21,3,4,1.02,5,Night · Postseason · Group of 5 opponent,1.0,4.2
2024,2024-12-28,Miami,Iowa State,neutral,41,42,-5.5,-1,0,-6.5,-13.25,-12.74,4,10,-1.25,5,6,2.67,5,Ranked opponent · Postseason,1.2,-2.0
2024,2024-12-27,Texas A&M,USC,neutral,31,35,-3.5,-4,0,-7.5,-9.8,-14.71,7,17,-1.99,1,3,-0.12,5,Night · Postseason,1.15,-5.2
2024,2024-12-28,TCU,Louisiana,neutral,34,3,-9.5,34,60,24.5,6.14,16.2,5,20,4.93,0,0,,4,Postseason · Group of 5 opponent,0.95,7.3
2024,2024-12-27,Texas Tech,Arkansas,neutral,26,39,-3.5,-13,0,-16.5,-9.53,,5,7,-6.56,1,2,0.26,4,Night · Postseason,1.15,-5.7
2024,2024-12-27,USC,Texas A&M,neutral,35,31,3.5,4,0,7.5,7.27,,7,21,4.47,1,3,0.06,4,Night · Postseason,1.15,4.2
2024,2024-12-28,Iowa State,Miami,neutral,42,41,5.5,1,0,6.5,10.72,,3,14,7.21,3,5,1.51,4,Ranked opponent · Postseason,1.2,7.9
2024,2024-12-27,Arkansas,Texas Tech,neutral,39,26,3.5,13,0,16.5,7.0,4.9,8,24,5.1,1,1,0.69,5,Night · Postseason,1.15,5.9
2024,2024-12-28,BYU,Colorado,neutral,36,14,2.5,26,18,28.5,5.79,18.39,6,27,12.53,0,0,,4,Ranked opponent · Postseason,1.2,12.2
2024,2024-12-28,Colorado,BYU,neutral,14,36,-2.5,-26,18,-28.5,-8.32,,4,0,-10.65,0,1,-0.36,4,Ranked opponent · Postseason,1.2,-9.8
2024,2024-12-30,Missouri,Iowa,neutral,27,24,-1.5,3,0,1.5,-4.01,,5,6,-7.06,2,3,0.93,4,Postseason,1.1,-0.9
2024,2024-12-30,Iowa,Missouri,neutral,24,27,1.5,-3,0,-1.5,1.48,-11.13,4,17,7.15,0,4,-1.32,5,Ranked opponent · Postseason,1.2,-1.6
2024,2024-12-31,Michigan,Alabama,neutral,19,13,16.5,6,0,22.5,9.87,2.61,9,19,3.61,0,1,-0.21,5,Ranked opponent · Postseason,1.2,5.6
2024,2024-12-31,Baylor,LSU,neutral,31,44,-2.5,-13,0,-15.5,-35.63,,5,21,7.69,0,1,-0.36,4,Postseason,1.1,-7.1
2024,2024-12-31,South Carolina,Illinois,neutral,17,21,-9.5,-4,0,-13.5,-13.73,,5,10,-5.07,1,3,-0.26,4,Ranked opponent · Postseason,1.2,-6.6
2024,2024-12-31,Washington,Louisville,neutral,34,35,-1.5,-1,0,-2.5,-12.44,,6,28,12.32,1,4,-0.42,4,Postseason,1.1,0.3
2024,2024-12-31,Alabama,Michigan,neutral,13,19,-16.5,-6,0,-22.5,-12.4,,7,10,-13.55,0,2,-0.96,4,Postseason,1.1,-10.5
2024,2024-12-31,Illinois,South Carolina,neutral,21,17,9.5,4,0,13.5,11.2,,5,14,3.69,1,3,0.2,4,Ranked opponent · Postseason,1.2,6.1
2024,2024-12-31,Louisville,Washington,neutral,35,34,1.5,1,0,2.5,9.91,-11.13,6,21,6.23,1,4,-0.32,5,Postseason,1.1,1.1
2024,2024-12-31,LSU,Baylor,neutral,44,31,2.5,13,0,15.5,33.1,1.39,6,17,2.53,1,3,0.03,5,Postseason,1.1,7.5
2024,2025-01-01,Ohio State,Oregon,neutral,41,21,-2.5,26,13,23.5,-3.48,11.81,5,24,10.69,0,0,,4,Top-10 opponent · Postseason,1.3,8.8
2024,2024-12-31,Penn State,Boise State,neutral,31,14,-11.5,17,0,5.5,19.77,-1.83,8,21,-3.91,1,2,0.13,5,Night · Top-10 opponent · Postseason · Group of 5 opponent,1.2,2.9
2024,2025-01-01,Oregon,Ohio State,neutral,21,41,2.5,-26,13,-23.5,0.95,,1,0,-2.41,0,1,-0.32,4,Top-10 opponent · Postseason,1.3,-5.0
2024,2025-01-01,Texas,Arizona State,neutral,39,31,-13.5,8,0,-5.5,20.94,-8.86,5,3,-13.07,3,5,0.73,5,Top-10 opponent · Postseason,1.3,-0.9
2024,2025-01-01,Arizona State,Texas,neutral,31,39,13.5,-8,0,5.5,-23.47,,6,14,2.83,0,2,-0.47,4,Top-10 opponent · Postseason,1.3,-3.7
2024,2025-01-02,Georgia,Notre Dame,neutral,10,23,1.5,-13,0,-11.5,-18.29,,6,10,-4.77,0,3,-0.99,4,Top-10 opponent · Postseason,1.3,-8.9
2024,2025-01-02,Notre Dame,Georgia,neutral,23,10,-1.5,13,0,11.5,15.77,3.33,8,13,-7.9,1,2,0.29,5,Top-10 opponent · Postseason,1.3,3.5
2024,2025-01-02,Ole Miss,Duke,neutral,52,20,-14.5,31,45,16.5,5.25,10.62,5,24,7.68,0,0,,4,Night · Postseason,1.15,7.3
2024,2025-01-02,Duke,Ole Miss,neutral,20,52,14.5,-31,45,-16.5,-7.78,,2,0,-3.62,0,1,-0.22,4,Night · Ranked opponent · Postseason,1.25,-5.7
2024,2025-01-03,Minnesota,Virginia Tech,neutral,24,10,-10.5,14,0,3.5,-6.41,-4.32,6,17,-1.38,1,1,0.57,5,Night · Postseason,1.15,-0.7
2024,2025-01-03,Virginia Tech,Minnesota,neutral,10,24,10.5,-14,0,-3.5,3.88,,4,7,-1.04,0,2,-0.51,4,Night · Postseason,1.15,-0.6
2024,2025-01-09,Penn State,Notre Dame,neutral,24,27,-1.5,-3,0,-4.5,-0.54,-12.67,6,17,1.32,1,4,-0.42,5,Night · Top-10 opponent · Postseason,1.35,-3.2
2024,2025-01-09,Notre Dame,Penn State,neutral,27,24,1.5,3,0,4.5,-1.99,,6,10,-4.77,1,3,0.01,4,Night · Top-10 opponent · Postseason,1.35,-0.9
2024,2025-01-10,Ohio State,Texas,neutral,28,14,-5.5,14,0,8.5,7.8,-1.74,7,14,-5.69,1,2,0.22,5,Night · Top-10 opponent · Postseason,1.35,1.3
2024,2025-01-10,Texas,Ohio State,neutral,14,28,5.5,-14,0,-8.5,-10.33,,7,14,-1.83,0,2,-0.6,4,Night · Top-10 opponent · Postseason,1.35,-5.3
2024,2025-01-20,Ohio State,Notre Dame,neutral,34,23,-8.5,11,0,2.5,-4.07,-6.29,4,17,5.15,1,1,0.59,5,Night · Top-10 opponent · Postseason,1.35,0.8
2024,2025-01-20,Notre Dame,Ohio State,neutral,23,34,8.5,-11,0,-2.5,1.54,,2,7,2.78,0,2,-0.55,4,Night · Top-10 opponent · Postseason,1.35,0.2
2025,2025-08-23,Kansas,Fresno State,home,31,7,-14.5,24,31,9.5,-2.02,2.82,6,10,-10.05,1,1,0.53,5,Group of 5 opponent,1,-0.1
2025,2025-08-23,Kansas State,Iowa State,neutral,21,24,-2.5,-3,0,-5.5,-10.25,,6,0,-15.85,2,3,0.86,4,Ranked opponent,1.1,-5.6
2025,2025-08-23,Stanford,Hawai'i,away,20,23,1.5,-3,0,-1.5,-2.04,-11.56,5,10,-2.05,0,3,-1.04,5,Road · Night · Full house · Group of 5 opponent,1.25,-4.1
2025,2025-08-23,Iowa State,Kansas State,neutral,24,21,2.5,3,0,5.5,7.92,-5.02,7,21,4.54,1,2,0.32,5,Ranked opponent,1.1,2.5
2025,2025-08-28,Missouri,Central Arkansas,home,61,6,-39.5,33,74,-6.5,-0.53,3.35,5,27,3.02,0,0,,4,Night · FCS opponent,0.65,0.4
2025,2025-08-28,NC State,East Carolina,home,24,17,-13.5,7,0,-6.5,9.18,-9.64,7,21,-1.98,0,1,-0.47,5,Night · Group of 5 opponent,1.05,-1.6
2025,2025-08-28,Rutgers,Ohio,home,34,31,-15.5,3,0,-12.5,3.25,-14.72,1,7,3.6,1,1,0.52,5,Group of 5 opponent,1,-1.6
2025,2025-08-28,UCF,Jacksonville State,home,17,10,-20.5,7,0,-13.5,-9.59,,6,10,-12.14,1,2,-0.05,4,Night · Group of 5 opponent,1.05,-6.6
2025,2025-08-29,Michigan State,Western Michigan,home,23,6,-22.5,23,33,0.5,13.61,-2.49,9,28,-6.26,0,0,,4,Night · Group of 5 opponent,0.9,0.5
2025,2025-08-28,Minnesota,Buffalo,home,23,10,-16.5,13,0,-3.5,-19.62,-5.25,7,20,-4.2,0,2,-0.98,5,Night · Group of 5 opponent,1.05,-5.6
2025,2025-08-29,Wake Forest,Kennesaw State,home,10,9,-18.5,1,0,-17.5,-5.14,,7,3,-22.02,0,2,-1.01,4,Night · Group of 5 opponent,1.05,-10.3
2025,2025-08-28,Nebraska,Cincinnati,neutral,20,17,-5.5,3,0,-2.5,-5.27,-9.33,5,17,2.91,1,3,-0.21,5,Night,1.05,-1.8
2025,2025-08-28,Cincinnati,Nebraska,neutral,17,20,5.5,-3,0,2.5,2.93,,5,10,-0.88,0,2,-0.63,4,Night,1.05,0.0
2025,2025-08-29,Kansas,Wagner,home,46,7,-45.5,29,72,-16.5,0.85,-8.88,6,28,-2.87,0,0,,4,Night · FCS opponent,1.05,-3.8
2025,2025-08-28,Houston,Stephen F. Austin,home,27,0,-23.5,24,36,0.5,-0.3,1.97,10,20,-18.65,0,0,,4,Night · FCS opponent,1.05,-3.6
2025,2025-08-28,Wisconsin,Miami (OH),home,17,0,-18.5,17,0,-1.5,-8.11,-2.33,9,17,-15.16,0,0,,4,Night · Group of 5 opponent,1.05,-5.0
2025,2025-08-29,Illinois,Western Illinois,home,52,3,-48.5,31,71,-17.5,14.31,-8.49,5,31,4.4,0,0,,4,Night · FCS opponent,1.05,-0.1
2025,2025-08-30,Boston College,Fordham,home,66,10,-34.5,31,76,-3.5,8.53,2.05,7,24,-7.53,1,1,0.36,5,FCS opponent,0.6,0.1
2025,2025-08-30,Maryland,Florida Atlantic,home,39,7,-13.5,29,89,15.5,12.51,10.36,6,17,-2.7,0,1,-0.47,5,Group of 5 opponent,0.85,3.3
2025,2025-08-30,Michigan,New Mexico,home,34,17,-34.5,17,0,-17.5,-2.63,-14.95,8,20,-16.04,1,1,0.36,5,Night · Group of 5 opponent,1.05,-7.2
2025,2025-08-30,Ole Miss,Georgia State,home,63,7,-33.5,32,81,-1.5,3.24,4.59,6,24,-2.68,0,0,,4,Night · Group of 5 opponent,0.9,0.6
2025,2025-08-30,Syracuse,Tennessee,neutral,26,45,13.5,-19,0,-5.5,-12.76,,5,21,12.44,0,3,-0.75,4,Ranked opponent,1.1,-0.6
2025,2025-08-30,Ohio State,Texas,home,14,7,-1.5,7,0,5.5,19.43,-7.17,7,14,-4.09,0,1,-0.37,5,Top-10 opponent,1.2,1.3
2025,2025-08-29,Auburn,Baylor,away,38,24,1.5,14,0,15.5,20.44,4.44,4,24,14.36,2,4,0.61,5,Road · Night · Full house,1.25,10.6
2025,2025-08-30,Oklahoma,Illinois State,home,35,3,-38.5,25,35,-13.5,-1.53,-9.11,6,21,-7.43,0,0,,4,FCS opponent,1,-4.6
2025,2025-08-30,Penn State,Nevada,home,46,11,-43.5,33,65,-10.5,12.15,0.2,4,24,3.88,0,0,,4,Group of 5 opponent,0.85,1.4
2025,2025-08-30,Pittsburgh,Duquesne,home,61,9,-39.5,35,83,-4.5,14.76,0.35,6,21,-7.78,1,1,0.32,5,FCS opponent,0.6,0.3
2025,2025-08-30,Clemson,LSU,home,10,17,-5.5,-7,0,-12.5,2.79,,6,3,-13.9,1,3,-0.21,4,Night · Top-10 opponent,1.25,-5.9
2025,2025-08-30,Iowa,UAlbany,home,34,7,-39.5,27,12,-12.5,6.76,-3.65,6,24,-4.78,1,1,0.32,5,FCS opponent,1,-1.4
2025,2025-08-30,Kansas State,North Dakota,home,38,35,-27.5,3,0,-24.5,-13.49,-21.18,7,31,2.32,2,4,-0.32,5,Night · FCS opponent,1.05,-7.4
2025,2025-08-30,Vanderbilt,Charleston Southern,home,45,3,-38.5,35,49,-3.5,-0.25,0.89,4,21,2.05,0,0,,4,Night · FCS opponent,0.65,0.2
2025,2025-08-29,Baylor,Auburn,home,24,38,-1.5,-14,0,-15.5,-22.78,,2,0,-5.17,0,2,-0.74,4,Night,1.05,-8.4
2025,2025-08-30,Texas A&M,UTSA,home,42,24,-23.5,25,21,1.5,14.8,1.97,8,21,-9.92,2,3,0.36,5,Night · Group of 5 opponent,0.9,0.9
2025,2025-08-30,Oregon,Montana State,home,59,13,-28.5,35,67,6.5,15.98,6.28,4,24,7.38,0,0,,4,FCS opponent,0.6,3.6
2025,2025-08-30,Purdue,Ball State,home,31,0,-16.5,28,37,11.5,10.8,5.75,6,21,0.26,0,0,,4,Group of 5 opponent,0.85,3.6
2025,2025-08-30,Texas,Ohio State,away,7,14,1.5,-7,0,-5.5,-21.76,,7,7,-9.87,0,1,-0.35,4,Road · Full house · Top-10 opponent,1.4,-9.9
2025,2025-08-30,Virginia,Coastal Carolina,home,48,7,-13.5,36,89,22.5,9.47,15.36,7,28,5.02,0,0,,4,Group of 5 opponent,0.85,6.7
2025,2025-08-30,Tennessee,Syracuse,neutral,45,26,-13.5,19,0,5.5,10.43,2.36,6,21,1.3,3,5,0.67,5,,1,3.3
2025,2025-08-30,West Virginia,Robert Morris,home,45,3,-43.5,28,43,-15.5,-5.22,-4.8,9,24,-21.26,0,1,-0.71,5,FCS opponent,1,-7.6
2025,2025-08-30,USC,Missouri State,home,73,13,-36.5,32,73,-4.5,7.7,1.97,2,14,4.76,1,1,0.35,5,Group of 5 opponent,0.85,1.9
2025,2025-08-30,Alabama,Florida State,away,17,31,-13.5,-14,0,-27.5,-11.01,,3,7,-2.85,0,2,-0.93,4,Road,1.1,-8.0
2025,2025-08-30,Mississippi State,Southern Miss,away,34,17,-15.5,24,48,8.5,0.72,6.28,8,24,-3.19,1,2,0.03,5,Road · Full house · Group of 5 opponent,1.05,1.5
2025,2025-08-29,Colorado,Georgia Tech,home,20,27,3.5,-7,0,-3.5,7.15,,5,10,-1.47,2,4,0.68,4,,1,1.4
2025,2025-08-30,Florida State,Alabama,home,31,17,13.5,14,0,27.5,8.67,11.91,4,17,10.16,2,2,1.5,5,Top-10 opponent,1.2,11.2
2025,2025-08-30,Florida,Long Island University,home,55,0,-46.5,38,74,-8.5,9.95,-0.42,6,24,-7.22,0,0,,4,Night · FCS opponent,1.05,-1.0
2025,2025-08-29,Georgia Tech,Colorado,away,27,20,-3.5,7,0,3.5,-9.49,,5,17,3.5,2,4,0.45,4,Road · Full house,1.2,0.6
2025,2025-08-30,Georgia,Marshall,home,45,7,-38.5,31,77,-7.5,1.22,-3.11,7,24,-9.16,0,0,,4,Group of 5 opponent,1,-2.9
2025,2025-08-30,Iowa State,South Dakota,home,55,7,-13.5,34,57,20.5,15.38,13.36,4,20,6.87,1,1,0.53,5,FCS opponent,0.6,4.8
2025,2025-08-30,Northwestern,Tulane,away,3,23,6.5,-20,0,-13.5,-4.02,,5,3,-7.59,0,2,-0.61,4,Road · Group of 5 opponent,1.1,-5.5
2025,2025-08-30,Arkansas,Alabama A&M,home,52,7,-45.5,31,77,-14.5,6.7,-2.88,5,28,2.27,1,1,0.28,5,FCS opponent,1,-0.2
2025,2025-08-30,Indiana,Old Dominion,home,27,14,-23.5,13,0,-10.5,-7.95,-9.03,8,13,-17.92,0,1,-0.55,5,Group of 5 opponent,1,-7.3
2025,2025-08-30,Kentucky,Toledo,home,24,16,-9.5,8,0,-1.5,7.64,-11.48,10,17,-13.5,1,2,0.13,5,Group of 5 opponent,1,-3.1
2025,2025-08-30,Louisville,Eastern Kentucky,home,51,17,-37.5,41,87,3.5,3.72,7.43,3,21,6.96,0,0,,4,FCS opponent,0.6,2.3
2025,2025-08-30,LSU,Clemson,away,17,10,5.5,7,0,12.5,-5.12,,7,17,1.76,0,2,-0.63,4,Road · Night · Full house · Top-10 opponent,1.45,1.0
2025,2025-08-30,Arizona,Hawai'i,home,40,6,-15.5,25,43,9.5,17.85,6.28,6,24,3.61,0,1,-0.48,5,Night · Group of 5 opponent,0.9,4.1
2025,2025-08-31,Miami,Notre Dame,home,27,24,2.5,3,0,5.5,0.61,-9.02,6,10,-4.11,2,4,0.65,5,Night · Top-10 opponent,1.25,-0.7
2025,2025-08-30,California,Oregon State,away,34,15,-2.5,19,0,16.5,14.18,4.29,5,24,10.79,0,0,,4,Road · Night · Group of 5 opponent,1.0,7.3
2025,2025-08-30,BYU,Portland State,home,69,0,-44.5,42,88,-2.5,14.86,4.66,4,21,0.65,0,0,,4,FCS opponent,0.6,1.8
2025,2025-08-30,Utah,UCLA,away,43,10,-6.5,26,24,19.5,-0.12,10.13,4,24,12.5,0,0,,4,Road · Night,1.15,7.9
2025,2025-08-30,SMU,East Texas A&M,home,42,13,-50.5,25,49,-25.5,16.43,-15.57,4,7,-14.75,0,0,,4,Night · FCS opponent,1.05,-6.3
2025,2025-08-31,South Carolina,Virginia Tech,neutral,24,11,-7.5,13,0,5.5,14.77,0.59,6,3,-14.6,1,3,-0.26,5,,1,-0.3
2025,2025-08-31,Virginia Tech,South Carolina,neutral,11,24,7.5,-13,0,-5.5,-17.11,,5,3,-7.3,0,1,-0.3,4,Ranked opponent,1.1,-6.2
2025,2025-08-30,UCLA,Utah,home,10,43,6.5,-26,24,-19.5,-2.21,,1,0,-2.12,0,1,-0.31,4,Night,1.05,-3.9
2025,2025-08-30,Washington,Colorado State,home,38,21,-22.5,17,0,-5.5,-8.11,-4.49,6,24,1.16,1,2,-0.08,5,Night · Group of 5 opponent,1.05,-2.1
2025,2025-08-31,Notre Dame,Miami,away,24,27,-2.5,-3,0,-5.5,-2.95,,6,21,5.15,0,1,-0.38,4,Road · Night · Full house · Top-10 opponent,1.45,-0.4
2025,2025-08-30,Arizona State,Northern Arizona,home,38,19,-29.5,25,13,-4.5,-3.36,-4.26,9,31,-6.93,0,0,,4,Night · FCS opponent,1.05,-3.1
2025,2025-09-01,North Carolina,TCU,home,14,48,3.5,-34,45,-30.5,-8.49,,3,0,-6.88,0,2,-0.66,4,Night,1.05,-8.3
2025,2025-09-01,TCU,North Carolina,away,48,14,-3.5,34,45,30.5,6.15,22.75,5,24,10.5,0,1,-0.39,5,Road · Night · Full house,1.25,11.3
2025,2025-09-05,Maryland,Northern Illinois,home,20,9,-16.5,11,0,-5.5,2.73,-7.25,8,20,-7.66,0,1,-0.49,5,Night · Group of 5 opponent,1.05,-3.2
2025,2025-09-05,Northwestern,Western Illinois,home,42,7,-30.5,28,33,-2.5,-2.38,-2.8,11,7,-39.99,0,0,,4,Night · FCS opponent,1.05,-10.0
2025,2025-09-05,Louisville,James Madison,home,28,14,-15.5,14,0,-1.5,12.02,-7.72,8,13,-14.19,1,2,0.03,5,Night · Group of 5 opponent,1.05,-2.3
2025,2025-09-06,Boston College,Michigan State,away,40,42,3.5,-2,0,1.5,-13.52,,3,14,7.12,4,6,2.02,4,Road · Night · Full house,1.25,3.1
2025,2025-09-06,Michigan State,Boston College,home,42,40,-3.5,2,0,-1.5,11.18,,4,10,-0.8,4,6,1.68,4,Night,1.05,4.0
2025,2025-09-06,Michigan,Oklahoma,away,13,24,3.5,-11,0,-7.5,-0.1,,6,3,-10.76,0,1,-0.33,4,Road · Night · Full house · Ranked opponent,1.35,-5.3
2025,2025-09-06,Missouri,Kansas,home,42,31,-6.5,11,0,4.5,-21.92,-2.87,4,17,5.5,2,4,0.36,5,,1,-1.2
2025,2025-09-06,Ole Miss,Kentucky,away,30,23,-7.5,7,0,-0.5,-2.79,-6.41,8,13,-10.47,2,3,0.74,5,Road · Full house,1.2,-2.9
2025,2025-09-06,Duke,Illinois,home,19,45,2.5,-26,12,-23.5,-22.91,,2,7,2.3,1,3,-0.01,4,Ranked opponent,1.1,-6.9
2025,2025-09-06,NC State,Virginia,home,35,31,-2.5,4,0,1.5,14.3,,4,7,-3.57,3,4,1.49,4,,1,3.8
2025,2025-09-06,North Carolina,Charlotte,away,20,3,-16.5,17,0,0.5,14.01,-1.25,9,13,-18.12,0,1,-0.49,5,Road · Night · Full house · Group of 5 opponent,1.25,-2.6
2025,2025-09-06,Wake Forest,Western Carolina,home,42,10,-17.5,32,48,14.5,-3.56,10.21,7,28,3.39,0,0,,4,FCS opponent,0.6,2.3
2025,2025-09-06,Nebraska,Akron,home,68,0,-33.5,33,74,-0.5,-1.44,6.59,4,17,-0.79,0,0,,4,Night · Group of 5 opponent,0.9,0.8
2025,2025-09-06,Rutgers,Miami (OH),home,45,17,-15.5,28,6,12.5,19.63,10.28,6,35,14.61,2,2,1.03,5,Group of 5 opponent,0.85,7.9
2025,2025-09-06,Syracuse,UConn,home,27,20,-7.5,7,0,-0.5,3.19,,9,17,-9.4,0,1,-0.42,4,Group of 5 opponent,1,-2.2
2025,2025-09-06,Ohio State,Grambling,home,70,0,-51.5,35,75,-16.5,2.99,-6.11,3,21,4.52,0,0,,4,FCS opponent,1,-1.3
2025,2025-09-06,Oklahoma State,Oregon,away,3,69,28.5,-38,76,-9.5,-4.17,,1,0,-0.84,0,1,-0.13,4,Road · Full house · Top-10 opponent,1.4,-3.0
2025,2025-09-06,Auburn,Ball State,home,42,3,-42.5,25,41,-17.5,-5.18,-11.26,6,28,-1.82,0,0,,4,Night · Group of 5 opponent,1.05,-5.0
2025,2025-09-06,Oklahoma,Michigan,home,24,13,-3.5,11,0,7.5,-2.24,-4.25,6,17,0.8,0,2,-0.77,5,Night · Ranked opponent,1.15,-0.6
2025,2025-09-06,UCF,North Carolina A&T,home,68,7,-37.0,40,66,3.0,15.3,6.7,4,21,2.4,0,0,,4,Night · FCS opponent,0.65,2.9
2025,2025-09-06,Penn State,Florida International,home,34,0,-41.5,27,15,-14.5,9.5,-4.72,10,24,-25.12,0,0,,4,Group of 5 opponent,1,-6.3
2025,2025-09-06,Cincinnati,Bowling Green,home,34,20,-21.5,14,0,-7.5,6.64,-10.95,6,21,-1.49,0,0,,4,Group of 5 opponent,1,-1.7
2025,2025-09-06,Pittsburgh,Central Michigan,home,45,17,-21.5,28,12,6.5,9.08,6.05,7,24,-2.24,2,2,0.94,5,Group of 5 opponent,0.85,2.9
2025,2025-09-06,Clemson,Troy,home,27,16,-29.5,11,0,-18.5,4.56,-15.26,7,24,-5.5,0,1,-0.6,5,Group of 5 opponent,1,-5.0
2025,2025-09-06,Iowa,Iowa State,away,13,16,3.5,-3,0,0.5,-2.34,,4,3,-6.17,0,3,-0.99,4,Road · Full house · Ranked opponent,1.3,-3.8
2025,2025-09-06,Kansas,Missouri,away,31,42,6.5,-11,0,-4.5,19.58,-21.86,3,17,10.64,2,7,-0.14,5,Road · Full house,1.2,1.3
2025,2025-09-06,Kansas State,Army,home,21,24,-16.5,-3,0,-19.5,5.47,-21.25,4,10,-3.83,1,2,0.02,5,Night · Group of 5 opponent,1.05,-5.2
2025,2025-09-06,Vanderbilt,Virginia Tech,away,44,20,2.5,24,11,26.5,-5.37,15.98,5,28,16.24,0,1,-0.34,5,Road · Night · Full house,1.25,9.1
2025,2025-09-06,Baylor,SMU,away,48,45,2.5,3,0,5.5,-10.04,,5,24,12.24,1,3,-0.01,4,Road · Full house · Ranked opponent,1.3,3.0
2025,2025-09-06,Miami,Bethune-Cookman,home,45,3,-54.5,32,65,-22.5,2.22,-10.73,3,21,3.99,0,0,,4,Night · FCS opponent,1.05,-3.1
2025,2025-09-06,Texas A&M,Utah State,home,44,22,-34.5,23,26,-11.5,-7.79,-5.95,8,42,5.96,1,1,0.36,5,Group of 5 opponent,1,-1.4
2025,2025-09-06,Houston,Rice,away,35,9,-13.5,26,10,12.5,7.79,8.36,8,21,-5.26,0,1,-0.47,5,Road · Night · Full house · Group of 5 opponent,1.1,2.4
2025,2025-09-06,Oregon,Oklahoma State,home,69,3,-28.5,38,76,9.5,1.83,10.28,3,14,1.53,0,0,,4,,1,3.6
2025,2025-09-06,California,Texas Southern,home,35,3,-44.5,28,37,-16.5,6.64,-6.34,9,31,-14.78,0,0,,4,FCS opponent,1,-4.9
2025,2025-09-06,Purdue,Southern Illinois,home,34,17,-22.5,17,0,-5.5,8.12,-4.49,5,20,0.97,2,2,0.92,5,Night · FCS opponent,0.65,0.7
2025,2025-09-06,Texas,San José State,home,38,7,-36.5,31,44,-5.5,19.28,-2.03,10,38,-8.21,0,0,,4,Group of 5 opponent,0.85,0.3
2025,2025-09-06,Utah,Cal Poly,home,63,9,-42.5,29,75,-13.5,17.99,-7.26,4,14,-5.88,0,0,,4,FCS opponent,1,-1.1
2025,2025-09-06,SMU,Baylor,home,45,48,-2.5,-3,0,-5.5,7.7,-13.71,5,17,3.79,3,6,0.73,5,,1,0.1
2025,2025-09-06,South Carolina,South Carolina State,home,38,10,-42.5,35,45,-7.5,27.34,1.74,6,10,-19.82,0,1,-0.7,5,Night · FCS opponent,1.05,-1.4
2025,2025-09-06,Virginia,NC State,away,31,35,2.5,-4,0,-1.5,-16.63,-12.02,4,10,0.59,2,5,0.31,5,Road · Full house,1.2,-4.1
2025,2025-09-06,Virginia Tech,Vanderbilt,home,20,44,-2.5,-24,11,-26.5,3.03,-34.71,2,14,8.72,1,4,-0.51,5,Night,1.05,-6.3
2025,2025-09-06,Tennessee,East Tennessee State,home,72,17,-40.5,48,108,7.5,6.15,16.82,5,24,-0.27,0,0,,4,FCS opponent,0.6,2.8
2025,2025-09-06,Texas Tech,Kent State,home,62,14,-47.5,41,96,-6.5,17.51,2.04,5,24,-2.31,0,0,,4,Group of 5 opponent,0.85,1.6
2025,2025-09-06,Wisconsin,Middle Tennessee,home,42,10,-28.5,25,28,-3.5,3.14,-0.72,6,35,10.07,0,1,-0.59,5,Group of 5 opponent,0.85,1.2
2025,2025-09-06,West Virginia,Ohio,away,10,17,-3.5,-7,0,-10.5,10.19,,7,7,-11.9,0,2,-0.77,4,Road · Full house · Group of 5 opponent,1.2,-4.1
2025,2025-09-06,USC,Georgia Southern,home,59,20,-28.5,32,61,3.5,-9.75,2.28,7,35,5.91,2,2,0.83,5,Group of 5 opponent,0.85,1.3
2025,2025-09-06,Alabama,UL Monroe,home,73,0,-34.5,42,83,7.5,13.04,10.05,3,21,7.49,0,0,,4,Night · Group of 5 opponent,0.9,5.6
2025,2025-09-06,Mississippi State,Arizona State,home,24,20,5.5,4,0,9.5,1.61,-2.4,7,10,-5.24,1,2,0.37,5,Night · Ranked opponent,1.15,0.5
2025,2025-09-06,Illinois,Duke,away,45,19,-2.5,26,12,23.5,20.57,10.29,5,21,7.79,2,3,0.86,5,Road,1.1,10.1
2025,2025-09-06,Colorado,Delaware,home,31,7,-23.5,24,42,0.5,10.96,1.97,8,17,-13.92,1,1,0.45,5,Group of 5 opponent,1,-0.3
2025,2025-09-06,Florida State,East Texas A&M,home,77,3,-43.5,42,87,-1.5,11.41,5.2,4,28,7.88,0,0,,4,FCS opponent,0.6,2.6
2025,2025-09-06,Florida,South Florida,home,16,18,-18.5,-2,0,-20.5,0.79,,7,13,-12.02,2,4,-0.03,4,Group of 5 opponent,1,-5.5
2025,2025-09-06,Georgia,Austin Peay,home,28,6,-46.5,22,0,-24.5,-4.23,-16.42,7,28,-8.42,0,0,,4,FCS opponent,1,-7.7
2025,2025-09-06,Iowa State,Iowa,home,16,13,-3.5,3,0,-0.5,0.01,-8.25,5,16,2.5,0,2,-0.77,5,,1,-1.3
2025,2025-09-06,Arkansas,Arkansas State,home,56,14,-24.5,35,51,10.5,-4.31,8.44,2,14,6.15,0,0,,4,Group of 5 opponent,0.85,3.0
2025,2025-09-06,Indiana,Kennesaw State,home,56,9,-35.5,33,49,-2.5,12.76,0.51,5,21,-1.82,0,0,,4,Group of 5 opponent,0.85,1.3
2025,2025-09-06,Arizona State,Mississippi State,away,20,24,-5.5,-4,0,-9.5,-3.95,,6,10,-6.9,0,2,-0.81,4,Road · Night · Full house,1.25,-5.6
2025,2025-09-06,Kentucky,Ole Miss,home,23,30,7.5,-7,0,0.5,0.46,-12.32,7,10,-4.42,2,4,0.81,5,Ranked opponent,1.1,-1.7
2025,2025-09-06,LSU,Louisiana Tech,home,23,7,-36.5,16,0,-20.5,-8.5,-17.03,8,20,-16.97,0,0,,4,Night · Group of 5 opponent,1.05,-10.3
2025,2025-09-06,Arizona,Weber State,home,48,3,-31.5,34,76,2.5,14.06,3.66,4,20,2.68,0,0,,4,Night · FCS opponent,0.65,2.5
2025,2025-09-06,Stanford,BYU,away,3,27,20.5,-27,31,-6.5,-2.4,,3,0,-3.91,0,1,-0.19,4,Road · Night · Full house,1.25,-2.9
2025,2025-09-06,BYU,Stanford,home,27,3,-20.5,27,31,6.5,0.06,7.59,7,20,-5.83,0,0,,4,Night,1.05,1.0
2025,2025-09-06,UCLA,UNLV,away,23,30,-2.5,-7,0,-9.5,-18.72,,3,6,-1.93,0,1,-0.38,4,Road · Night · Group of 5 opponent,1.15,-6.0
2025,2025-09-06,Washington,UC Davis,home,70,10,-29.5,32,76,2.5,8.31,2.74,3,21,8.36,0,0,,4,Night · FCS opponent,0.65,2.6
2025,2025-09-11,NC State,Wake Forest,away,34,24,-7.5,10,0,2.5,1.12,-3.41,5,17,2.33,0,2,-0.84,5,Road · Night · Full house,1.25,-0.4
2025,2025-09-11,Wake Forest,NC State,home,24,34,7.5,-10,0,-2.5,-3.46,-19.32,5,10,-0.3,1,5,-0.49,5,Night,1.05,-4.0
2025,2025-09-12,Syracuse,Colgate,home,66,24,-37.5,35,90,-2.5,11.72,4.43,5,24,0.6,1,1,0.34,5,Night · FCS opponent,0.65,1.6
2025,2025-09-12,Houston,Colorado,home,36,20,-3.5,16,0,12.5,2.46,4.75,8,27,5.39,1,1,0.61,5,Night,1.05,4.3
2025,2025-09-12,Colorado,Houston,away,20,36,3.5,-16,0,-12.5,-4.79,,3,14,7.12,0,2,-0.66,4,Road · Night · Full house,1.25,-1.7
2025,2025-09-12,Arizona,Kansas State,home,23,17,1.5,6,0,7.5,-18.09,-12.56,7,16,-0.87,1,3,-0.04,5,Night,1.05,-3.6
2025,2025-09-13,Maryland,Towson,home,44,17,-28.5,34,84,5.5,6.05,9.28,5,31,10.22,0,0,,4,FCS opponent,0.6,3.3
2025,2025-09-13,Michigan State,Youngstown State,home,41,24,-27.5,17,0,-10.5,4.98,-8.18,5,27,6.51,1,2,-0.16,5,FCS opponent,1,-0.4
2025,2025-09-13,Michigan,Central Michigan,home,63,3,-27.5,32,70,4.5,4.76,3.82,4,21,4.61,0,0,,4,Group of 5 opponent,0.85,2.6
2025,2025-09-13,Missouri,Louisiana,home,52,10,-27.5,35,52,7.5,-3.2,6.82,4,28,11.61,0,0,,4,Group of 5 opponent,0.85,3.6
2025,2025-09-13,Ole Miss,Arkansas,home,41,35,-4.5,6,0,1.5,12.64,-5.79,3,17,8.72,4,5,2.03,5,Night,1.05,5.1
2025,2025-09-13,North Carolina,Richmond,home,41,6,-24.5,24,40,-0.5,10.76,1.44,6,27,3.46,0,0,,4,FCS opponent,0.6,1.7
2025,2025-09-13,Nebraska,Houston Christian,home,59,7,-46.5,38,68,-8.5,5.28,3.58,3,21,5.39,0,0,,4,FCS opponent,0.6,1.0
2025,2025-09-13,Rutgers,Norfolk State,home,60,10,-45.5,36,69,-9.5,8.86,-0.88,3,6,-9.44,0,0,,4,FCS opponent,1,-1.8
2025,2025-09-13,Ohio State,Ohio,home,37,9,-28.5,28,17,-0.5,-17.4,0.28,8,34,0.75,1,1,0.41,5,Night · Group of 5 opponent,1.05,-1.7
2025,2025-09-13,Auburn,South Alabama,home,31,15,-26.5,16,0,-10.5,11.08,-8.64,3,14,1.88,0,1,-0.57,5,Group of 5 opponent,1,-0.9
2025,2025-09-13,Oklahoma,Temple,away,42,3,-24.5,32,52,7.5,0.8,8.44,8,31,-0.38,0,0,,4,Road · Group of 5 opponent,0.95,2.4
2025,2025-09-13,Penn State,Villanova,home,52,6,-47.5,31,54,-16.5,1.63,-3.96,8,23,-19.09,0,0,,4,FCS opponent,1,-6.2
2025,2025-09-13,Pittsburgh,West Virginia,away,24,31,-6.5,-7,0,-13.5,-2.39,-19.87,10,16,-12.75,0,2,-0.82,5,Road · Full house,1.2,-9.2
2025,2025-09-13,Clemson,Georgia Tech,away,21,24,-2.5,-3,0,-5.5,-5.08,,4,7,-3.57,1,2,0.24,4,Road,1.1,-2.2
2025,2025-09-13,Iowa,Massachusetts,home,47,7,-35.5,30,67,-5.5,8.44,-1.49,6,24,-3.38,0,0,,4,Night · Group of 5 opponent,1.05,-0.1
2025,2025-09-12,Kansas State,Arizona,away,17,23,-1.5,-6,0,-7.5,15.76,,6,14,-1.51,0,4,-1.48,4,Road · Night · Full house,1.25,-0.5
2025,2025-09-13,Vanderbilt,South Carolina,away,31,7,2.5,24,23,26.5,14.82,11.98,7,24,7.54,0,1,-0.34,5,Road · Night · Full house · Ranked opponent,1.35,10.4
2025,2025-09-13,Baylor,Samford,home,42,7,-52.5,28,36,-24.5,11.72,-13.65,6,35,1.68,0,1,-0.78,5,FCS opponent,1,-3.3
2025,2025-09-13,Miami,South Florida,home,49,12,-17.5,29,48,11.5,7.34,6.21,7,21,-3.61,1,1,0.5,5,Ranked opponent · Group of 5 opponent,0.95,2.9
2025,2025-09-13,Texas A&M,Notre Dame,away,41,40,7.5,1,0,8.5,-6.46,,5,17,6.7,2,5,0.51,4,Road · Night · Full house · Top-10 opponent,1.45,3.7
2025,2025-09-13,Oregon,Northwestern,away,34,14,-24.5,31,45,6.5,12.18,8.44,5,31,11.39,0,0,,4,Road · Full house,1.2,7.9
2025,2025-09-13,Purdue,USC,home,17,33,20.5,-16,0,4.5,-7.02,,1,0,-1.3,0,1,-0.19,4,,1,-0.9
2025,2025-09-13,Texas,UTEP,home,27,10,-40.5,24,26,-16.5,5.79,-8.18,10,27,-21.54,0,1,-0.68,5,Group of 5 opponent,1,-6.8
2025,2025-09-13,SMU,Missouri State,away,28,10,-28.5,18,0,-10.5,5.17,-7.72,9,28,-9.4,0,1,-0.59,5,Road · Full house · Group of 5 opponent,1.2,-4.5
2025,2025-09-13,South Carolina,Vanderbilt,home,7,31,-2.5,-24,23,-26.5,-17.15,,4,0,-10.57,1,2,0.24,4,Night,1.05,-9.0
2025,2025-09-13,Virginia,William & Mary,home,55,16,-29.5,35,82,5.5,-1.37,5.74,4,21,4.14,0,0,,4,FCS opponent,0.6,1.5
2025,2025-09-13,Virginia Tech,Old Dominion,home,26,45,-5.5,-38,62,-43.5,-12.99,,2,0,-5.63,0,1,-0.4,4,Night · Group of 5 opponent,1.05,-10.3
2025,2025-09-12,UCLA,New Mexico,home,10,35,-15.5,-25,4,-40.5,-10.04,,3,0,-10.2,0,1,-0.48,4,Night · Group of 5 opponent,1.05,-10.7
2025,2025-09-13,Tennessee,Georgia,home,41,44,3.5,-3,0,0.5,-4.57,-14.48,4,10,0.83,3,7,0.69,5,Top-10 opponent,1.2,-1.9
2025,2025-09-13,Texas Tech,Oregon State,home,45,14,-23.5,35,83,11.5,17.19,8.97,6,28,4.81,0,0,,4,Group of 5 opponent,0.85,5.6
2025,2025-09-13,Wisconsin,Alabama,away,14,38,18.5,-28,38,-9.5,5.73,,1,0,-1.42,0,1,-0.21,4,Road · Full house · Ranked opponent,1.3,-1.0
2025,2025-09-13,West Virginia,Pittsburgh,home,31,24,6.5,7,0,13.5,0.05,0.14,8,21,4.05,0,4,-1.22,5,,1,1.2
2025,2025-09-13,USC,Purdue,away,33,17,-20.5,16,0,-4.5,4.69,-4.41,3,13,1.93,1,1,0.48,5,Road · Full house,1.2,0.6
2025,2025-09-13,Alabama,Wisconsin,home,38,14,-18.5,28,38,9.5,-8.07,4.67,4,21,6.71,0,0,,4,,1,2.4
2025,2025-09-13,Illinois,Western Michigan,home,38,0,-27.5,24,35,-3.5,11.98,-0.18,7,28,-0.68,0,0,,4,Night · Group of 5 opponent,0.9,1.3
2025,2025-09-13,Florida,LSU,away,10,20,5.5,-10,0,-4.5,-17.76,,8,3,-14.41,1,3,0.06,4,Road · Night · Full house · Top-10 opponent,1.45,-10.0
2025,2025-09-13,Georgia Tech,Clemson,home,24,21,2.5,3,0,5.5,2.75,-5.02,6,20,5.89,0,1,-0.34,5,Ranked opponent,1.1,1.3
2025,2025-09-13,Georgia,Tennessee,away,44,41,-3.5,3,0,-0.5,2.24,,5,6,-7.5,4,6,1.68,4,Road · Full house · Ranked opponent,1.3,1.0
2025,2025-09-13,Iowa State,Arkansas State,away,24,16,-20.5,8,0,-12.5,-5.75,-11.41,4,17,2.24,2,4,-0.09,5,Road · Full house · Group of 5 opponent,1.2,-3.8
2025,2025-09-13,Northwestern,Oregon,home,14,34,24.5,-31,45,-6.5,-14.52,,1,0,-1.07,0,1,-0.16,4,Top-10 opponent,1.2,-4.3
2025,2025-09-13,Arkansas,Ole Miss,away,35,41,4.5,-6,0,-1.5,-14.98,,2,0,-4.47,4,5,2.39,4,Road · Night · Full house · Ranked opponent,1.35,-0.8
2025,2025-09-13,Notre Dame,Texas A&M,home,40,41,-7.5,-1,0,-8.5,4.12,-14.41,5,10,-4.67,4,6,1.49,5,Night · Ranked opponent,1.15,-1.9
2025,2025-09-13,Kentucky,Eastern Michigan,home,48,23,-26.5,25,40,-1.5,18.66,-2.64,6,34,9.76,0,0,,4,Night · Group of 5 opponent,0.9,4.1
2025,2025-09-13,LSU,Florida,home,20,10,-5.5,10,0,4.5,15.43,-2.33,7,10,-9.72,0,2,-0.81,5,Night,1.05,-0.4
2025,2025-09-13,Boston College,Stanford,away,20,30,-13.5,-10,0,-23.5,-11.57,-27.64,5,14,-2.41,2,5,-0.33,5,Road · Night,1.15,-9.8
2025,2025-09-13,Minnesota,California,away,14,27,-3.5,-13,0,-16.5,-8.99,,4,14,3.2,0,3,-1.16,4,Road · Night,1.15,-4.9
2025,2025-09-13,Duke,Tulane,away,27,34,-1.5,-7,0,-8.5,-13.75,,4,17,6.66,0,1,-0.37,4,Road · Night · Full house · Group of 5 opponent,1.25,-2.6
2025,2025-09-13,Stanford,Boston College,home,30,20,13.5,10,0,23.5,9.24,7.91,6,20,9.73,0,3,-0.75,5,Night,1.05,6.4
2025,2025-09-13,California,Minnesota,home,27,14,3.5,13,0,16.5,6.66,5.52,6,10,-3.76,2,2,1.34,5,Night,1.05,4.4
2025,2025-09-13,Utah,Wyoming,away,31,6,-24.5,31,16,6.5,-12.57,8.44,8,17,-14.38,0,0,,4,Road · Night · Full house · Group of 5 opponent,1.25,-3.2
2025,2025-09-13,TCU,Abilene Christian,home,42,21,-41.5,29,42,-12.5,7.95,-6.72,3,21,6.26,0,0,,4,Night · FCS opponent,0.65,0.1
2025,2025-09-13,Arizona State,Texas State,home,34,15,-18.5,25,26,6.5,4.76,1.67,7,20,-5.02,1,1,0.49,5,Night · Group of 5 opponent,0.9,1.1
2025,2025-09-19,Oklahoma State,Tulsa,home,12,19,-10.5,-7,0,-17.5,-6.44,,5,10,-5.54,0,2,-0.89,4,Night · Group of 5 opponent,1.05,-6.1
2025,2025-09-20,Maryland,Wisconsin,away,27,10,10.5,24,25,34.5,14.51,16.29,11,27,6.26,0,0,,4,Road,1.1,11.5
2025,2025-09-20,Michigan,Nebraska,away,30,27,-1.5,3,0,1.5,-0.6,-7.17,7,23,4.91,1,4,-0.48,5,Road · Full house,1.2,-0.4
2025,2025-09-20,Missouri,South Carolina,home,29,20,-10.5,9,0,-1.5,-9.62,-5.02,5,10,-5.54,4,4,2.23,5,Night,1.05,-0.9
2025,2025-09-20,Ole Miss,Tulane,home,45,10,-11.5,28,49,16.5,8.67,12.44,5,16,0.17,0,0,,4,Group of 5 opponent,0.85,4.7
2025,2025-09-20,Duke,NC State,home,45,33,-3.5,12,0,8.5,20.57,1.75,5,10,-3.5,3,4,1.45,5,,1,4.8
2025,2025-09-20,NC State,Duke,away,33,45,3.5,-12,0,-8.5,-22.91,-22.48,4,21,11.83,1,4,-0.32,5,Road,1.1,-5.4
2025,2025-09-20,North Carolina,UCF,away,9,34,7.5,-25,8,-17.5,-9.23,,2,3,-1.12,0,1,-0.3,4,Road · Full house,1.2,-5.3
2025,2025-09-20,Nebraska,Michigan,home,27,30,1.5,-3,0,-1.5,-1.73,,5,10,-2.05,1,3,-0.04,4,Ranked opponent,1.1,-0.9
2025,2025-09-19,Rutgers,Iowa,home,28,38,2.5,-10,0,-7.5,-14.62,,4,7,-2.41,2,5,0.31,4,Night,1.05,-3.7
2025,2025-09-20,Syracuse,Clemson,away,34,21,17.5,13,0,30.5,19.85,13.06,8,17,5.17,1,1,0.78,5,Road · Full house,1.2,11.5
2025,2025-09-20,Auburn,Oklahoma,away,17,24,6.5,-7,0,-0.5,-8.47,,6,7,-5.71,2,5,0.47,4,Road · Full house · Ranked opponent,1.3,-2.7
2025,2025-09-20,Oklahoma,Auburn,home,24,17,-6.5,7,0,0.5,6.14,,8,16,-7.0,1,2,0.18,4,Ranked opponent,1.1,-0.2
2025,2025-09-20,UCF,North Carolina,home,34,9,-7.5,25,8,17.5,6.89,11.59,5,20,5.33,0,0,,4,,1,6.4
2025,2025-09-20,Clemson,Syracuse,home,21,34,-17.5,-13,0,-30.5,-22.18,,6,14,-7.09,1,1,0.5,4,,1,-8.8
2025,2025-09-19,Iowa,Rutgers,away,38,28,-2.5,10,0,7.5,12.28,-0.71,5,10,-3.21,0,1,-0.38,5,Road · Night · Full house,1.25,1.8
2025,2025-09-20,Kansas,West Virginia,home,41,10,-13.5,31,57,17.5,13.6,14.36,11,20,-16.11,1,1,0.53,5,,1,3.3
2025,2025-09-20,Vanderbilt,Georgia State,home,70,21,-26.5,40,88,13.5,12.25,15.36,3,21,8.88,1,1,0.43,5,Night · Group of 5 opponent,0.9,6.7
2025,2025-09-20,Baylor,Arizona State,home,24,27,-1.5,-3,0,-4.5,-0.41,,4,0,-10.34,4,5,2.15,4,Night,1.05,-0.3
2025,2025-09-20,Miami,Florida,home,26,7,-8.5,19,0,10.5,-2.76,5.06,8,27,3.07,0,1,-0.43,5,Night,1.05,1.9
2025,2025-09-20,Stanford,Virginia,away,20,48,16.5,-28,19,-11.5,3.7,,2,7,3.93,1,2,0.55,4,Road · Night,1.15,1.1
2025,2025-09-20,Oregon,Oregon State,home,41,7,-34.5,24,41,-10.5,-10.14,-7.95,6,31,3.97,0,1,-0.64,5,Group of 5 opponent,1,-3.3
2025,2025-09-20,Purdue,Notre Dame,away,30,56,24.5,-33,51,-8.5,-18.55,,1,3,1.93,2,2,1.68,4,Road · Full house · Ranked opponent,1.3,-1.9
2025,2025-09-20,BYU,East Carolina,away,34,13,-5.5,21,0,15.5,15.77,8.67,7,10,-9.72,1,1,0.6,5,Road · Night · Full house · Group of 5 opponent,1.1,4.2
2025,2025-09-20,Utah,Texas Tech,home,10,34,-3.5,-24,6,-27.5,-5.28,,8,0,-21.61,0,1,-0.39,4,Ranked opponent,1.1,-11.3
2025,2025-09-20,SMU,TCU,away,24,35,6.5,-11,0,-4.5,1.22,,5,7,-3.59,1,2,0.39,4,Road,1.1,-0.7
2025,2025-09-20,South Carolina,Missouri,away,20,29,10.5,-9,0,1.5,7.28,,4,10,2.46,2,4,0.9,4,Road · Night · Full house · Ranked opponent,1.35,4.6
2025,2025-09-20,Virginia,Stanford,home,48,20,-16.5,28,19,11.5,-6.04,5.75,7,34,9.8,1,1,0.51,5,Night,1.05,4.0
2025,2025-09-20,TCU,SMU,home,35,24,-6.5,11,0,4.5,-3.56,-2.87,6,21,3.75,2,4,0.36,5,,1,0.8
2025,2025-09-20,Tennessee,UAB,home,56,24,-38.5,35,92,-3.5,14.96,0.89,3,14,-0.21,0,0,,4,Group of 5 opponent,0.85,1.8
2025,2025-09-20,Washington,Washington State,away,59,24,-20.5,28,25,7.5,17.9,3.59,2,14,6.62,3,3,1.43,5,Road · Night · Full house · Group of 5 opponent,1.1,7.1
2025,2025-09-20,Texas Tech,Utah,away,34,10,3.5,24,6,27.5,2.95,16.52,12,27,-0.52,1,2,0.34,5,Road · Full house · Ranked opponent,1.3,7.8
2025,2025-09-20,Wisconsin,Maryland,home,10,27,-10.5,-24,25,-34.5,-16.85,,8,10,-14.86,0,1,-0.44,4,,1,-11.6
2025,2025-09-20,West Virginia,Kansas,away,10,41,13.5,-31,57,-17.5,-15.94,,6,10,-0.27,0,1,-0.25,4,Road,1.1,-5.8
2025,2025-09-20,Mississippi State,Northern Illinois,home,38,10,-24.5,28,13,3.5,12.53,4.44,6,17,-6.54,2,2,0.89,5,Group of 5 opponent,0.85,2.1
2025,2025-09-20,Illinois,Indiana,away,10,63,7.5,-32,56,-24.5,-11.36,,2,0,-4.12,1,2,0.4,4,Road · Night · Full house · Ranked opponent,1.35,-7.5
2025,2025-09-20,Florida State,Kent State,home,66,10,-45.5,38,76,-7.5,-2.53,0.12,3,21,5.56,1,1,0.28,5,Group of 5 opponent,0.85,0.3
2025,2025-09-20,Florida,Miami,away,7,26,8.5,-19,0,-10.5,0.43,,5,7,-3.01,0,1,-0.29,4,Road · Night · Full house · Top-10 opponent,1.45,-3.3
2025,2025-09-20,Georgia Tech,Temple,home,45,24,-24.5,31,29,6.5,-3.65,4.44,9,31,-4.31,1,1,0.44,5,Group of 5 opponent,0.85,0.5
2025,2025-09-20,Arkansas,Memphis,away,31,32,-7.5,-1,0,-8.5,-2.27,-15.41,6,14,-3.6,2,5,-0.09,5,Road · Group of 5 opponent,1.1,-4.4
2025,2025-09-20,Indiana,Illinois,home,63,10,-7.5,32,56,24.5,9.02,14.59,5,21,6.33,1,1,0.58,5,Night · Top-10 opponent,1.25,9.7
2025,2025-09-20,Notre Dame,Purdue,home,56,30,-24.5,33,51,8.5,16.21,9.44,4,28,12.31,2,2,0.89,5,,1,7.7
2025,2025-09-20,Arizona State,Baylor,away,27,24,1.5,3,0,4.5,-1.92,,5,16,3.95,2,4,0.61,4,Road · Night · Full house,1.25,2.8
2025,2025-09-20,Louisville,Bowling Green,home,40,17,-25.5,27,37,1.5,8.28,2.9,6,16,-7.89,1,1,0.44,5,Group of 5 opponent,0.85,0.6
2025,2025-09-20,LSU,SE Louisiana,home,56,10,-48.5,35,77,-13.5,9.18,-4.49,4,28,6.72,0,0,,4,Night · FCS opponent,0.65,0.5
2025,2025-09-20,Michigan State,USC,away,31,45,18.5,-14,0,4.5,3.3,,2,10,7.16,1,2,0.58,4,Road · Night · Full house · Ranked opponent,1.35,5.2
2025,2025-09-20,California,San Diego State,away,0,34,-13.5,-27,36,-40.5,-30.2,,4,0,-13.13,0,1,-0.47,4,Road · Night · Full house · Group of 5 opponent,1.25,-17.8
2025,2025-09-20,Texas,Sam Houston,home,55,0,-39.5,31,80,-8.5,-2.53,-3.65,5,31,7.02,0,0,,4,Night · Group of 5 opponent,1.05,-0.2
2025,2025-09-20,USC,Michigan State,home,45,31,-18.5,14,0,-4.5,-5.63,-5.33,4,21,6.71,3,3,1.48,5,Night,1.05,1.0
2025,2025-09-20,Colorado,Wyoming,home,37,20,-12.5,17,0,4.5,-0.91,-0.1,4,14,1.1,1,1,0.54,5,Night · Group of 5 opponent,0.9,1.1
2025,2025-09-26,Virginia,Florida State,home,46,38,6.5,8,0,14.5,17.99,-1.86,5,21,10.41,3,6,1.16,5,Night · Top-10 opponent,1.25,8.7
2025,2025-09-26,Florida State,Virginia,away,38,46,-6.5,-8,0,-14.5,-20.33,,5,21,6.62,1,3,-0.23,4,Road · Night · Full house,1.25,-4.8
2025,2025-09-27,Boston College,California,home,24,28,-6.5,-4,0,-10.5,-2.94,-20.87,5,7,-7.38,2,4,0.36,5,,1,-5.3
2025,2025-09-27,Arizona,Iowa State,away,14,39,4.5,-32,16,-27.5,-20.89,,5,0,-11.17,0,1,-0.32,4,Road · Night · Full house · Ranked opponent,1.35,-13.8
2025,2025-09-27,Minnesota,Rutgers,home,31,28,-3.5,3,0,-0.5,6.3,,6,17,0.8,0,3,-1.16,4,,1,-0.1
2025,2025-09-27,Missouri,Massachusetts,home,42,6,-44.5,29,45,-15.5,-5.04,-9.34,7,21,-14.61,1,1,0.28,5,Night · Group of 5 opponent,1.05,-6.3
2025,2025-09-27,Ole Miss,LSU,home,24,19,-3.5,5,0,1.5,-17.07,-6.25,6,14,-2.2,2,3,0.84,5,Top-10 opponent,1.2,-2.9
2025,2025-09-27,Duke,Syracuse,away,38,3,-3.5,28,40,24.5,8.57,12.75,7,24,5.1,1,1,0.61,5,Road,1.1,8.0
2025,2025-09-27,NC State,Virginia Tech,home,21,23,-10.5,-2,0,-12.5,3.73,,4,0,-12.43,2,5,-0.21,4,Night,1.05,-4.4
2025,2025-09-27,Wake Forest,Georgia Tech,home,29,30,11.5,-1,0,10.5,-8.46,-5.17,7,20,7.21,1,4,-0.06,5,Ranked opponent,1.1,0.8
2025,2025-09-27,Rutgers,Minnesota,away,28,31,3.5,-3,0,0.5,-8.63,-14.48,5,21,9.53,1,5,-0.65,5,Road,1.1,-1.9
2025,2025-09-27,Syracuse,Duke,home,3,38,3.5,-28,40,-24.5,-10.91,,3,0,-6.88,1,2,0.34,4,,1,-6.3
2025,2025-09-27,Ohio State,Washington,away,24,6,-9.5,18,0,8.5,7.9,2.52,3,14,4.85,1,2,0.13,5,Road · Full house,1.2,4.2
2025,2025-09-27,Oklahoma State,Baylor,home,27,45,21.5,-18,0,3.5,2.03,,4,0,-4.98,4,5,3.07,4,,1,3.7
2025,2025-09-27,Auburn,Texas A&M,away,10,16,6.5,-6,0,0.5,15.15,,8,10,-6.95,0,2,-0.61,4,Road · Full house · Top-10 opponent,1.4,0.5
2025,2025-09-27,UCF,Kansas State,away,20,34,5.5,-14,0,-8.5,-11.41,,6,6,-7.06,0,1,-0.31,4,Road · Full house,1.2,-6.0
2025,2025-09-27,Penn State,Oregon,home,24,30,-4.5,-6,0,-10.5,23.77,,5,17,3.21,0,4,-1.58,4,Night · Top-10 opponent,1.25,1.9
2025,2025-09-27,Cincinnati,Kansas,away,37,34,4.5,3,0,7.5,4.27,,3,6,-0.7,5,6,3.07,4,Road,1.1,6.2
2025,2025-09-27,Pittsburgh,Louisville,home,27,34,3.5,-7,0,-3.5,-1.57,-14.48,6,14,0.24,1,5,-0.65,5,,1,-3.1
2025,2025-09-27,Iowa,Indiana,home,15,20,8.5,-5,0,3.5,2.25,,7,13,-1.02,0,4,-1.16,4,Ranked opponent,1.1,-0.7
2025,2025-09-27,Kansas,Cincinnati,home,34,37,-4.5,-3,0,-7.5,-6.6,,3,14,5.72,4,6,1.63,4,,1,1.5
2025,2025-09-27,Kansas State,UCF,home,34,20,-5.5,14,0,8.5,9.08,1.67,7,20,0.28,1,1,0.6,5,,1,3.1
2025,2025-09-27,Vanderbilt,Utah State,home,55,35,-24.5,34,31,9.5,0.78,7.44,5,24,4.39,3,3,1.33,5,Group of 5 opponent,0.85,3.8
2025,2025-09-27,Baylor,Oklahoma State,away,45,27,-21.5,18,0,-3.5,-4.37,-3.95,6,28,5.51,2,5,-0.66,5,Road,1.1,-1.0
2025,2025-09-27,Stanford,San José State,home,30,29,-3.5,1,0,-2.5,6.02,,5,7,-6.5,1,4,-0.55,4,Group of 5 opponent,1,-1.4
2025,2025-09-27,Texas A&M,Auburn,home,16,10,-6.5,6,0,-0.5,-17.49,-6.87,10,17,-11.75,1,2,0.18,5,,1,-5.2
2025,2025-09-26,Houston,Oregon State,away,27,24,-11.5,3,0,-8.5,10.35,,8,24,-1.33,0,2,-0.9,4,Road · Night · Group of 5 opponent,1.15,-0.8
2025,2025-09-27,Oregon,Penn State,away,30,24,4.5,6,0,10.5,-26.11,-4.94,4,17,8.06,1,4,-0.29,5,Road · Night · Full house · Top-10 opponent,1.45,-2.3
2025,2025-09-27,California,Boston College,away,28,24,6.5,4,0,10.5,0.6,,5,21,10.41,0,2,-0.61,4,Road · Full house,1.2,4.2
2025,2025-09-27,Utah,West Virginia,away,48,14,-12.5,38,62,25.5,6.8,17.9,5,28,11.88,0,0,,4,Road,1.1,10.7
2025,2025-09-27,South Carolina,Kentucky,home,35,13,-6.5,22,0,15.5,11.5,8.13,5,7,-7.38,1,2,0.18,5,Night,1.05,3.4
2025,2025-09-27,Virginia Tech,NC State,away,23,21,10.5,2,0,12.5,-6.07,,5,20,10.57,1,3,0.18,4,Road · Night · Full house,1.25,4.7
2025,2025-09-27,UCLA,Northwestern,away,14,17,6.5,-3,0,3.5,-8.94,,3,10,3.64,0,1,-0.31,4,Road · Full house,1.2,-0.4
2025,2025-09-26,TCU,Arizona State,away,24,27,2.5,-3,0,-0.5,18.56,-15.02,6,17,2.89,1,4,-0.35,5,Road · Night · Full house,1.25,0.8
2025,2025-09-27,Tennessee,Mississippi State,away,41,34,-7.5,7,0,-0.5,-7.25,,3,0,-8.8,3,6,0.49,4,Road · Full house,1.2,-3.2
2025,2025-09-27,Washington,Ohio State,home,6,24,9.5,-18,0,-8.5,-10.24,,2,0,-3.89,0,0,,3,Top-10 opponent,1.2,-5.0
2025,2025-09-27,West Virginia,Utah,home,14,48,12.5,-38,62,-25.5,-9.14,,1,0,-1.77,0,1,-0.26,4,,1,-5.6
2025,2025-09-27,USC,Illinois,away,32,34,-6.5,-2,0,-8.5,-4.39,,3,10,1.37,1,3,-0.23,4,Road · Full house · Ranked opponent,1.3,-2.1
2025,2025-09-27,Alabama,Georgia,away,24,21,2.5,3,0,5.5,-4.05,-9.02,5,17,5.24,1,3,-0.01,5,Road · Night · Full house · Top-10 opponent,1.45,-0.1
2025,2025-09-27,Mississippi State,Tennessee,home,34,41,7.5,-7,0,0.5,4.92,,6,17,4.64,2,6,0.21,4,Ranked opponent,1.1,2.8
2025,2025-09-27,Illinois,USC,home,34,32,6.5,2,0,8.5,2.05,-7.86,4,14,5.53,3,4,1.78,5,Ranked opponent,1.1,3.3
2025,2025-09-27,Georgia Tech,Wake Forest,away,30,29,-11.5,1,0,-10.5,6.12,,7,16,-6.16,0,2,-0.9,4,Road,1.1,-3.2
2025,2025-09-27,Georgia,Alabama,home,21,24,-2.5,-3,0,-5.5,1.72,,5,7,-6.21,0,1,-0.38,4,Night · Ranked opponent,1.15,-2.6
2025,2025-09-27,Iowa State,Arizona,home,39,14,-4.5,32,16,27.5,18.56,15.21,9,31,6.17,0,0,,4,Night,1.05,10.5
2025,2025-09-27,Northwestern,UCLA,home,17,14,-6.5,3,0,-3.5,6.6,-9.87,4,17,5.5,0,1,-0.41,5,,1,-0.1
2025,2025-09-27,Arkansas,Notre Dame,home,13,56,5.5,-29,72,-23.5,-8.56,,0,0,,0,1,-0.31,3,Ranked opponent,1.1,-7.8
2025,2025-09-27,Indiana,Iowa,away,20,15,-8.5,5,0,-3.5,-4.59,,8,14,-9.93,2,3,0.72,4,Road · Full house,1.2,-3.1
2025,2025-09-27,Notre Dame,Arkansas,away,56,13,-5.5,29,72,23.5,6.22,15.67,3,21,12.55,2,2,1.19,5,Road · Full house,1.2,11.1
2025,2025-09-26,Arizona State,TCU,home,27,24,-2.5,3,0,0.5,-20.89,,7,20,1.5,0,2,-0.76,4,Night · Ranked opponent,1.15,-4.4
2025,2025-09-27,Kentucky,South Carolina,away,13,35,6.5,-22,0,-15.5,-13.83,,4,3,-5.47,1,2,0.39,4,Road · Night · Full house,1.25,-6.4
2025,2025-09-27,Louisville,Pittsburgh,away,34,27,-3.5,7,0,3.5,-0.76,,8,24,2.39,0,2,-0.77,4,Road,1.1,0.2
2025,2025-09-27,LSU,Ole Miss,away,19,24,3.5,-5,0,-1.5,14.73,,6,13,-0.76,0,2,-0.66,4,Road · Full house · Ranked opponent,1.3,1.9
2025,2025-09-27,BYU,Colorado,away,24,21,-6.5,3,0,-3.5,-10.34,,6,14,-3.25,1,2,0.18,4,Road · Night · Full house,1.25,-3.2
2025,2025-09-27,Colorado,BYU,home,21,24,6.5,-3,0,3.5,8.01,-12.86,5,7,-3.59,1,3,0.08,5,Night · Ranked opponent,1.15,-1.0
2025,2025-10-04,Boston College,Pittsburgh,away,7,48,6.5,-31,81,-24.5,-7.01,,1,0,-2.12,0,1,-0.31,4,Road,1.1,-5.8
2025,2025-10-04,Arizona,Oklahoma State,home,41,13,-23.5,32,41,8.5,-2.14,8.97,8,14,-16.92,1,1,0.45,5,,1,-0.8
2025,2025-10-04,Maryland,Washington,home,20,24,5.5,-4,0,1.5,5.48,-10.4,5,13,2.12,0,2,-0.63,5,,1,-0.6
2025,2025-10-04,Michigan State,Nebraska,away,27,38,12.5,-11,0,1.5,-8.92,,6,14,3.38,0,3,-0.77,4,Road · Full house,1.2,-1.5
2025,2025-10-04,Michigan,Wisconsin,home,24,10,-17.5,14,0,-3.5,-6.85,-4.79,8,17,-11.12,1,1,0.5,5,,1,-3.4
2025,2025-10-04,Minnesota,Ohio State,away,3,42,23.5,-32,44,-8.5,-10.95,,3,0,-3.39,0,1,-0.17,4,Road · Night · Full house · Top-10 opponent,1.45,-5.6
2025,2025-10-04,NC State,Campbell,home,56,10,-41.5,42,79,0.5,2.18,6.28,3,21,6.26,1,1,0.31,5,FCS opponent,0.6,1.7
2025,2025-10-04,North Carolina,Clemson,home,10,38,15.5,-32,89,-16.5,-4.05,,0,0,,1,1,0.77,3,,1,-2.8
2025,2025-10-04,Wake Forest,Virginia Tech,away,30,23,4.5,7,0,11.5,-6.14,0.06,6,20,6.59,2,5,0.39,5,Road · Full house,1.2,2.7
2025,2025-10-04,Nebraska,Michigan State,home,38,27,-12.5,11,0,-1.5,6.59,-9.1,7,21,-1.57,1,3,-0.38,5,,1,-1.1
2025,2025-10-04,Syracuse,SMU,away,18,31,17.5,-20,9,-2.5,-13.76,,6,0,-8.87,0,1,-0.22,4,Road · Full house,1.2,-5.9
2025,2025-10-04,Ohio State,Minnesota,home,42,3,-23.5,32,44,8.5,8.62,8.97,6,28,4.81,0,1,-0.55,5,Night,1.05,4.0
2025,2025-10-04,Oklahoma State,Arizona,away,13,41,23.5,-32,41,-8.5,-0.2,,6,6,-0.77,0,1,-0.17,4,Road,1.1,-1.5
2025,2025-10-04,Oklahoma,Kent State,home,44,0,-46.5,30,67,-16.5,10.77,-4.42,5,23,-3.02,0,0,,4,Group of 5 opponent,1,-1.5
2025,2025-10-04,UCF,Kansas,home,20,27,3.5,-7,0,-3.5,-9.79,-18.48,5,14,2.53,2,5,0.35,5,Night,1.05,-3.4
2025,2025-10-04,Penn State,UCLA,away,37,42,-24.5,-5,0,-29.5,2.15,,2,7,-0.85,1,1,0.44,4,Road,1.1,-3.4
2025,2025-10-04,Cincinnati,Iowa State,home,38,30,-1.5,8,0,6.5,5.82,-2.17,7,24,5.91,0,0,,4,Ranked opponent,1.1,3.1
2025,2025-10-04,Pittsburgh,Boston College,home,48,7,-6.5,31,81,24.5,4.67,18.13,6,31,13.75,0,0,,4,,1,9.7
2025,2025-10-04,Clemson,North Carolina,away,38,10,-15.5,32,89,16.5,1.72,13.28,2,14,7.2,1,1,0.52,5,Road · Full house,1.2,7.1
2025,2025-10-04,Kansas,UCF,away,27,20,-3.5,7,0,3.5,7.46,,6,13,-3.2,0,1,-0.39,4,Road · Night · Full house,1.25,0.8
2025,2025-10-04,Kansas State,Baylor,away,34,35,4.5,-1,0,3.5,-9.57,-11.94,5,14,2.83,3,6,1.07,5,Road,1.1,-0.9
2025,2025-10-04,Vanderbilt,Alabama,away,14,30,13.5,-16,0,-2.5,-1.65,,3,14,8.87,0,3,-0.75,4,Road · Full house · Top-10 opponent,1.4,1.2
2025,2025-10-04,Baylor,Kansas State,home,35,34,-4.5,1,0,-3.5,7.24,,4,14,2.96,3,4,1.42,4,,1,3.5
2025,2025-10-04,Miami,Florida State,away,28,22,-2.5,14,16,11.5,18.21,2.29,5,21,7.79,0,1,-0.38,5,Road · Night · Full house · Ranked opponent,1.35,7.0
2025,2025-10-04,Texas A&M,Mississippi State,home,31,9,-17.5,28,5,10.5,-7.56,8.21,8,28,-0.12,0,1,-0.5,5,Night,1.05,1.0
2025,2025-10-04,Houston,Texas Tech,home,11,35,11.5,-24,31,-12.5,-1.43,,4,0,-7.31,0,2,-0.53,4,Night · Ranked opponent,1.15,-4.9
2025,2025-10-04,Purdue,Illinois,home,27,43,7.5,-16,0,-8.5,-10.57,,3,7,0.82,0,2,-0.6,4,Ranked opponent,1.1,-3.6
2025,2025-10-04,Texas,Florida,away,21,29,-4.5,-8,0,-12.5,2.8,,5,14,0.21,0,1,-0.39,4,Road · Full house,1.2,-1.8
2025,2025-10-03,BYU,West Virginia,home,38,24,-19.5,14,0,-5.5,-10.7,-9.87,7,21,-4.42,0,0,,4,Night,1.05,-4.7
2025,2025-10-04,SMU,Syracuse,home,31,18,-17.5,20,9,2.5,11.43,1.21,9,31,-0.64,0,0,,4,,1,2.3
2025,2025-10-04,Virginia,Louisville,away,30,27,6.5,3,0,9.5,25.06,-2.86,4,3,-5.47,1,1,0.69,5,Road,1.1,4.0
2025,2025-10-04,Virginia Tech,Wake Forest,home,23,30,-4.5,-7,0,-11.5,3.8,,6,13,-3.55,1,5,-0.97,4,,1,-2.8
2025,2025-10-04,UCLA,Penn State,home,42,37,24.5,5,0,29.5,-4.49,8.83,4,10,5.72,1,1,0.84,5,Top-10 opponent,1.2,7.1
2025,2025-10-04,TCU,Colorado,home,35,21,-14.5,14,0,-0.5,11.61,-7.18,6,21,0.95,0,2,-0.95,5,Night,1.05,-0.1
2025,2025-10-04,Washington,Maryland,away,24,20,-5.5,4,0,-1.5,-7.82,,4,21,9.73,0,1,-0.4,4,Road,1.1,0.6
2025,2025-10-04,Texas Tech,Houston,away,35,11,-11.5,24,31,12.5,-0.91,9.44,9,26,-2.5,1,1,0.55,5,Road · Night · Full house,1.25,3.4
2025,2025-10-04,Wisconsin,Michigan,away,10,24,17.5,-14,0,3.5,4.51,,6,0,-8.87,0,2,-0.44,4,Road · Full house · Ranked opponent,1.3,-1.7
2025,2025-10-03,West Virginia,BYU,away,24,38,19.5,-14,0,5.5,8.37,,5,21,14.19,0,1,-0.2,4,Road · Night · Full house · Ranked opponent,1.35,7.6
2025,2025-10-04,Alabama,Vanderbilt,home,30,14,-13.5,16,0,2.5,-0.69,0.36,6,23,3.3,1,2,0.07,5,Ranked opponent,1.1,1.2
2025,2025-10-04,Mississippi State,Texas A&M,away,9,31,17.5,-28,5,-10.5,5.22,,6,3,-5.87,0,1,-0.22,4,Road · Night · Full house · Top-10 opponent,1.45,-3.0
2025,2025-10-04,Illinois,Purdue,away,43,27,-7.5,16,0,8.5,8.24,2.59,7,31,10.47,1,1,0.58,5,Road · Full house,1.2,6.1
2025,2025-10-04,Colorado,TCU,away,21,35,14.5,-14,0,0.5,-13.95,-19.55,5,14,5.74,1,4,0.03,5,Road · Night · Full house,1.25,-4.0
2025,2025-10-04,Florida State,Miami,home,22,28,2.5,-14,16,-11.5,-20.54,,5,10,-1.76,0,1,-0.34,4,Night · Top-10 opponent,1.25,-7.1
2025,2025-10-04,Florida,Texas,home,29,21,4.5,8,0,12.5,-5.14,1.06,8,6,-11.88,2,3,1.03,5,Top-10 opponent,1.2,-0.4
2025,2025-10-04,Georgia,Kentucky,home,35,14,-19.5,28,36,8.5,4.31,4.13,5,28,9.84,0,1,-0.52,5,,1,3.6
2025,2025-10-04,Iowa State,Cincinnati,away,30,38,1.5,-8,0,-6.5,-8.15,,4,0,-9.64,0,1,-0.35,4,Road · Full house,1.2,-5.9
2025,2025-10-04,Northwestern,UL Monroe,home,42,7,-13.5,32,40,18.5,7.6,14.36,4,24,10.87,1,1,0.53,5,Group of 5 opponent,0.85,6.6
2025,2025-10-04,Notre Dame,Boise State,home,28,7,-21.5,21,0,-0.5,11.82,-3.95,7,21,-5.24,1,1,0.47,5,Group of 5 opponent,0.85,0.5
2025,2025-10-04,Kentucky,Georgia,away,14,35,19.5,-28,36,-8.5,-6.65,,2,0,-2.72,0,1,-0.2,4,Road · Full house · Ranked opponent,1.3,-3.9
2025,2025-10-04,Louisville,Virginia,home,27,30,-6.5,-3,0,-9.5,-27.4,,6,17,-0.25,1,3,-0.23,4,Ranked opponent,1.1,-6.7
2025,2025-10-04,Duke,California,away,45,21,-3.5,24,12,20.5,10.76,12.75,7,28,9.1,0,1,-0.39,5,Road · Night · Full house,1.25,8.6
2025,2025-10-04,California,Duke,home,21,45,3.5,-24,12,-20.5,-13.1,-35.48,5,7,-4.47,1,4,-0.32,5,Night,1.05,-10.4
2025,2025-10-11,Boston College,Clemson,home,10,41,13.5,-27,38,-13.5,-3.31,,3,0,-5.13,0,1,-0.25,4,Night,1.05,-4.0
2025,2025-10-11,Maryland,Nebraska,home,31,34,6.5,-3,0,3.5,3.64,,4,10,1.53,0,4,-1.22,4,,1,0.1
2025,2025-10-11,Michigan State,UCLA,home,13,38,-6.5,-31,36,-37.5,-13.3,,3,7,-1.63,0,2,-0.82,4,,1,-8.6
2025,2025-10-11,Michigan,USC,away,13,31,2.5,-18,0,-15.5,-1.72,,4,7,-2.41,0,1,-0.34,4,Road · Full house,1.2,-3.9
2025,2025-10-11,Minnesota,Purdue,home,27,20,-7.5,7,0,-0.5,25.51,,7,10,-10.53,1,3,-0.26,4,Night,1.05,1.6
2025,2025-10-11,Missouri,Alabama,home,24,27,3.5,-3,0,0.5,-3.15,,4,7,-2.17,0,3,-0.99,4,Top-10 opponent,1.2,-2.5
2025,2025-10-11,Ole Miss,Washington State,home,24,21,-32.5,3,0,-29.5,-5.88,-23.87,6,24,-2.33,0,3,-1.86,5,Group of 5 opponent,1,-9.4
2025,2025-10-11,NC State,Notre Dame,away,7,36,24.5,-29,17,-4.5,-1.76,,6,7,0.57,0,2,-0.32,4,Road · Full house · Ranked opponent,1.3,-1.3
2025,2025-10-11,Wake Forest,Oregon State,away,39,14,-1.5,32,57,30.5,11.76,16.83,10,24,-1.84,0,0,,4,Road · Group of 5 opponent,0.95,7.5
2025,2025-10-11,Nebraska,Maryland,away,34,31,-6.5,3,0,-3.5,-5.98,-9.87,6,27,9.75,1,4,-0.64,5,Road,1.1,-1.3
2025,2025-10-10,Rutgers,Washington,away,19,38,9.5,-19,0,-9.5,-10.23,-23.25,4,6,-1.78,0,3,-0.85,5,Road · Night · Full house,1.25,-8.3
2025,2025-10-11,Ohio State,Illinois,away,34,16,-15.5,24,25,8.5,16.85,6.28,6,24,3.61,0,0,,4,Road · Full house · Ranked opponent,1.3,7.2
2025,2025-10-11,Oklahoma State,Houston,home,17,39,14.5,-26,30,-11.5,3.57,,2,3,-0.31,0,3,-0.73,4,,1,-1.8
2025,2025-10-11,Auburn,Georgia,home,10,20,4.5,-10,0,-5.5,-8.23,-16.94,5,3,-8.17,0,2,-0.64,5,Night · Top-10 opponent,1.25,-7.6
2025,2025-10-11,Oklahoma,Texas,neutral,6,23,2.5,-17,0,-14.5,-12.69,,4,3,-6.41,0,3,-1.01,4,,1,-6.8
2025,2025-10-11,UCF,Cincinnati,away,11,20,10.5,-9,0,1.5,-21.43,,4,7,-0.54,0,1,-0.27,4,Road,1.1,-4.0
2025,2025-10-11,Penn State,Northwestern,home,21,22,-20.5,-1,0,-21.5,4.63,,2,0,-7.38,2,5,-0.62,4,,1,-4.6
2025,2025-10-11,Cincinnati,UCF,home,20,11,-10.5,9,0,-1.5,19.09,-10.02,7,20,-1.76,0,0,,4,,1,0.9
2025,2025-10-11,Pittsburgh,Florida State,away,34,31,11.5,3,0,14.5,-6.59,-0.17,6,20,9.03,1,3,0.2,5,Road · Ranked opponent,1.2,3.3
2025,2025-10-11,Clemson,Boston College,away,41,10,-13.5,27,38,13.5,0.98,10.36,5,14,-2.41,2,2,1.07,5,Road · Night · Full house,1.25,4.7
2025,2025-10-11,Iowa,Wisconsin,away,37,0,-4.5,30,58,25.5,15.14,18.21,8,30,7.93,0,0,,4,Road · Night · Full house,1.25,12.7
2025,2025-10-11,Kansas,Texas Tech,away,17,42,13.5,-25,16,-11.5,-4.86,,6,10,-0.27,0,1,-0.25,4,Road · Night · Full house · Top-10 opponent,1.45,-3.7
2025,2025-10-11,Kansas State,TCU,home,41,28,2.5,13,0,15.5,23.6,0.98,6,13,-1.11,2,3,0.99,5,,1,5.8
2025,2025-10-11,Stanford,SMU,away,10,34,19.5,-24,10,-4.5,-19.08,,3,3,-1.09,0,1,-0.2,4,Road,1.1,-4.6
2025,2025-10-11,Texas A&M,Florida,home,34,17,-6.5,17,0,10.5,2.85,4.13,5,17,2.62,2,3,0.77,5,Night,1.05,3.7
2025,2025-10-11,Houston,Oklahoma State,away,39,17,-14.5,26,30,11.5,-5.91,4.82,7,27,3.61,1,2,0.05,5,Road,1.1,2.2
2025,2025-10-11,Oregon,Indiana,home,20,30,-7.5,-10,0,-17.5,-5.89,,5,10,-4.67,1,5,-1.09,4,Top-10 opponent,1.2,-6.9
2025,2025-10-11,Purdue,Minnesota,away,20,27,7.5,-7,0,0.5,-27.85,-12.32,8,6,-10.48,2,5,0.51,5,Road · Night · Full house,1.25,-8.3
2025,2025-10-11,Texas,Oklahoma,neutral,23,6,-2.5,17,0,14.5,10.35,2.29,5,6,-7.21,1,2,0.24,5,Top-10 opponent,1.2,2.7
2025,2025-10-11,SMU,Stanford,home,34,10,-19.5,24,10,4.5,16.75,4.13,6,27,5.21,0,0,,4,,1,5.0
2025,2025-10-11,South Carolina,LSU,away,10,20,8.5,-10,0,-1.5,-3.97,,6,7,-5.01,0,3,-0.87,4,Road · Night · Full house · Ranked opponent,1.35,-4.1
2025,2025-10-11,Virginia Tech,Georgia Tech,away,20,35,14.5,-15,0,-0.5,-2.98,,3,7,2.04,0,1,-0.24,4,Road · Full house · Ranked opponent,1.3,-0.2
2025,2025-10-11,UCLA,Michigan State,away,38,13,6.5,31,36,37.5,10.96,25.14,5,28,17.41,1,1,0.69,5,Road · Full house,1.2,15.8
2025,2025-10-11,TCU,Kansas State,away,28,41,-2.5,-13,0,-15.5,-25.94,,5,7,-6.21,3,6,0.73,4,Road · Full house,1.2,-8.3
2025,2025-10-11,Tennessee,Arkansas,home,34,31,-10.5,3,0,-7.5,5.79,-12.02,6,14,-4.65,3,3,1.67,5,,1,-0.8
2025,2025-10-10,Washington,Rutgers,home,38,19,-9.5,19,0,9.5,7.89,3.52,5,21,5.75,2,3,0.7,5,Night,1.05,4.7
2025,2025-10-11,Texas Tech,Kansas,home,42,17,-13.5,25,16,11.5,2.53,3.36,10,41,8.17,0,2,-0.93,5,Night,1.05,3.0
2025,2025-10-11,Wisconsin,Iowa,home,0,37,4.5,-30,58,-25.5,-17.47,,3,0,-6.7,0,1,-0.32,4,Night,1.05,-8.7
2025,2025-10-11,USC,Michigan,home,31,13,-2.5,18,0,15.5,-0.62,3.29,6,10,-5.85,1,1,0.62,5,Ranked opponent,1.1,1.8
2025,2025-10-11,Alabama,Missouri,away,27,24,-3.5,3,0,-0.5,0.82,-8.25,6,20,3.8,1,3,-0.16,5,Road · Full house · Ranked opponent,1.3,-0.5
2025,2025-10-11,Illinois,Ohio State,home,16,34,15.5,-24,25,-8.5,-19.18,,3,7,2.22,0,1,-0.23,4,Top-10 opponent,1.2,-4.7
2025,2025-10-11,Colorado,Iowa State,home,24,17,2.5,7,0,9.5,14.15,,8,10,-8.81,1,3,-0.01,4,Ranked opponent,1.1,1.9
2025,2025-10-11,Florida State,Pittsburgh,home,31,34,-11.5,-3,0,-14.5,4.25,,4,14,1.33,2,5,-0.25,4,,1,-1.1
2025,2025-10-11,Florida,Texas A&M,away,17,34,6.5,-17,0,-10.5,-5.18,,4,0,-8.47,1,3,0.08,4,Road · Night · Full house · Top-10 opponent,1.45,-5.9
2025,2025-10-11,Georgia Tech,Virginia Tech,home,35,20,-14.5,15,0,0.5,0.64,-7.18,5,17,0.3,1,1,0.53,5,,1,-0.1
2025,2025-10-11,Georgia,Auburn,away,20,10,-4.5,10,0,5.5,5.89,-1.79,6,20,3.45,0,1,-0.39,5,Road · Night · Full house,1.25,1.9
2025,2025-10-11,Iowa State,Colorado,away,17,24,-2.5,-7,0,-9.5,-16.49,,6,10,-5.85,1,4,-0.51,4,Road · Full house,1.2,-7.2
2025,2025-10-11,Northwestern,Penn State,away,22,21,20.5,1,0,21.5,-6.96,,3,3,-0.91,3,3,2.42,4,Road · Full house,1.2,5.8
2025,2025-10-11,Arkansas,Tennessee,away,31,34,10.5,-3,0,7.5,-8.12,,4,10,2.46,1,4,-0.1,4,Road · Full house · Ranked opponent,1.3,0.5
2025,2025-10-11,Indiana,Oregon,away,30,20,7.5,10,0,17.5,3.56,4.68,8,9,-7.48,3,4,1.81,5,Road · Full house · Top-10 opponent,1.4,4.9
2025,2025-10-11,Notre Dame,NC State,home,36,7,-24.5,29,17,4.5,-0.57,6.44,9,27,-8.31,0,1,-0.56,5,,1,-0.7
2025,2025-10-11,LSU,South Carolina,home,20,10,-8.5,10,0,1.5,1.63,-3.94,8,6,-17.93,2,2,1.15,5,Night,1.05,-2.5
2025,2025-10-11,Arizona,BYU,home,27,33,2.5,-6,0,-3.5,0.24,-14.02,5,17,5.24,0,2,-0.68,5,Ranked opponent,1.1,-2.0
2025,2025-10-11,BYU,Arizona,away,33,27,-2.5,6,0,3.5,-2.57,-8.71,5,21,7.79,1,4,-0.51,5,Road · Full house,1.2,-0.1
2025,2025-10-11,Utah,Arizona State,home,42,10,-8.5,25,34,16.5,9.83,6.06,3,21,12.03,0,1,-0.43,5,Night · Ranked opponent,1.15,6.8
2025,2025-10-11,Arizona State,Utah,away,10,42,8.5,-25,34,-16.5,-12.17,,1,0,-2.0,1,1,0.71,4,Road · Night · Full house,1.25,-4.6
2025,2025-10-17,Miami,Louisville,home,21,24,-10.5,-3,0,-13.5,-3.36,,6,13,-5.65,0,2,-0.89,4,Night,1.05,-5.0
2025,2025-10-17,Louisville,Miami,away,24,21,10.5,3,0,13.5,1.02,-4.71,6,10,-1.31,1,4,-0.1,5,Road · Night · Full house · Top-10 opponent,1.45,1.0
2025,2025-10-18,Boston College,UConn,home,23,38,2.5,-15,0,-12.5,-13.33,,3,7,-0.05,2,4,0.65,4,Group of 5 opponent,1,-2.9
2025,2025-10-18,Arizona,Houston,away,28,31,-2.5,-3,0,-5.5,1.51,,3,7,-0.93,1,2,0.24,4,Road,1.1,-0.2
2025,2025-10-18,Maryland,UCLA,away,17,20,4.5,-3,0,1.5,2.12,,8,3,-14.88,0,1,-0.32,4,Road,1.1,-3.6
2025,2025-10-18,Michigan State,Indiana,away,13,38,26.5,-25,40,1.5,-12.68,,0,0,,1,2,0.71,3,Road · Full house · Top-10 opponent,1.4,-2.0
2025,2025-10-18,Michigan,Washington,home,24,7,-4.5,17,0,12.5,-0.6,1.21,8,24,1.93,0,0,,4,,1,2.3
2025,2025-10-17,Minnesota,Nebraska,home,24,6,6.5,18,0,24.5,2.12,7.14,5,10,-0.59,1,2,0.39,5,Night · Ranked opponent,1.15,5.0
2025,2025-10-18,Missouri,Auburn,away,23,17,-1.5,6,0,4.5,11.32,,6,17,1.49,0,3,-1.11,4,Road · Night · Full house,1.25,2.1
2025,2025-10-18,Ole Miss,Georgia,away,35,43,7.5,-8,0,-0.5,8.38,-12.32,0,0,,4,7,1.91,4,Road · Full house · Top-10 opponent,1.4,2.1
2025,2025-10-18,Duke,Georgia Tech,home,18,27,-3.5,-9,0,-12.5,-15.54,,3,7,-1.1,0,3,-1.16,4,Ranked opponent,1.1,-6.4
2025,2025-10-17,North Carolina,California,away,18,21,8.5,-3,0,5.5,-4.78,,8,17,0.98,0,2,-0.58,4,Road · Night,1.15,-0.4
2025,2025-10-17,Nebraska,Minnesota,away,6,24,-6.5,-18,0,-24.5,-4.46,,3,6,-2.63,0,2,-0.82,4,Road · Night · Full house,1.25,-7.0
2025,2025-10-18,Rutgers,Oregon,home,10,56,18.5,-39,80,-20.5,-8.11,,1,3,1.58,0,1,-0.21,4,Top-10 opponent,1.2,-4.6
2025,2025-10-18,Syracuse,Pittsburgh,home,13,30,8.5,-17,0,-8.5,-15.83,,7,7,-7.02,0,3,-0.87,4,Night,1.05,-6.8
2025,2025-10-18,Ohio State,Wisconsin,away,34,0,-24.5,27,32,2.5,-8.76,4.44,6,24,0.46,0,0,,4,Road · Full house,1.2,0.1
2025,2025-10-18,Auburn,Missouri,home,17,23,1.5,-6,0,-4.5,-13.66,,6,10,-4.46,0,4,-1.39,4,Night · Ranked opponent,1.15,-6.4
2025,2025-10-18,Oklahoma,South Carolina,away,26,7,-4.5,19,0,14.5,7.28,3.21,8,17,-5.07,0,1,-0.39,5,Road · Full house,1.2,2.1
2025,2025-10-18,UCF,West Virginia,home,45,13,-6.5,28,49,21.5,1.37,11.13,8,28,5.0,0,1,-0.41,5,,1,4.7
2025,2025-10-18,Penn State,Iowa,away,24,25,3.5,-1,0,2.5,1.08,-9.48,4,7,-2.17,1,5,-0.65,5,Road · Night · Full house,1.25,-2.3
2025,2025-10-18,Pittsburgh,Syracuse,away,30,13,-8.5,17,0,8.5,13.5,3.06,10,17,-12.92,2,2,1.15,5,Road · Night · Full house,1.25,2.4
2025,2025-10-18,Clemson,SMU,home,24,35,-5.5,-11,0,-16.5,-7.4,,6,14,-2.9,0,2,-0.81,4,,1,-5.0
2025,2025-10-18,Iowa,Penn State,home,25,24,-3.5,1,0,-2.5,-3.41,,6,10,-6.2,3,3,1.84,4,Night,1.05,0.1
2025,2025-10-18,Vanderbilt,LSU,home,31,24,-1.5,7,0,5.5,-1.67,-4.17,2,0,-5.17,4,5,2.15,5,Top-10 opponent,1.2,1.3
2025,2025-10-18,Baylor,TCU,away,36,42,3.5,-6,0,-2.5,-10.31,,7,17,0.95,1,2,0.34,4,Road,1.1,-1.3
2025,2025-10-18,Texas A&M,Arkansas,away,45,42,-8.5,3,0,-5.5,6.8,-11.94,3,10,1.03,5,6,2.44,5,Road · Full house,1.2,1.7
2025,2025-10-18,Houston,Arizona,home,31,28,2.5,3,0,5.5,-3.85,-9.02,3,14,6.95,2,4,0.65,5,,1,0.9
2025,2025-10-18,Oregon,Rutgers,away,56,10,-18.5,39,80,20.5,5.78,18.67,3,21,10.28,1,1,0.49,5,Road · Full house,1.2,9.8
2025,2025-10-17,California,North Carolina,home,21,18,-8.5,3,0,-5.5,2.44,-11.94,7,7,-13.94,1,3,-0.28,5,Night,1.05,-5.0
2025,2025-10-18,Purdue,Northwestern,away,0,19,3.5,-19,0,-15.5,-12.66,,6,0,-13.76,0,1,-0.33,4,Road · Full house,1.2,-9.4
2025,2025-10-18,Texas,Kentucky,away,16,13,-13.5,3,0,-10.5,24.35,,8,10,-16.26,1,2,0.07,4,Road · Night · Full house,1.25,-1.3
2025,2025-10-18,SMU,Clemson,away,35,24,5.5,11,0,16.5,5.06,4.6,8,13,-4.41,4,4,2.74,5,Road · Full house,1.2,6.1
2025,2025-10-18,South Carolina,Oklahoma,home,7,26,4.5,-19,0,-14.5,-9.62,,6,7,-6.41,0,1,-0.32,4,Ranked opponent,1.1,-5.9
2025,2025-10-18,Virginia,Washington State,home,22,20,-16.5,2,0,-14.5,2.76,,6,20,-0.74,0,2,-0.98,4,Group of 5 opponent,1,-2.7
2025,2025-10-18,UCLA,Maryland,home,20,17,-4.5,3,0,-1.5,-4.46,-8.79,10,17,-10.59,1,1,0.61,5,,1,-3.3
2025,2025-10-18,TCU,Baylor,home,42,36,-3.5,6,0,2.5,7.98,-10.25,8,14,-7.61,3,3,1.84,5,,1,0.4
2025,2025-10-18,Tennessee,Alabama,away,20,37,8.5,-17,0,-8.5,-24.05,,4,14,5.99,0,2,-0.58,4,Road · Night · Full house · Top-10 opponent,1.45,-6.2
2025,2025-10-18,Washington,Michigan,away,7,24,4.5,-17,0,-12.5,-1.73,,5,7,-4.17,0,2,-0.64,4,Road · Full house,1.2,-4.4
2025,2025-10-18,Texas Tech,Arizona State,away,22,26,-8.5,-4,0,-12.5,7.51,,6,21,3.05,0,3,-1.28,4,Road · Full house,1.2,-1.3
2025,2025-10-18,Wisconsin,Ohio State,home,0,34,24.5,-27,32,-2.5,6.43,,2,0,-2.14,0,1,-0.16,4,Top-10 opponent,1.2,0.2
2025,2025-10-18,West Virginia,UCF,away,13,45,6.5,-28,49,-21.5,-3.7,,5,7,-3.59,0,1,-0.31,4,Road · Full house,1.2,-5.6
2025,2025-10-18,USC,Notre Dame,away,24,34,10.5,-10,0,0.5,-7.21,,6,10,-1.31,2,4,0.9,4,Road · Night · Full house · Ranked opponent,1.35,-0.2
2025,2025-10-18,Alabama,Tennessee,home,37,20,-8.5,17,0,8.5,21.72,4.06,4,14,2.03,1,3,-0.28,5,Night · Ranked opponent,1.15,5.3
2025,2025-10-18,Mississippi State,Florida,away,21,23,9.5,-2,0,7.5,-6.62,,5,0,-9.72,0,3,-0.85,4,Road · Full house,1.2,-4.0
2025,2025-10-18,Florida,Mississippi State,home,23,21,-9.5,2,0,-7.5,4.28,-15.48,7,17,-4.35,2,3,0.7,5,,1,-2.4
2025,2025-10-18,Georgia Tech,Duke,away,27,18,3.5,9,0,12.5,13.21,1.52,5,17,5.53,1,1,0.67,5,Road,1.1,5.7
2025,2025-10-18,Georgia,Ole Miss,home,43,35,-7.5,8,0,0.5,-10.72,,2,10,4.13,2,2,1.16,4,Top-10 opponent,1.2,1.2
2025,2025-10-18,Northwestern,Purdue,home,19,0,-3.5,19,0,15.5,10.33,7.75,9,17,-7.31,0,0,,4,,1,3.3
2025,2025-10-18,Arkansas,Texas A&M,home,42,45,8.5,-3,0,5.5,-9.14,,2,14,10.0,0,2,-0.58,4,Top-10 opponent,1.2,1.4
2025,2025-10-18,Indiana,Michigan State,home,38,13,-26.5,25,40,-1.5,10.34,0.36,2,14,5.92,2,2,0.86,5,,1,3.4
2025,2025-10-18,Notre Dame,USC,home,34,24,-10.5,10,0,-0.5,4.88,-5.02,6,14,-4.65,1,5,-1.21,5,Night · Ranked opponent,1.15,-2.4
2025,2025-10-18,Arizona State,Texas Tech,home,26,22,8.5,4,0,12.5,-9.85,0.21,8,16,-0.02,2,3,1.13,5,Top-10 opponent,1.2,1.6
2025,2025-10-18,Kentucky,Texas,home,13,16,13.5,-3,0,10.5,-26.69,,8,10,-3.69,1,3,0.25,4,Night · Ranked opponent,1.15,-4.0
2025,2025-10-18,LSU,Vanderbilt,away,24,31,1.5,-7,0,-5.5,-0.66,,3,3,-4.23,1,2,0.31,4,Road · Ranked opponent,1.2,-1.6
2025,2025-10-18,Oklahoma State,Cincinnati,home,17,49,23.5,-25,16,-1.5,-20.69,,2,7,4.74,1,1,0.83,4,Night · Ranked opponent,1.15,-1.4
2025,2025-10-18,Cincinnati,Oklahoma State,away,49,17,-23.5,25,16,1.5,18.35,1.97,4,28,12.54,2,2,0.91,5,Road · Night · Full house,1.25,7.9
2025,2025-10-18,Stanford,Florida State,home,20,13,17.5,7,0,24.5,22.06,7.06,8,13,1.17,1,2,0.56,5,Night,1.05,7.8
2025,2025-10-18,BYU,Utah,home,24,21,5.5,3,0,8.5,13.6,-3.4,7,14,-1.24,1,2,0.37,5,Ranked opponent,1.1,2.7
2025,2025-10-18,Utah,BYU,away,21,24,-5.5,-3,0,-8.5,-15.94,,6,21,4.1,0,2,-0.81,4,Road · Full house · Ranked opponent,1.3,-4.7
2025,2025-10-18,Florida State,Stanford,away,13,20,-17.5,-7,0,-24.5,-24.4,,6,6,-15.09,0,2,-1.0,4,Road · Night,1.15,-14.1
2025,2025-10-24,California,Virginia Tech,away,34,42,6.5,-8,0,-1.5,5.03,-13.86,5,17,6.41,1,6,-0.84,5,Road · Night · Full house,1.25,-1.1
2025,2025-10-24,Virginia Tech,California,home,42,34,-6.5,8,0,1.5,-7.37,-4.87,5,24,9.62,1,5,-1.05,5,Night,1.05,-0.5
2025,2025-10-25,Boston College,Louisville,away,24,38,25.5,-14,0,11.5,-2.39,,9,7,-2.11,1,2,0.69,4,Road · Night · Full house · Ranked opponent,1.35,2.3
2025,2025-10-25,Michigan State,Michigan,home,20,31,13.5,-11,0,2.5,-6.39,,7,7,-4.98,0,1,-0.25,4,Night · Ranked opponent,1.15,-2.4
2025,2025-10-25,Michigan,Michigan State,away,31,20,-13.5,11,0,-2.5,4.05,-5.64,9,24,-5.54,0,1,-0.47,5,Road · Night · Full house,1.25,-2.4
2025,2025-10-25,Minnesota,Iowa,away,3,41,7.5,-31,72,-23.5,-21.21,,0,0,,0,1,-0.3,3,Road · Full house,1.2,-12.0
2025,2025-10-25,Missouri,Vanderbilt,away,10,17,3.5,-7,0,-3.5,-19.12,,6,3,-10.76,1,2,0.34,4,Road · Top-10 opponent,1.3,-7.4
2025,2025-10-25,Ole Miss,Oklahoma,away,34,26,5.5,8,0,13.5,1.35,-0.4,5,7,-3.88,2,4,0.74,5,Road · Full house · Ranked opponent,1.3,2.2
2025,2025-10-25,NC State,Pittsburgh,away,34,53,5.5,-32,29,-26.5,-11.36,,2,7,2.65,0,1,-0.31,4,Road,1.1,-5.6
2025,2025-10-25,North Carolina,Virginia,home,16,17,12.5,-1,0,11.5,-11.81,,10,3,-14.69,2,3,1.23,4,Ranked opponent,1.1,-2.5
2025,2025-10-25,Wake Forest,SMU,home,13,12,5.5,1,0,6.5,-5.75,,13,13,-15.3,0,3,-0.94,4,,1,-4.8
2025,2025-10-25,Nebraska,Northwestern,home,28,21,-7.5,7,0,-0.5,9.38,-11.41,4,21,9.27,0,4,-1.67,5,,1,-0.1
2025,2025-10-25,Rutgers,Purdue,away,27,24,2.5,3,0,5.5,-18.56,,6,24,9.89,1,2,0.32,4,Road · Full house,1.2,0.8
2025,2025-10-25,Syracuse,Georgia Tech,away,16,41,17.5,-31,31,-13.5,-8.53,,3,10,5.56,0,2,-0.44,4,Road · Full house · Top-10 opponent,1.4,-3.2
2025,2025-10-25,Oklahoma State,Texas Tech,away,0,42,35.5,-35,61,0.5,-18.92,,5,0,-2.15,0,2,-0.15,4,Road · Full house · Ranked opponent,1.3,-4.7
2025,2025-10-25,Auburn,Arkansas,away,33,24,2.5,9,0,11.5,-5.46,0.98,5,19,7.24,1,3,-0.01,5,Road · Full house,1.2,2.6
2025,2025-10-25,Oklahoma,Ole Miss,home,26,34,-5.5,-8,0,-13.5,-3.69,,4,17,5.73,1,6,-1.42,4,Top-10 opponent,1.2,-3.2
2025,2025-10-25,Cincinnati,Baylor,home,41,20,-3.5,21,0,17.5,7.86,5.75,4,17,6.2,1,1,0.61,5,,1,5.7
2025,2025-10-25,Pittsburgh,NC State,home,53,34,-5.5,32,29,26.5,9.02,19.67,7,30,10.28,2,3,0.79,5,,1,9.7
2025,2025-10-25,Iowa,Minnesota,home,41,3,-7.5,31,72,23.5,18.88,17.59,2,10,4.13,0,0,,4,,1,9.5
2025,2025-10-25,Kansas,Kansas State,home,17,42,-3.5,-25,13,-28.5,-21.6,,4,7,-3.8,0,2,-0.77,4,,1,-9.2
2025,2025-10-25,Kansas State,Kansas,away,42,17,3.5,25,13,28.5,19.27,13.52,7,21,4.95,1,1,0.67,5,Road,1.1,10.1
2025,2025-10-25,Vanderbilt,Missouri,home,17,10,-3.5,7,0,3.5,16.79,,6,14,-2.2,1,2,0.23,4,Ranked opponent,1.1,3.6
2025,2025-10-25,Baylor,Cincinnati,away,20,41,3.5,-21,0,-17.5,-10.2,,1,0,-2.29,0,1,-0.33,4,Road · Full house · Ranked opponent,1.3,-6.4
2025,2025-10-25,Miami,Stanford,home,42,7,-28.5,28,29,-0.5,1.47,-0.72,7,35,5.91,0,1,-0.59,5,Night,1.05,0.8
2025,2025-10-25,Stanford,Miami,away,7,42,28.5,-28,29,0.5,-3.81,,4,7,3.65,0,1,-0.13,4,Road · Night · Full house · Top-10 opponent,1.45,0.5
2025,2025-10-25,Texas A&M,LSU,away,49,25,-1.5,24,37,22.5,4.17,13.83,7,28,9.91,1,3,-0.11,5,Road · Night · Full house · Ranked opponent,1.35,9.2
2025,2025-10-25,Oregon,Wisconsin,home,21,7,-31.5,14,0,-17.5,-1.37,-16.34,6,14,-11.98,0,0,,4,,1,-7.2
2025,2025-10-25,Purdue,Rutgers,home,24,27,-2.5,-3,0,-5.5,16.22,-13.71,6,10,-5.85,1,3,-0.14,5,,1,-1.5
2025,2025-10-25,Texas,Mississippi State,away,45,38,-8.5,7,0,-1.5,8.27,,8,17,-6.93,0,3,-1.28,4,Road,1.1,-2.1
2025,2025-10-25,BYU,Iowa State,away,41,27,2.5,14,0,16.5,24.7,1.98,3,10,2.95,1,3,-0.01,5,Road · Full house,1.2,7.2
2025,2025-10-25,SMU,Wake Forest,away,12,13,-5.5,-1,0,-6.5,3.41,,13,13,-23.62,0,2,-0.81,4,Road,1.1,-7.7
2025,2025-10-25,South Carolina,Alabama,home,22,29,12.5,-7,0,5.5,-11.21,,7,13,0.61,0,3,-0.77,4,Top-10 opponent,1.2,-2.1
2025,2025-10-25,Virginia,North Carolina,away,17,16,-12.5,1,0,-11.5,9.47,,10,10,-22.24,0,2,-0.92,4,Road · Full house,1.2,-7.7
2025,2025-10-25,UCLA,Indiana,away,6,56,27.5,-32,80,-4.5,-22.72,,1,0,-0.9,0,1,-0.14,4,Road · Full house · Top-10 opponent,1.4,-6.5
2025,2025-10-25,TCU,West Virginia,away,23,17,-16.5,6,0,-10.5,4.93,-12.25,8,16,-11.66,1,1,0.51,5,Road,1.1,-4.2
2025,2025-10-25,Tennessee,Kentucky,away,56,34,-7.5,29,13,21.5,20.12,11.59,5,28,13.33,1,2,0.16,5,Road · Night · Full house,1.25,11.8
2025,2025-10-25,Washington,Illinois,home,42,25,-3.5,17,0,13.5,4.06,4.75,2,14,8.6,2,3,0.84,5,Ranked opponent,1.1,5.8
2025,2025-10-25,Texas Tech,Oklahoma State,home,42,0,-35.5,35,61,-0.5,16.59,3.51,9,28,-13.07,1,1,0.36,5,,1,0.6
2025,2025-10-25,Wisconsin,Oregon,away,7,21,31.5,-14,0,17.5,-0.97,,6,0,-3.98,0,0,,3,Road · Full house · Top-10 opponent,1.4,2.5
2025,2025-10-25,West Virginia,TCU,home,17,23,16.5,-6,0,10.5,-7.27,,5,10,2.32,0,1,-0.23,4,,1,0.7
2025,2025-10-25,Alabama,South Carolina,away,29,22,-12.5,7,0,-5.5,8.88,,4,7,-5.9,1,4,-0.84,4,Road · Full house,1.2,-1.9
2025,2025-10-25,Mississippi State,Texas,home,38,45,8.5,-7,0,1.5,-10.6,-11.79,9,24,5.98,1,5,-0.45,5,Ranked opponent,1.1,-2.2
2025,2025-10-25,Illinois,Washington,away,25,42,3.5,-17,0,-13.5,-6.4,,1,7,4.71,1,1,0.67,4,Road · Full house,1.2,-0.9
2025,2025-10-25,Georgia Tech,Syracuse,home,41,16,-17.5,31,31,13.5,6.2,8.21,6,24,2.91,1,1,0.5,5,,1,4.6
2025,2025-10-25,Iowa State,BYU,home,27,41,-2.5,-14,0,-16.5,-27.04,-24.71,3,7,-0.93,3,5,1.11,5,Ranked opponent,1.1,-8.5
2025,2025-10-25,Northwestern,Nebraska,away,21,28,7.5,-7,0,0.5,-11.72,,4,10,1.76,2,3,1.11,4,Road · Full house,1.2,0.2
2025,2025-10-25,Arkansas,Auburn,home,24,33,-2.5,-9,0,-11.5,3.12,-20.71,1,7,4.36,1,7,-1.65,5,,1,-4.4
2025,2025-10-25,Indiana,UCLA,home,56,6,-27.5,32,80,4.5,20.38,3.82,4,21,4.61,0,0,,4,,1,5.4
2025,2025-10-25,Kentucky,Tennessee,home,34,56,7.5,-29,13,-21.5,-22.46,,3,7,0.82,0,1,-0.3,4,Night · Ranked opponent,1.15,-7.7
2025,2025-10-25,Louisville,Boston College,home,38,24,-25.5,14,0,-11.5,0.05,-10.1,11,31,-12.79,1,4,-1.25,5,Night,1.05,-6.5
2025,2025-10-25,LSU,Texas A&M,home,25,49,1.5,-24,37,-22.5,-6.5,,3,10,2.77,1,3,-0.04,4,Night · Top-10 opponent,1.25,-4.2
2025,2025-10-25,Houston,Arizona State,away,24,16,7.5,14,4,21.5,12.63,9.68,6,21,8.64,0,1,-0.3,5,Road · Full house · Ranked opponent,1.3,8.9
2025,2025-10-25,Utah,Colorado,home,53,7,-14.5,43,119,28.5,13.93,25.82,4,10,-3.36,0,0,,4,Night,1.05,9.5
2025,2025-10-25,Colorado,Utah,away,7,53,14.5,-43,119,-28.5,-16.27,,2,0,-3.31,0,1,-0.24,4,Road · Night · Full house,1.25,-9.4
2025,2025-10-25,Arizona State,Houston,home,16,24,-7.5,-14,4,-21.5,-14.96,,6,10,-7.6,0,1,-0.42,4,,1,-7.7
2025,2025-10-31,North Carolina,Syracuse,away,27,10,1.5,17,0,18.5,-16.43,9.44,7,27,10.13,0,2,-0.69,5,Road · Night · Full house,1.25,3.2
2025,2025-10-31,Syracuse,North Carolina,home,10,27,-1.5,-17,0,-18.5,14.09,,4,3,-7.34,0,2,-0.74,4,Night,1.05,-2.8
2025,2025-11-01,Boston College,Notre Dame,home,10,25,30.5,-15,0,15.5,0.57,,6,3,-1.33,0,1,-0.11,4,Ranked opponent,1.1,2.1
2025,2025-11-01,Arizona,Colorado,away,52,17,-3.5,31,100,27.5,18.27,19.75,5,24,10.5,0,0,,4,Road,1.1,12.8
2025,2025-11-01,Maryland,Indiana,home,10,55,21.5,-31,53,-9.5,-10.66,,2,3,0.51,0,2,-0.37,4,Top-10 opponent,1.2,-3.9
2025,2025-11-01,Michigan State,Minnesota,away,20,23,5.5,-3,0,2.5,-22.53,,7,10,-5.24,0,1,-0.31,4,Road,1.1,-5.4
2025,2025-11-01,Michigan,Purdue,home,21,16,-22.5,5,0,-17.5,-8.54,-17.49,6,21,-1.84,0,2,-1.08,5,Night,1.05,-7.0
2025,2025-11-01,Minnesota,Michigan State,home,23,20,-5.5,3,0,-2.5,20.19,,7,10,-9.72,2,4,0.39,4,,1,1.3
2025,2025-11-01,Ole Miss,South Carolina,home,30,14,-13.5,16,0,2.5,-1.3,-0.64,7,24,1.02,1,2,0.07,5,Night,1.05,0.4
2025,2025-11-01,Duke,Clemson,away,46,45,4.5,1,0,5.5,10.99,-9.94,3,21,14.3,3,5,1.39,5,Road · Full house,1.2,5.9
2025,2025-11-01,NC State,Georgia Tech,home,48,36,4.5,12,0,16.5,9.72,4.06,2,10,5.53,4,7,1.74,5,Night · Top-10 opponent,1.25,8.2
2025,2025-11-01,Wake Forest,Florida State,away,7,42,12.5,-28,45,-15.5,-16.28,,3,0,-5.31,0,1,-0.26,4,Road · Night · Full house,1.25,-7.9
2025,2025-11-01,Nebraska,USC,home,17,21,4.5,-4,0,0.5,0.01,,5,7,-4.17,2,4,0.71,4,Night · Ranked opponent,1.15,0.2
2025,2025-11-01,Rutgers,Illinois,away,13,35,12.5,-29,25,-16.5,-10.89,,1,3,1.23,1,2,0.48,4,Road · Full house,1.2,-3.6
2025,2025-11-01,Ohio State,Penn State,home,38,14,-17.5,24,24,6.5,-8.01,5.21,6,24,2.91,1,1,0.5,5,,1,1.6
2025,2025-11-01,Oklahoma State,Kansas,away,21,38,24.5,-24,14,0.5,-16.04,,0,0,,0,2,-0.32,3,Road,1.1,-4.7
2025,2025-11-01,Auburn,Kentucky,home,3,10,-11.5,-7,0,-18.5,-4.41,,7,3,-19.16,0,2,-0.9,4,Night,1.05,-9.4
2025,2025-11-01,Oklahoma,Tennessee,away,33,27,2.5,6,0,8.5,23.6,-1.02,6,19,4.89,0,1,-0.34,5,Road · Night · Full house · Ranked opponent,1.35,6.2
2025,2025-11-01,UCF,Baylor,away,3,30,3.5,-27,15,-23.5,-10.41,,4,3,-6.17,0,1,-0.33,4,Road,1.1,-7.4
2025,2025-11-01,Penn State,Ohio State,away,14,38,17.5,-24,24,-6.5,5.67,,2,7,4.04,0,1,-0.22,4,Road · Full house · Top-10 opponent,1.4,1.4
2025,2025-11-01,Pittsburgh,Stanford,away,35,20,-13.5,15,0,1.5,-0.27,-3.64,10,28,-4.83,0,3,-1.4,5,Road,1.1,-2.8
2025,2025-11-01,Clemson,Duke,home,45,46,-4.5,-1,0,-5.5,-13.33,,4,21,9.96,1,2,0.21,4,,1,-0.1
2025,2025-11-01,Kansas,Oklahoma State,home,38,21,-24.5,24,14,-0.5,13.7,1.44,4,28,12.31,1,1,0.44,5,,1,4.9
2025,2025-11-01,Kansas State,Texas Tech,home,20,43,7.5,-23,9,-15.5,-14.02,,7,14,-0.42,0,3,-0.89,4,Ranked opponent,1.1,-6.1
2025,2025-11-01,Vanderbilt,Texas,away,31,34,3.5,-9,9,-5.5,-2.36,,2,14,9.41,0,1,-0.33,4,Road · Full house · Ranked opponent,1.3,1.2
2025,2025-11-01,Baylor,UCF,home,30,3,-3.5,27,15,23.5,8.08,11.75,9,23,-1.31,0,0,,4,,1,5.8
2025,2025-11-01,Miami,SMU,away,20,26,-6.5,-6,0,-12.5,-12.85,,7,10,-10.13,2,3,0.77,4,Road · Full house,1.2,-6.2
2025,2025-11-01,Stanford,Pittsburgh,home,20,35,13.5,-15,0,-1.5,-2.07,,9,14,-1.4,1,2,0.5,4,,1,-0.1
2025,2025-11-01,Houston,West Virginia,home,35,45,-12.5,-10,0,-22.5,-11.17,,4,7,-5.9,0,2,-0.92,4,,1,-7.4
2025,2025-11-01,California,Virginia,home,21,31,5.5,-10,0,-4.5,8.21,,8,14,-3.41,0,1,-0.31,4,Ranked opponent,1.1,-0.3
2025,2025-11-01,Purdue,Michigan,away,16,21,22.5,-5,0,17.5,6.21,,6,3,-4.12,1,1,0.82,4,Road · Night · Full house · Ranked opponent,1.35,4.9
2025,2025-11-01,Texas,Vanderbilt,home,34,31,-3.5,9,9,5.5,0.02,-2.25,4,20,9.2,0,0,,4,Top-10 opponent,1.2,3.1
2025,2025-11-01,SMU,Miami,home,26,20,6.5,6,0,12.5,10.51,,8,20,3.05,0,3,-0.92,4,Top-10 opponent,1.2,3.9
2025,2025-11-01,South Carolina,Ole Miss,away,14,30,13.5,-16,0,-2.5,-1.04,,4,0,-6.84,0,3,-0.75,4,Road · Night · Full house · Top-10 opponent,1.45,-4.3
2025,2025-11-01,Virginia,California,away,31,21,-5.5,10,0,4.5,-10.54,-2.33,8,3,-19.54,2,3,0.79,5,Road,1.1,-4.4
2025,2025-11-01,Virginia Tech,Louisville,home,16,28,10.5,-12,0,-1.5,2.15,-14.71,6,14,2.69,0,3,-0.82,5,Ranked opponent,1.1,-2.3
2025,2025-11-01,Tennessee,Oklahoma,home,27,33,-2.5,-6,0,-8.5,-25.94,,5,21,7.79,2,4,0.49,4,Night · Ranked opponent,1.15,-3.2
2025,2025-11-01,Texas Tech,Kansas State,away,43,20,-7.5,23,9,15.5,11.69,7.59,10,34,4.67,2,3,0.74,5,Road · Full house,1.2,7.2
2025,2025-11-01,West Virginia,Houston,away,45,35,12.5,10,0,22.5,8.83,3.37,6,24,13.38,1,4,-0.03,5,Road · Ranked opponent,1.2,8.1
2025,2025-11-01,USC,Nebraska,away,21,17,-4.5,4,0,-0.5,-2.34,,6,13,-3.55,1,3,-0.18,4,Road · Night · Full house,1.25,-1.7
2025,2025-11-01,Mississippi State,Arkansas,away,38,35,5.5,3,0,8.5,5.18,,5,17,6.12,0,3,-0.94,4,Road · Full house,1.2,3.1
2025,2025-11-01,Illinois,Rutgers,home,35,13,-12.5,29,25,16.5,8.56,7.9,3,21,11.33,1,2,0.08,5,,1,6.4
2025,2025-11-01,Colorado,Arizona,home,17,52,3.5,-31,100,-27.5,-20.6,,1,0,-2.29,0,1,-0.33,4,,1,-8.0
2025,2025-11-01,Florida State,Wake Forest,home,42,7,-12.5,28,45,15.5,13.95,7.9,6,28,8.65,0,0,,4,Night,1.05,7.6
2025,2025-11-01,Florida,Georgia,neutral,20,24,6.5,-4,0,2.5,2.95,,7,13,-1.83,1,3,0.08,4,Top-10 opponent,1.2,0.8
2025,2025-11-01,Georgia Tech,NC State,away,36,48,-4.5,-12,0,-16.5,-12.05,,2,7,1.48,5,6,2.63,4,Road · Night · Full house,1.25,-0.5
2025,2025-11-01,Georgia,Florida,neutral,24,20,-6.5,4,0,-2.5,-5.28,,6,17,-0.25,0,4,-1.64,4,,1,-3.2
2025,2025-11-01,Iowa State,Arizona State,home,19,24,-8.5,-5,0,-13.5,7.12,,10,13,-16.92,1,4,-0.71,4,,1,-5.5
2025,2025-11-01,Arkansas,Mississippi State,home,35,38,-5.5,-3,0,-8.5,-7.52,-19.33,5,27,12.91,1,6,-1.42,5,,1,-3.4
2025,2025-11-01,Indiana,Maryland,away,55,10,-21.5,31,53,9.5,8.33,6.05,5,27,8.26,0,1,-0.53,5,Road,1.1,4.6
2025,2025-11-01,Notre Dame,Boston College,away,25,10,-30.5,15,0,-15.5,-2.91,-12.8,7,21,-8.91,1,2,-0.21,5,Road · Full house,1.2,-6.7
2025,2025-11-01,Arizona State,Iowa State,away,24,19,8.5,5,0,13.5,-9.46,,9,14,-4.02,2,4,0.84,4,Road · Full house,1.2,0.6
2025,2025-11-01,Kentucky,Auburn,away,10,3,11.5,7,0,18.5,2.08,,8,3,-11.62,0,0,,3,Road · Night · Full house,1.25,0.4
2025,2025-11-01,Louisville,Virginia Tech,away,28,16,-10.5,12,0,1.5,-4.49,-5.02,8,28,3.14,0,2,-0.89,5,Road,1.1,-1.4
2025,2025-11-01,Cincinnati,Utah,away,14,45,9.5,-24,39,-14.5,-19.39,,5,7,-2.72,1,2,0.44,4,Road · Night · Full house · Ranked opponent,1.35,-7.0
2025,2025-11-01,Utah,Cincinnati,home,45,14,-9.5,24,39,14.5,17.05,9.52,8,31,6.6,1,1,0.57,5,Night · Ranked opponent,1.15,8.2
2025,2025-11-08,Boston College,SMU,home,13,45,10.5,-25,46,-14.5,-13.18,,5,3,-6.43,0,1,-0.27,4,,1,-5.9
2025,2025-11-08,Arizona,Kansas,home,24,20,-6.5,4,0,-2.5,6.89,,6,17,-0.25,0,3,-1.23,4,,1,-0.6
2025,2025-11-08,Maryland,Rutgers,away,20,35,1.5,-15,0,-13.5,-7.85,,4,3,-6.64,2,3,0.96,4,Road,1.1,-3.7
2025,2025-11-08,Missouri,Texas A&M,home,17,38,6.5,-21,0,-14.5,-8.47,,5,3,-7.59,0,1,-0.31,4,Top-10 opponent,1.2,-6.6
2025,2025-11-08,Ole Miss,The Citadel,home,49,0,-52.5,35,81,-17.5,2.28,-6.65,4,21,-1.21,0,0,,4,FCS opponent,1,-2.8
2025,2025-11-08,Duke,UConn,away,34,37,-7.5,-3,0,-10.5,3.64,,3,14,5.2,2,7,-0.93,4,Road · Full house · Group of 5 opponent,1.2,-0.6
2025,2025-11-08,North Carolina,Stanford,home,20,15,-8.5,5,0,-3.5,12.05,-12.94,8,13,-10.93,1,2,0.15,5,,1,-2.4
2025,2025-11-08,Rutgers,Maryland,home,35,20,-1.5,15,0,13.5,5.51,3.83,5,14,1.08,2,4,0.52,5,,1,3.6
2025,2025-11-08,Syracuse,Miami,away,10,38,28.5,-28,46,0.5,-16.28,,4,0,-3.35,0,1,-0.13,4,Road · Full house · Ranked opponent,1.3,-4.5
2025,2025-11-08,Ohio State,Purdue,away,34,10,-30.5,24,31,-6.5,-4.76,-2.8,6,27,1.37,1,1,0.4,5,Road · Full house,1.2,-1.1
2025,2025-11-08,Auburn,Vanderbilt,away,38,45,5.5,-7,0,-1.5,-9.59,-14.4,3,17,10.47,4,7,1.8,5,Road · Ranked opponent,1.2,0.6
2025,2025-11-07,UCF,Houston,home,27,30,-1.5,-3,0,-4.5,10.44,-13.17,6,6,-9.51,1,6,-1.22,5,Night,1.05,-4.0
2025,2025-11-08,Penn State,Indiana,home,24,27,13.5,-3,0,10.5,-5.18,,5,14,5.44,1,2,0.5,4,Top-10 opponent,1.2,3.3
2025,2025-11-08,Iowa,Oregon,home,16,18,4.5,-2,0,2.5,7.59,,5,7,-4.17,1,3,0.03,4,Top-10 opponent,1.2,1.0
2025,2025-11-08,Kansas,Arizona,away,20,24,6.5,-4,0,2.5,-9.23,-9.86,7,17,2.17,1,2,0.39,5,Road,1.1,-1.5
2025,2025-11-08,Vanderbilt,Auburn,home,45,38,-5.5,7,0,1.5,7.25,,3,14,5.55,3,4,1.39,4,,1,4.8
2025,2025-11-08,Miami,Syracuse,home,38,10,-28.5,28,46,-0.5,13.95,-0.72,5,14,-6.78,0,0,,4,,1,0.7
2025,2025-11-08,Stanford,North Carolina,away,15,20,8.5,-5,0,3.5,-14.39,,6,10,-2.01,0,2,-0.58,4,Road · Full house,1.2,-3.6
2025,2025-11-08,Texas A&M,Missouri,away,38,17,-6.5,21,0,14.5,6.14,4.13,7,21,0.87,0,0,,4,Road · Full house · Ranked opponent,1.3,4.9
2025,2025-11-07,Houston,UCF,away,30,27,1.5,3,0,4.5,-12.78,,6,10,-4.46,1,3,-0.04,4,Road · Night · Full house,1.25,-3.1
2025,2025-11-08,Oregon,Iowa,away,18,16,-4.5,2,0,-2.5,-9.92,-8.79,4,13,1.96,1,3,-0.18,5,Road · Full house · Ranked opponent,1.3,-3.2
2025,2025-11-08,Purdue,Ohio State,home,10,34,30.5,-24,31,6.5,2.43,,2,3,1.56,0,1,-0.11,4,Top-10 opponent,1.2,2.1
2025,2025-11-08,BYU,Texas Tech,away,7,29,13.5,-29,9,-15.5,-11.1,,4,0,-6.84,0,1,-0.25,4,Road · Full house · Top-10 opponent,1.4,-8.1
2025,2025-11-08,SMU,Boston College,away,45,13,-10.5,25,46,14.5,10.85,9.98,8,31,6.14,0,0,,4,Road,1.1,7.1
2025,2025-11-08,TCU,Iowa State,home,17,20,-7.5,-3,0,-10.5,-19.38,-17.41,6,10,-7.6,1,2,0.16,5,,1,-7.2
2025,2025-11-08,Washington,Wisconsin,away,10,13,-10.5,-3,0,-13.5,-10.96,,8,7,-17.86,1,3,-0.33,4,Road,1.1,-9.1
2025,2025-11-08,Texas Tech,BYU,home,29,7,-13.5,29,9,15.5,8.76,12.36,9,26,-3.54,0,0,,4,Top-10 opponent,1.2,5.5
2025,2025-11-08,Wisconsin,Washington,home,13,10,10.5,3,0,13.5,8.63,,8,13,-2.09,0,2,-0.55,4,Ranked opponent,1.1,2.5
2025,2025-11-08,West Virginia,Colorado,home,29,22,-6.5,7,0,0.5,2.28,-4.87,7,7,-13.13,3,4,1.36,5,,1,-1.4
2025,2025-11-07,USC,Northwestern,home,38,17,-14.5,21,0,6.5,-3.2,-0.18,4,10,-3.36,1,2,0.05,5,Night,1.05,-0.2
2025,2025-11-08,Mississippi State,Georgia,home,21,41,9.5,-31,41,-21.5,0.9,,2,0,-3.89,0,2,-0.56,4,Top-10 opponent,1.2,-5.1
2025,2025-11-08,Colorado,West Virginia,away,22,29,6.5,-7,0,-0.5,-4.62,,8,10,-6.95,1,2,0.39,4,Road,1.1,-2.1
2025,2025-11-08,Georgia,Mississippi State,away,41,21,-9.5,31,41,21.5,-3.24,16.52,6,31,12.7,1,1,0.57,5,Road,1.1,8.1
2025,2025-11-08,Iowa State,TCU,away,20,17,7.5,3,0,10.5,17.05,,5,7,-3.3,0,2,-0.6,4,Road,1.1,3.2
2025,2025-11-07,Northwestern,USC,away,17,38,14.5,-21,0,-6.5,0.86,,2,0,-3.31,2,3,1.27,4,Road · Night · Full house · Ranked opponent,1.35,0.3
2025,2025-11-08,Indiana,Penn State,away,27,24,-13.5,3,0,-10.5,2.85,-13.64,5,24,7.59,1,3,-0.4,5,Road · Full house,1.2,-1.7
2025,2025-11-08,Wake Forest,Virginia,away,16,9,7.5,7,0,14.5,18.41,,7,9,-5.42,0,3,-0.89,4,Road · Night · Full house · Ranked opponent,1.35,3.8
2025,2025-11-08,Nebraska,UCLA,away,28,21,2.5,7,0,9.5,4.72,-5.02,3,14,6.95,1,1,0.66,5,Road · Night,1.15,3.5
2025,2025-11-08,Clemson,Florida State,home,24,10,-1.5,14,0,12.5,16.99,-1.17,9,16,-7.26,0,0,,4,Night,1.05,2.6
2025,2025-11-08,California,Louisville,away,29,26,18.5,3,0,21.5,-5.88,,5,10,2.9,4,6,2.74,4,Road · Night · Full house · Ranked opponent,1.35,8.6
2025,2025-11-08,Virginia,Wake Forest,home,9,16,-7.5,-7,0,-14.5,-20.75,,8,6,-17.47,0,3,-1.26,4,Night,1.05,-11.7
2025,2025-11-08,UCLA,Nebraska,home,21,28,-2.5,-7,0,-9.5,-7.05,,2,7,1.72,1,2,0.24,4,Night,1.05,-1.6
2025,2025-11-08,Alabama,LSU,home,20,9,-10.5,11,0,0.5,-1.53,-8.02,6,13,-5.65,1,2,0.11,5,Night,1.05,-2.2
2025,2025-11-08,Florida State,Clemson,away,10,24,1.5,-14,0,-12.5,-19.33,,5,0,-12.05,0,1,-0.35,4,Road · Night · Full house,1.25,-10.2
2025,2025-11-08,Florida,Kentucky,away,7,38,-5.5,-24,35,-29.5,-14.72,,1,0,-2.82,0,2,-0.81,4,Road · Night · Full house,1.25,-10.0
2025,2025-11-08,Notre Dame,Navy,home,49,10,-30.5,32,46,1.5,12.37,2.2,4,21,3.91,1,1,0.4,5,Night · Group of 5 opponent,0.9,3.0
2025,2025-11-08,Kentucky,Florida,home,38,7,5.5,24,35,29.5,12.38,17.6,6,24,10.94,1,1,0.69,5,Night,1.05,10.7
2025,2025-11-08,Louisville,California,home,26,29,-18.5,-3,0,-21.5,3.54,,5,7,-10.87,4,4,1.97,4,Night,1.05,-2.5
2025,2025-11-08,LSU,Alabama,away,9,20,10.5,-11,0,-0.5,-0.81,,6,3,-8.31,1,2,0.45,4,Road · Night · Full house · Top-10 opponent,1.45,-2.2
2025,2025-11-15,Boston College,Georgia Tech,home,34,36,16.5,-2,0,14.5,4.24,-3.48,4,14,7.85,3,6,1.65,5,Ranked opponent,1.1,5.4
2025,2025-11-15,Arizona,Cincinnati,away,30,24,6.5,6,0,12.5,-8.46,0.14,5,17,6.41,2,4,0.78,5,Road · Full house · Ranked opponent,1.3,3.1
2025,2025-11-15,Maryland,Illinois,away,6,24,15.5,-18,0,-2.5,-8.72,,5,3,-4.97,0,2,-0.47,4,Road · Full house,1.2,-4.1
2025,2025-11-15,Michigan State,Penn State,home,10,28,6.5,-18,0,-11.5,-5.98,,6,10,-2.71,0,2,-0.61,4,,1,-3.8
2025,2025-11-15,Michigan,Northwestern,away,24,22,-10.5,2,0,-8.5,-23.11,-15.02,5,17,1.46,1,5,-1.21,5,Road · Full house,1.2,-8.2
2025,2025-11-14,Minnesota,Oregon,away,13,42,26.5,-29,32,-2.5,-1.56,,1,3,2.05,0,1,-0.15,4,Road · Night · Full house · Top-10 opponent,1.45,-0.1
2025,2025-11-15,Duke,Virginia,home,17,34,-5.5,-24,14,-29.5,10.24,,3,3,-5.45,0,1,-0.4,4,Ranked opponent,1.1,-4.4
2025,2025-11-15,NC State,Miami,away,7,41,16.5,-31,71,-14.5,-5.59,,3,0,-4.61,0,1,-0.23,4,Road · Ranked opponent,1.2,-5.0
2025,2025-11-15,North Carolina,Wake Forest,away,12,28,3.5,-16,0,-12.5,-2.15,,6,9,-4.76,0,1,-0.33,4,Road · Full house,1.2,-4.2
2025,2025-11-15,Wake Forest,North Carolina,home,28,12,-3.5,16,0,12.5,-0.18,3.75,6,14,-2.2,1,3,-0.16,5,,1,1.4
2025,2025-11-15,Oklahoma State,Kansas State,home,6,14,19.5,-8,0,11.5,-18.2,,7,6,-3.53,0,2,-0.4,4,,1,-2.7
2025,2025-11-15,Oklahoma,Alabama,away,23,21,6.5,2,0,8.5,19.4,-3.86,6,9,-3.71,0,3,-0.92,5,Road · Full house · Top-10 opponent,1.4,2.0
2025,2025-11-15,UCF,Texas Tech,away,9,48,24.5,-36,73,-11.5,-8.56,,1,0,-1.07,0,1,-0.16,4,Road · Full house · Top-10 opponent,1.4,-4.6
2025,2025-11-15,Penn State,Michigan State,away,28,10,-6.5,18,0,11.5,3.64,4.13,7,14,-6.13,2,2,1.18,5,Road,1.1,2.7
2025,2025-11-15,Cincinnati,Arizona,home,24,30,-6.5,-6,0,-12.5,6.12,,4,7,-4.5,2,4,0.36,4,,1,-1.1
2025,2025-11-15,Pittsburgh,Notre Dame,home,15,37,12.5,-22,0,-9.5,-7.34,,4,3,-4.08,0,1,-0.26,4,Top-10 opponent,1.2,-4.4
2025,2025-11-14,Clemson,Louisville,away,20,19,2.5,1,0,3.5,7.64,,7,14,-2.46,1,4,-0.35,4,Road · Night · Full house · Ranked opponent,1.35,1.2
2025,2025-11-15,Iowa,USC,away,21,26,6.5,-5,0,1.5,-2.11,-14.86,3,7,0.64,1,4,-0.22,5,Road · Ranked opponent,1.2,-2.6
2025,2025-11-15,Kansas State,Oklahoma State,away,14,6,-19.5,8,0,-11.5,15.86,,7,14,-11.42,0,2,-1.03,4,Road,1.1,-3.1
2025,2025-11-15,Miami,NC State,home,41,7,-16.5,31,71,14.5,3.25,12.75,6,17,-3.74,0,0,,4,,1,3.7
2025,2025-11-15,Texas A&M,South Carolina,home,31,30,-16.5,1,0,-15.5,-12.85,,7,14,-10.2,1,2,0.02,4,,1,-6.6
2025,2025-11-14,Oregon,Minnesota,home,42,13,-26.5,29,32,2.5,-0.78,1.36,3,14,1.88,0,0,,4,Night,1.05,1.1
2025,2025-11-15,South Carolina,Texas A&M,away,30,31,16.5,-1,0,15.5,10.51,-5.48,8,13,0.71,1,2,0.55,5,Road · Full house · Top-10 opponent,1.4,4.3
2025,2025-11-15,Virginia,Duke,away,34,17,5.5,24,14,29.5,-12.57,16.6,6,17,3.94,1,1,0.69,5,Road,1.1,6.0
2025,2025-11-15,Tennessee,New Mexico State,home,42,9,-41.5,32,57,-9.5,11.56,-3.72,6,21,-8.47,0,0,,4,Group of 5 opponent,1,-1.6
2025,2025-11-15,Texas Tech,UCF,home,48,9,-24.5,36,73,11.5,6.22,9.44,5,21,1.39,0,0,,4,,1,4.3
2025,2025-11-15,Wisconsin,Indiana,away,7,31,27.5,-24,15,3.5,-4.68,,4,7,3.41,0,1,-0.14,4,Road · Full house · Top-10 opponent,1.4,0.8
2025,2025-11-15,West Virginia,Arizona State,away,23,25,9.5,-2,0,7.5,-12.4,,6,17,5.34,0,2,-0.56,4,Road · Full house,1.2,-0.3
2025,2025-11-15,USC,Iowa,home,26,21,-6.5,5,0,-1.5,-0.23,,4,14,2.5,0,1,-0.41,4,Ranked opponent,1.1,0.1
2025,2025-11-15,Alabama,Oklahoma,home,21,23,-6.5,-2,0,-8.5,-21.73,,5,0,-14.38,1,3,-0.23,4,Ranked opponent,1.1,-9.3
2025,2025-11-15,Illinois,Maryland,home,24,6,-15.5,18,0,2.5,6.38,-4.72,7,17,-6.79,1,2,0.03,5,,1,-0.7
2025,2025-11-15,Georgia Tech,Boston College,away,36,34,-16.5,2,0,-14.5,-6.57,,5,28,10.71,2,4,0.04,4,Road,1.1,-0.2
2025,2025-11-15,Northwestern,Michigan,home,22,24,10.5,-2,0,8.5,20.77,,7,13,-0.2,0,2,-0.55,4,Ranked opponent,1.1,4.5
2025,2025-11-15,Arkansas,LSU,away,22,23,4.5,-1,0,3.5,2.19,-11.94,5,14,2.83,1,2,0.36,5,Road · Full house,1.2,0.0
2025,2025-11-15,Indiana,Wisconsin,home,31,7,-27.5,24,15,-3.5,2.34,-0.18,7,21,-7.68,1,1,0.42,5,,1,-1.0
2025,2025-11-15,Notre Dame,Pittsburgh,away,37,15,-12.5,22,0,9.5,5.01,1.9,5,14,-2.12,0,0,,4,Road · Full house · Ranked opponent,1.3,2.6
2025,2025-11-15,Arizona State,West Virginia,home,25,23,-9.5,2,0,-7.5,10.06,-14.48,6,21,2.7,1,4,-0.74,5,,1,-1.6
2025,2025-11-15,Kentucky,Tennessee Tech,home,42,10,-22.5,25,42,2.5,9.43,-0.49,4,21,5.77,0,0,,4,FCS opponent,0.6,1.9
2025,2025-11-14,Louisville,Clemson,home,19,20,-2.5,-1,0,-3.5,-9.98,,8,17,-4.14,1,4,-0.51,4,Night,1.05,-3.8
2025,2025-11-15,LSU,Arkansas,home,23,22,-4.5,1,0,-3.5,-4.53,,7,23,3.69,1,1,0.61,4,,1,0.6
2025,2025-11-15,Missouri,Mississippi State,home,49,27,-7.5,25,18,17.5,15.82,10.59,6,28,10.4,1,3,-0.26,5,Night,1.05,7.7
2025,2025-11-15,Ole Miss,Florida,home,34,24,-11.5,10,0,-1.5,-11.05,-5.56,6,24,5.0,2,4,0.2,5,Night,1.05,-1.1
2025,2025-11-15,Ohio State,UCLA,home,48,10,-32.5,41,40,8.5,10.21,14.13,5,27,5.06,0,0,,4,Night,1.05,6.4
2025,2025-11-15,Baylor,Utah,home,28,55,9.5,-35,25,-25.5,-33.94,,5,13,3.28,0,1,-0.28,4,Night · Ranked opponent,1.15,-9.8
2025,2025-11-15,Purdue,Washington,away,13,49,14.5,-35,70,-20.5,-10.7,,2,0,-3.31,0,1,-0.24,4,Road · Full house,1.2,-6.6
2025,2025-11-15,Texas,Georgia,away,10,35,3.5,-25,21,-21.5,-11.76,,4,7,-2.17,0,1,-0.33,4,Road · Night · Full house · Top-10 opponent,1.45,-8.2
2025,2025-11-15,BYU,TCU,home,44,13,-2.5,24,42,21.5,5.59,13.29,5,21,7.79,0,0,,4,Night,1.05,7.8
2025,2025-11-15,Utah,Baylor,away,55,28,-9.5,35,25,25.5,31.6,16.52,7,21,-0.35,2,2,1.13,5,Road · Night · Full house,1.25,13.0
2025,2025-11-15,Virginia Tech,Florida State,away,14,34,13.5,-20,0,-6.5,-14.27,,1,0,-1.71,1,1,0.75,4,Road · Night · Full house,1.25,-3.2
2025,2025-11-15,UCLA,Ohio State,away,10,48,32.5,-41,40,-8.5,-12.55,,0,0,,0,1,-0.1,3,Road · Night · Full house · Top-10 opponent,1.45,-6.9
2025,2025-11-15,TCU,BYU,away,13,44,2.5,-24,42,-21.5,-7.92,,2,0,-4.7,0,1,-0.34,4,Road · Night · Full house · Ranked opponent,1.35,-7.6
2025,2025-11-15,Washington,Purdue,home,49,13,-14.5,35,70,20.5,8.37,13.82,5,28,11.3,0,0,,4,,1,8.6
2025,2025-11-15,Mississippi State,Missouri,away,27,49,7.5,-25,18,-17.5,-18.15,,5,7,-3.3,1,1,0.7,4,Road · Night · Full house,1.25,-6.5
2025,2025-11-15,Florida State,Virginia Tech,home,34,14,-13.5,20,0,6.5,11.93,3.36,4,13,-0.13,1,1,0.53,5,Night,1.05,3.6
2025,2025-11-15,Florida,Ole Miss,away,24,34,11.5,-10,0,1.5,8.72,,4,7,-0.31,2,4,0.94,4,Road · Night · Full house · Top-10 opponent,1.45,4.3
2025,2025-11-15,Georgia,Texas,home,35,10,-3.5,25,21,21.5,9.43,12.75,6,14,-2.2,2,2,1.23,5,Night · Top-10 opponent,1.25,7.8
2025,2025-11-22,Arizona,Baylor,home,41,17,-6.5,24,26,17.5,16.54,10.13,6,14,-3.25,3,3,1.77,5,,1,6.7
2025,2025-11-22,Maryland,Michigan,home,20,45,13.5,-29,32,-15.5,-18.91,,1,0,-1.71,0,2,-0.5,4,Ranked opponent,1.1,-6.8
2025,2025-11-22,Michigan State,Iowa,away,17,20,17.5,-3,0,14.5,-7.62,-2.94,10,17,2.22,0,3,-0.65,5,Road · Full house,1.2,0.1
2025,2025-11-22,Michigan,Maryland,away,45,20,-13.5,29,32,15.5,16.57,8.36,3,21,11.15,1,1,0.53,5,Road,1.1,8.6
2025,2025-11-22,Minnesota,Northwestern,away,35,38,4.5,-3,0,1.5,16.32,-14.94,1,7,4.77,2,6,0.07,5,Road,1.1,1.5
2025,2025-11-22,Missouri,Oklahoma,away,6,17,4.5,-11,0,-6.5,-15.01,,9,0,-20.11,0,1,-0.32,4,Road · Full house · Top-10 opponent,1.4,-12.0
2025,2025-11-22,Duke,North Carolina,away,32,25,-6.5,7,0,0.5,1.27,-5.87,3,17,8.37,1,3,-0.23,5,Road · Full house,1.2,1.1
2025,2025-11-21,NC State,Florida State,home,21,11,6.5,10,0,16.5,19.69,3.14,5,14,3.41,0,2,-0.61,5,Night,1.05,5.2
2025,2025-11-22,North Carolina,Duke,home,25,32,6.5,-7,0,-0.5,-3.6,,2,7,2.76,0,3,-0.92,4,,1,-1.0
2025,2025-11-22,Wake Forest,Delaware,home,52,14,-17.5,35,71,17.5,0.76,11.21,5,28,10.42,1,1,0.5,5,Group of 5 opponent,0.85,5.3
2025,2025-11-22,Rutgers,Ohio State,away,9,42,28.5,-25,32,3.5,-2.43,,3,0,-2.51,1,1,0.87,4,Road · Top-10 opponent,1.3,1.0
2025,2025-11-22,Syracuse,Notre Dame,away,7,70,36.5,-42,120,-5.5,-27.65,,0,0,,0,1,-0.07,3,Road · Full house · Top-10 opponent,1.4,-10.8
2025,2025-11-22,Ohio State,Rutgers,home,42,9,-28.5,25,32,-3.5,0.09,-0.72,5,28,7.22,0,1,-0.59,5,,1,0.5
2025,2025-11-22,Oklahoma State,UCF,away,14,17,12.5,-3,0,9.5,12.88,-9.63,7,7,-5.39,0,3,-0.77,5,Road · Full house,1.2,-0.4
2025,2025-11-22,Auburn,Mercer,home,62,17,-26.5,32,59,5.5,13.99,7.36,2,14,5.92,2,3,0.29,5,FCS opponent,0.6,3.0
2025,2025-11-22,Oklahoma,Missouri,home,17,6,-4.5,11,0,6.5,12.67,-1.79,10,14,-13.59,0,1,-0.39,5,Ranked opponent,1.1,-0.8
2025,2025-11-22,UCF,Oklahoma State,home,17,14,-12.5,3,0,-9.5,-15.21,,8,10,-15.8,0,1,-0.46,4,,1,-8.1
2025,2025-11-22,Clemson,Furman,home,45,10,-43.5,28,19,-15.5,10.4,-4.8,7,35,-0.2,0,0,,4,FCS opponent,1,-0.9
2025,2025-11-22,Iowa,Michigan State,home,20,17,-17.5,3,0,-14.5,5.28,,9,10,-21.64,0,2,-1.0,4,,1,-7.5
2025,2025-11-22,Kansas,Iowa State,away,14,38,3.5,-24,8,-20.5,-8.53,,1,0,-2.29,0,1,-0.33,4,Road · Full house,1.2,-6.0
2025,2025-11-22,Kansas State,Utah,away,47,51,18.5,-4,0,14.5,-6.79,-3.4,4,24,18.32,4,7,2.53,5,Road · Full house · Ranked opponent,1.3,8.2
2025,2025-11-22,Vanderbilt,Kentucky,home,45,17,-6.5,35,57,28.5,-2.69,22.13,6,24,6.75,0,0,,4,,1,8.2
2025,2025-11-22,Baylor,Arizona,away,17,41,6.5,-24,26,-17.5,-18.88,,4,3,-5.47,1,3,0.08,4,Road,1.1,-7.3
2025,2025-11-22,Miami,Virginia Tech,away,34,17,-17.5,17,0,-0.5,17.25,-2.79,5,13,-4.58,1,1,0.5,5,Road · Full house,1.2,1.9
2025,2025-11-22,Texas A&M,Samford,home,48,0,-53.5,31,75,-22.5,-4.15,-11.19,4,21,-1.44,0,0,,4,FCS opponent,1,-5.1
2025,2025-11-22,Houston,TCU,home,14,17,1.5,-3,0,-1.5,0.09,,8,14,-5.28,0,2,-0.69,4,,1,-2.2
2025,2025-11-22,Oregon,USC,home,42,27,-12.5,15,0,2.5,9.17,-5.1,5,14,-2.12,3,4,1.16,5,Ranked opponent,1.1,1.8
2025,2025-11-22,Texas,Arkansas,home,52,37,-10.5,22,12,11.5,22.46,5.98,3,10,0.68,3,5,0.79,5,,1,6.1
2025,2025-11-22,Utah,Kansas State,home,51,47,-18.5,4,0,-14.5,4.46,,3,14,3.28,3,6,-0.04,4,,1,-0.3
2025,2025-11-22,SMU,Louisville,home,38,6,-3.5,25,28,21.5,-2.24,12.75,5,24,10.5,0,1,-0.39,5,,1,5.6
2025,2025-11-22,South Carolina,Coastal Carolina,home,51,7,-24.5,37,88,12.5,6.82,11.44,4,21,5.31,0,0,,4,Group of 5 opponent,0.85,4.9
2025,2025-11-22,Virginia Tech,Miami,home,17,34,17.5,-17,0,0.5,-19.59,,2,7,4.04,1,1,0.78,4,Ranked opponent,1.1,-1.1
2025,2025-11-22,TCU,Houston,away,17,14,-1.5,3,0,1.5,-2.43,-11.17,9,10,-13.26,0,2,-0.74,5,Road · Ranked opponent,1.2,-5.8
2025,2025-11-22,USC,Oregon,away,27,42,12.5,-15,0,-2.5,-11.5,,4,14,6.92,1,3,0.23,4,Road · Full house · Top-10 opponent,1.4,-0.1
2025,2025-11-22,Alabama,Eastern Illinois,home,56,0,-54.5,35,68,-19.5,1.88,-7.73,6,28,-6.01,0,0,,4,FCS opponent,1,-4.3
2025,2025-11-21,Florida State,NC State,away,11,21,-6.5,-10,0,-16.5,-22.02,,4,7,-4.5,1,1,0.59,4,Road · Night · Full house,1.25,-7.7
2025,2025-11-22,Georgia,Charlotte,home,35,3,-42.5,32,63,-10.5,3.34,-4.26,4,28,8.12,0,0,,4,Group of 5 opponent,0.85,0.5
2025,2025-11-22,Iowa State,Kansas,home,38,14,-3.5,24,8,20.5,6.19,8.75,5,17,3.5,0,0,,4,,1,5.8
2025,2025-11-22,Northwestern,Minnesota,home,38,35,-4.5,3,0,-1.5,-18.66,-8.79,3,17,8.72,2,3,0.82,5,,1,-1.2
2025,2025-11-22,Arkansas,Texas,away,37,52,10.5,-22,12,-11.5,-24.79,,3,7,1.34,3,4,1.9,4,Road · Full house · Ranked opponent,1.3,-3.6
2025,2025-11-22,Notre Dame,Syracuse,home,70,7,-36.5,42,120,5.5,25.31,8.97,1,7,2.38,0,0,,4,,1,6.6
2025,2025-11-22,Kentucky,Vanderbilt,away,17,45,6.5,-35,57,-28.5,0.35,,2,3,-1.24,0,1,-0.31,4,Road · Ranked opponent,1.2,-5.2
2025,2025-11-22,Louisville,SMU,away,6,38,3.5,-25,28,-21.5,-0.1,,2,0,-4.59,1,1,0.67,4,Road · Full house,1.2,-3.7
2025,2025-11-22,Nebraska,Penn State,away,10,37,7.5,-27,33,-19.5,-12.95,,0,0,,0,1,-0.3,3,Road · Night · Full house,1.25,-9.1
2025,2025-11-22,Penn State,Nebraska,home,37,10,-7.5,27,33,19.5,10.62,13.59,3,17,8.2,1,1,0.58,5,Night,1.05,8.1
2025,2025-11-22,Cincinnati,BYU,home,14,26,2.5,-12,0,-9.5,-13.47,,4,14,4.59,0,2,-0.68,4,Night · Ranked opponent,1.15,-3.5
2025,2025-11-22,Pittsburgh,Georgia Tech,away,42,28,2.5,14,0,16.5,6.95,1.98,7,28,11.54,1,1,0.66,5,Road · Night · Full house · Ranked opponent,1.35,8.1
2025,2025-11-22,Stanford,California,home,31,10,4.5,21,0,25.5,22.67,10.06,7,17,1.36,0,2,-0.64,5,,1,6.9
2025,2025-11-22,California,Stanford,away,10,31,-4.5,-21,0,-25.5,-25.01,,7,3,-16.31,1,2,0.21,4,Road · Full house,1.2,-13.5
2025,2025-11-22,BYU,Cincinnati,away,26,14,-2.5,12,0,9.5,11.14,1.29,6,17,1.15,2,2,1.24,5,Road · Night · Full house,1.25,5.3
2025,2025-11-22,UCLA,Washington,home,14,48,10.5,-34,45,-23.5,-18.12,,3,7,1.34,0,1,-0.27,4,Night,1.05,-6.4
2025,2025-11-22,Tennessee,Florida,away,31,11,-3.5,31,43,27.5,-1.51,15.75,3,21,12.9,0,0,,4,Road · Night · Full house,1.25,10.8
2025,2025-11-22,Washington,UCLA,away,48,14,-10.5,34,45,23.5,15.79,18.98,8,34,9.14,0,0,,4,Road · Night,1.15,11.9
2025,2025-11-22,Wisconsin,Illinois,home,27,10,8.5,17,0,25.5,14.82,12.21,7,27,12.98,0,2,-0.58,5,Night · Ranked opponent,1.15,9.7
2025,2025-11-22,Illinois,Wisconsin,away,10,27,-8.5,-17,0,-25.5,-17.15,,5,10,-4.96,0,1,-0.43,4,Road · Night,1.15,-9.1
2025,2025-11-22,Colorado,Arizona State,home,17,42,6.5,-25,8,-18.5,4.98,,9,10,-9.07,1,4,-0.22,4,Night · Ranked opponent,1.15,-4.6
2025,2025-11-22,Florida,Tennessee,home,11,31,3.5,-31,43,-27.5,-0.82,,0,0,,0,1,-0.33,3,Night · Ranked opponent,1.15,-7.0
2025,2025-11-22,Georgia Tech,Pittsburgh,home,28,42,-2.5,-14,0,-16.5,-9.28,,6,21,5.15,0,1,-0.38,4,Night,1.05,-3.0
2025,2025-11-22,Arizona State,Colorado,away,42,17,-6.5,25,8,18.5,-7.31,11.13,12,34,-0.5,1,3,-0.23,5,Road · Night · Full house,1.25,3.0
2025,2025-11-22,LSU,Western Kentucky,home,13,10,-25.5,3,0,-22.5,-16.23,-20.1,12,13,-34.77,0,1,-0.56,5,Night · Group of 5 opponent,1.05,-15.1
2025,2025-11-28,Ole Miss,Mississippi State,away,38,19,-7.5,19,0,11.5,6.77,4.59,6,7,-10.6,3,3,1.74,5,Road · Full house,1.2,3.1
2025,2025-11-28,Nebraska,Iowa,home,16,40,5.5,-24,30,-18.5,-14.92,,2,7,2.65,2,4,0.74,4,,1,-3.2
2025,2025-11-28,Iowa,Nebraska,away,40,16,-5.5,24,30,18.5,12.59,11.67,5,21,6.91,4,4,2.39,5,Road · Full house,1.2,10.9
2025,2025-11-28,Kansas,Utah,home,21,31,10.0,-10,0,0.0,-17.96,,5,14,4.43,0,3,-0.83,4,Ranked opponent,1.1,-3.1
2025,2025-11-28,Utah,Kansas,away,31,21,-10.0,10,0,0.0,15.63,-4.75,5,10,-5.39,2,3,0.68,5,Road,1.1,1.3
2025,2025-11-28,Mississippi State,Ole Miss,home,19,38,7.5,-19,0,-11.5,-9.11,,5,3,-7.3,1,2,0.4,4,Top-10 opponent,1.2,-5.0
2025,2025-11-28,Georgia Tech,Georgia,neutral,9,16,16.5,-7,0,9.5,-7.15,,4,9,2.85,0,2,-0.45,4,Top-10 opponent,1.2,0.5
2025,2025-11-28,Georgia,Georgia Tech,neutral,16,9,-16.5,7,0,-9.5,4.82,-11.25,5,10,-7.29,2,3,0.53,5,Ranked opponent,1.1,-3.0
2025,2025-11-29,Boston College,Syracuse,away,34,12,-2.5,28,13,25.5,1.06,13.29,6,31,15.15,1,2,0.24,5,Road,1.1,8.8
2025,2025-11-28,Arizona,Arizona State,away,23,7,-2.5,16,0,13.5,-1.3,6.29,9,23,-0.78,0,1,-0.38,5,Road · Night · Full house · Ranked opponent,1.35,2.4
2025,2025-11-29,Michigan,Ohio State,home,9,27,10.0,-18,0,-8.0,7.01,,3,3,-2.74,1,2,0.44,4,Top-10 opponent,1.2,0.2
2025,2025-11-29,Minnesota,Wisconsin,home,17,7,2.5,10,0,12.5,13.9,1.98,8,17,-1.81,0,0,,4,,1,3.7
2025,2025-11-29,Missouri,Arkansas,away,31,17,-4.5,14,0,9.5,-1.98,-1.79,5,10,-3.79,0,1,-0.39,5,Road,1.1,-0.5
2025,2025-11-29,Duke,Wake Forest,home,49,32,-2.5,17,0,14.5,22.02,5.29,7,28,9.5,1,2,0.24,5,,1,7.4
2025,2025-11-29,Wake Forest,Duke,away,32,49,2.5,-17,0,-14.5,-24.36,,5,0,-11.76,1,1,0.66,4,Road,1.1,-8.7
2025,2025-11-29,Rutgers,Penn State,home,36,40,12.5,-4,0,8.5,-13.18,,3,7,1.69,4,7,2.19,4,,1,2.3
2025,2025-11-29,Syracuse,Boston College,home,12,34,2.5,-28,13,-25.5,-3.4,,4,3,-6.41,1,2,0.32,4,,1,-5.0
2025,2025-11-29,Ohio State,Michigan,away,27,9,-10.0,18,0,8.0,-9.34,-1.75,4,17,4.68,2,3,0.68,5,Road · Full house · Ranked opponent,1.3,1.4
2025,2025-11-29,Oklahoma State,Iowa State,home,13,20,14.0,-7,0,7.0,3.5,,5,3,-5.41,0,1,-0.25,4,,1,0.1
2025,2025-11-29,Oklahoma,LSU,home,17,13,-12.5,4,0,-8.5,-17.86,,10,17,-15.24,0,3,-1.38,4,,1,-9.5
2025,2025-11-29,UCF,BYU,away,21,41,17.5,-20,0,-2.5,-8.89,-23.94,3,7,2.56,0,4,-0.87,5,Road · Full house · Ranked opponent,1.3,-6.5
2025,2025-11-29,Penn State,Rutgers,away,40,36,-12.5,4,0,-8.5,10.85,,3,7,-2.67,4,5,1.71,4,Road · Full house,1.2,2.8
2025,2025-11-29,Cincinnati,TCU,away,23,45,3.0,-28,7,-25.0,-9.18,,2,7,2.36,0,1,-0.33,4,Road,1.1,-5.1
2025,2025-11-29,Pittsburgh,Miami,home,7,38,6.5,-24,41,-17.5,-14.52,,3,0,-6.36,1,2,0.39,4,Ranked opponent,1.1,-6.3
2025,2025-11-29,Clemson,South Carolina,away,28,14,2.5,14,0,16.5,14.05,1.98,8,10,-8.81,1,2,0.32,5,Road · Full house,1.2,3.2
2025,2025-11-29,Kansas State,Colorado,home,24,14,-16.5,10,0,-6.5,9.04,-8.25,6,10,-10.74,1,1,0.51,5,,1,-2.1
2025,2025-11-29,Vanderbilt,Tennessee,away,45,24,2.5,21,0,23.5,-4.21,12.98,5,24,12.24,2,4,0.65,5,Road · Full house · Ranked opponent,1.3,9.0
2025,2025-11-29,Baylor,Houston,home,24,31,-2.5,-7,0,-9.5,-8.98,,5,17,3.79,0,2,-0.76,4,,1,-2.6
2025,2025-11-29,Miami,Pittsburgh,away,38,7,-6.5,24,41,17.5,12.18,11.13,7,24,3.87,1,1,0.59,5,Road · Ranked opponent,1.2,7.8
2025,2025-11-28,Texas A&M,Texas,away,17,27,-2.5,-10,0,-12.5,-4.37,,5,14,0.79,1,3,-0.14,4,Road · Night · Full house · Ranked opponent,1.35,-3.0
2025,2025-11-29,Houston,Baylor,away,31,24,2.5,7,0,9.5,6.64,-5.02,5,21,9.24,2,3,0.99,5,Road,1.1,4.5
2025,2025-11-29,Oregon,Washington,away,26,14,-6.5,12,0,5.5,-0.12,-0.87,8,16,-7.0,1,1,0.59,5,Road · Full house,1.2,-0.2
2025,2025-11-28,Purdue,Indiana,home,3,56,28.5,-32,59,-3.5,-15.11,,3,3,0.49,0,1,-0.13,4,Night · Top-10 opponent,1.25,-3.6
2025,2025-11-28,Texas,Texas A&M,home,27,17,2.5,10,0,12.5,2.04,1.98,8,20,1.19,1,3,-0.01,5,Night · Top-10 opponent,1.25,2.8
2025,2025-11-29,BYU,UCF,home,41,21,-17.5,20,0,2.5,6.56,1.21,6,13,-8.09,2,3,0.5,5,,1,0.4
2025,2025-11-29,South Carolina,Clemson,home,14,28,-2.5,-14,0,-16.5,-16.39,,7,7,-11.5,1,4,-0.51,4,,1,-8.3
2025,2025-11-29,TCU,Cincinnati,home,45,23,-3.0,28,7,25.0,6.85,13.02,4,14,3.31,2,3,0.85,5,,1,7.0
2025,2025-11-29,Tennessee,Vanderbilt,home,24,45,-2.5,-21,0,-23.5,1.87,,3,14,6.07,1,3,-0.14,4,Ranked opponent,1.1,-1.5
2025,2025-11-29,Washington,Oregon,home,14,26,6.5,-12,0,-5.5,-2.21,,4,7,-1.47,0,1,-0.31,4,Top-10 opponent,1.2,-2.0
2025,2025-11-29,Texas Tech,West Virginia,away,49,0,-24.5,35,73,10.5,1.47,8.44,5,28,8.39,0,0,,4,Road,1.1,5.4
2025,2025-11-29,Wisconsin,Minnesota,away,7,17,-2.5,-10,0,-12.5,-16.24,,6,0,-15.85,0,1,-0.38,4,Road,1.1,-9.5
2025,2025-11-29,West Virginia,Texas Tech,home,0,49,24.5,-35,73,-10.5,-3.81,,1,0,-1.07,0,1,-0.16,4,Top-10 opponent,1.2,-2.8
2025,2025-11-29,Colorado,Kansas State,away,14,24,16.5,-10,0,6.5,-11.37,,4,7,0.85,0,2,-0.45,4,Road · Full house,1.2,-1.4
2025,2025-11-29,Florida State,Florida,away,21,40,-1.5,-19,0,-20.5,-17.63,,2,7,1.83,0,1,-0.37,4,Road · Full house,1.2,-6.7
2025,2025-11-29,Florida,Florida State,home,40,21,1.5,19,0,20.5,15.3,10.44,6,27,12.54,1,2,0.31,5,,1,8.5
2025,2025-11-29,Iowa State,Oklahoma State,away,20,13,-14.0,7,0,-7.0,-5.83,-9.91,7,20,-3.18,0,2,-0.94,5,Road,1.1,-4.7
2025,2025-11-29,Arkansas,Missouri,home,17,31,4.5,-14,0,-9.5,-0.36,,3,10,3.3,0,2,-0.64,4,,1,-1.2
2025,2025-11-28,Indiana,Purdue,away,56,3,-28.5,32,59,3.5,12.77,6.28,6,21,-3.93,1,1,0.41,5,Road · Night · Full house,1.25,3.4
2025,2025-11-28,Arizona State,Arizona,home,7,23,2.5,-16,0,-13.5,-1.04,,6,7,-7.11,0,2,-0.68,4,Night · Ranked opponent,1.15,-5.1
2025,2025-11-29,Kentucky,Louisville,away,0,41,3.5,-27,32,-23.5,-4.43,,3,0,-6.88,0,1,-0.33,4,Road,1.1,-6.5
2025,2025-11-29,Louisville,Kentucky,home,41,0,-3.5,27,32,23.5,2.09,15.75,7,27,8.1,0,0,,4,,1,7.6
2025,2025-11-29,LSU,Oklahoma,away,13,17,12.5,-4,0,8.5,15.53,,10,13,-4.69,0,3,-0.77,4,Road · Full house · Top-10 opponent,1.4,2.6
2025,2025-11-29,Maryland,Michigan State,neutral,28,38,4.0,-10,0,-6.0,-20.7,,6,7,-6.58,0,2,-0.65,4,Night,1.05,-6.9
2025,2025-11-29,Michigan State,Maryland,neutral,38,28,-4.0,10,0,6.0,18.37,-1.52,7,24,4.89,0,2,-0.78,5,Night,1.05,3.3
2025,2025-11-29,NC State,North Carolina,home,42,19,-7.0,29,19,22.0,9.37,11.86,4,14,2.38,1,1,0.59,5,Night,1.05,6.7
2025,2025-11-29,North Carolina,NC State,away,19,42,7.0,-29,19,-22.0,-11.7,,2,3,-1.18,0,1,-0.3,4,Road · Night · Full house,1.25,-6.8
2025,2025-11-29,Auburn,Alabama,home,20,27,7.0,-7,0,0.0,-21.15,,6,13,0.46,0,3,-0.91,4,Night · Top-10 opponent,1.25,-5.5
2025,2025-11-29,Stanford,Notre Dame,home,20,49,32.5,-32,90,0.5,-9.94,,0,0,,0,1,-0.1,3,Night · Top-10 opponent,1.25,-3.0
2025,2025-11-29,California,SMU,home,38,35,13.5,3,0,16.5,4.77,0.91,4,17,10.16,2,3,1.25,5,Night · Ranked opponent,1.15,6.7
2025,2025-11-29,SMU,California,away,35,38,-13.5,-3,0,-16.5,-7.11,,3,14,4.15,1,3,-0.4,4,Road · Night,1.15,-3.1
2025,2025-11-29,Virginia,Virginia Tech,home,27,7,-8.5,24,32,15.5,3.86,6.06,10,27,-2.92,0,0,,4,Night,1.05,3.2
2025,2025-11-29,Virginia Tech,Virginia,away,7,27,8.5,-24,32,-15.5,-6.2,,5,0,-10.01,0,1,-0.29,4,Road · Night · Full house · Ranked opponent,1.35,-7.8
2025,2025-11-29,UCLA,USC,away,10,29,21.5,-19,0,2.5,-12.15,,3,10,6.26,0,2,-0.37,4,Road · Full house · Ranked opponent,1.3,-0.5
2025,2025-11-29,USC,UCLA,home,29,10,-21.5,19,0,-2.5,9.82,-2.95,5,21,2.26,0,1,-0.53,5,,1,0.7
2025,2025-11-29,Alabama,Auburn,away,27,20,-7.0,7,0,0.0,18.82,-7.14,8,17,-6.23,2,2,1.17,5,Road · Night · Full house,1.25,2.0
2025,2025-11-29,Illinois,Northwestern,home,20,13,-7.0,7,0,0.0,1.88,,6,13,-4.43,1,3,-0.24,4,Night,1.05,-0.9
2025,2025-11-29,Northwestern,Illinois,away,13,20,7.0,-7,0,0.0,-4.21,,6,6,-6.54,1,3,0.09,4,Road · Night,1.15,-2.3
2025,2025-11-29,Notre Dame,Stanford,away,49,20,-32.5,32,90,-0.5,7.6,1.13,3,21,7.83,0,0,,4,Road · Night,1.15,3.7
2025,2025-12-06,BYU,Texas Tech,neutral,7,34,12.5,-24,21,-11.5,-8.43,,5,7,-1.85,0,2,-0.52,4,Top-10 opponent,1.2,-4.7
2025,2025-12-06,Texas Tech,BYU,neutral,34,7,-12.5,24,21,11.5,6.09,3.9,10,30,-2.24,1,1,0.54,5,Ranked opponent,1.1,3.1
2025,2025-12-06,Alabama,Georgia,neutral,7,28,1.5,-21,0,-19.5,-13.04,,6,7,-7.46,0,1,-0.35,4,Top-10 opponent,1.2,-8.3
2025,2025-12-06,Georgia,Alabama,neutral,28,7,-1.5,21,0,19.5,10.7,6.83,9,28,4.74,0,0,,4,Top-10 opponent,1.2,7.5
2025,2025-12-06,Duke,Virginia,neutral,27,20,3.5,7,0,10.5,6.95,-0.48,5,3,-8.47,2,3,1.01,5,Night · Ranked opponent,1.15,1.7
2025,2025-12-06,Ohio State,Indiana,neutral,10,13,-3.5,-3,0,-6.5,-2.34,,4,10,-0.8,0,3,-1.16,4,Night · Top-10 opponent,1.25,-3.4
2025,2025-12-06,Virginia,Duke,neutral,20,27,-3.5,-7,0,-10.5,-9.28,,5,17,3.5,0,4,-1.55,4,Night,1.05,-4.1
2025,2025-12-06,Indiana,Ohio State,neutral,13,10,3.5,3,0,6.5,0.01,,5,10,-1.47,1,2,0.34,4,Night · Top-10 opponent,1.25,1.5
2025,2025-12-13,Washington,Boise State,neutral,38,10,-10.0,29,82,19.0,4.3,10.25,5,21,5.61,1,1,0.56,5,Night · Postseason · Group of 5 opponent,1.0,5.8
2025,2025-12-19,NC State,Memphis,neutral,31,7,-3.5,24,40,20.5,8.73,8.75,9,24,-0.31,0,0,,4,Postseason · Group of 5 opponent,0.95,5.0
2025,2025-12-20,Ole Miss,Tulane,home,41,10,-16.5,24,40,7.5,10.96,1.75,7,27,2.8,0,0,,4,Ranked opponent · Postseason · Group of 5 opponent,1.05,3.8
2025,2025-12-19,Oklahoma,Alabama,home,24,34,-2.5,-10,0,-12.5,-22.12,-20.71,7,17,-1.5,0,2,-0.76,5,Night · Top-10 opponent · Postseason,1.35,-10.8
2025,2025-12-20,Miami,Texas A&M,away,10,3,3.0,7,0,10.0,12.12,,8,7,-11.58,0,1,-0.33,4,Road · Full house · Top-10 opponent · Postseason,1.5,0.5
2025,2025-12-20,Texas A&M,Miami,home,3,10,-3.0,-7,0,-10.0,-14.46,,7,3,-15.7,0,2,-0.76,4,Top-10 opponent · Postseason,1.3,-11.0
2025,2025-12-19,Alabama,Oklahoma,away,34,24,2.5,10,0,12.5,19.79,1.98,7,20,3.54,0,2,-0.68,5,Road · Night · Full house · Top-10 opponent · Postseason,1.55,6.8
2025,2025-12-20,Oregon,James Madison,home,51,34,-20.5,38,45,17.5,16.75,17.59,2,14,6.62,1,1,0.48,5,Ranked opponent · Postseason · Group of 5 opponent,1.05,8.8
2025,2025-12-23,Louisville,Toledo,neutral,27,22,-11.5,5,0,-6.5,5.05,-11.56,6,14,-5.0,1,2,0.1,5,Postseason · Group of 5 opponent,1.1,-2.6
2025,2025-12-24,California,Hawai'i,away,31,35,1.5,-4,0,-2.5,-14.5,-16.56,3,21,13.77,2,4,0.61,5,Road · Night · Full house · Postseason · Group of 5 opponent,1.35,-1.5
2025,2025-12-26,Northwestern,Central Michigan,neutral,34,7,-13.5,34,46,20.5,22.08,13.36,9,28,-1.54,0,0,,4,Postseason · Group of 5 opponent,0.95,7.4
2025,2025-12-27,Penn State,Clemson,neutral,22,10,2.5,12,0,14.5,-4.99,1.98,7,13,-3.46,2,2,1.32,5,Postseason,1.1,2.2
2025,2025-12-27,Pittsburgh,East Carolina,neutral,17,23,-13.5,-6,0,-19.5,-18.94,,4,7,-6.13,0,4,-1.87,4,Postseason · Group of 5 opponent,1.1,-10.5
2025,2025-12-27,Clemson,Penn State,neutral,10,22,-2.5,-12,0,-14.5,2.66,,5,3,-10.21,0,3,-1.14,4,Postseason,1.1,-5.8
2025,2025-12-27,BYU,Georgia Tech,neutral,25,21,-3.5,4,0,0.5,0.8,,5,21,7.5,1,2,0.23,4,Ranked opponent · Postseason,1.2,3.1
2025,2025-12-27,Georgia Tech,BYU,neutral,21,25,3.5,-4,0,-0.5,-3.14,,3,0,-6.88,2,4,0.68,4,Ranked opponent · Postseason,1.2,-1.5
2025,2025-12-27,Missouri,Virginia,neutral,7,13,-4.0,-6,0,-10.0,-2.3,,5,0,-13.65,0,3,-1.17,4,Night · Ranked opponent · Postseason,1.25,-8.0
2025,2025-12-27,Houston,LSU,neutral,38,35,-1.5,3,0,1.5,-7.91,-7.17,5,21,8.08,1,1,0.63,5,Night · Postseason,1.15,0.5
2025,2025-12-27,Virginia,Missouri,neutral,13,7,4.0,6,0,10.0,-0.04,,7,6,-9.85,0,1,-0.33,4,Night · Postseason,1.15,-1.5
2025,2025-12-27,LSU,Houston,neutral,35,38,1.5,-3,0,-1.5,5.57,-15.56,4,21,11.36,1,2,0.31,5,Night · Ranked opponent · Postseason,1.25,1.3
2025,2025-12-30,Tennessee,Illinois,neutral,28,30,-3.0,-2,0,-5.0,8.7,,3,7,-1.01,0,1,-0.38,4,Postseason,1.1,0.3
2025,2025-12-30,Illinois,Tennessee,neutral,30,28,3.0,2,0,5.0,-11.04,-5.75,3,3,-3.97,3,3,2.0,5,Postseason,1.1,-0.4
2025,2025-12-31,Michigan,Texas,neutral,27,41,4.0,-14,0,-10.0,-8.88,,4,10,0.94,1,5,-0.63,4,Ranked opponent · Postseason,1.2,-3.9
2025,2025-12-31,Duke,Arizona State,neutral,42,39,-4.0,3,0,-1.0,5.48,-9.52,7,28,8.89,2,6,-0.34,5,Postseason,1.1,0.9
2025,2025-12-31,Nebraska,Utah,neutral,22,44,13.5,-24,33,-10.5,-0.62,,2,0,-3.42,1,3,0.25,4,Ranked opponent · Postseason,1.2,-2.2
2025,2025-12-31,Iowa,Vanderbilt,neutral,34,27,3.0,7,0,10.0,7.66,-1.75,5,17,5.39,2,3,1.0,5,Ranked opponent · Postseason,1.2,4.8
2025,2025-12-31,Vanderbilt,Iowa,neutral,27,34,-3.0,-7,0,-10.0,-9.99,,4,3,-7.69,0,1,-0.38,4,Ranked opponent · Postseason,1.2,-6.3
2025,2025-12-31,Texas,Michigan,neutral,41,27,-4.0,14,0,10.0,6.54,1.48,6,10,-6.38,5,5,3.05,5,Ranked opponent · Postseason,1.2,4.9
2025,2025-12-31,Utah,Nebraska,neutral,44,22,-13.5,24,33,10.5,-1.72,7.36,7,31,8.02,1,1,0.53,5,Postseason,1.1,4.6
2025,2025-12-30,TCU,USC,neutral,30,27,4.5,3,0,7.5,3.35,,5,10,-1.17,2,4,0.71,4,Night · Ranked opponent · Postseason,1.25,3.0
2025,2025-12-30,USC,TCU,neutral,27,30,-4.5,-3,0,-7.5,-5.69,,6,13,-3.55,3,4,1.42,4,Night · Postseason,1.15,-1.0
2025,2025-12-31,Arizona State,Duke,neutral,39,42,4.0,-3,0,1.0,-7.82,,7,14,-1.85,3,5,1.37,4,Postseason,1.1,0.3
2025,2025-12-31,Ohio State,Miami,neutral,14,24,-7.5,-10,0,-17.5,-15.33,,5,0,-14.67,0,1,-0.42,4,Night · Top-10 opponent · Postseason,1.35,-12.0
2025,2025-12-31,Miami,Ohio State,neutral,24,14,7.5,10,0,17.5,12.99,0.68,5,14,3.7,1,2,0.4,5,Night · Top-10 opponent · Postseason,1.35,6.6
2025,2026-01-01,Oregon,Texas Tech,neutral,23,0,1.5,23,4,24.5,13.92,11.44,11,20,-6.51,0,0,,4,Top-10 opponent · Postseason,1.3,7.3
2025,2026-01-01,Texas Tech,Oregon,neutral,0,23,-1.5,-23,4,-24.5,-16.26,,7,0,-18.09,0,2,-0.74,4,Top-10 opponent · Postseason,1.3,-14.7
2025,2026-01-01,Alabama,Indiana,neutral,3,38,7.5,-28,35,-20.5,-11.62,,2,0,-4.12,0,1,-0.3,4,Top-10 opponent · Postseason,1.3,-7.7
2025,2026-01-01,Indiana,Alabama,neutral,38,3,-7.5,28,35,20.5,9.28,14.59,5,24,9.33,0,0,,4,Top-10 opponent · Postseason,1.3,10.9
2025,2026-01-01,Ole Miss,Georgia,neutral,39,34,6.0,5,0,11.0,-14.02,-1.13,5,20,9.26,1,2,0.38,5,Night · Top-10 opponent · Postseason,1.35,2.0
2025,2026-01-02,Cincinnati,Navy,neutral,13,35,7.5,-22,0,-14.5,-11.6,,6,0,-12.36,1,1,0.7,4,Postseason · Group of 5 opponent,1.1,-6.5
2025,2026-01-01,Georgia,Ole Miss,neutral,34,39,-6.0,-5,0,-11.0,11.69,-16.6,4,3,-8.38,2,4,0.37,5,Night · Top-10 opponent · Postseason,1.35,-4.1
2025,2026-01-02,Arizona,SMU,neutral,19,24,2.5,-5,0,-2.5,-11.14,,6,21,6.89,0,1,-0.34,4,Night · Postseason,1.15,-0.9
2025,2026-01-02,Wake Forest,Mississippi State,neutral,43,29,3.0,14,0,17.0,9.48,7.25,6,7,-6.93,3,6,0.99,5,Night · Postseason,1.15,4.5
2025,2026-01-02,SMU,Arizona,neutral,24,19,-2.5,5,0,2.5,8.8,-9.71,7,17,-1.5,0,0,,4,Night · Ranked opponent · Postseason,1.25,-0.0
2025,2026-01-02,Mississippi State,Wake Forest,neutral,29,43,-3.0,-14,0,-17.0,-11.82,,7,16,-2.7,0,3,-1.15,4,Night · Postseason,1.15,-7.2
2025,2026-01-08,Ole Miss,Miami,neutral,27,31,3.0,-4,0,-1.0,0.41,,5,16,4.39,2,4,0.66,4,Night · Top-10 opponent · Postseason,1.35,2.8
2025,2026-01-08,Miami,Ole Miss,neutral,31,27,-3.0,4,0,1.0,-2.75,,4,3,-7.69,4,5,2.09,4,Night · Top-10 opponent · Postseason,1.35,0.8
2025,2026-01-09,Oregon,Indiana,neutral,22,56,3.0,-35,51,-32.0,-24.2,,1,0,-2.32,1,2,0.33,4,Night · Top-10 opponent · Postseason,1.35,-11.3
2025,2026-01-09,Indiana,Oregon,neutral,56,22,-3.0,35,51,32.0,21.86,21.02,4,21,10.31,1,1,0.62,5,Night · Top-10 opponent · Postseason,1.35,16.2
2025,2026-01-19,Miami,Indiana,away,21,27,7.5,-6,0,1.5,-9.7,,5,14,3.7,1,3,0.11,4,Road · Night · Full house · Top-10 opponent · Postseason,1.55,-0.3
2025,2026-01-19,Indiana,Miami,home,27,21,-7.5,6,0,-1.5,7.37,-7.41,5,10,-4.67,1,2,0.16,5,Night · Top-10 opponent · Postseason,1.35,-1.1
2026,2026-08-29,NC State,Virginia,away,8,34,4.0,-23,31,-19.0,2.47,,4,7,-2.35,0,1,-0.32,4,Road · Full house,1.2,-3.6
2026,2026-08-29,North Carolina,TCU,neutral,15,10,7.5,5,0,12.5,1.79,,5,3,-7.66,1,2,0.41,4,,1,0.8
2026,2026-08-29,Stanford,Hawai'i,home,37,27,-4.5,10,0,5.5,-8.37,-6.34,6,7,-10.02,2,3,0.8,5,Group of 5 opponent,1,-2.4
2026,2026-08-29,Virginia,NC State,home,34,8,-4.0,23,31,19.0,-6.85,12.92,8,20,-2.45,0,0,,4,,1,3.0
2026,2026-08-29,TCU,North Carolina,neutral,10,15,-7.5,-5,0,-12.5,-6.16,,5,7,-8.06,1,3,-0.28,4,,1,-4.9
2026,2026-08-29,USC,San José State,home,42,26,-37.5,32,45,-5.5,5.63,0.55,4,21,1.91,0,0,,4,Group of 5 opponent,0.85,0.8
2026,2026-08-29,Florida State,New Mexico State,home,34,17,-30.5,17,0,-13.5,5.49,-6.82,5,20,-1.81,1,2,-0.25,5,Night · Group of 5 opponent,1.05,-2.2
2026,2026-09-03,Wake Forest,Akron,home,38,16,-27.5,28,40,0.5,-7.38,5.73,5,23,2.07,0,0,,4,Night · Group of 5 opponent,0.9,0.5
2026,2026-09-03,Rutgers,Massachusetts,home,21,37,-29.5,-30,18,-59.5,-11.7,,3,0,-12.91,0,2,-1.24,4,Group of 5 opponent,1,-14.7
2026,2026-09-03,UCF,Bethune-Cookman,home,73,6,-43.5,38,72,-5.5,15.12,3.43,3,21,5.62,0,0,,4,Night · FCS opponent,0.65,2.3
2026,2026-09-03,Minnesota,Eastern Illinois,home,59,7,-42.5,35,69,-7.5,16.32,0.95,8,38,-2.53,2,3,-0.2,5,Night · FCS opponent,0.65,0.6
2026,2026-09-03,Missouri,Arkansas-Pine Bluff,home,54,14,-55.5,40,82,-15.5,4.31,-0.79,3,14,-3.49,0,0,,4,Night · FCS opponent,1.05,-1.9
2026,2026-09-04,Purdue,Indiana State,home,44,19,-35.5,31,58,-4.5,7.91,4.58,5,27,3.72,1,2,-0.34,5,Night · FCS opponent,0.65,1.1
2026,2026-09-03,Utah,Idaho,home,66,14,-38.5,31,71,-7.5,5.04,3.03,5,24,-0.16,0,0,,4,Night · FCS opponent,0.65,0.4
2026,2026-09-03,Illinois,UAB,home,42,23,-25.5,26,14,0.5,24.22,3.77,2,7,-1.14,2,3,0.25,5,Night · Group of 5 opponent,0.9,3.5
2026,2026-09-03,Colorado,Georgia Tech,away,14,13,6.5,1,0,7.5,-1.39,,6,7,-6.14,1,3,0.09,4,Road · Night · Full house,1.25,-0.5
2026,2026-09-03,Georgia Tech,Colorado,home,13,14,-6.5,-1,0,-7.5,-2.98,,8,6,-17.63,0,1,-0.42,4,Night,1.05,-6.5
2026,2026-09-05,Boston College,Cincinnati,away,15,34,7.0,-26,8,-19.0,-25.83,,4,0,-8.64,0,1,-0.3,4,Road · Full house,1.2,-11.1
2026,2026-09-04,Michigan State,Toledo,home,30,20,-10.0,10,0,0.0,-4.89,-3.19,6,19,0.05,2,3,0.66,5,Night · Group of 5 opponent,1.05,-0.3
2026,2026-09-05,Michigan,Western Michigan,home,13,12,-27.5,1,0,-26.5,-6.62,,6,0,-25.12,1,4,-1.4,4,Night · Group of 5 opponent,1.05,-13.1
2026,2026-09-05,Duke,Tulane,home,17,3,-9.5,14,0,4.5,-0.38,1.06,10,3,-28.29,1,1,0.56,5,Group of 5 opponent,1,-4.1
2026,2026-09-05,Nebraska,Ohio,home,49,21,-23.5,28,5,4.5,2.15,2.81,6,28,4.29,3,4,0.74,5,Group of 5 opponent,0.85,2.4
2026,2026-09-05,Syracuse,New Hampshire,home,66,3,-35.5,41,97,5.5,8.59,10.58,4,28,9.38,0,0,,4,FCS opponent,0.6,3.5
2026,2026-09-05,Ohio State,Ball State,home,56,3,-50.5,32,74,-18.5,-3.79,-6.19,4,21,-1.15,0,0,,4,Group of 5 opponent,1,-3.7
2026,2026-09-05,Oklahoma State,Tulsa,away,10,24,-13.5,-14,0,-27.5,-16.9,,7,3,-20.55,0,1,-0.48,4,Road · Full house · Group of 5 opponent,1.2,-14.5
2026,2026-09-05,Auburn,Baylor,neutral,17,16,-6.5,1,0,-5.5,5.68,-10.38,9,10,-16.58,1,2,0.17,5,,1,-4.2
2026,2026-09-04,Oklahoma,UTEP,home,51,0,-40.5,34,67,-6.5,17.78,0.99,3,13,-1.85,0,0,,4,Night · Group of 5 opponent,0.9,1.7
2026,2026-09-05,Penn State,Marshall,home,45,0,-23.5,31,66,7.5,4.43,10.81,6,28,4.29,0,0,,4,Group of 5 opponent,0.85,3.8
2026,2026-09-05,Cincinnati,Boston College,home,34,15,-7.0,26,8,19.0,21.46,14.36,8,27,3.14,0,0,,4,,1,8.6
2026,2026-09-05,Pittsburgh,Miami (OH),home,59,14,-16.5,31,51,14.5,3.71,10.43,6,38,16.76,0,0,,4,Group of 5 opponent,0.85,6.6
2026,2026-09-05,Iowa,Northern Illinois,home,40,0,-31.5,33,78,1.5,-4.43,5.66,5,21,-1.1,0,0,,4,Group of 5 opponent,0.85,0.4
2026,2026-09-04,Kansas,Long Island University,home,51,6,-44.5,30,78,-14.5,-6.51,-0.08,6,31,-0.11,0,0,,4,Night · FCS opponent,1.05,-2.6
2026,2026-09-05,Kansas State,Nicholls,home,71,3,-41.5,33,75,-8.5,10.53,-1.53,4,14,-6.03,0,0,,4,Night · FCS opponent,1.05,-0.8
2026,2026-09-05,Vanderbilt,Austin Peay,home,28,9,-29.5,19,0,-10.5,-3.98,-3.31,5,14,-7.52,1,2,-0.24,5,Night · FCS opponent,1.05,-3.8
2026,2026-09-05,Baylor,Auburn,neutral,16,17,6.5,-1,0,5.5,-10.05,,8,3,-14.52,1,2,0.39,4,,1,-3.8
2026,2026-09-04,Miami,Stanford,away,45,6,-24.5,29,74,4.5,7.76,8.29,4,21,4.96,1,1,0.43,5,Road · Night,1.15,4.8
2026,2026-09-04,Stanford,Miami,home,6,45,24.5,-29,74,-4.5,-12.13,,1,0,-1.13,1,1,0.86,4,Night · Top-10 opponent,1.25,-2.1
2026,2026-09-05,Texas A&M,Missouri State,home,50,0,-38.5,33,49,-5.5,-1.05,6.03,6,24,-4.99,0,0,,4,Night · Group of 5 opponent,1.05,-0.7
2026,2026-09-05,Houston,Oregon State,home,33,20,-21.0,13,0,-8.0,-2.61,-4.9,8,24,-6.44,2,2,0.91,5,Group of 5 opponent,1,-2.1
2026,2026-09-05,Oregon,Boise State,home,34,27,-24.5,7,0,-17.5,-18.96,,6,21,-3.06,2,4,-0.3,4,Group of 5 opponent,1,-6.5
2026,2026-09-05,Texas,Texas State,home,59,7,-29.5,35,58,5.5,22.77,7.69,5,35,13.48,0,1,-0.62,5,Group of 5 opponent,0.85,5.8
2026,2026-09-05,South Carolina,Kent State,home,57,0,-35.5,29,69,-6.5,2.43,-2.42,5,28,4.72,0,0,,4,Group of 5 opponent,0.85,0.4
2026,2026-09-05,Virginia Tech,VMI,home,73,3,-54.5,45,109,-9.5,11.16,4.73,3,21,3.69,0,0,,4,Night · FCS opponent,0.65,1.5
2026,2026-09-05,Tennessee,Furman,home,56,9,-49.5,35,82,-14.5,4.64,-2.68,6,28,-4.87,0,0,,4,FCS opponent,1,-2.3
2026,2026-09-05,Texas Tech,Abilene Christian,home,33,10,-45.5,23,40,-22.5,-3.47,-12.6,8,26,-15.94,0,0,,4,Night · FCS opponent,1.05,-8.8
2026,2026-09-05,West Virginia,Coastal Carolina,home,31,24,-21.0,7,0,-14.0,5.53,-15.9,8,24,-6.44,0,0,,4,Group of 5 opponent,1,-4.5
2026,2026-09-04,USC,Fresno State,home,39,0,-21.5,30,65,8.5,-2.1,6.84,4,14,-1.34,0,0,,4,Night · Group of 5 opponent,0.9,1.6
2026,2026-09-05,Alabama,East Carolina,home,48,10,-28.5,31,47,2.5,2.48,8.21,3,21,8.27,0,0,,4,Group of 5 opponent,0.85,3.4
2026,2026-09-05,Mississippi State,UL Monroe,home,62,13,-28.5,38,89,9.5,-0.25,11.21,2,14,5.51,0,0,,4,Night · Group of 5 opponent,0.9,3.9
2026,2026-09-05,Florida,Florida Atlantic,home,66,21,-26.5,31,74,4.5,13.34,5.25,5,24,3.36,0,0,,4,Night · Group of 5 opponent,0.9,3.9
2026,2026-09-05,Georgia,Tennessee State,home,63,3,-49.5,32,71,-17.5,-1.33,-5.68,3,21,4.57,0,0,,4,FCS opponent,1,-2.0
2026,2026-09-05,Iowa State,Southeast Missouri State,home,38,10,-29.5,31,28,1.5,17.54,3.69,7,31,0.87,0,1,-0.62,5,FCS opponent,0.6,1.6
2026,2026-09-05,Arkansas,North Alabama,home,31,14,-40.5,17,0,-23.5,-11.21,-16.01,9,21,-23.54,0,0,,4,FCS opponent,1,-11.8
2026,2026-09-05,Indiana,North Texas,home,52,16,-39.5,29,16,-10.5,27.63,-3.49,3,14,-0.67,0,0,,4,Group of 5 opponent,0.85,2.0
2026,2026-09-05,Kentucky,Youngstown State,home,45,13,-22.5,29,33,6.5,11.14,5.32,5,28,8.54,0,0,,4,FCS opponent,0.6,3.2
2026,2026-09-05,Arizona,Northern Arizona,home,35,7,-33.5,28,40,-5.5,0.71,-1.38,6,21,-6.23,0,0,,4,Night · FCS opponent,1.05,-2.0
2026,2026-09-05,Maryland,Hampton,home,62,0,-45.5,34,78,-11.5,0.36,-1.6,5,27,0.79,0,0,,4,Night · FCS opponent,1.05,-1.2
2026,2026-09-06,Ole Miss,Louisville,neutral,41,38,-6.5,3,0,-3.5,-0.83,-9.38,6,17,-0.72,5,7,2.09,5,Night · Ranked opponent,1.15,0.3
2026,2026-09-05,Clemson,LSU,away,10,51,10.0,-35,65,-25.0,-1.02,,3,3,-2.95,0,2,-0.54,4,Road · Night · Full house · Ranked opponent,1.35,-6.5
2026,2026-09-05,California,UCLA,home,24,45,2.5,-21,0,-18.5,-18.88,,6,17,2.45,0,3,-1.01,4,Night,1.05,-6.5
2026,2026-09-05,BYU,Utah Tech,home,63,7,-50.5,42,76,-8.5,8.26,3.81,5,28,0.32,0,0,,4,FCS opponent,0.6,0.7
2026,2026-09-05,UCLA,California,away,45,24,-2.5,21,0,18.5,14.51,10.69,8,28,6.25,3,4,1.47,5,Road · Night · Full house,1.25,10.2
2026,2026-09-06,Washington,Washington State,home,24,10,-23.5,14,0,-9.5,-3.86,-6.19,7,10,-17.66,2,2,0.87,5,Group of 5 opponent,1,-4.8
2026,2026-09-06,Wisconsin,Notre Dame,neutral,13,41,21.0,-28,11,-7.0,-18.61,,3,10,5.98,0,3,-0.53,4,Night · Top-10 opponent,1.25,-3.8
2026,2026-09-05,Northwestern,South Dakota State,home,34,18,-14.0,16,0,2.0,7.56,1.73,5,14,-2.97,4,5,1.59,5,Night · FCS opponent,0.65,1.7
2026,2026-09-06,Notre Dame,Wisconsin,neutral,41,13,-21.0,28,11,7.0,14.24,9.1,4,7,-8.22,2,2,0.91,5,Night,1.05,3.5
2026,2026-09-05,Arizona State,Morgan State,home,70,7,-43.5,42,69,-1.5,2.83,7.43,4,21,0.5,0,0,,4,Night · FCS opponent,0.65,1.2
2026,2026-09-06,Louisville,Ole Miss,neutral,38,41,6.5,-3,0,3.5,-3.55,,6,16,2.86,1,5,-0.51,4,Night · Top-10 opponent,1.25,0.2
2026,2026-09-05,LSU,Clemson,home,51,10,-10.0,35,65,25.0,-3.35,17.81,5,21,5.21,1,1,0.55,5,Night,1.05,6.8
2026,2026-09-07,SMU,Florida State,away,27,24,-3.0,3,0,0.0,-26.03,,5,24,10.26,1,4,-0.54,4,Road · Night · Full house,1.25,-2.9
2026,2026-09-07,Florida State,SMU,home,24,27,3.0,-3,0,0.0,21.65,,5,0,-11.98,3,5,1.33,4,Night · Ranked opponent,1.15,3.0
2026,2026-09-11,Boston College,Rutgers,home,28,21,-3.0,7,0,4.0,2.97,-6.57,7,24,4.77,0,2,-0.77,5,Night,1.05,0.2
2026,2026-09-11,NC State,Richmond,home,73,0,-33.5,42,91,8.5,6.0,12.62,4,28,9.85,0,0,,4,Night · FCS opponent,0.65,4.1
2026,2026-09-11,Rutgers,Boston College,away,21,28,3.0,-7,0,-4.0,-7.34,,6,14,-0.37,0,1,-0.33,4,Road · Night · Full house,1.25,-2.6
2026,2026-09-10,Miami,Florida A&M,home,77,7,-59.5,49,121,-10.5,24.27,6.14,4,28,3.74,0,0,,4,Night · FCS opponent,0.65,2.8
2026,2026-09-11,Virginia,Norfolk State,home,59,3,-47.5,32,72,-15.5,16.29,-4.64,5,21,-5.8,0,0,,4,Night · FCS opponent,1.05,-1.3
2026,2026-09-11,Louisville,Villanova,home,59,13,-39.5,32,38,-7.5,-0.31,-0.49,5,21,-3.45,2,2,0.59,5,Night · FCS opponent,1.05,-0.9
2026,2026-09-12,Arizona,BYU,away,17,28,6.5,-11,0,-4.5,-9.6,,4,7,-1.76,1,3,0.09,4,Road · Full house · Ranked opponent,1.3,-3.0
2026,2026-09-12,Maryland,UConn,away,38,14,-11.5,24,27,12.5,0.81,10.03,8,24,-1.97,1,1,0.54,5,Road · Full house · Group of 5 opponent,1.05,3.3
2026,2026-09-12,Michigan State,Eastern Michigan,home,35,7,-17.5,28,18,10.5,6.55,6.92,6,28,6.41,0,1,-0.51,5,Group of 5 opponent,0.85,3.3
2026,2026-09-12,Michigan,Oklahoma,home,17,10,5.5,7,0,12.5,8.71,1.84,7,17,1.26,0,2,-0.62,5,Ranked opponent,1.1,2.8
2026,2026-09-12,Minnesota,Mississippi State,home,13,38,1.5,-25,29,-23.5,-13.05,,0,0,,1,1,0.65,3,,1,-6.4
2026,2026-09-11,Missouri,Kansas,away,38,21,-4.0,17,0,13.0,-6.7,2.92,8,28,5.55,1,1,0.61,5,Road · Night,1.15,3.1
2026,2026-09-12,Ole Miss,Charlotte,home,41,9,-44.5,28,38,-16.5,17.62,-7.08,5,20,-5.92,0,0,,4,Night · Group of 5 opponent,1.05,-1.6
2026,2026-09-12,Duke,Illinois,away,31,27,6.0,4,0,10.0,2.73,,3,7,0.34,2,3,1.08,4,Road · Full house,1.2,4.2
2026,2026-09-12,North Carolina,East Tennessee State,home,35,3,-36.5,35,44,-1.5,15.19,4.06,5,28,4.43,0,0,,4,FCS opponent,0.6,2.3
2026,2026-09-12,Wake Forest,Purdue,away,38,36,-2.5,2,0,-0.5,4.12,,3,13,4.84,5,7,2.33,4,Road,1.1,5.5
2026,2026-09-12,Nebraska,Bowling Green,home,56,7,-30.5,35,67,4.5,0.54,7.18,4,28,10.55,0,0,,4,Night · Group of 5 opponent,0.9,3.9
2026,2026-09-12,Syracuse,California,home,18,21,-4.0,-3,0,-7.0,-24.45,-15.08,8,10,-12.45,1,3,-0.18,5,,1,-8.5
2026,2026-09-12,Ohio State,Texas,away,23,24,2.5,-1,0,1.5,-6.88,-7.71,6,20,5.45,1,3,-0.01,5,Road · Night · Full house · Top-10 opponent,1.45,-0.9
2026,2026-09-12,Oklahoma State,Oregon,home,39,31,24.5,8,0,32.5,-21.95,12.69,8,23,13.93,2,4,1.42,5,Top-10 opponent,1.2,7.9
2026,2026-09-12,Oklahoma,Michigan,away,10,17,-5.5,-7,0,-12.5,-13.08,,6,10,-7.37,0,2,-0.82,4,Road · Full house,1.2,-7.9
2026,2026-09-12,UCF,Pittsburgh,away,7,12,7.5,-5,0,2.5,2.44,,9,7,-12.18,0,2,-0.59,4,Road,1.1,-3.1
2026,2026-09-12,Penn State,Temple,away,27,9,-24.5,24,14,-0.5,5.11,-0.71,6,24,-0.06,1,1,0.43,5,Road · Full house · Group of 5 opponent,1.05,1.1
2026,2026-09-12,Cincinnati,Western Carolina,home,62,10,-36.5,32,55,-4.5,4.2,4.06,3,21,6.86,2,2,0.64,5,Night · FCS opponent,0.65,1.8
2026,2026-09-12,Pittsburgh,UCF,home,12,7,-7.5,5,0,-2.5,-6.82,-8.9,8,10,-14.1,0,1,-0.43,5,,1,-5.4
2026,2026-09-12,Iowa,Iowa State,home,16,13,-14.0,3,0,-11.0,-2.16,,7,9,-14.76,0,2,-0.96,4,Night,1.05,-6.9
2026,2026-09-11,Kansas,Missouri,home,21,38,4.0,-17,0,-13.0,2.33,,5,0,-11.68,1,1,0.68,4,Night · Ranked opponent,1.15,-3.7
2026,2026-09-12,Kansas State,Washington State,home,34,7,-17.5,27,33,9.5,-8.28,9.92,8,31,2.21,0,0,,4,Group of 5 opponent,0.85,1.9
2026,2026-09-12,Vanderbilt,Delaware,home,35,26,-20.5,9,0,-11.5,7.02,-13.64,7,21,-5.43,0,2,-1.08,5,Group of 5 opponent,1,-4.2
2026,2026-09-12,Texas A&M,Arizona State,home,48,20,-15.5,28,12,12.5,38.41,10.95,6,13,-7.89,2,4,0.02,5,,1,6.6
2026,2026-09-12,Houston,Southern,home,77,6,-51.5,42,74,-9.5,21.17,3.29,4,28,5.62,0,0,,4,Night · FCS opponent,0.65,2.6
2026,2026-09-12,Oregon,Oklahoma State,away,31,39,-24.5,-8,0,-32.5,17.58,,4,7,-9.04,1,4,-1.3,4,Road · Full house,1.2,-6.2
2026,2026-09-12,California,Syracuse,away,21,18,4.0,3,0,7.0,20.07,,6,7,-7.02,0,3,-0.97,4,Road,1.1,1.7
2026,2026-09-12,Purdue,Wake Forest,home,36,38,2.5,-2,0,0.5,-8.49,,2,3,-1.85,1,3,-0.01,4,,1,-1.6
2026,2026-09-12,Texas,Ohio State,home,24,23,-2.5,1,0,-1.5,2.5,,5,24,10.41,0,1,-0.38,4,Night · Top-10 opponent,1.25,3.1
2026,2026-09-12,BYU,Arizona,home,28,17,-6.5,11,0,4.5,5.23,-1.38,5,14,-0.77,1,3,-0.25,5,,1,0.7
2026,2026-09-12,SMU,UC Davis,home,56,10,-32.5,42,95,9.5,22.19,13.14,4,28,10.08,0,0,,4,FCS opponent,0.6,5.3
2026,2026-09-12,South Carolina,Towson,home,45,9,-44.5,29,24,-15.5,-0.23,-2.08,7,24,-12.29,0,0,,4,Night · FCS opponent,1.05,-4.9
2026,2026-09-12,Virginia Tech,Old Dominion,home,44,21,-17.5,31,62,13.5,4.12,13.92,5,20,2.0,2,2,0.97,5,Group of 5 opponent,0.85,4.6
2026,2026-09-12,UCLA,San Diego State,home,28,10,-13.5,18,0,4.5,-2.53,1.99,7,14,-9.55,1,1,0.52,5,Group of 5 opponent,1,-0.7
2026,2026-09-12,Tennessee,Georgia Tech,away,45,24,-12.5,21,0,8.5,9.49,2.51,3,14,4.08,1,1,0.53,5,Road · Night · Full house,1.25,5.0
2026,2026-09-12,Washington,Utah State,home,16,14,-28.5,2,0,-26.5,-8.9,-19.79,9,9,-29.2,1,2,-0.22,5,Group of 5 opponent,1,-12.4
2026,2026-09-12,Texas Tech,Oregon State,away,35,24,-25.5,11,0,-14.5,21.52,-11.23,9,21,-15.62,2,4,-0.33,5,Road · Night · Group of 5 opponent,1.15,-4.0
2026,2026-09-12,Wisconsin,Western Illinois,home,36,9,-43.5,27,16,-16.5,17.54,-3.57,5,10,-15.63,0,0,,4,Night · FCS opponent,1.05,-3.2
2026,2026-09-12,West Virginia,UT Martin,home,52,7,-41.5,35,75,-6.5,24.31,1.47,5,28,2.96,0,0,,4,FCS opponent,0.6,2.4
2026,2026-09-12,Alabama,Kentucky,away,45,17,-9.5,28,10,18.5,11.88,11.06,8,34,8.96,1,3,-0.33,5,Road · Full house,1.2,8.0
2026,2026-09-12,Mississippi State,Minnesota,away,38,13,-1.5,25,29,23.5,8.67,15.21,3,21,13.02,1,1,0.63,5,Road,1.1,10.0
2026,2026-09-12,Illinois,Duke,home,27,31,-6.0,-4,0,-10.0,-7.11,-15.12,3,7,-1.77,3,5,0.94,5,,1,-3.4
2026,2026-09-12,Colorado,Weber State,home,52,21,-38.5,31,71,-7.5,-0.18,-0.97,6,28,-0.99,1,1,0.3,5,FCS opponent,1,-0.7
2026,2026-09-12,Florida,Campbell,home,52,3,-51.5,42,108,-9.5,38.38,3.29,2,10,-1.19,1,1,0.19,5,FCS opponent,0.6,2.8
2026,2026-09-12,Georgia Tech,Tennessee,home,24,45,12.5,-21,0,-8.5,-13.87,,1,0,-1.84,1,1,0.75,4,Night · Ranked opponent,1.15,-3.2
2026,2026-09-12,Georgia,Western Kentucky,home,70,20,-40.5,42,115,1.5,10.82,8.99,3,21,6.15,0,0,,4,Group of 5 opponent,0.85,4.1
2026,2026-09-12,Iowa State,Iowa,away,13,16,14.0,-3,0,11.0,-2.22,-3.75,7,10,-2.25,0,2,-0.47,5,Road · Night · Full house · Ranked opponent,1.35,-0.5
2026,2026-09-12,Indiana,Howard,home,55,0,-57.5,41,75,-16.5,14.74,0.18,4,21,-2.79,0,0,,4,FCS opponent,1,-0.1
2026,2026-09-12,Notre Dame,Rice,home,52,0,-44.5,42,78,-2.5,18.61,-0.08,3,21,5.45,0,0,,4,Group of 5 opponent,0.85,3.3
2026,2026-09-12,Arizona State,Texas A&M,away,20,48,15.5,-28,12,-12.5,-42.79,,5,3,-5.31,2,2,1.55,4,Road · Full house · Top-10 opponent,1.4,-11.3
2026,2026-09-12,Kentucky,Alabama,home,17,45,9.5,-28,10,-18.5,-16.25,,3,3,-3.04,1,5,-0.38,4,Ranked opponent,1.1,-6.9
2026,2026-09-12,LSU,Louisiana Tech,home,45,14,-34.5,24,46,-10.5,-25.11,-1.9,12,44,-11.17,0,1,-0.66,5,Night · Group of 5 opponent,1.05,-7.7
2026,2026-09-12,Auburn,Southern Miss,home,43,8,-32.5,35,45,2.5,5.36,6.14,5,17,-5.4,0,0,,4,Night · Group of 5 opponent,0.9,1.0
2026,2026-09-12,Clemson,Georgia Southern,home,22,7,-20.5,15,0,-5.5,4.51,-3.64,12,12,-33.3,1,1,0.46,5,Night · Group of 5 opponent,1.05,-6.6
2026,2026-09-12,Baylor,Prairie View A&M,home,44,3,-37.5,31,83,-6.5,5.35,-0.45,4,28,8.91,1,1,0.31,5,Night · FCS opponent,0.65,1.4
2026,2026-09-12,Utah,Arkansas,home,43,10,-13.5,33,75,19.5,12.58,15.99,5,21,4.18,1,1,0.52,5,Night,1.05,7.8
2026,2026-09-12,TCU,Grambling,home,63,7,-44.5,35,44,-9.5,-0.69,-0.08,6,21,-10.11,0,0,,4,Night · FCS opponent,1.05,-3.3
2026,2026-09-12,USC,Louisiana,home,49,30,-30.5,32,17,1.5,-0.51,0.18,3,21,7.91,2,2,0.75,5,Night · Group of 5 opponent,0.9,2.3
2026,2026-09-12,Arkansas,Utah,away,10,43,13.5,-33,75,-19.5,-16.95,,2,0,-3.56,0,1,-0.24,4,Road · Night · Full house · Ranked opponent,1.35,-8.8
2026,2026-09-17,Syracuse,Pittsburgh,away,13,27,10.5,-14,0,-3.5,-13.01,,4,3,-4.82,0,1,-0.27,4,Road · Night,1.15,-4.6
2026,2026-09-17,Pittsburgh,Syracuse,home,27,13,-10.5,14,0,3.5,8.64,-3.45,7,27,4.68,1,1,0.55,5,Night,1.05,2.7
2026,2026-09-18,Wake Forest,Miami,home,20,33,20.5,-13,0,7.5,-11.29,,6,7,-1.21,1,2,0.64,4,Night · Top-10 opponent,1.25,-0.2
2026,2026-09-18,Miami,Wake Forest,away,33,20,-20.5,13,0,-7.5,6.92,-9.64,6,17,-5.65,1,1,0.46,5,Road · Night · Full house,1.25,-2.2
2026,2026-09-19,Boston College,Maine,home,22,16,-37.5,6,0,-31.5,-6.64,-20.45,6,10,-18.64,0,0,,4,FCS opponent,1,-11.8
2026,2026-09-19,Maryland,Virginia Tech,home,26,35,2.5,-9,0,-6.5,-8.93,,3,21,13.73,0,1,-0.34,4,Night,1.05,0.8
2026,2026-09-19,Michigan State,Notre Dame,away,10,27,28.5,-17,0,11.5,4.17,,3,3,0.3,0,1,-0.11,4,Road · Night · Full house · Top-10 opponent,1.45,3.5
2026,2026-09-19,Michigan,UTEP,home,52,17,-34.5,31,36,-3.5,2.79,5.1,6,31,3.42,1,2,-0.32,5,Group of 5 opponent,0.85,1.0
2026,2026-09-19,Minnesota,Akron,home,41,7,-22.5,27,38,4.5,16.1,7.32,8,13,-18.14,0,0,,4,Group of 5 opponent,0.85,0.3
2026,2026-09-19,Missouri,Troy,home,27,17,-26.5,10,0,-16.5,20.0,-15.75,8,20,-13.02,0,1,-0.59,5,Night · Group of 5 opponent,1.05,-4.5
2026,2026-09-19,Ole Miss,LSU,home,32,24,3.0,8,0,11.0,-3.82,1.55,4,17,7.42,1,2,0.33,5,Night · Top-10 opponent,1.25,3.5
2026,2026-09-19,Duke,Stanford,home,35,7,-9.5,28,28,18.5,-2.46,11.06,8,28,2.96,0,0,,4,,1,4.5
2026,2026-09-19,NC State,Vanderbilt,away,31,35,3.0,-4,0,-1.0,-8.65,-14.45,7,17,0.23,1,3,0.0,5,Road,1.1,-3.4
2026,2026-09-19,North Carolina,Clemson,away,20,28,3.0,-8,0,-5.0,-4.86,-15.45,6,13,-1.37,1,4,-0.33,5,Road · Full house,1.2,-4.5
2026,2026-09-19,Nebraska,North Dakota,home,34,7,-27.5,24,40,-3.5,-7.59,-2.27,8,20,-13.49,0,0,,4,Night · FCS opponent,1.05,-4.8
2026,2026-09-19,Rutgers,USC,home,35,42,21.0,-7,0,14.0,-9.09,,2,7,4.32,0,1,-0.18,4,Ranked opponent,1.1,1.6
2026,2026-09-19,Ohio State,Kent State,home,59,3,-52.5,35,76,-17.5,9.35,-11.23,3,21,4.04,0,0,,4,Group of 5 opponent,1,-1.4
2026,2026-09-19,Oklahoma State,Murray State,home,59,0,-56.5,31,71,-25.5,-1.31,-10.31,5,31,1.56,0,0,,4,Night · FCS opponent,1.05,-4.5
2026,2026-09-19,Auburn,Florida,home,39,44,2.5,-5,0,-2.5,4.59,,2,10,5.15,1,2,0.32,4,Night,1.05,2.4
2026,2026-09-19,Oklahoma,New Mexico,home,14,6,-21.5,8,0,-13.5,-5.46,,6,14,-9.0,0,2,-1.1,4,Night · Group of 5 opponent,1.05,-6.5
2026,2026-09-19,UCF,Georgia State,home,44,30,-17.5,14,0,-3.5,21.85,-3.08,6,20,-1.59,4,6,0.92,5,Night · Group of 5 opponent,0.9,2.5
2026,2026-09-19,Penn State,Buffalo,home,55,13,-39.5,35,65,-4.5,3.1,6.51,8,31,-8.13,0,0,,4,Group of 5 opponent,1,-0.6
2026,2026-09-19,Cincinnati,Miami (OH),home,35,31,-14.5,4,0,-10.5,-1.06,,6,28,7.46,1,3,-0.46,4,Group of 5 opponent,1,-0.2
2026,2026-09-19,Clemson,North Carolina,home,28,20,-3.0,8,0,5.0,0.48,,7,20,0.77,2,2,1.23,4,,1,2.7
2026,2026-09-19,Iowa,Northern Iowa,home,55,0,-37.5,42,95,4.5,10.92,10.55,3,21,6.68,0,0,,4,FCS opponent,0.6,3.3
2026,2026-09-19,Kansas,Arizona State,neutral,17,24,5.5,-7,0,-1.5,-35.21,,9,10,-10.24,0,2,-0.62,4,,1,-9.2
2026,2026-09-19,Kansas State,Tulane,home,31,20,-20.5,11,0,-9.5,-7.37,-7.64,5,24,5.12,0,1,-0.54,5,Group of 5 opponent,1,-2.4
2026,2026-09-19,Vanderbilt,NC State,home,35,31,-3.0,4,0,1.0,4.27,,5,14,0.26,0,1,-0.39,4,,1,0.6
2026,2026-09-19,Baylor,Louisiana Tech,home,36,19,-20.5,17,0,-3.5,8.56,-4.64,7,17,-9.43,1,1,0.46,5,Group of 5 opponent,1,-1.1
2026,2026-09-19,Stanford,Duke,away,7,35,9.5,-28,28,-18.5,-1.91,,5,7,-3.07,0,1,-0.28,4,Road,1.1,-4.1
2026,2026-09-19,Texas A&M,Kentucky,home,21,31,-16.5,-10,0,-26.5,-13.52,,4,14,-0.16,0,2,-1.01,4,,1,-7.0
2026,2026-09-18,Houston,Texas Tech,away,26,28,7.5,-2,0,5.5,-7.36,-6.12,5,14,3.34,2,4,0.82,5,Road · Night · Full house · Ranked opponent,1.35,0.5
2026,2026-09-18,Oregon,Portland State,home,84,0,-58.5,42,102,-16.5,3.44,-0.34,2,14,1.99,0,0,,4,Night · FCS opponent,1.05,-0.9
2026,2026-09-19,California,Wagner,home,49,7,-58.5,32,73,-26.5,-4.41,-10.34,4,28,3.98,0,0,,4,FCS opponent,1,-4.3
2026,2026-09-19,Utah,Utah State,home,33,0,-26.5,33,49,6.5,0.39,8.25,4,13,-3.51,0,0,,4,Group of 5 opponent,0.85,1.4
2026,2026-09-19,SMU,Louisville,away,31,41,3.0,-10,0,-7.0,-15.67,,6,17,2.63,1,5,-0.67,4,Road · Ranked opponent,1.2,-4.3
2026,2026-09-19,South Carolina,Mississippi State,home,34,41,-3.0,-7,0,-10.0,-12.88,-16.57,4,16,5.01,1,4,-0.54,5,,1,-4.5
2026,2026-09-19,Virginia,West Virginia,neutral,27,38,-10.5,-11,0,-21.5,-5.61,,6,21,1.87,0,3,-1.35,4,Night,1.05,-5.2
2026,2026-09-19,Virginia Tech,Maryland,away,35,26,-2.5,9,0,6.5,4.56,-3.31,4,14,3.13,2,2,1.24,5,Road · Night · Full house,1.25,3.5
2026,2026-09-19,Tennessee,Kennesaw State,home,42,9,-35.5,32,69,-3.5,10.45,3.58,6,20,-7.93,1,1,0.33,5,Night · Group of 5 opponent,0.9,0.4
2026,2026-09-19,Washington,Eastern Washington,home,48,16,-42.5,28,22,-14.5,3.27,-3.05,5,27,1.67,1,2,-0.46,5,FCS opponent,1,-1.5
2026,2026-09-18,Texas Tech,Houston,home,28,26,-7.5,2,0,-5.5,2.99,,5,21,5.94,0,3,-1.28,4,Night · Ranked opponent,1.15,-0.2
2026,2026-09-19,Wisconsin,Eastern Michigan,home,54,10,-23.5,31,68,7.5,4.84,10.81,6,34,10.29,0,1,-0.57,5,Group of 5 opponent,0.85,3.8
2026,2026-09-19,West Virginia,Virginia,neutral,38,27,10.5,11,0,21.5,1.23,4.43,8,24,8.36,2,3,1.2,5,Night · Ranked opponent,1.15,6.9
2026,2026-09-19,USC,Rutgers,away,42,35,-21.0,7,0,-14.0,4.71,-11.9,3,14,2.59,3,4,0.83,5,Road,1.1,-1.2
2026,2026-09-19,Alabama,Florida State,home,50,36,-18.5,14,0,-4.5,4.13,-5.6,5,27,8.71,1,2,-0.04,5,,1,1.1
2026,2026-09-19,Mississippi State,South Carolina,away,41,34,3.0,7,0,10.0,8.5,-4.45,5,27,15.02,0,1,-0.33,5,Road · Full house,1.2,5.1
2026,2026-09-19,Illinois,Southern Illinois,home,48,10,-34.5,24,39,-10.5,-2.26,-5.9,7,27,-5.18,1,1,0.34,5,FCS opponent,1,-2.7
2026,2026-09-19,Colorado,Northwestern,away,7,41,3.5,-28,39,-24.5,-28.45,,4,7,-2.46,0,1,-0.33,4,Road · Night · Full house,1.25,-11.2
2026,2026-09-19,Florida State,Alabama,away,36,50,18.5,-14,0,4.5,-8.5,-13.42,2,7,4.03,2,5,1.01,5,Road · Full house · Top-10 opponent,1.4,-0.8
2026,2026-09-19,Florida,Auburn,away,44,39,-2.5,5,0,2.5,-8.97,-5.31,4,14,3.13,3,3,1.86,5,Road · Night · Full house,1.25,1.2
2026,2026-09-19,Georgia Tech,Mercer,home,44,11,-38.5,26,37,-12.5,15.21,-5.97,4,21,1.67,0,0,,4,FCS opponent,0.6,0.2
2026,2026-09-19,Georgia,Arkansas,away,45,17,-24.5,28,54,3.5,7.88,3.29,5,28,7.95,0,0,,4,Road,1.1,4.5
2026,2026-09-19,Iowa State,Bowling Green,home,55,7,-22.5,31,65,8.5,1.05,7.32,6,28,4.64,1,1,0.44,5,Group of 5 opponent,0.85,3.0
2026,2026-09-19,Northwestern,Colorado,home,41,7,-3.5,28,39,24.5,24.07,14.18,7,28,8.56,0,0,,4,Night,1.05,11.4
2026,2026-09-19,Arkansas,Georgia,home,17,45,24.5,-28,54,-3.5,-12.26,,1,0,-1.13,0,1,-0.14,4,Top-10 opponent,1.2,-3.4
2026,2026-09-19,Indiana,Western Kentucky,home,38,0,-44.5,31,42,-13.5,6.27,-4.08,8,28,-13.47,0,0,,4,Group of 5 opponent,1,-4.0
2026,2026-09-19,Notre Dame,Michigan State,home,27,10,-28.5,17,0,-11.5,-8.55,-5.79,5,17,-4.22,1,2,-0.22,5,Night,1.05,-4.2
2026,2026-09-19,Arizona State,Kansas,neutral,24,17,-5.5,7,0,1.5,30.83,-3.86,11,17,-14.84,0,3,-1.22,5,,1,-0.2
2026,2026-09-19,Kentucky,Texas A&M,away,31,21,16.5,10,0,26.5,9.14,6.55,5,14,5.98,1,1,0.79,5,Road · Full house · Top-10 opponent,1.4,9.8
2026,2026-09-19,Louisville,SMU,home,41,31,-3.0,10,0,7.0,11.3,0.43,7,14,-5.23,4,5,2.07,5,Ranked opponent,1.1,3.8
2026,2026-09-19,LSU,Ole Miss,away,24,32,-3.0,-8,0,-11.0,-0.56,,4,17,6.01,0,2,-0.77,4,Road · Night · Full house · Top-10 opponent,1.45,-1.3
2026,2026-09-19,Arizona,Northern Illinois,home,42,17,-34.5,26,31,-8.5,12.13,-1.9,2,14,4.81,0,1,-0.66,5,Night · Group of 5 opponent,0.9,0.8
2026,2026-09-19,Purdue,UCLA,away,38,52,13.5,-14,0,-0.5,-0.1,,3,7,1.66,1,3,0.28,4,Road · Night,1.15,1.0
2026,2026-09-19,Texas,UTSA,home,30,6,-29.5,24,19,-5.5,-1.14,-3.31,8,27,-7.43,1,1,0.38,5,Night · Group of 5 opponent,1.05,-2.2
2026,2026-09-19,BYU,Colorado State,away,41,23,-17.5,31,61,13.5,4.02,9.92,5,24,6.0,1,1,0.49,5,Road · Night · Full house · Group of 5 opponent,1.1,5.7
2026,2026-09-19,UCLA,Purdue,home,52,38,-13.5,14,0,0.5,-4.27,-5.01,4,21,7.54,4,6,1.13,5,Night,1.05,1.6
2026,2026-09-19,TCU,Arkansas State,home,31,7,-18.5,24,5,5.5,-0.42,2.4,9,31,-1.92,0,0,,4,Night · Group of 5 opponent,0.9,0.7
2026,2026-09-25,Rutgers,Howard,home,58,7,-42.5,34,73,-8.5,10.81,-0.05,4,24,3.73,0,0,,4,Night · FCS opponent,0.65,1.1
2026,2026-09-26,Boston College,Virginia Tech,home,14,21,14.5,-7,0,7.5,2.59,,8,7,-6.76,1,3,0.3,4,,1,0.4
2026,2026-09-26,Arizona,Washington State,away,34,24,-11.5,10,0,-1.5,-3.97,-7.97,8,24,-1.97,1,2,0.08,5,Road · Night · Full house · Group of 5 opponent,1.25,-2.4
2026,2026-09-26,Maryland,UCLA,home,3,54,2.5,-31,69,-28.5,-23.25,,4,0,-9.7,0,1,-0.34,4,,1,-10.4
2026,2026-09-26,Michigan State,Nebraska,home,13,31,6.0,-18,0,-12.0,-11.07,,4,6,-2.88,0,1,-0.31,4,,1,-4.4
2026,2026-09-26,Michigan,Iowa,home,19,20,-4.5,-1,0,-5.5,-18.04,,7,10,-9.85,2,2,1.2,4,Ranked opponent,1.1,-4.9
2026,2026-09-26,Missouri,Mississippi State,away,24,31,3.5,-7,0,-3.5,-0.48,,6,17,2.8,1,4,-0.32,4,Road · Night · Full house · Ranked opponent,1.35,-0.1
2026,2026-09-26,Ole Miss,Florida,away,28,52,4.0,-24,12,-20.0,-14.51,,2,3,-1.67,0,1,-0.32,4,Road · Full house · Ranked opponent,1.3,-7.5
2026,2026-09-26,Duke,William & Mary,home,62,7,-43.5,31,72,-12.5,7.09,-3.57,5,28,2.37,1,1,0.26,5,FCS opponent,1,-0.0
2026,2026-09-26,NC State,App State,home,41,31,-12.5,10,0,-2.5,-0.08,-8.49,7,24,0.86,2,2,1.06,5,Night · Group of 5 opponent,1.05,-0.1
2026,2026-09-26,Wake Forest,Louisville,away,30,27,11.5,3,0,14.5,-0.21,0.95,5,13,3.52,3,5,1.71,5,Road · Ranked opponent,1.2,5.0
2026,2026-09-26,Nebraska,Michigan State,away,31,13,-6.0,18,0,12.0,6.69,5.88,6,17,-0.54,2,2,1.18,5,Road,1.1,4.6
2026,2026-09-26,Ohio State,Illinois,home,42,19,-25.5,23,12,-2.5,10.77,-2.23,3,21,8.79,0,1,-0.58,5,,1,2.1
2026,2026-09-26,Oklahoma State,West Virginia,away,41,24,1.5,17,0,18.5,1.19,5.77,6,20,5.1,3,3,1.96,5,Road · Night · Full house,1.25,7.5
2026,2026-09-26,Auburn,Vanderbilt,home,21,15,-10.0,6,0,-4.0,7.09,-8.19,5,0,-15.79,2,3,0.66,5,,1,-2.9
2026,2026-09-26,Oklahoma,Georgia,away,13,41,11.5,-25,43,-13.5,-35.79,,5,0,-9.48,0,1,-0.26,4,Road · Full house · Top-10 opponent,1.4,-14.5
2026,2026-09-26,UCF,TCU,home,21,13,3.5,8,0,11.5,12.98,,7,7,-9.56,2,3,1.01,4,,1,2.9
2026,2026-09-26,Penn State,Wisconsin,home,20,24,-9.5,-4,0,-13.5,6.11,-16.94,6,10,-8.78,1,2,0.11,5,,1,-4.4
2026,2026-09-26,Cincinnati,Kansas State,home,31,26,6.0,5,0,11.0,3.43,-0.9,5,17,5.9,1,3,0.08,5,Night,1.05,3.0
2026,2026-09-26,Pittsburgh,Bucknell,home,59,0,-54.5,35,96,-19.5,2.9,-5.27,4,28,4.91,0,0,,4,FCS opponent,1,-1.4
2026,2026-09-25,Clemson,California,away,24,10,-2.5,14,0,11.5,-4.68,0.69,6,21,4.69,0,0,,4,Road · Night · Full house,1.25,2.6
2026,2026-09-26,Iowa,Michigan,away,20,19,4.5,1,0,5.5,13.67,,5,7,-4.54,2,4,0.72,4,Road · Full house · Ranked opponent,1.3,4.0
2026,2026-09-26,Kansas State,Cincinnati,away,26,31,-6.0,-5,0,-11.0,-7.8,-16.12,4,13,1.3,1,4,-0.65,5,Road · Night · Full house,1.25,-5.9
2026,2026-09-26,Vanderbilt,Auburn,away,15,21,10.0,-6,0,4.0,-11.47,,7,6,-7.89,0,1,-0.27,4,Road · Full house,1.2,-4.2
2026,2026-09-26,Baylor,Colorado,home,23,13,-8.5,10,0,1.5,10.78,-2.42,10,13,-17.71,2,3,0.7,5,,1,-1.3
2026,2026-09-26,Miami,Central Michigan,home,52,3,-41.5,32,68,-9.5,-0.82,1.47,3,21,5.98,1,1,0.28,5,Group of 5 opponent,0.85,0.6
2026,2026-09-26,Texas A&M,LSU,away,6,35,8.5,-29,47,-20.5,-9.57,,4,3,-5.29,0,1,-0.28,4,Road · Night · Full house · Top-10 opponent,1.45,-8.5
2026,2026-09-26,Houston,Georgia Southern,away,42,28,-17.5,14,0,-3.5,3.72,-7.08,3,21,10.2,2,2,0.97,5,Road · Full house · Group of 5 opponent,1.05,2.3
2026,2026-09-26,Oregon,USC,away,41,27,-3.5,14,0,10.5,6.89,4.18,3,10,1.67,4,5,2.05,5,Road · Full house · Ranked opponent,1.3,6.6
2026,2026-09-25,California,Clemson,home,10,24,2.5,-14,0,-11.5,0.31,,4,0,-9.7,0,1,-0.34,4,Night,1.05,-4.4
2026,2026-09-26,Purdue,Notre Dame,home,10,49,27.5,-35,77,-7.5,-21.72,,3,3,0.13,0,1,-0.12,4,Top-10 opponent,1.2,-5.5
2026,2026-09-26,Texas,Tennessee,away,20,17,-5.5,3,0,-2.5,-3.49,-7.86,9,10,-16.05,1,2,0.18,5,Road · Full house · Ranked opponent,1.3,-5.9
2026,2026-09-26,Utah,Iowa State,away,31,17,-7.5,14,0,6.5,3.1,-1.9,6,17,-1.07,0,1,-0.43,5,Road,1.1,0.4
2026,2026-09-26,South Carolina,Alabama,away,18,49,12.5,-32,31,-19.5,-26.09,,1,0,-1.84,0,1,-0.25,4,Road · Night · Full house · Top-10 opponent,1.45,-11.1
2026,2026-09-26,Virginia,Delaware,home,42,3,-19.5,32,73,12.5,0.51,9.88,4,21,6.13,0,0,,4,Group of 5 opponent,0.85,4.0
2026,2026-09-26,Virginia Tech,Boston College,away,21,14,-14.5,7,0,-7.5,-6.97,,9,13,-17.81,1,2,0.03,4,Road,1.1,-7.0
2026,2026-09-26,UCLA,Maryland,away,54,3,-2.5,31,69,28.5,18.87,17.69,6,21,4.69,0,0,,4,Road,1.1,11.3
2026,2026-09-26,TCU,UCF,away,13,21,-3.5,-8,0,-11.5,-17.36,,7,6,-13.44,1,3,-0.17,4,Road · Full house,1.2,-9.4
2026,2026-09-26,Tennessee,Texas,home,17,20,5.5,-3,0,2.5,-0.88,,6,7,-6.49,1,3,0.07,4,Top-10 opponent,1.2,-1.3
2026,2026-09-26,Texas Tech,Sam Houston,home,49,14,-34.5,28,29,-6.5,17.21,-1.9,8,21,-15.78,0,1,-0.66,5,Group of 5 opponent,1,-2.2
2026,2026-09-26,Wisconsin,Penn State,away,24,20,9.5,4,0,13.5,-10.48,,6,24,11.92,0,1,-0.28,4,Road · Full house · Ranked opponent,1.3,3.7
2026,2026-09-26,West Virginia,Oklahoma State,home,24,41,-1.5,-17,0,-18.5,-5.56,-26.79,2,14,8.68,2,6,-0.24,5,Night,1.05,-5.1
2026,2026-09-26,USC,Oregon,home,27,41,3.5,-14,0,-10.5,-11.27,,2,14,9.27,1,3,0.01,4,Ranked opponent,1.1,-0.9
2026,2026-09-26,Alabama,South Carolina,home,49,18,-12.5,32,31,19.5,21.72,13.51,4,21,7.78,0,0,,4,Night,1.05,10.1
2026,2026-09-26,Mississippi State,Missouri,home,31,24,-3.5,7,0,3.5,-3.9,-6.82,7,28,8.56,1,3,-0.17,5,Night · Ranked opponent,1.15,0.6
2026,2026-09-26,Illinois,Ohio State,away,19,42,25.5,-23,12,2.5,-15.15,,2,0,-2.15,0,1,-0.14,4,Road · Full house · Top-10 opponent,1.4,-3.8
2026,2026-09-26,Colorado,Baylor,away,13,23,8.5,-10,0,-1.5,-15.16,,8,13,-3.58,0,3,-0.85,4,Road,1.1,-5.0
2026,2026-09-26,Florida State,Central Arkansas,home,34,7,-45.5,27,43,-18.5,2.58,-8.6,5,27,0.79,0,0,,4,FCS opponent,1,-2.8
2026,2026-09-26,Florida,Ole Miss,home,52,28,-4.0,24,12,20.0,10.13,13.92,5,17,2.97,3,3,1.82,5,Top-10 opponent,1.2,9.5
2026,2026-09-26,Georgia,Oklahoma,home,41,13,-11.5,25,43,13.5,31.42,7.03,8,31,5.03,0,0,,4,,1,8.7
2026,2026-09-26,Iowa State,Utah,home,17,31,7.5,-14,0,-6.5,-7.48,,5,7,-3.66,0,1,-0.29,4,Ranked opponent,1.1,-3.5
2026,2026-09-25,Northwestern,Indiana,away,23,29,20.5,-6,0,14.5,6.77,,3,7,2.9,3,5,2.1,4,Road · Night · Full house · Top-10 opponent,1.45,9.7
2026,2026-09-25,Indiana,Northwestern,home,29,23,-20.5,6,0,-14.5,-11.15,-14.64,3,10,-1.33,3,3,1.38,5,Night,1.05,-4.0
2026,2026-09-26,Notre Dame,Purdue,away,49,10,-27.5,35,77,7.5,17.34,8.73,6,28,2.88,0,0,,4,Road,1.1,6.3
2026,2026-09-26,Kentucky,South Alabama,home,45,21,-20.5,24,31,3.5,-5.03,5.36,8,24,-6.2,2,3,0.38,5,Group of 5 opponent,1,-0.2
2026,2026-09-26,Louisville,Wake Forest,home,27,30,-11.5,-3,0,-14.5,-4.16,,4,3,-9.99,3,5,0.7,4,,1,-4.1
2026,2026-09-26,LSU,Texas A&M,home,35,6,-8.5,29,47,20.5,5.2,15.58,6,28,9.58,0,1,-0.43,5,Night · Ranked opponent,1.15,7.6
2026,2026-09-26,Minnesota,Washington,away,27,24,12.5,3,0,15.5,-4.52,-2.53,8,17,2.3,2,3,1.25,5,Road · Night · Full house,1.25,3.2
2026,2026-09-26,Stanford,Georgia Tech,home,34,27,3.0,7,0,10.0,5.02,-3.45,4,21,11.42,2,4,0.67,5,Night,1.05,4.5
2026,2026-09-26,SMU,Missouri State,home,34,24,-30.5,10,0,-20.5,-27.84,-14.82,7,28,-2.54,0,2,-1.25,5,Night · Group of 5 opponent,1.05,-9.9
2026,2026-09-26,Washington,Minnesota,home,24,27,-12.5,-3,0,-15.5,0.14,,6,14,-5.83,0,1,-0.47,4,Night,1.05,-4.1
2026,2026-09-26,Georgia Tech,Stanford,away,27,34,-3.0,-7,0,-10.0,-9.39,-16.57,3,3,-5.24,2,5,0.07,5,Road · Night,1.15,-6.2
2026,2026-09-26,Arkansas,Tulsa,home,34,6,-7.0,28,17,21.0,2.66,16.36,9,23,-3.84,0,0,,4,Night · Group of 5 opponent,0.9,4.4
2026,2026-10-02,Pittsburgh,Virginia Tech,away,35,33,1.5,2,0,3.5,20.71,-6.23,8,21,1.13,0,2,-0.69,5,Road · Night · Full house,1.25,2.4
2026,2026-10-02,Virginia Tech,Pittsburgh,home,33,35,-1.5,-2,0,-3.5,-25.09,-14.79,8,7,-14.28,2,3,0.88,5,Night,1.05,-7.8
2026,2026-10-03,Boston College,SMU,away,16,25,21.5,-9,0,12.5,-26.55,,5,7,0.45,1,2,0.66,4,Road · Ranked opponent,1.2,-1.9
2026,2026-10-03,Maryland,Nebraska,away,23,48,15.5,-25,24,-9.5,-18.58,-23.97,7,13,1.37,1,3,0.33,5,Road · Full house,1.2,-7.3
2026,2026-10-03,Michigan State,Wisconsin,away,3,31,8.5,-28,18,-19.5,-14.21,,4,3,-5.29,0,1,-0.28,4,Road,1.1,-7.2
2026,2026-10-03,Michigan,Minnesota,away,14,20,-6.5,-6,0,-12.5,-0.4,,5,7,-7.77,0,4,-1.67,4,Road · Full house,1.2,-6.7
2026,2026-10-03,Minnesota,Michigan,home,20,14,6.5,6,0,12.5,-3.97,,8,17,-0.52,0,2,-0.61,4,,1,0.4
2026,2026-10-03,Missouri,Florida,home,45,17,5.5,28,44,33.5,-1.64,22.84,6,20,6.51,2,2,1.38,5,Top-10 opponent,1.2,11.2
2026,2026-10-03,NC State,Louisville,home,31,28,5.5,3,0,8.5,-0.01,-2.16,5,20,8.76,1,4,-0.25,5,,1,2.2
2026,2026-10-03,North Carolina,Notre Dame,home,26,37,21.0,-11,0,10.0,6.38,,2,14,11.32,0,2,-0.35,4,Top-10 opponent,1.2,6.0
2026,2026-10-03,Wake Forest,Stanford,home,57,3,-14.5,33,68,18.5,3.25,12.47,5,28,10.89,0,0,,4,,1,7.3
2026,2026-10-03,Nebraska,Maryland,home,48,23,-15.5,25,24,9.5,14.21,6.95,7,35,10.63,0,3,-1.49,5,,1,4.6
2026,2026-10-03,Syracuse,UConn,away,42,41,-6.5,1,0,-5.5,-0.68,-13.38,7,28,7.33,1,4,-0.67,5,Road · Full house · Group of 5 opponent,1.2,-2.0
2026,2026-10-03,Ohio State,Iowa,away,31,14,-14.5,25,11,10.5,-11.2,8.47,6,28,7.46,1,2,0.03,5,Road · Full house · Ranked opponent,1.3,3.2
2026,2026-10-03,Auburn,Tennessee,away,14,24,6.0,-10,0,-4.0,-15.06,,8,14,-3.76,0,2,-0.61,4,Road · Full house · Ranked opponent,1.3,-6.0
2026,2026-10-03,UCF,Houston,away,17,27,10.5,-10,0,0.5,-5.94,-12.57,5,10,0.22,0,3,-0.8,5,Road · Ranked opponent,1.2,-3.7
2026,2026-10-02,Penn State,Northwestern,away,13,34,-3.0,-27,18,-30.0,-2.96,,5,14,0.26,0,1,-0.39,4,Road · Night · Full house,1.25,-6.0
2026,2026-10-03,Clemson,Miami,home,13,41,14.0,-28,6,-14.0,-20.25,,4,3,-4.0,0,1,-0.24,4,Night · Top-10 opponent,1.25,-8.0
2026,2026-10-03,Iowa,Ohio State,home,14,31,14.5,-25,11,-10.5,6.82,,4,0,-6.88,2,2,1.54,4,Top-10 opponent,1.2,0.2
2026,2026-10-03,Kansas,Middle Tennessee,home,55,0,-21.5,34,50,12.5,-7.22,14.84,5,20,0.83,0,0,,4,Group of 5 opponent,0.85,2.7
2026,2026-10-03,Vanderbilt,Georgia,away,14,38,25.5,-24,16,1.5,-12.87,,2,7,4.85,0,2,-0.27,4,Road · Full house · Top-10 opponent,1.4,-1.3
2026,2026-10-03,Miami,Clemson,away,41,13,-14.0,28,6,14.0,15.87,12.73,7,20,-3.76,1,1,0.52,5,Road · Night · Full house,1.25,6.6
2026,2026-10-03,Stanford,Wake Forest,away,3,57,14.5,-33,68,-18.5,-7.63,,2,0,-3.44,0,1,-0.23,4,Road,1.1,-5.2
2026,2026-10-03,Texas A&M,Arkansas,home,34,7,-13.5,24,39,10.5,5.52,4.99,5,27,10.18,0,1,-0.48,5,Night,1.05,4.4
2026,2026-10-03,Houston,UCF,home,27,17,-10.5,10,0,-0.5,1.56,-3.45,7,20,-2.32,0,1,-0.45,5,,1,-1.1
2026,2026-10-03,California,UNLV,away,31,39,1.5,-8,0,-6.5,-23.1,,8,21,1.13,0,3,-1.04,4,Road · Group of 5 opponent,1.1,-6.2
2026,2026-10-03,Purdue,Illinois,away,24,17,9.5,7,0,16.5,5.22,0.92,6,13,0.92,1,1,0.72,5,Road · Full house,1.2,4.3
2026,2026-10-03,BYU,TCU,away,17,10,-5.5,7,0,1.5,9.12,-3.86,8,17,-6.16,0,1,-0.41,5,Road · Night · Full house,1.25,-0.8
2026,2026-10-03,SMU,Boston College,home,25,16,-21.5,9,0,-12.5,22.18,-9.16,6,14,-9.0,1,2,-0.1,5,,1,-1.4
2026,2026-10-03,South Carolina,Kentucky,home,34,35,-2.5,-1,0,-3.5,-9.74,-14.31,6,10,-6.31,2,4,0.47,5,Ranked opponent,1.1,-4.7
2026,2026-10-03,Virginia,Florida State,away,7,38,-1.5,-24,43,-25.5,-1.81,,5,7,-6.3,0,2,-0.75,4,Road,1.1,-6.7
2026,2026-10-03,TCU,BYU,home,10,17,5.5,-7,0,-1.5,-13.49,,7,7,-8.74,0,2,-0.62,4,Night · Top-10 opponent,1.25,-6.5
2026,2026-10-03,Tennessee,Auburn,home,24,14,-6.0,10,0,4.0,10.68,-1.12,10,24,-5.24,0,1,-0.41,5,,1,0.4
2026,2026-10-03,Washington,USC,away,21,25,7.5,-4,0,3.5,-2.91,-9.12,5,21,10.34,0,5,-1.47,5,Road · Ranked opponent,1.2,-0.7
2026,2026-10-03,Texas Tech,Colorado,away,29,7,-13.5,22,0,8.5,25.96,1.99,10,20,-13.64,1,1,0.52,5,Road · Full house,1.2,3.2
2026,2026-10-03,Wisconsin,Michigan State,home,31,3,-8.5,28,18,19.5,9.83,11.58,8,24,-0.57,0,0,,4,,1,5.7
2026,2026-10-03,West Virginia,Iowa State,away,42,45,3.0,-3,0,0.0,0.86,,6,28,13.63,2,5,0.33,4,Road,1.1,4.5
2026,2026-10-03,USC,Washington,home,25,21,-7.5,4,0,-3.5,-1.47,,6,13,-5.07,0,2,-0.85,4,,1,-2.9
2026,2026-10-03,Alabama,Mississippi State,away,56,23,-5.5,26,29,20.5,11.42,11.14,5,21,6.53,1,2,0.18,5,Road · Full house · Ranked opponent,1.3,8.9
2026,2026-10-03,Mississippi State,Alabama,home,23,56,5.5,-26,29,-20.5,-15.79,,3,7,0.25,0,1,-0.31,4,Top-10 opponent,1.2,-6.7
2026,2026-10-03,Illinois,Purdue,home,17,24,-9.5,-7,0,-16.5,-9.6,,3,10,0.61,0,2,-0.89,4,,1,-4.6
2026,2026-10-03,Colorado,Texas Tech,home,7,29,13.5,-22,0,-8.5,-30.33,,6,0,-10.67,0,3,-0.72,4,Ranked opponent,1.1,-10.6
2026,2026-10-03,Florida State,Virginia,home,38,7,1.5,24,43,25.5,-2.57,16.77,10,38,13.16,0,1,-0.35,5,,1,7.1
2026,2026-10-03,Florida,Missouri,away,17,45,-5.5,-28,44,-33.5,-2.73,,2,7,1.21,0,3,-1.22,4,Road · Full house · Ranked opponent,1.3,-7.9
2026,2026-10-03,Georgia,Vanderbilt,home,38,14,-25.5,24,16,-1.5,8.49,-1.23,6,24,-0.41,1,1,0.42,5,,1,1.3
2026,2026-10-03,Iowa State,West Virginia,home,45,42,-3.0,3,0,0.0,-5.23,-10.57,6,21,4.51,4,6,1.69,5,,1,0.5
2026,2026-10-02,Northwestern,Penn State,home,34,13,3.0,27,18,30.0,-1.41,20.55,8,21,1.84,1,1,0.67,5,Night,1.05,7.4
2026,2026-10-03,Arkansas,Texas A&M,away,7,34,13.5,-24,39,-10.5,-9.9,,1,0,-1.78,0,1,-0.24,4,Road · Night · Full house,1.25,-4.6
2026,2026-10-03,Notre Dame,North Carolina,away,37,26,-21.0,11,0,-10.0,-10.76,-11.9,4,21,5.78,1,1,0.46,5,Road · Full house,1.2,-2.9
2026,2026-10-03,Kentucky,South Carolina,away,35,34,2.5,1,0,3.5,5.37,,6,20,5.45,1,3,-0.01,4,Road · Full house,1.2,3.5
2026,2026-10-03,Louisville,NC State,away,28,31,-5.5,-3,0,-8.5,-4.37,,4,14,2.42,0,3,-1.22,4,Road · Full house,1.2,-3.2
2026,2026-10-03,LSU,McNeese,home,63,14,-53.5,35,96,-18.5,0.44,-4.75,5,28,-0.56,0,0,,4,Night · FCS opponent,1.05,-2.9
2026,2026-10-03,Arizona,Cincinnati,home,34,7,-7.0,24,43,17.0,2.65,12.36,6,20,2.1,0,0,,4,Night,1.05,5.3
2026,2026-10-03,Rutgers,Indiana,home,15,47,24.5,-37,60,-12.5,0.36,,1,0,-1.13,0,1,-0.14,4,Night · Top-10 opponent,1.25,-2.4
2026,2026-10-03,Cincinnati,Arizona,away,7,34,7.0,-24,43,-17.0,-7.03,,2,0,-4.32,0,1,-0.3,4,Road · Night · Full house,1.25,-5.9
2026,2026-10-03,Baylor,Arizona State,away,55,19,3.5,29,50,32.5,7.86,21.8,5,21,9.17,2,2,1.34,5,Road · Night · Full house,1.25,13.5
2026,2026-10-03,Indiana,Rutgers,away,47,15,-24.5,37,60,12.5,-4.73,16.29,6,24,-0.06,0,0,,4,Road · Night · Full house,1.25,4.5
2026,2026-10-03,Arizona State,Baylor,home,19,55,-3.5,-29,50,-32.5,-12.24,,3,10,1.67,0,1,-0.39,4,Night,1.05,-6.7
